    2  288   18
 10.811  1.000
    1    1  0.0150  0.0000  0.0000
**************** 825.394213300324 ****************
**************** 447.437121370660 179.649595962069
634.807521532240 279.458771777394 742.924618524654
**************** 477.557313610672   5.223458824755
311.608257610271 373.583505917652 -72.957601286602
**************** **************** ****************
**************** **************** ****************
237.052481658639 441.261856210256 ****************
**************** **************** ****************
312.817318307748 402.195940001836 634.436367578713
**************** 655.213244312794 ****************
**************** **************** ****************
**************** **************** ****************
761.188078085068 **************** 379.052396434166
 46.248943821908 **************** 235.109351207860
**************** **************** 914.605021219613
**************** ****************   2.977090123337
**************** **************** ****************
115.895108005642 767.025637458218 ****************
**************** **************** 529.748821259267
**************** 679.905998498527 258.077022513379
**************** 584.745552224238 181.517332749960
**************** 989.116343109253 ****************
181.877156603162 **************** 418.073495591410
**************** 931.224565073311 496.241151680952
**************** **************** -65.136398521154
815.982378818016 176.222356276899  -6.309139587425
564.043536746129 **************** 730.097973001648
**************** -75.106518407630 ****************
**************** **************** 834.700950456525
488.733418584151 939.089885429632 ****************
**************** **************** 197.747153007142
**************** **************** 132.096207895934
**************** **************** ****************
201.418530243284  46.758530163223 326.450257184844
**************** **************** ****************
109.954205053615 457.098279383969 540.876593377312
**************** **************** 550.544775020047
**************** **************** ****************
**************** **************** ****************
-50.604988866370 267.019185949976 146.431867729953
**************** **************** ****************
  8.146475738227 500.183954747630  67.147871150322
**************** **************** ****************
**************** **************** ****************
**************** 276.798720395149 850.278896986991
**************** **************** ****************
**************** **************** ****************
753.503344866686 -95.419241657489 ****************
**************** 850.715596741110 -85.302790226607
**************** **************** ****************
**************** 194.133323666883 448.349028321571
-73.417958415735 745.484766205882 ****************
610.057165559373 308.893629418555 ****************
128.042856930338 993.768389475485 154.605097727794
-36.639596489763 295.208293560434 ****************
**************** 907.841319459983 ****************
**************** **************** ****************
967.847881777006 **************** 684.929127060647
**************** **************** 344.376460448740
 66.091554941975 **************** -44.406906675444
**************** **************** ****************
 72.413785490567 614.617159419856 ****************
991.288092243881 **************** 293.915979737507
**************** **************** 352.250441049856
703.654433376918 **************** -30.719116313520
441.850985367255 -48.643927193431 412.521815466118
**************** **************** -45.859022531061
843.266156801962 192.478278778567 ****************
**************** **************** ****************
595.434886733721 -10.865295114015 118.716604773184
142.316234268717 ****************  75.057714104526
325.181871823658 **************** 263.549010624177
**************** 494.957372536480 564.019174439336
794.315628638597 **************** ****************
638.415454087035  -6.276440201932 -54.092246259043
**************** **************** 238.638357613789
258.735378268029 **************** ****************
547.319116145660 157.479098061093 ****************
537.617150839836 **************** 131.013622018193
217.704839177001 **************** ****************
321.017315769249 **************** 444.023368064175
-80.630806390241 920.187240553340 376.896393738647
 49.411201058393 **************** ****************
**************** ****************  -3.163271962509
****************  96.888261977191 141.578082662193
-46.036765359682 **************** 343.839709386713
**************** -74.869467193715 280.055674185875
****************  19.895882438014 127.893843621870
766.795962738444 363.249066972852 800.087140502622
287.153047622247 **************** -60.700511164849
**************** 393.780462569725 ****************
**************** **************** ****************
 83.860541643066 **************** 292.518208613915
**************** **************** ****************
**************** **************** 223.650400540463
 60.078853049253  11.753803839535 646.520916318824
 17.464419195670 **************** 257.292097901117
**************** **************** 224.705346569111
**************** -59.951049008203 213.956715753392
**************** 696.715543110885 340.803509271173
**************** 445.977074350880 -64.381880382138
**************** **************** 209.820702151608
**************** **************** 520.633751318359
**************** 492.550226509111 168.187372515534
-33.701591846568 783.492650195865 252.990324483445
**************** **************** ****************
204.260904755776 -27.608162858804 ****************
**************** **************** 496.128469401229
-68.917467846554 -97.457404993830 -84.924803545475
**************** **************** ****************
-71.204967679566 -63.726798509154 ****************
 13.786859037292  10.545035048031 416.116249738335
743.558032323681 551.268817380560 ****************
388.197921069806 835.396510440591 ****************
**************** **************** -69.012854238225
**************** **************** ****************
**************** -99.930415753062 381.851186896932
**************** **************** ****************
182.178262365481 **************** ****************
**************** **************** 440.091420290798
750.821782299966 **************** 463.718857167493
**************** **************** 161.328960198454
**************** **************** 928.028460849007
**************** ****************  88.473801867105
158.715807880799 ****************  37.572720461024
**************** **************** ****************
 99.033001599040 435.662929658471 148.756426348119
-84.108094720080 334.777562764226 249.616104391966
594.382346420643 **************** 642.774246009540
**************** 345.254829091355 ****************
478.924566427230 416.019737746851  57.674225046783
415.846973593202 **************** 181.071996987756
**************** **************** 218.665078288634
172.694281183916 892.054055774529 ****************
**************** **************** -12.951169235632
235.073061933024 523.200129860504 365.094196930184
439.202282639908 -33.356885533515 609.537123496922
 91.292750624605  99.076010186097 132.222196939383
207.909669618732 836.596976151170 673.060287180008
**************** ****************  31.711068971761
257.597931922936 760.607364489361 186.986397887135
674.462252899096 294.839371523145 298.558247972262
108.942971922684 111.761100504697 ****************
**************** **************** ****************
311.604213998383 **************** ****************
**************** 271.440033101170  79.728409525116
270.876406960809 415.600679344485 ****************
-99.358173934918 **************** ****************
  4.819017032270 **************** -10.170646088702
  1.841933298734 445.544676543315 ****************
****************  69.545645661218 ****************
371.625535151400 **************** ****************
**************** -31.848369991100 ****************
**************** **************** ****************
**************** 564.406242016358 ****************
268.962830859401 **************** ****************
169.686399337006 **************** ****************
  8.404976004188 -17.392009246519 ****************
208.834442596462  51.374153746537 226.527956407777
**************** -34.254622838237 -98.106002230161
**************** **************** ****************
**************** 691.108228342207 ****************
**************** **************** 103.287414464188
485.463705579481 216.452652185532 395.917306926105
****************  97.902861826488 915.969502571447
**************** **************** ****************
592.671861176028 **************** -86.847087245542
758.656893506817 159.172689994934 ****************
 84.396019503199 173.383862645985 ****************
 24.016173547556 184.354092528807 ****************
**************** 174.139485967900 -41.257796004186
206.537035079141 830.974752528263 ****************
 24.816378601744 605.831266451823 ****************
 49.342329446198 117.560365272802 ****************
**************** 205.344948137406 ****************
 53.691863025049 **************** 155.841858259198
**************** **************** ****************
**************** **************** ****************
214.921043557647 524.768159119436 ****************
**************** 575.555018786657 ****************
 14.576565153266  39.681913333900 ****************
621.946915080186  65.971787849955 ****************
 48.160871512084 **************** 801.363457632181
573.418335681775 242.386057369770 ****************
 18.494613813601  -3.890008969020  10.618001363153
 15.752160906648 ****************  -6.021501757449
701.291670447405 **************** 303.077821038621
104.755280513471  66.047315021029 ****************
****************  26.390896633566  83.990532652608
378.184586289190  24.228151288872  74.289638759999
105.698706301689 487.870271795980 442.360614685811
114.131509223274 **************** 708.878343929182
**************** **************** 360.408045400360
****************  56.289922139918 ****************
-71.798304007563 **************** ****************
**************** **************** ****************
172.418877084009 485.378248266776 357.681797243218
**************** **************** 412.150786065581
176.628129609611 **************** ****************
-23.916006504006 280.170173599800 ****************
392.965558733017 **************** 126.113956995345
320.374204012360 **************** ****************
**************** **************** ****************
**************** 468.879453802246 ****************
**************** 286.769094760854 723.964235449225
307.457309156640 -42.903914124120 183.611996287818
****************  35.424287630374 ****************
****************  78.054284556391 ****************
109.513805563136   5.145737994310 181.783939541271
296.430605312690 132.888623098730 ****************
236.420107484851 -38.209010037549 ****************
188.004225870131 -65.132441542088 ****************
718.157641125334 **************** ****************
**************** -62.992311043499 ****************
484.377026478657 349.055443386158 ****************
**************** **************** ****************
**************** **************** 407.841244235523
**************** **************** 111.088686618727
483.870825846071 **************** ****************
**************** **************** 495.034888070358
344.207665406788 921.361806642658 -51.405493397668
**************** **************** 198.105680382203
**************** 122.684939962349 ****************
130.676056630428 **************** ****************
308.836409805569 **************** 478.831969738747
**************** **************** ****************
863.737000322909 **************** ****************
**************** 379.268341416344 129.736441702057
**************** **************** 157.447290634828
601.718485844899 **************** ****************
367.984500251162 **************** 254.802344773503
**************** -90.360785455718 463.829119587946
**************** -25.882211643683 ****************
**************** -25.242942818789 105.883590026506
558.318846521080 **************** ****************
818.130719722509 444.355631926675 -55.975948846651
**************** 290.555344455255 260.943599219645
727.026033614377 794.427249874828 329.921343937934
**************** **************** 163.393855822812
 27.224248304295 -74.265482874315 ****************
**************** 550.969295853178 ****************
222.258103917566 **************** ****************
**************** **************** -81.813747645339
912.729049141781 **************** ****************
443.834947629468 278.008466302020 ****************
154.089967630820 **************** ****************
**************** 836.819283207022 138.973474321189
 48.592269945704 ****************   0.596571752135
 24.851598397280 **************** 488.267658492200
**************** ****************   0.710085838121
-96.631640619844 503.879128229344 ****************
 45.466505914426 -18.241832684765  48.187544057709
 62.618941839746  -8.613252428963  43.005824661837
  6.733457705454 -31.043396821476  58.475100935038
 46.701899430356 -20.526607160192  16.441104925388
 10.875735387400 -12.775641989024   1.270052300549
  1.748936002949 -26.583751945608  30.230940309813
 54.250818760971 -16.992109521726   8.222308904898
 21.078374162042 -54.241796827536  94.057337416832
 22.002374944499  -9.830776478502  13.497026597300
 19.085383290504 -19.623784305609  42.081053820774
 22.411408291545 -36.557245753677 -15.622408948198
 61.022950798226   6.345096792937  51.016850260509
 28.603670876502  50.766881391944  74.557406886664
 47.767252602794 -18.073665678873  84.081009630720
 91.679835296301 -58.869024813785 -42.345738544579
 42.826044883590 -12.229937690447  32.754004451732
 31.617784808976  -1.979038207477  42.469259531977
 52.777776146028  30.263587115737  -3.693216904771
 33.732769949493 -18.271746429946 -18.884686784173
 56.541726414841 -41.122190601721 -89.564896110188
 58.745835922695 -34.982679305352 -37.438897760695
 51.928836004259  -7.981449042135  10.829544410512
 22.649744904193 -64.427176065820 ****************
 56.513541798315 -38.499926704878 -78.803174398945
 46.642107522865 -37.206352205103 -83.392572346794
 41.118421962986 -14.270032210476 -29.460588420820
 37.268115107865 -12.498590236362 ****************
 38.069401702017 -25.518784505351 -47.986881268660
 27.784472527404  13.262414314052 ****************
 22.708357332354   3.404779140460 -18.317292935535
 33.630915506985 -12.910352541874 ****************
 37.230599265387   0.003558343706 -66.963881592944
 34.979856827616  -1.538240414573 -83.602408148525
 41.450704548469 -24.111596146561 ****************
 31.992555905320 -36.581554189326 -87.401008221700
 40.050287151413  -0.694764238935 -82.395274466601
    1    2  0.0000  0.0150  0.0000
244.730368556663 -50.883149700014  -0.177830758300
294.197483742464 -88.558650657967  -2.738764281255
281.248734669479 -87.251808568318  -4.616287295411
355.122188393346 -82.613928332994  12.290153451556
261.421013931283 ****************   8.447456270686
296.688439337164 -79.418075454900   2.096058376509
364.213128856660 ****************  10.062210241538
252.449620944207 -74.096170667074   8.564536234902
226.437394449136 -82.300613202277  -9.267243774024
295.158676748819 ****************  -3.650565012611
280.444841792969 -53.107328103559  -0.885145426687
294.197318828801 -95.586197534366  -0.809653613169
329.246011167718 ****************   2.652194116270
223.584702877428 ****************  -1.525739918498
268.761853077510 ****************   5.028552638377
355.733933445684 ****************   0.166342340991
270.255835778320 ****************   4.705638736583
353.298205948973 -85.361398887113   5.544664567504
****************  44.425863959628 -17.877626952809
****************  86.182155298754   5.292115804490
****************  81.705240835376  -0.087147500329
****************  83.376214920400   6.812750053895
**************** 114.031638179725   6.500793075980
****************  76.079845943726  -0.726069283419
**************** 126.058349383206   9.478791552561
****************  54.966385719764   0.994932896212
****************  77.189674088084  -9.228295021594
**************** 148.392806695510   2.913644419516
****************  51.559026299312   1.992420575998
****************  81.785937458672  -9.389540837901
**************** 155.184997193791   2.722477919608
**************** 116.393187836223   5.836759040972
**************** 131.650317720957  -6.407272394159
**************** 105.769333858136   1.066579039787
**************** 136.207912589457   1.737945741294
**************** 118.346877335969  -7.092734645866
**************** -63.816715946091   2.977386218094
**************** ****************  -9.030444034855
**************** ****************   0.027969898225
**************** ****************   8.532781378799
**************** ****************  17.371538060976
**************** ****************  -8.676274260322
**************** ****************   4.704522745453
**************** -89.514511822442  -4.891525374892
**************** ****************  -2.726388522809
**************** ****************  -1.264256038994
**************** -75.628354290757 -12.173060268238
**************** ****************  -0.929569154095
**************** -96.077736984180  -3.310713547219
**************** ****************  -5.930220670056
**************** ****************  -1.871634073610
**************** -96.121254046684   6.589668603912
**************** -43.350884636736   4.723076831124
**************** -90.471158372108   0.227171913466
360.343732050630 132.982480584213  -7.678146410716
207.262194231018  84.215210407855  -1.328043013200
252.011188234520 122.551943441596  -4.973008660949
392.859265300112  68.441442891548  10.758737289748
382.046412338518 140.275495511246   0.872252238890
360.979925935943  88.045599806643   2.840655979725
294.667855257832 123.942510159251  -3.743102350453
385.381319053217 119.466891719422   7.665509317147
300.198266336650  93.010251046335   3.595097053419
381.769975448932  70.219665640595  -6.097332419971
239.059827570391  69.076141170134   0.029169568802
252.880651758726 130.057507469750  -5.291098242436
437.706429436028  64.389650668695   1.896036411995
320.320182030032  65.480294181460  -0.824930978047
350.681159554502 101.846448643449  -4.085352992177
297.106352615690 109.095656205522  -2.782590318220
361.598107643795 121.165263564965   6.506118932333
228.674112488934 128.356049411842 -10.144325299772
115.728567413192 ****************  10.043198563775
126.266396429917 ****************  -2.565379959870
110.439100967587 ****************  -1.906124835623
149.040345154872 ****************  10.296739636255
132.512417792732 ****************   5.774986295097
136.913584279270 ****************   4.188146808478
141.724524031734 ****************   4.214843638173
108.034013571282 ****************   7.698912488349
105.557401636329 ****************  -0.835089321675
123.081553804118 ****************  -5.240371742281
131.280798428142 ****************  -3.500379435542
130.443880403971 ****************   3.374434515333
138.609641188856 ****************  -9.657458328247
 92.918617385957 ****************  -5.142707003080
113.809703886112 ****************  -2.883395137966
139.732077309103 ****************  -4.011637809471
136.920950463314 ****************   6.285261125851
145.896804270510 ****************   3.178257617081
**************** 199.255682087525  -1.784666843981
**************** 142.147854991029   1.509146620126
**************** 158.423742114064  -0.115227884087
**************** 248.153486962801   5.088972459219
**************** 223.526144399432  -1.997998582335
**************** 235.318122233482   1.446467596746
**************** 166.678781072276   0.244629488265
**************** 225.854850311292  -3.928336230252
**************** 196.913724896069   6.909564186838
**************** 275.290539364831   1.089801186554
-99.139924323485 147.326057433622   1.714163467809
**************** 199.070740152516  -7.449719425553
**************** 233.125299780876  -6.021588911504
**************** 218.205458220910  -0.114813487976
**************** 218.454051912171  -5.705697656778
**************** 162.715837041081   2.652898581766
**************** 222.833410556136   0.390122659765
**************** 144.722929575035  -6.085088765036
**************** ****************   6.138548538904
**************** ****************  -2.140677534737
**************** ****************  -0.362136975253
**************** ****************   6.901779782297
**************** ****************  10.704639733618
**************** ****************   2.957215208529
**************** ****************   3.900814022559
**************** ****************  -2.341780125299
-98.748559297737 ****************  -0.136415808527
**************** ****************   0.821386024439
**************** ****************  -7.277589535146
**************** ****************   1.661157200630
**************** ****************  -6.450972663792
-94.070779235068 ****************  -7.167555930987
**************** ****************  -4.262724844191
**************** ****************  -6.114503623447
**************** ****************   4.608862926552
**************** ****************  -0.897626763228
159.578083045117 217.651674734187  -0.375919001293
 97.861494258249 136.195667766831  -3.823679566403
114.486226726889 156.260148267337   0.445711085250
176.417476710292 230.850876692178  10.948553469716
150.344442686433 221.152969236568  -0.846023415192
160.322138283697 224.566880114136   0.151264874108
112.805521375770 171.117486088875  -0.401522263096
164.835806506098 215.096566298097  -6.485572394464
144.240525774193 213.814141311818  14.725233272882
189.389564789833 261.493357777132  -9.278790250330
 97.786985128903 140.568462015472  -1.787247515399
136.502315433488 191.112794221676  -3.150040181836
176.334534075731 241.137756862642  -8.510496750735
139.064940998998 199.372271580455   4.704606413194
154.746695070457 217.830231130055  -2.655267446081
109.917727552901 168.612780031374  -5.975689950501
138.983743775176 193.539624522081  -0.592400109312
101.361413641197 133.115668189667  -6.761550330697
 -2.858385736913 -21.627746978484 ****************
 13.027383259807 -42.706908271772 ****************
  9.384623200811 -44.836502238752 ****************
 -3.858698852929 -56.003444990876 ****************
 -0.904970959565 -28.538509449993 ****************
  7.607265393855 -48.959831704674 ****************
  1.118902384088 -61.759088688058 ****************
 -5.280455147877 -42.390607095336 ****************
 13.562747302361 -32.306706594964 ****************
  0.998221539461 -35.077311254840 ****************
  0.526959237148 -32.752687951418 ****************
  2.625508492469 -37.861527751739 ****************
 -1.421168065830 -43.386080431889 ****************
  3.411078190350 -38.590013356743 ****************
 -2.851811216451 -37.868755524588 ****************
 -4.936504427101 -54.607101452598 ****************
 -5.376199396194 -24.599892303039 ****************
  8.515769076659 -40.266214412319 ****************
 -4.182425802291  45.677995692811 364.454589113074
 -2.098126743675  18.698459308256 231.561316638976
 -4.361115470114  30.987949182879 271.297923957112
  3.209258773708  47.167338998936 394.904236148308
  2.181130942131  44.365147038054 377.929691108263
 -1.484525478633  41.868183875556 382.545572663185
 -7.655813135429  41.326320946205 300.149594905994
  2.924733436155  45.422594623816 388.649408480602
 -1.070995594082  39.716213008315 325.769285074272
  0.399955618282  53.742164813300 417.176477580651
  0.477257861981  31.609217294825 228.989509857015
  5.811883234394  38.391614697543 291.337452284714
  3.789763583004  62.503422272210 397.700768497600
  1.406811596770  50.865735032814 318.971234197293
  1.192284084358  45.989851874615 333.635020752353
 -7.588298576185  43.494961864297 265.733238120893
 11.937028735753  58.981609087543 337.448811996511
  8.951203801755  35.077848089749 233.015594255903
 -2.812968640164 -26.372065383756 253.888057657391
 16.676861645343 -43.047350155532 338.454838861031
  4.841697094959 -35.946699216363 272.897237400721
 -2.601075806655 -41.519746931595 354.889805129698
 -6.429113376047 -26.200515015250 289.813113796385
  9.354678035811 -56.927619903976 325.755351586935
 -0.837132743307 -46.274269070621 346.930014401958
  3.429980581002 -33.330008269614 257.006920296929
  7.628053064080 -31.713850729961 259.223753201632
 -2.990109954495 -36.124680104874 266.067019397297
  5.133180004562 -40.672704941029 311.806496714960
  7.816120052470 -46.746223492770 293.669803769245
  1.052358733076 -47.266700481531 306.994453010623
  4.341394642567 -40.259376702575 223.343757689547
 -0.992604815392 -42.008635726788 256.844854944294
 -2.564952863294 -54.525638792570 307.223792153260
 -4.648413159715 -32.496564292493 279.179937810581
 12.948513311037 -44.319777334079 332.998933188503
 -7.511372630514  38.799694431173 ****************
  5.225882542318  30.598424784049 ****************
 -0.276736846142  33.386183441496 ****************
 -4.746585570956  49.334089016501 ****************
  1.908236151140  65.443202253615 ****************
 -1.695789242482  49.497509771520 ****************
 -0.910615958704  50.667933075689 ****************
  0.951926983652  65.042462040350 ****************
 -9.321014977529  34.942269355107 ****************
 15.336304036679  44.826871846924 ****************
 -2.603504116245  22.717890263408 ****************
  0.878279114517  27.843271951101 ****************
  0.104397530260  64.990252190834 ****************
  3.794151636351  36.125539112749 ****************
 -0.599623283226  41.760737031671 ****************
 -1.029694636297  40.944795694828 ****************
  8.661881323404  49.453313729866 ****************
  4.151342644189  29.741048532603 ****************
-64.779320908810 **************** -15.187273384649
 -5.444406599566 ****************   2.290206019284
-11.129861259480 ****************  -2.977627296611
  2.421488762815 ****************   3.635778273488
  6.323356022215 ****************   7.045058439954
-13.187536991840 ****************   0.339201605038
 -1.769816056280 ****************   5.887536826053
-34.634097421190 ****************   6.540036052857
 -3.303175396088 **************** -10.195568292426
 68.476428626128 ****************   3.239812326192
  0.182375126822 ****************   0.447720331994
-22.073698101053 ****************  -5.213322406336
 60.206385620590 ****************   9.103513683900
 45.473250294664 ****************   0.225944367545
  8.750573310533 ****************  -5.405005293824
-11.913522398823 ****************   6.391021542446
 32.034862703378 ****************   6.033477012349
 12.720827836432 ****************  -0.932679099021
 -7.716435311515 261.240758345949  -6.902425979859
 35.510583744461 377.880161729835  -4.065409763174
 12.632597773232 311.174218633526   1.798245367585
 13.615702369035 436.617628533540   7.182669289188
  6.872575747304 313.832309273257   5.270123574366
 29.740442411133 381.919025125534  -5.410312715380
-23.853544614510 445.344960177609   3.746145576817
 13.160816688335 307.863427628032  -0.482167416238
 48.113366462468 305.519683042392 -11.492413467354
-47.978017740319 336.601273813676  -2.749673287614
  7.723176394648 348.552477903877  -5.578609524385
 -0.456695345344 363.791607596449  -0.398526673423
-36.638348345010 411.668183850880   3.160902537882
 10.099351258180 316.586692742617   1.330780963759
  9.733953087293 339.550427704056   4.309493510883
-23.786784132751 399.849798287230   4.269239166774
-45.921504548349 325.974766040935   3.213498862424
 13.410829381270 433.316637399046   3.960457585250
  0.463302706674   0.441430711852  -9.278295081459
  0.473715113882   0.434873970078  -9.301192767284
  0.545874812637   0.373677890600  -9.406394270598
  0.479055694584   0.396798339057  -9.298615112477
  0.522010775717   0.446381774054  -9.188084943249
  0.477613966530   0.381797655844  -9.367920303647
  0.475582183992   0.446882041824  -9.544169146432
  0.509152449368   0.507056306972  -9.332078911088
  0.509255607454   0.595055158614  -9.030602203223
  0.412106310904  -0.984227836632  -8.894874037521
  0.540890439565  -0.988343028237  -9.220515461171
  0.510023186299  -0.926998379434  -9.058054286156
  0.370060831493  -1.013755416669  -9.386721900164
  0.539901889789  -0.962770319715  -9.147334345675
  0.581676233058  -0.785766341416  -9.603368873039
  0.439435714368  -0.937906374878  -8.830948920859
  0.465769706988  -1.025815880669  -9.149982538125
  0.493970101399  -1.016117327418  -9.148184471420
  0.553254928759   0.418777097979   8.366010768511
  0.447042090066   0.443425646492   8.043125425984
  0.556448808501   0.465442135243   8.248338515632
  0.490497043128   0.396194566424   8.309330392489
  0.499778417227   0.439460762747   8.066972733720
  0.469861673756   0.513501614814   8.231271017244
  0.562986900886   0.417543825579   8.542959170174
  0.446825595478   0.439972143402   8.009027540917
  0.552371034586   0.454109680662   8.232847810220
  0.562594487655  -0.932564525329   8.103412572102
  0.421855915865  -1.079809025832   8.254026107773
  0.462319131716  -1.048416441941   8.169296266673
  0.515366755882  -0.905782937867   7.950854050292
  0.502263905028  -0.947458041240   8.024339537561
  0.483257442299  -0.910957343598   8.203738415834
  0.495369756272  -0.952828700255   7.962992272027
  0.437610191995  -0.933424185972   8.209721456795
  0.563996484984  -1.085971467720   8.614793006464
    1    3  0.0000  0.0000  0.0150
  0.005687867610   0.003828188019  -0.080191392256
  0.000366188721  -0.000044069128  -0.000728051116
  0.000090630586  -0.000038798232  -0.000745312341
  0.000961386172  -0.000847857917  -0.005489683893
 -0.000415274154  -0.000240169668   0.001967623818
  0.000056884446   0.000107183758   0.000207952858
 -0.001001202460   0.000783725404  -0.005492811731
  0.000071620160  -0.000474592034   0.000219811458
  0.000360318179  -0.000654698541   0.001969703224
  0.001648278289  -0.000219308991   0.002474173481
  0.000123735077   0.000005260090  -0.000236814801
 -0.000046398400  -0.000345947011  -0.000233950887
 -0.000233127772   0.000182440241  -0.001202301470
 -0.000319612710  -0.000194573378   0.000020484923
  0.000421526485  -0.000810184815  -0.000561431735
  0.000442656624  -0.000157751760  -0.001205823205
  0.000041582875  -0.000092066012  -0.000567123222
  0.000095859097  -0.000542232117   0.000021099491
  0.000022309594  -0.001304137552  -0.019074067898
  0.000384098839   0.000212062736  -0.003039484548
  0.000247849898   0.000294794396   0.001120522105
 -0.000584901079   0.000780889002   0.008661138446
  0.000202778365  -0.000123422008  -0.001247111776
 -0.000353824883  -0.000292907128  -0.000401183701
  0.000652605435  -0.000622196248   0.001665304427
 -0.000254812290   0.000335391855  -0.000042261842
 -0.000204472992   0.000030289522  -0.001231463966
  0.000630543825   0.000096863468  -0.001360189831
 -0.000196721009  -0.000168926538  -0.000531260040
  0.000113428000   0.000365392950   0.000266096721
 -0.000128912271  -0.000036386688   0.000615108630
  0.000231868327  -0.000359319423   0.001247975139
 -0.000417026249  -0.000077956693  -0.000213930485
 -0.000201804468   0.000316088203   0.000881043395
 -0.000161409373  -0.000285037758   0.000724267857
 -0.000626033345  -0.000361375997  -0.000806010412
 -0.002349371341  -0.001547018335  -0.016102104131
 -0.000278151387   0.000091749895  -0.000316541203
 -0.000008078260   0.000051038740  -0.000321155905
  0.001170732841  -0.000179307580   0.007421497033
  0.000070787017  -0.000411901779  -0.000733494940
 -0.000095020841  -0.000330409990  -0.000755611453
  0.000119331892   0.000928580440  -0.000002008452
  0.000249724200   0.000080725987   0.001962745028
  0.000179427735  -0.000338966160   0.001963910460
 -0.000465150474  -0.000658676190  -0.000928980496
  0.000022686142   0.000160231564   0.000216811368
 -0.000298379726  -0.000426741548   0.000227149243
 -0.000339317462   0.000249555257   0.000911012791
  0.000329894177  -0.000126141273  -0.000704506675
  0.000277619875  -0.000384614832  -0.000699364711
  0.000088927085   0.000000544634  -0.000117803815
  0.000094877113   0.000461522459   0.000863705740
  0.000614296351  -0.000321121025   0.000870889295
 -0.001654699510   0.000086526150   0.003677284512
 -0.000410695203   0.000314245005  -0.000329075055
 -0.000290968204   0.000152550075  -0.000744834318
  0.001133448477   0.000909643251   0.003713173330
 -0.000296442778   0.000214817929  -0.000313862349
  0.000419072294   0.000005060888  -0.000754115070
  0.000736903287  -0.001341324010  -0.004586579024
 -0.000000821754  -0.000038377367  -0.001555912169
 -0.000082157669  -0.000331524218   0.001638437106
 -0.000371094896   0.000553653924   0.000914531494
 -0.000306838351  -0.000136721057  -0.000748092218
 -0.000310294842   0.000087551251  -0.000066999955
 -0.000171033360   0.000728222855   0.000910653016
  0.000115557526  -0.000124655323  -0.000737848952
  0.000067350610   0.000054879925  -0.000057612240
 -0.000440902761   0.000194686934  -0.000668351660
 -0.000243756509  -0.000454968724   0.000486786464
  0.000175133840  -0.000429197195   0.001124944653
  0.000267957567  -0.003291586270  -0.001373318798
  0.000072768007  -0.000002114075  -0.000263986084
 -0.000711635190   0.001134958521   0.000944580162
 -0.000489110898   0.000208191694  -0.002002019696
  0.000281915803  -0.000039465210   0.001058582569
  0.000868116253  -0.000587040070  -0.001684912348
  0.000431164409   0.000748241843  -0.001017072849
  0.000291548133   0.000536744348  -0.000342041746
 -0.000261067135   0.000652103737  -0.000497514585
  0.000236469163  -0.001098378536  -0.000300824429
  0.000013597856  -0.000102593733   0.000148887218
 -0.000037928112   0.000151162822   0.000289151208
  0.000184080605  -0.000095958565  -0.000457230701
  0.000381152093   0.000056599075   0.000478561560
  0.000011350222   0.000588850056  -0.000715168574
 -0.000026590896  -0.000301677483  -0.000033022981
 -0.000059487805   0.000170768102   0.000228898201
  0.000231228162   0.000031571366  -0.001128944732
  0.000744484706  -0.000817020831   0.019105622711
 -0.000612864039   0.000095053542  -0.002284840145
 -0.000092212035  -0.000106361449   0.000635880497
  0.000503121380   0.000639672354   0.001431594617
 -0.000245908570  -0.000416826124   0.000884402427
  0.000127857478   0.000484777750   0.000080412516
 -0.000931887657  -0.000520042402  -0.001772930793
  0.000580446459  -0.000672266139   0.000570636803
  0.000364726884  -0.000283023192  -0.000515101831
 -0.000035449916   0.000055415261   0.000793819405
 -0.000015352366   0.000290109873  -0.000735747696
 -0.000100771426  -0.000365758996  -0.000128818267
  0.000012063547   0.000026853282  -0.000101291944
  0.000113181247   0.000244521036   0.001359814172
  0.000200987779   0.000247281688  -0.000117969979
  0.000063924895   0.000255043835  -0.000055882420
 -0.000091630186   0.000526566817   0.000082050200
  0.000564685955   0.000045301569  -0.000132618023
 -0.000060158122  -0.000307201799   0.000409869202
 -0.000004494877   0.000020208018   0.000099180791
 -0.000660929568  -0.000852193133  -0.000588332645
 -0.000318768488  -0.000730510870   0.002246050433
 -0.000139674001   0.000315606420  -0.000282864756
  0.000178354720   0.000538665297   0.001511270148
  0.000291147590   0.000754836007   0.003239645339
 -0.000167586734   0.000039500326   0.000948532405
  0.000408366352  -0.000019437472   0.000306231864
  0.000443074533   0.000589399110   0.001141595444
 -0.000056985700   0.000028829367  -0.000046033536
 -0.000044694849   0.000235243328   0.000095970743
 -0.000027938326   0.000186160233  -0.000296763585
 -0.000346876541   0.000145375610  -0.000588520867
 -0.000427318750   0.000109539504   0.000047295734
  0.000140441628   0.000164509699   0.000647254886
 -0.000141689242  -0.000425374417   0.000182971169
 -0.000112835875   0.000218965701   0.000106965169
  0.000826174091   0.000071696996  -0.006761425469
 -0.000543301328  -0.000758352642   0.002866712276
  0.000007687967  -0.000160306643  -0.000741433245
 -0.000574042707   0.000661993958  -0.008403637527
  0.001213291146   0.000670887801  -0.001274209920
 -0.000196079512   0.000231401736  -0.000913243016
 -0.000121811181  -0.000153399236   0.002943983166
  0.000175129462   0.000479237285  -0.002297221660
 -0.000461368514   0.000324356092  -0.000302807280
  0.000478679012  -0.000581912382  -0.000249411583
  0.000199949510  -0.000065722539   0.000608624870
  0.000097653305  -0.000031772596   0.000048503175
  0.000316879803  -0.000112996759  -0.000186142399
 -0.000216389167  -0.000400554118   0.000151346935
 -0.000154725057  -0.000085061974   0.000153074064
 -0.000136414880   0.000029040556   0.000561833913
 -0.000094999607  -0.000096152560   0.000394629926
 -0.000353614515   0.000172535792   0.000851865548
  0.007034050804   0.004216661549   0.030044994386
  0.000391858410   0.000249517382   0.000790066783
  0.000342207430   0.000009508851   0.000198066522
  0.002645533842  -0.001552165041  -0.001361553790
 -0.001025470256  -0.000148539788  -0.000669527311
 -0.000330453112   0.000393739718  -0.000567633342
  0.002874065584   0.005346759206   0.003071793920
  0.000747954939  -0.000049098092  -0.000617721769
  0.000723753628  -0.000925324426  -0.001125199239
 -0.002215024269  -0.000990319885   0.000743627870
 -0.000055397630   0.000016531510  -0.000153197529
  0.000138793142   0.000175579746   0.000101140659
  0.000399271997  -0.000437329262  -0.000052682528
 -0.000481284000   0.000251926359  -0.000045580897
  0.000148176014  -0.000150183236   0.000536230091
  0.000333649290   0.001139104134   0.000374888357
  0.000259973063   0.000183615423  -0.000209107404
  0.000659770007  -0.000374207952   0.000201278501
  0.001646943309   0.023206440301   0.006557878877
  0.002092116954   0.001255339014   0.000698953920
 -0.000666361024  -0.000221302739  -0.000290959503
 -0.006211744860  -0.008474498508  -0.001669546433
 -0.000227109972   0.000609157644   0.000380489891
 -0.000428240973  -0.000294201886   0.000124220382
  0.001658044303   0.002977514349   0.000908461091
 -0.000752167214  -0.000417291732   0.000965172067
  0.000432922543  -0.000299490213   0.000019401856
  0.000424969074   0.002252876306  -0.000967463424
  0.000397470576   0.000425084293   0.000583983631
 -0.000126932436  -0.000169311769  -0.000328205853
  0.000019320210  -0.002283200221  -0.000810343840
 -0.000721995624   0.000758908644  -0.000682730155
  0.000201525341   0.000197587219   0.000085865244
  0.000115971354   0.000211682118  -0.000292526504
  0.000188335802   0.000067145601  -0.000573955068
  0.000597375771   0.000011789936  -0.000086214913
 -0.010405611209  -0.002824258443   0.039207276068
 -0.000450398843  -0.000211050529   0.000459574905
  0.000102323011   0.000019852523   0.000066350581
 -0.002378261374   0.001646859065  -0.000817318322
  0.001094751453   0.000333236486  -0.000545496843
  0.000055110725  -0.000487943321  -0.000044755231
 -0.002782024568  -0.005866103713   0.002388253354
 -0.000622568703  -0.000186101636  -0.000469185103
 -0.000534695336   0.000683788462  -0.000787616673
  0.010925722626   0.003125579262   0.003358662710
  0.000010571538  -0.000228185876   0.000019641483
 -0.000281602637  -0.000105251445  -0.000273224473
 -0.000636465663   0.000388916747   0.000412789432
  0.000464145827  -0.000381942943   0.000252656066
  0.000157595900   0.000016389140   0.000701779627
 -0.000965681017  -0.001276161543   0.000113480125
  0.000037013331  -0.000120754456   0.000094143106
 -0.000653184791   0.000705226030   0.000019686845
 -0.002331241677  -0.022386561063   0.009304131950
 -0.001979315523  -0.001199574698   0.001074949725
  0.000618583343   0.000238796350  -0.000045869181
  0.005927788979   0.008606571052  -0.001577376578
  0.000104896010  -0.000878757696   0.000624227433
  0.000422184256  -0.000113716991   0.000169728257
 -0.001485587970  -0.002299075266   0.000366341336
  0.000433524442   0.000298242072   0.001808260252
 -0.000677278496   0.000460721433   0.000110982743
 -0.000330859726  -0.001331705887   0.000165589459
 -0.000285756810  -0.000118989759   0.000236687549
 -0.000127952303  -0.000002202962   0.000177230685
  0.000097739711   0.001026014919  -0.000220419197
  0.001259033317  -0.000388340083  -0.000491760290
 -0.000085664966  -0.000075399178   0.000036466262
  0.000160157098  -0.000212569474   0.000091795470
 -0.000042652929  -0.000018300561  -0.000580239184
 -0.000544899950  -0.000186471406   0.000071268387
 -0.000228792364  -0.000680114825  -0.004582858303
 -0.000364904584  -0.000163361023  -0.000405174168
 -0.000079627304   0.000118906974   0.000758942589
  0.000306417741   0.000165091337   0.009099803139
  0.000283133957   0.000089011730  -0.000322613989
 -0.000097541776   0.000183638006   0.000126537128
 -0.000549226728   0.000105512057  -0.001855922492
  0.000103374209   0.000051342024  -0.000409811529
 -0.000017740242   0.000006902630   0.000704160707
 -0.000335470529  -0.000502267790  -0.001830379213
 -0.000096144601   0.000165572197  -0.000538689176
 -0.000016393424   0.000268108935   0.000061304089
 -0.000073745338   0.000472940378   0.001711017470
 -0.000014954146   0.000242731123  -0.000515723834
  0.000071793089  -0.000214754741  -0.000153967163
  0.000137606119  -0.000165025136  -0.000150756301
 -0.000159235621   0.000336854565  -0.000143364736
  0.000302984608   0.000254496640  -0.000302663655
  0.001170074339   0.000130663745   0.009275560744
 -0.000043544101  -0.000092283295  -0.000864964779
 -0.000667119438  -0.000026677297   0.000285237161
 -0.001169701343   0.000470494856   0.000966883149
  0.000207675655  -0.000026888484   0.000793623346
  0.000276178666   0.000320332114  -0.000043548185
  0.000987600400  -0.000298724918  -0.006056184942
 -0.000008887458   0.000389688804   0.000038910150
 -0.000403884139   0.000133065879  -0.000123145604
 -0.000433213775   0.001109303654   0.000650326474
 -0.000041716639   0.000084790221  -0.000143384193
  0.000042327326   0.000210454154  -0.000058783893
  0.000465391647   0.000019056642   0.000552855937
 -0.000085423736  -0.000102864464  -0.000452272795
 -0.000482899012   0.000607183092   0.000146687634
 -0.000162846143   0.000069980099  -0.001341987601
 -0.000287100797  -0.000091687928  -0.000150032574
  0.000085456752   0.000215327488   0.000598020940
 -0.000891979051  -0.001039728793  -0.000486627172
 -0.000021584963   0.000079230238  -0.000022363232
  0.000004775460   0.000011371771  -0.000009731835
  0.000062542736   0.000356460581   0.000091941734
 -0.000012517931   0.000063608352  -0.000032130555
 -0.000038867382   0.000049433377  -0.000014480937
  0.000064131112   0.000005723431  -0.000055800844
  0.000027413533  -0.000040011643  -0.000034829052
  0.000034772005  -0.000034116520  -0.000020293376
 -0.011337554255  -0.003804476811   0.001957482548
  0.000022935386   0.000002638203  -0.000016426279
  0.000113108541  -0.000022005055  -0.000026917024
  0.000163492635   0.000014079263  -0.000001294655
 -0.000032118304  -0.000043210006   0.000034592562
 -0.000005131902  -0.000036471366  -0.000027216614
  0.000185363216   0.000164862200  -0.000136383194
 -0.000006991927   0.000067225528  -0.000015710416
  0.000015476970   0.000067376680  -0.000001545462
  0.000102957938   0.000172911088  -0.000074076351
 -0.000071753038  -0.000018447514  -0.000033419712
  0.000025587929   0.000025700409  -0.000003354376
 -0.000042601832  -0.000043289718   0.000027928246
 -0.000154857379  -0.000072726634  -0.000017662175
 -0.000037610025  -0.000058947554   0.000016837652
 -0.000056019840   0.000011879246  -0.000014103672
  0.000005048864   0.000005294627  -0.000006283055
 -0.000023310619  -0.000019505899   0.000011566016
  0.000545603480   0.000063636772   0.000132807811
 -0.000017139473   0.000031533853  -0.000017492574
 -0.000043147854   0.000006430786   0.000009303386
 -0.000035362630   0.000026990977   0.000005471477
 -0.000011141714  -0.000040591651  -0.000024267461
  0.000043337101   0.000015273132  -0.000000428688
 -0.000042117161  -0.000055037057  -0.000050855084
 -0.000039762729  -0.000026350685  -0.000016598971
 -0.000026329493  -0.000049811970   0.000005345617
   73    1  0.0150  0.0000  0.0000
  0.012285526192   0.059889886673   0.000064475536
  0.005605008335  -0.002044558803  -0.000630204354
 -0.000092562312   0.000150138449   0.000066908071
  0.011104113258   0.002077851073   0.000431475194
  0.001814864308  -0.003644324810  -0.000166734876
 -0.000994939307  -0.000488965226   0.000293307843
 -0.009407202229  -0.005171066788  -0.000487776223
 -0.003544975908  -0.001120602377   0.000839597031
 -0.001536127455  -0.000315450391   0.000282477822
  0.001303585957  -0.003496265619  -0.000252134490
 -0.001278640399  -0.000504627580   0.000000423763
  0.000112639420  -0.000271781027   0.000035501969
 -0.001869020543  -0.000704108202  -0.000013505906
 -0.000413596383  -0.000541208669  -0.000273654274
  0.000051586838  -0.001148874823   0.000134385648
  0.001730775460   0.000207234897  -0.000183320871
  0.001393738799  -0.001240129235  -0.000073274589
 -0.000712789115  -0.000252276897  -0.000283796857
  0.000131362454  -0.001708732574  -0.000812131976
  0.004823565236   0.002270268696   0.000677904570
  0.000435109773   0.000154523126   0.000131029671
  0.013419686388   0.004279112931  -0.000437027718
 -0.000336561868   0.001961291123   0.000278684618
  0.000175916474  -0.000355634425  -0.000177541642
 -0.010080591005   0.001883267834   0.000899864918
 -0.003590471717  -0.000491736045  -0.000595831098
  0.001196118685  -0.002587513549  -0.000342947289
 -0.000245846013   0.001251340767  -0.000048312124
  0.000042687173   0.000699111907  -0.000012908700
  0.000228351006   0.000563583612  -0.000160692234
 -0.002256649370   0.000121124525   0.000039919651
 -0.000949152482   0.000219629489   0.000177692364
 -0.000087703399   0.000555612174   0.000125278380
  0.001745879903   0.000071329067   0.000110560869
  0.000702756366   0.000552132807  -0.000042529463
  0.000150566284  -0.001257516388   0.000492806306
  0.013020582178  -0.012047796525  -0.000008680346
 -0.004783354131  -0.001029211932   0.000700158882
 -0.000250153748  -0.000139845876   0.000023601894
 -0.006083297232   0.004529808150   0.000228410478
  0.003515454239  -0.002788384735  -0.000119742382
  0.001203193590  -0.001204539471   0.000098988824
  0.017201078536  -0.001972371816  -0.000246745665
 -0.003286284724  -0.004239530649  -0.000377501494
 -0.000594614592  -0.002765383850   0.000189335566
 -0.001141475891  -0.002511815134   0.000421638104
  0.000923677456  -0.000526115898  -0.000089663262
 -0.000174313709  -0.000170538476   0.000018265278
  0.001112181661  -0.001273076534  -0.000038815820
 -0.000918530082  -0.000965722149  -0.000424273844
  0.001498269780  -0.000031335799  -0.000284227994
 -0.002498598026  -0.000106545373   0.000113433864
 -0.000495234399  -0.000842914943  -0.000200116990
 -0.000169469343  -0.001058031031  -0.000063842500
  0.017068117691  -0.001961002609  -0.000567015039
 -0.001548860598   0.000607129893   0.001227773209
  0.000420295819   0.000451297605  -0.000197250931
 -0.004684921774   0.009589737699   0.000885181369
 -0.003074993487   0.000159232388  -0.000495646166
  0.000521757591   0.000179916965  -0.000020603783
 -0.002636161113  -0.001188632363  -0.000193336799
  0.005739170641   0.000222133185   0.000140204298
 -0.000073460067  -0.002158513381  -0.000423740263
 -0.002075098697   0.000672085842  -0.000314389470
  0.000853217824   0.000185127463   0.000291605679
  0.000042887793   0.000695608532   0.000120029011
  0.004032700921  -0.000072873802  -0.000455320183
  0.000995972782   0.000836699605  -0.000169981124
 -0.000206931034   0.000541049689  -0.000209005102
  0.000172677450   0.000676668585   0.000178729475
 -0.000699074328   0.000679182822   0.000118180956
 -0.001066578370  -0.001635059393   0.000295501029
 -0.363777583063   0.136216316642   0.002025666906
  0.000042155875  -0.000365171376  -0.000028482246
 -0.000105455423   0.001798851519  -0.000031966321
 -0.004632049681   0.001521888624  -0.000049299379
 -0.002340889296   0.000511825100  -0.000045139698
  0.000864277410   0.002600522170   0.000656779507
 -0.004661469623  -0.001976962984   0.000425278256
  0.000980561740   0.000923162522  -0.000012419042
 -0.002476080971   0.002431429952  -0.000286257684
 -0.000935137369   0.003278904908  -0.000054501320
 -0.000083525075   0.000005147622   0.000151705771
 -0.000242363667   0.000217427673  -0.000040338716
  0.000792120278  -0.000612536932  -0.000022776969
  0.001384742122   0.000072416273  -0.000068885666
  0.000041915962   0.000437111548   0.000157449347
  0.000793798773   0.000271639324  -0.000123235396
  0.000215746397   0.000373351648   0.000012929984
  0.001252999673  -0.000118039175  -0.000069128945
 -0.002979200981  -0.004664179877   0.000177034562
  0.113227755910  -0.103875228373   0.000201446053
 -0.000936448032  -0.000102843879  -0.000009592376
  0.001793873948  -0.001967627173  -0.000294799427
  0.007426893841   0.000771727903  -0.000198973831
  0.000140338365  -0.000780474644  -0.000009049331
  0.006811243069  -0.001593422122  -0.000005369284
 -0.002136333577   0.000161031292   0.000410099277
  0.000606764174  -0.000235968293   0.000428533707
  0.001679681120   0.000094412799   0.000296065868
  0.001142146078  -0.002024698447   0.000228126629
 -0.000315865664  -0.000232254367  -0.000018002378
  0.000077073258   0.000151981660  -0.000011848279
 -0.001291937506   0.000318903236  -0.000095554479
 -0.000211781759  -0.000070845290   0.000037262116
 -0.001710908807   0.000677484512  -0.000365228234
 -0.000111153630   0.000185743163   0.000169437116
  0.001886397015   0.000516227641  -0.000127400876
  0.138514073763  -0.012947449580   0.002194240588
 -0.000765436021   0.000047222027   0.000050823473
 -0.000632691509  -0.001774983180  -0.000104678407
 -0.006170790782  -0.001292128509  -0.000257324564
 -0.003235762490  -0.001109483127   0.000248683230
 -0.003105372879  -0.002329522461   0.000091177877
  0.000405765438   0.002287098839  -0.000451970519
  0.003847856832  -0.000323955961   0.000127091962
  0.003981493652   0.000231075783  -0.000077518831
 -0.001193015845   0.000421610558  -0.001716008482
 -0.000268938735   0.000180159084  -0.000064737992
 -0.000118218504   0.000097245014   0.000008123463
  0.001506337941   0.000992756686   0.000003235906
 -0.000187366650   0.000617011656   0.000046762441
 -0.000035960336   0.001066898746  -0.000112245686
 -0.001129814506  -0.000603869814  -0.000151772737
 -0.000762016959   0.000345468644   0.000032516485
 -0.000610470475   0.001091523474  -0.000020192212
 -0.006588996403   0.000961677100  -0.000574051695
  0.004534641984  -0.007093761200   0.000568983107
 -0.000066723178   0.000220903985   0.000023512615
 -0.006595492468   0.001950571474   0.000087904805
  0.004518430241   0.000186370536  -0.000177602004
 -0.000073097694   0.000394648165  -0.000106387728
  0.008153076258   0.002570359656  -0.000068551967
  0.002463524730   0.000814359950  -0.000067153223
  0.000301274148   0.002516494113   0.000167013569
 -0.000068532735  -0.000599803362  -0.000167615233
  0.000693329769   0.001399814842  -0.000345411255
  0.000407767491  -0.000224061540   0.000055085519
 -0.000078445534   0.000307570543  -0.000085808550
  0.000719765427  -0.000228157635   0.000065110384
  0.000419304595  -0.000404903297  -0.000206379534
 -0.000670116300  -0.000619876187   0.000248688687
 -0.000794649596  -0.000811238684  -0.000226172253
 -0.001929035729   0.000188684528  -0.000278723595
  0.018473437371  -0.018932076075   0.013708526193
  0.000185262810  -0.000217037329   0.000374238931
  0.000181017438  -0.000170258205   0.000385468541
  0.002132280292  -0.001660970372  -0.000667910899
  0.000968775565   0.000618636336   0.000356205472
  0.000581400426   0.000330769745   0.000552030942
  0.000065415987   0.001952432674   0.000086088115
 -0.000968596815  -0.000278183789  -0.000343555708
 -0.000194600960  -0.000526302112   0.000104545599
  0.000315384173  -0.003468011563   0.000713973994
 -0.000085645715   0.000034662533   0.000060657600
  0.000051305227  -0.000275559809   0.000078276357
 -0.000518082290  -0.000080308187   0.000293581045
 -0.000146906773  -0.000379485103   0.000025849696
 -0.000024720347  -0.000057852599   0.000044357988
  0.000157831551  -0.000689771511   0.000013382488
 -0.000076574053  -0.000353823505   0.000086099047
 -0.000321969654  -0.000153601633   0.000252034363
 -0.000219181290   0.002788333510   0.001377603866
  0.004683816871  -0.002556437696  -0.003376624792
  0.000089690996   0.000366058496   0.000016784604
  0.002223009020  -0.001639520409  -0.000998028643
 -0.001308589924  -0.000566920099   0.001190366270
 -0.000030774663   0.000398368015   0.000259711351
 -0.002485935127   0.000129800771  -0.000121251289
 -0.000580702897   0.001067850216  -0.000237557131
 -0.000254087235  -0.000158593930   0.000154432283
  0.000051264279   0.000782523755  -0.000551721924
 -0.001644091788   0.001537756956   0.000317436544
  0.000112987547   0.000054797249  -0.000077558380
 -0.000299808562   0.000872294629   0.000116977311
  0.000357468521   0.000499982344   0.000194948358
 -0.000193428817   0.000071702879  -0.000095400402
  0.000511729524  -0.000237085912   0.000010697245
  0.000202442128   0.000103966718   0.000244210639
 -0.000043264243  -0.000391894932  -0.001092832488
  0.020807738314  -0.029540240690  -0.019258262480
  0.000049524578  -0.000177238677  -0.000351680956
  0.000197623734  -0.000295769794  -0.000237386280
  0.002273571506  -0.000819550402   0.000783241368
  0.000735853935  -0.000434472792  -0.000564583504
  0.000785852435  -0.000039940143  -0.000668524394
  0.000672937922   0.001094608323   0.000079863053
 -0.001062640958  -0.000345378447  -0.000307561737
  0.000202168867  -0.000101001149  -0.000014309472
  0.002445806133  -0.003487326041   0.001371764134
  0.000203692196  -0.000147241727   0.000212479212
  0.000131075546  -0.000089493792  -0.000165735586
 -0.000581676144   0.000036845599  -0.000490168228
 -0.000099142658  -0.000221620409   0.000729833447
  0.000287293788   0.000021800989  -0.000368051361
  0.000338429610  -0.000220863996   0.000340113662
 -0.000273479362  -0.000089700489   0.000072824187
 -0.000408907277   0.000001108421  -0.000337330289
  0.000483557262   0.002151892332  -0.000160354207
  0.004718075757  -0.002320363132   0.000154589542
  0.000274598959  -0.000011438292   0.000167543544
  0.002222891107  -0.002061445390   0.000662143614
 -0.001669441542  -0.001232561738  -0.001511725454
 -0.000133110156   0.000096138847  -0.000035582709
 -0.002417112092   0.000589138398  -0.000349702425
 -0.000281530084   0.000186580469   0.000390591906
 -0.000011193594  -0.000737750702   0.000855979545
  0.000003850641   0.000281849235   0.000180528182
 -0.000880505190   0.000611648450   0.000260476230
 -0.000007694742   0.000301622018   0.000034592348
  0.000058765511   0.000861226346  -0.000085895332
  0.000437255409   0.000521225237   0.000220653024
  0.000124056466   0.000246331875   0.000150212319
  0.000229706066   0.000388241940  -0.000117135759
  0.000375109784   0.000474721647  -0.000207148850
  0.000229905563  -0.000003643374  -0.000093531102
 -0.011708656884   0.005527415258  -0.000116071469
 -0.008901540097   0.001707076397   0.000452680323
 -0.001001300239  -0.000437075989  -0.000393794056
 -0.000861563439  -0.007866558701  -0.000309139927
  0.003948804067  -0.000892958666  -0.000427806967
 -0.000172294570  -0.000336929757  -0.000247207338
  0.017095228130   0.000369482337   0.000085221103
  0.000246763770  -0.000280996098  -0.000721862580
 -0.000182336230   0.003038660615  -0.000291668357
  0.001802973278  -0.000966683554  -0.000087427371
  0.001861282714  -0.000610272966   0.000638286538
 -0.000002480111  -0.000671562190   0.000274867971
  0.000398230893  -0.000824284600   0.000586488940
 -0.000584694287  -0.000770669790   0.000472178589
  0.000179767893  -0.000287088301   0.000175894420
 -0.003021567665  -0.000426182602   0.000396418967
 -0.000808079910  -0.000889986942   0.000385408881
  0.000368552935   0.002526166219   0.000259422658
  0.027264062391  -0.012016395006  -0.000114636685
 -0.001053088330   0.000541978241  -0.000085498542
 -0.000514383292   0.000281042200  -0.000167418238
 -0.011967143372  -0.001549727188   0.000118132796
 -0.005618541068   0.002029020733  -0.000849414251
 -0.001317893921   0.000016842165   0.000105492166
 -0.003321735992   0.001273449331  -0.000459731489
  0.003987797845   0.002924523328  -0.000434830805
  0.000378335825   0.000225592814   0.000279525275
 -0.003249171132   0.005550232918   0.000781426436
  0.000005879526   0.000392149571  -0.000158687392
 -0.000244547413   0.000103261980   0.000165365658
  0.002421969076   0.000397863448  -0.000034263911
  0.001529963664   0.001131245869   0.000206639647
 -0.000553869834  -0.000395084809   0.000024482825
  0.000125079081   0.000102133140   0.000483213841
 -0.001118271017   0.000646177392   0.000356630066
  0.000922294020   0.000343728622  -0.000020034366
  0.000299694450   0.000204582659  -0.000133877703
 -0.000682479919   0.001215319451   0.000086216414
 -0.000000394628  -0.000035224409  -0.000040648441
  0.000041813662  -0.000010690617   0.000085695389
  0.000120290566   0.000143891057   0.000043263235
  0.000001150107  -0.000013787379  -0.000037287946
 -0.000088321141   0.000028525196  -0.000035185997
  0.000042317718  -0.000071880438  -0.000014690051
 -0.000048349509   0.000214732048   0.000027837610
  0.001133698679   0.000764202217   0.001418871207
 -0.000021232278  -0.000014974658   0.000053911573
  0.000024834465   0.000039068467  -0.000030238851
  0.000046377265  -0.000047963535  -0.000132155446
  0.000088187281   0.000172488512   0.000057845876
  0.000046583477  -0.000056315758   0.000034563217
  0.000010230674   0.000009622610   0.000136174273
 -0.000165110241   0.000239993575   0.000019171195
 -0.000028086147   0.000017263245  -0.000038568806
 -0.000222734723  -0.000315021937  -0.000020369022
  0.000255623095  -0.000277097626   0.000008916801
  0.000012062905  -0.000045463010   0.000026363729
  0.000205596631  -0.000308991658   0.000023338754
 -0.000136678339  -0.000180343653  -0.000004071660
  0.000012528758  -0.000029578704   0.000000379329
  0.000023480804  -0.000027275550   0.000012758510
  0.000018258195  -0.000079392818  -0.000010105258
 -0.000032458909   0.000092985393  -0.000045160048
 -0.000199379961   0.001486841358   0.000053921170
  0.000002079646   0.000028619052  -0.000033339012
  0.000004814326   0.000057844438   0.000016997226
 -0.000015054887   0.000061278597  -0.000033124766
 -0.000031456411   0.000078015386   0.000011885703
  0.000046747642  -0.000032479669  -0.000031162197
 -0.000017312210   0.000067771654  -0.000000530218
  0.000037473421   0.000054373846  -0.000014606287
 -0.000043923868   0.000017208168   0.000002603602
   73    2  0.0000  0.0150  0.0000
  0.038617324081   0.160274837742  -0.003267738810
 -0.004128126866   0.002725196546   0.001059279850
 -0.000001075509  -0.000298697308  -0.000024898498
 -0.000267210237   0.000589717402   0.000726942624
 -0.000879685458   0.001766177583   0.000583887948
  0.000763660292  -0.001454589619   0.000499366578
 -0.000493011204  -0.001144788193   0.000278570113
  0.000885415772  -0.000850222468  -0.000580937080
 -0.000228270890  -0.001853543102  -0.000013209145
  0.001316954882  -0.001466168755   0.001076319305
  0.000985344967  -0.000190242834  -0.000064882131
  0.000097621120  -0.000085538488   0.000020525146
  0.001174474580   0.000286389262   0.000333989248
  0.001229238686  -0.001286163782   0.000086948550
 -0.000354342521  -0.000780586844  -0.000274210145
 -0.000276937993   0.000028734855   0.000075834693
 -0.000669735438  -0.000625275321  -0.000529682505
 -0.000039517010  -0.000774468253  -0.000193628610
  0.005964380925  -0.016795147453   0.000821370659
 -0.001740028385   0.007913292492  -0.000179585868
 -0.000262973747  -0.000196847235   0.000045182972
 -0.000745176110   0.000866157698  -0.000607014515
  0.001834272793   0.000770929088   0.000399453306
  0.000583180768   0.001646485411  -0.000479225414
  0.000680590661  -0.000568033685   0.000592929210
  0.000302776416  -0.000389025786   0.000677025257
 -0.001243614782  -0.000073820994   0.000248505174
 -0.001719862367  -0.000211479406   0.000064045850
 -0.000659526729   0.000224078787   0.000233986633
  0.000017306758   0.000298787165  -0.000226013061
  0.000592263139  -0.000071417481  -0.000014233539
 -0.000426471801   0.000184744350   0.000127076213
  0.000187482201   0.000872347913   0.000329480163
 -0.000597169042   0.000546816318   0.000221231522
 -0.000367069072   0.000567471960   0.000451393673
 -0.000075982637  -0.001221162530   0.000117625858
 -0.011133798176   0.023233565494  -0.000206158898
 -0.001004289608   0.001734982358  -0.000936595206
  0.000376364085  -0.000491890834   0.000021153474
  0.002248090743  -0.001060380926  -0.000694580164
 -0.000838993322   0.002672818943   0.000540694114
  0.000186567587   0.000078865164   0.000324960514
  0.001905278913  -0.004029056012   0.000740360420
 -0.000278523623  -0.001112684713  -0.000069081526
  0.001519301184  -0.001912734138   0.000002089676
  0.006075355001  -0.002210165697  -0.000613179746
  0.000365735189  -0.000027056415  -0.000152094812
  0.000359898728   0.000080433786  -0.000116346766
  0.000013268024   0.000743409786  -0.000199983788
  0.000618495498  -0.000668556690  -0.000048924665
 -0.000973857710  -0.000591049795  -0.000268753588
  0.001041468758   0.000816829551  -0.000122967309
  0.000811465803  -0.000706037969  -0.000093078527
  0.000554545592  -0.000683300675   0.000307389971
  0.000859772453  -0.001765900457  -0.000651325607
  0.001202150188  -0.005521352926  -0.000658020797
 -0.000172936814  -0.000086971666  -0.000212564438
  0.000687623183   0.004293782697  -0.000036420596
 -0.000974351520   0.003304151174   0.000713366077
 -0.000914683802   0.000820495554   0.000100804591
  0.001648942281  -0.001088389770   0.000231889203
 -0.003806733236   0.000965088825  -0.000485784635
  0.000171993171  -0.001392323077  -0.000376533690
 -0.000031845670   0.000282880633  -0.000129396848
 -0.000603284958  -0.000252939993  -0.000514075049
 -0.000688037404   0.000357393215  -0.000006616924
 -0.003484798413   0.000124255789  -0.000587784681
 -0.001315087050  -0.000436700036  -0.000105493507
 -0.000410185596   0.000279634107   0.000098063560
 -0.001245697443   0.000051614285  -0.000005906162
 -0.000010867724  -0.000203995406  -0.000194460741
  0.001301308364  -0.000802570311   0.000260307700
  0.136039618488  -0.437681812985  -0.002855649522
  0.001749705413   0.001689225236   0.000021485462
 -0.000268016962   0.001940485742   0.000064674248
 -0.002056023491   0.004942094163   0.000084453164
  0.002412435850  -0.000133872375   0.000297984200
  0.001006881869  -0.000990798784  -0.000149972304
  0.001533825503   0.005003717756   0.000169848370
  0.002570172430  -0.001216258073   0.000248435234
  0.000525921393   0.000099399496  -0.000053596358
  0.003310679000  -0.001570982465   0.000998814732
  0.000126619202   0.000025411033  -0.000071463135
  0.000091261322   0.000054864271  -0.000226699403
  0.000379652785  -0.000625845069  -0.000162146642
 -0.000301423754   0.000692487351   0.000313525260
  0.000437592062   0.000529925722   0.000278824205
 -0.000636256431  -0.000570568803  -0.000118788389
  0.000353233457   0.000496581182  -0.000032981945
  0.000199719528   0.000693206827  -0.000015527054
 -0.004724251300  -0.000280812459  -0.000457146021
 -0.104144644161   0.132336482656   0.000134466584
  0.000085499146  -0.000626311705   0.000012527057
 -0.001956559872   0.000978712345   0.000449680205
  0.000560222151  -0.005100667371   0.000162771115
 -0.000613170080  -0.000292194157  -0.000328460133
 -0.001655948594  -0.000040825015   0.000617175728
 -0.000010799269  -0.003089236924   0.000081066021
 -0.000001023309   0.002468290975  -0.000049603695
  0.000067951219   0.000107053096   0.000149883412
 -0.002124604479   0.002255473047  -0.000386046406
 -0.000075402358  -0.000215537937  -0.000404128352
  0.000010372857  -0.000645012482  -0.000531174759
  0.000241900374   0.001200761277  -0.000073633872
  0.000035815949  -0.000587197443   0.000278742784
  0.000724072321  -0.000464113724   0.000300195153
  0.000085162496  -0.000061617132  -0.000341724610
  0.000604169609   0.000624631859   0.000013641660
  0.013129048804   0.015417781865  -0.000482432327
  0.001817043743  -0.000555080316  -0.000188720586
 -0.000105754715  -0.000319979244   0.000062121965
  0.001274324054  -0.001346960661  -0.000241509259
  0.002367156192   0.002503267944  -0.000527877168
  0.001052844137   0.002732674838  -0.000169660339
 -0.002156236514  -0.006829395045  -0.000218303102
 -0.000218847531   0.001972584045  -0.000029094141
  0.000254129941   0.002197862876  -0.000266653091
 -0.000418025049   0.005196886978   0.000218611703
 -0.000035332050  -0.000011848128   0.000140250981
 -0.000290483184  -0.000006534880   0.000074381127
 -0.001040716461   0.000202143349   0.000032424168
 -0.000925981568   0.000074939400  -0.000232972664
 -0.000728099080   0.000071738718   0.000155575575
  0.000494278734   0.000666275157   0.000020909511
 -0.000948177194   0.000508884122  -0.000056455668
 -0.000389576592   0.000541865823   0.000441583607
 -0.001938843735  -0.000395464748  -0.000015543748
  0.000030272793   0.008121142672  -0.000583820615
 -0.000556105175  -0.000702350701  -0.000255460982
 -0.000907347731  -0.000415497148  -0.000267267555
  0.007211791786   0.008090851330  -0.000146596183
 -0.000468118563  -0.000718800832   0.000512451018
 -0.002521855205  -0.002053709525  -0.000811550957
 -0.000648138553   0.001020093156   0.000049963356
 -0.002697879705  -0.002657158314  -0.000149714792
 -0.000162964347  -0.000429026478  -0.000059117133
  0.000306352727  -0.001598011244   0.000254811700
  0.000260203308  -0.000353342447   0.000326491020
  0.000553047021  -0.000464778847  -0.000097476067
 -0.001274392449  -0.001557059259   0.000172651529
  0.000116399826  -0.000330514909  -0.000062575421
  0.000645273811  -0.000096268352  -0.000303043820
  0.000899410397  -0.000328391237   0.000096129858
 -0.000288125170   0.001020236498   0.000019718013
 -0.015483884684   0.024319858708  -0.011286632887
 -0.000623090971  -0.000637742770  -0.000706912319
  0.000247451356   0.000067129323   0.000041519797
 -0.000170906357  -0.000425520132  -0.000325175763
 -0.000830760526  -0.001072606894  -0.001252642321
 -0.000196735848  -0.000504113995  -0.000404041822
  0.000510403448   0.000121922147   0.000967334543
 -0.000243134508  -0.000068239745   0.000317938396
 -0.000256934737  -0.000019554689   0.001051837731
 -0.003632532420   0.000556761998  -0.000656176778
  0.000002004602   0.000008613471  -0.000051630181
  0.000052282688  -0.000071275809   0.000011843912
 -0.000045083854  -0.000275733665  -0.000310372900
 -0.000116155397  -0.000302220828   0.000089670239
  0.000268307421   0.000182901683   0.000092213133
 -0.000083674512   0.000029673368  -0.000383733525
  0.000315097979  -0.000259446244  -0.000051774043
  0.000170785457   0.000105210114  -0.000142847537
  0.000452110899  -0.001196636240   0.000298382535
 -0.004089387711   0.003055238101   0.001439964581
 -0.000120904881   0.000173640077   0.000301064892
 -0.000784704045   0.001109758346  -0.001026110304
 -0.001583699490  -0.000711174292  -0.000393004909
 -0.000018537349   0.000053730445  -0.000246830651
 -0.000198765736  -0.000082363348   0.000187128385
  0.000211739986   0.000227711471   0.000387363534
 -0.000004546037   0.000136071982   0.000116254246
  0.000157230852   0.000610005308  -0.001212409944
  0.002155372634  -0.001067649200   0.000635136393
  0.000353419159   0.000006312011  -0.000270432196
 -0.000162877579  -0.000509436927   0.000320785924
  0.000386006603   0.000088398978   0.000051043907
 -0.000356335735  -0.000034715819  -0.000659609674
 -0.000475964868  -0.000166484078  -0.000399615376
 -0.000288307995  -0.000101142077  -0.000309786409
  0.000006681995   0.000017776706   0.000471803638
 -0.027027344571   0.030146917666   0.021591945153
  0.000061523824  -0.000858437999   0.001238285031
  0.000210688242  -0.000289757202   0.000123072479
  0.000311418565  -0.000195577456   0.000344357461
 -0.000180276082  -0.000190735649   0.000874220557
 -0.000172701459   0.000213900909  -0.000369121262
  0.001140408465   0.000738885170  -0.001507101225
  0.000120985729  -0.001117194947   0.000313226507
  0.000342415790   0.000133536969  -0.000520032790
 -0.003980210476   0.002424783753  -0.003748615189
  0.000001955987   0.000105615419  -0.000103636183
 -0.000038409060   0.000043301531   0.000048915647
  0.000084354443   0.000131300566   0.000141883065
  0.000478195889  -0.000124239947  -0.000670427473
  0.000149238366  -0.000254403997   0.000383139797
  0.000011258268   0.000065262899   0.000332859521
  0.000441840804  -0.000453360337   0.000659862430
 -0.000169295401   0.000010582308  -0.000499681124
 -0.000133032399  -0.001683281167   0.001098940235
 -0.004286409959   0.002532258943   0.001128916226
  0.000137458095   0.000011507117   0.000374886215
 -0.000433327322   0.000746242663   0.001741979010
 -0.000726535461   0.000153922352  -0.000012726036
 -0.000454590585  -0.000242511533   0.000860189737
  0.001021241556   0.000769832508  -0.000427532254
  0.000416810237   0.000202548571  -0.000257598424
  0.000331331680   0.000574061500  -0.000502267606
  0.000360742432   0.000456743895  -0.000170439226
  0.000941983309  -0.000545359640  -0.000602595468
 -0.000175163536  -0.000036618923   0.000124373323
  0.000088238252   0.000060705133   0.000015783321
  0.000528565513   0.000119983381  -0.000361939507
  0.000007764095   0.000065489551  -0.000228269565
  0.000102794092   0.000122933291  -0.000118282372
 -0.000273504223   0.000438257071  -0.000230456374
 -0.000220867620   0.000013941688  -0.000259739207
  0.000966372247   0.008202265849   0.000253165350
  0.009219014673   0.000619892351  -0.000778251511
 -0.000606876811   0.000211739806  -0.000172004147
 -0.000644891269   0.003594047059  -0.000017019632
  0.003003438539   0.000391310833   0.000225422386
 -0.000245785141   0.000187834723  -0.000144504515
 -0.003795612362  -0.000015033232   0.000383757462
  0.000883030573  -0.000707239495   0.000054872879
 -0.000913705196  -0.000261239756   0.000191063888
  0.000510444870  -0.000225898070   0.000077099672
 -0.001358750521   0.000107500225  -0.000476300140
  0.000111766364   0.000234486953  -0.000098910943
  0.000301195935   0.001505551482  -0.000068924124
 -0.000399090777   0.000053223401   0.000265747813
  0.000109243367   0.000097385485   0.000201606346
  0.001517644862   0.000255492488   0.000156675808
  0.000815117909   0.000204435714   0.000480303081
 -0.000265409761   0.000003663306  -0.000088255231
 -0.044012432974   0.028498763167  -0.001330788553
  0.006245814972   0.001565381392  -0.000250989612
  0.000451611837   0.000245736716  -0.000182371836
 -0.001331559429   0.001305816381   0.000083096744
  0.004117204847   0.000059825062   0.000331116424
  0.000214986961   0.001317993499   0.000490384782
 -0.001926351134  -0.000317509530   0.000254393431
  0.001877120356  -0.000491262053  -0.000278500026
 -0.000180928145   0.000323790156   0.000207508546
 -0.000010915219  -0.001350173200   0.000143612251
 -0.000280153449  -0.000020671685   0.000031833798
 -0.000039019790  -0.000167653138  -0.000043967911
 -0.000553783922  -0.000226849169   0.000354595681
 -0.001556798513   0.000484423481   0.000124639428
  0.000145289506   0.000999001027  -0.000404329603
 -0.000188493742  -0.000436645028   0.000030005824
 -0.000237415094   0.000956034193  -0.000172134932
 -0.000074915932   0.000058692186  -0.000114240737
 -0.000032375700   0.000136202776  -0.000164553925
  0.001362593334  -0.001253126050   0.000197300022
 -0.000015809883  -0.000017103830  -0.000006651039
 -0.000102936947   0.000009275956   0.000166876651
  0.000087721316   0.000123416432  -0.000071635977
  0.000035054668   0.000010428104   0.000027158517
  0.000003575419  -0.000036481157  -0.000019377826
 -0.000041862039  -0.000014882023   0.000009900016
  0.000171793500  -0.000069369934  -0.000072555927
  0.001098535981   0.000951694392  -0.001597115721
  0.000027036496   0.000068711423  -0.000080628882
 -0.000026070389   0.000032483529  -0.000018652588
  0.000038814750   0.000068045819   0.000010688957
  0.000018840599   0.000060126333  -0.000088524731
 -0.000146757591   0.000122653673  -0.000046568884
 -0.000035151448   0.000006995977   0.000036283978
  0.000199293092  -0.000099275224   0.000041132258
  0.000018892746   0.000037053320   0.000022644441
 -0.000185813648  -0.000180804744   0.000077699381
 -0.000284840880   0.000293129262  -0.000052937947
 -0.000050822793   0.000013715821  -0.000013254746
 -0.000316692975   0.000230018202  -0.000048089856
 -0.000157373159  -0.000078509538   0.000033353188
 -0.000000718555   0.000008088860  -0.000015631233
 -0.000029188125   0.000016654699   0.000023623139
 -0.000011617629  -0.000020160951   0.000010286014
  0.000031111635   0.000018231308   0.000044709073
  0.001484875536  -0.000604486025  -0.000065147329
  0.000003210321  -0.000026395086   0.000014729291
  0.000043467742  -0.000023077896  -0.000004868968
  0.000055283592  -0.000031689153   0.000055886533
  0.000026711835   0.000066782744   0.000015878314
 -0.000102852644   0.000084238644   0.000028711586
  0.000029173152  -0.000016160102   0.000039302862
 -0.000024842195   0.000072133442  -0.000003631222
  0.000030726956  -0.000013649592  -0.000006009595
   73    3  0.0000  0.0000  0.0150
  0.000575817747   0.000488392121  -0.001338726062
  0.000166321316  -0.000622854230   0.000957866988
  0.000061745573   0.000571140321  -0.000292076152
  0.000187481194  -0.000186367315  -0.001002751456
  0.000139983925  -0.000166264283  -0.000506062860
  0.000447727128   0.000107217310  -0.000390237175
  0.000280834445  -0.000555093562  -0.002008371638
  0.000145043193  -0.000209712141  -0.001677738709
 -0.000215946026   0.000147495850   0.001099220112
  0.000521687443   0.001361252834  -0.000280111415
 -0.000112584221   0.000130592014   0.000279661049
 -0.000109601992  -0.000664957619   0.000155301912
 -0.000053590491   0.000319927214  -0.000035569655
  0.000401543978   0.000445470375  -0.001138663736
  0.000591629811  -0.000874742174   0.000241471007
  0.000485996340   0.000128939995  -0.000465420879
  0.000434486269   0.000691920530  -0.000740163536
  0.000003021712  -0.000839057417   0.000499340800
 -0.000354063518  -0.000543755994   0.019168496433
  0.000253733147   0.000300131818  -0.002280843022
  0.000143070362  -0.000208842184   0.000625087704
 -0.000241304566   0.000132099964   0.001424209671
 -0.000181243568   0.000574493774   0.000876641398
 -0.000486455511  -0.000697354416   0.000063917120
 -0.000584339673   0.000891192472  -0.001776747969
 -0.000393432239   0.000357169404   0.000572703019
  0.000359483991  -0.000174933737  -0.000511665080
  0.000028665803  -0.000039484220   0.000769882175
 -0.000059143575  -0.000020312824  -0.000743503519
  0.000128686905   0.000933682201  -0.000127924720
 -0.000665424773   0.000343263629  -0.000130496069
 -0.000094774180  -0.000429968959   0.001371065905
 -0.000605544579   0.000434910076  -0.000107670000
  0.000131270475  -0.000012369972  -0.000063422543
 -0.000301224530   0.000012079195   0.000091087917
  0.000077284032   0.000456753972  -0.000107674743
  0.000776687676  -0.001827657991   0.000435544720
 -0.000440609503  -0.000397570011  -0.000586019357
  0.000114753387   0.000272339345   0.000119701270
 -0.000065783910   0.000387313522   0.002242105257
  0.000368219645  -0.000076092060   0.001510495965
 -0.000087110609   0.000544693724  -0.000319925394
  0.000110070797  -0.000108594747   0.003267043657
 -0.000075273955   0.000064792690   0.000303995338
  0.000431170776   0.000322333706   0.000968724682
  0.002191522086  -0.001107589964   0.001138548875
  0.000301923330   0.000476712582   0.000070264590
 -0.000037015558  -0.000634982733  -0.000051671709
  0.000397935081   0.000004220993  -0.000296723048
 -0.000149511907   0.000590441740   0.000037422572
 -0.000160500352  -0.000386797442  -0.000600316369
 -0.000128244001  -0.000009796124   0.000662553370
 -0.000137957228   0.000597150076   0.000098934536
  0.000544806026  -0.000399521165   0.000191006579
 -0.000370257742   0.000429027470  -0.008423716739
 -0.000493268135   0.000039560569  -0.001270401425
 -0.000401936787  -0.000101404043  -0.000906924323
 -0.000031214966  -0.000376204193  -0.006732411346
 -0.000060440120   0.000606809853   0.002876847501
  0.000021918517  -0.000629766637  -0.000748792002
 -0.000228332722  -0.000642582237   0.002949201539
  0.000328682405   0.000012232984  -0.002309031455
  0.000296313822  -0.000477071346  -0.000314801184
 -0.000690390826  -0.000139355643  -0.000219261291
  0.000392027377  -0.000319492646   0.000148618597
 -0.000484761564   0.000561660849   0.000156097569
 -0.001560271039   0.000190139841  -0.000256943231
 -0.000135827811  -0.000658903424   0.000623765304
  0.000228127317   0.000209196962   0.000067619500
 -0.000208692530  -0.000170845511   0.000542177346
 -0.000509484046  -0.000303366407   0.000388451486
  0.000103326767   0.000742111157   0.000860710438
  0.002092478373  -0.002928208383  -0.128427566654
 -0.000174759741   0.000257962134   0.000785407033
  0.000054688191  -0.000160955244   0.000790933978
  0.000497041046   0.000102257151  -0.001614662800
 -0.000396892793   0.000047652264   0.000593002666
  0.000111139325  -0.000024731694   0.000136574847
 -0.000040829248   0.000162807700  -0.001609846585
  0.000499112798   0.000044158839   0.000140499415
 -0.000003331395   0.000165455670   0.000609995567
 -0.000021491887  -0.000996534401   0.000810535245
  0.000260895195  -0.000056131498   0.000074095615
 -0.000334368465   0.000417784415   0.000086597126
  0.000078387658   0.000072761937  -0.000376247000
  0.000358602076  -0.000368504362  -0.000013830215
 -0.000130172059   0.000303201114  -0.000391885619
 -0.000083170015   0.000232486389  -0.000375415541
  0.000087420885  -0.000589156713  -0.000401265733
 -0.000121064203   0.000055860283   0.000000546838
 -0.000072877148   0.000303688836   0.009545864153
 -0.000173237055  -0.000241733294   0.038355955726
 -0.000102303135   0.000128005420   0.001050293209
  0.000430306032  -0.000496067756  -0.003239625570
  0.000221321476  -0.000247490845  -0.001109502823
 -0.000158296325   0.000588871547   0.000885367291
  0.000069002995  -0.000638725449  -0.004132222721
 -0.000390649454  -0.000193055568  -0.000075771444
 -0.000571674533   0.000277962886  -0.001181299862
  0.000178114287   0.000163195977   0.000117823479
  0.000169337136  -0.000178198517  -0.000075359506
  0.000268358657  -0.000848228433  -0.000110873428
 -0.000168896966  -0.000430847246   0.000202579533
 -0.000250997454   0.000238947110  -0.000153832357
  0.000230980561  -0.000023469723   0.000129335435
 -0.000540699207   0.000417196798  -0.000675747902
  0.000057162957  -0.000079424623  -0.000553714189
  0.000115968144  -0.000343845085  -0.000370026574
 -0.002185557473  -0.000498405909  -0.019670158527
  0.000259785034   0.000246992931  -0.000415383786
 -0.000133346499  -0.000361385315  -0.000413227987
  0.000137921414  -0.000292483463   0.002869092970
  0.000009458549  -0.000069979029  -0.000010105544
 -0.000367763427  -0.000798331329  -0.000005917803
  0.000461225323  -0.000153760754   0.001850043978
  0.000235488165  -0.000062694976   0.002673437190
 -0.000165345369  -0.000173214519   0.002685160019
 -0.001651567393  -0.000211611334  -0.001339288610
 -0.000219273574  -0.000361970981  -0.000088386861
  0.000106170378   0.000206195083  -0.000074669544
  0.000026550690  -0.000073275031  -0.000009098378
 -0.000384518962  -0.000535199775  -0.000207376449
  0.000180095063   0.000486690444  -0.000189918476
 -0.000029441051   0.000057556353   0.000189519716
 -0.000280248719  -0.000755205384   0.000302785677
  0.000214675986   0.000430806357   0.000317701124
 -0.000091523041   0.000148623673  -0.003162404872
 -0.000242889117  -0.000054644890   0.002425567872
 -0.000006033530  -0.000368768234  -0.000958322249
 -0.000669461577  -0.000075656863  -0.003165167447
  0.000523001551   0.000486159591   0.002413530449
  0.000181900856   0.000511973818  -0.000959975891
 -0.000103861364   0.000803932651   0.004982985685
 -0.000080241079  -0.000150995876  -0.000001802856
  0.000322743265   0.000374778013  -0.000218272243
  0.000202968597  -0.000084072231  -0.000154825255
  0.000035968209   0.000378695560   0.000221631467
 -0.000066368011  -0.000495489513  -0.000015920490
  0.000321882452   0.000044772291  -0.000145308439
  0.000478221267   0.000568421067   0.000233855638
 -0.000255871956   0.000033916053  -0.000012165433
 -0.000078974757  -0.000203179329   0.000253436482
  0.000334907614   0.000369216343   0.000451222271
  0.000031939879  -0.000348898527   0.000387091747
  0.010675894073  -0.024031444225   0.052153166458
  0.000183081508   0.000226363569   0.000503121482
 -0.000069188841   0.000096081061  -0.000277002390
  0.002270237582   0.000282030120  -0.001501141766
 -0.000115821496  -0.000307774121  -0.000623593193
  0.000381456309  -0.000168235242  -0.000647059919
  0.001688706802  -0.000307659370   0.001261344546
  0.001546594459   0.001464550768  -0.000680081160
  0.000146009579  -0.000081776556  -0.001239272927
 -0.001057498114   0.001448964154   0.000520672802
  0.000059397290  -0.000128492554  -0.000265337900
 -0.000028659971   0.000174506551   0.000461371182
 -0.000010655014  -0.000031282176  -0.000039934497
  0.000114368144   0.000175704128   0.000022528344
 -0.000400632327  -0.000090106325   0.000460873632
  0.000390169021  -0.000123500453  -0.000000531272
  0.000459360335   0.000300739583  -0.000060484939
 -0.000339305576   0.000427477760   0.000412352138
 -0.007256607224   0.005537974173  -0.000894598000
  0.004949976530  -0.003340037576  -0.000799206331
 -0.000808125052   0.000162821461   0.000120647294
 -0.001200115049  -0.000841278322   0.002555749369
  0.000815295371  -0.001314459097  -0.001116780995
 -0.000544646296   0.000225815694   0.000666953531
  0.003888638385  -0.000060559773  -0.000328540917
 -0.000796020214   0.000364231585   0.000421178458
  0.000008188863  -0.000076138500   0.000669017184
 -0.001209112612   0.000883160815  -0.000093223983
 -0.000330362270   0.000899378549  -0.000845257303
 -0.000209860852  -0.000141238439  -0.000773734982
 -0.000026443474  -0.000372902874  -0.000624250515
  0.000003897015  -0.000073450157  -0.000255761221
 -0.000174148786  -0.000300380720  -0.000113961948
  0.000709586937  -0.000320629021  -0.000071582082
  0.000308326844  -0.000033132160   0.000108392016
  0.000389942763  -0.000424006554  -0.000733503031
 -0.010035408345   0.025365636048   0.058022217223
 -0.000055763903  -0.000131936460  -0.000038640026
  0.000054722258  -0.000080859228   0.000205777263
 -0.002245346332  -0.000367569753  -0.000795650144
  0.000582887991   0.000602700520  -0.000556832532
 -0.000431124219   0.000176241962   0.000302797547
 -0.001633303813   0.000292835000   0.000331710241
 -0.001589193135  -0.001164741337  -0.000459545276
 -0.000030486395  -0.000095317195  -0.000579146779
  0.005698637914  -0.005366887624   0.003506239317
  0.000042058771   0.000060834028   0.000103008050
  0.000111610228   0.000112168327  -0.000587506325
 -0.000417143067  -0.000151703718   0.000340459469
 -0.000010788451  -0.000287726873   0.001024460858
  0.000146169728   0.000308808512   0.000116148575
 -0.000740705431   0.000370629076  -0.000095806921
 -0.000429689490  -0.000469229996   0.001050011260
  0.000202612186   0.000367677710  -0.000943562575
  0.007551038265  -0.005467291018  -0.001267481529
 -0.004825746616   0.003177769270   0.000743793493
  0.000881181711   0.000042374826  -0.000057827143
  0.000930162473   0.001050799420   0.003740198179
 -0.001135086025   0.001037654803  -0.000658733919
  0.000552706096  -0.000170100860  -0.000239354130
 -0.003932001425   0.000036006563  -0.000451094146
  0.000596628412  -0.000497351632   0.000878687265
 -0.000378865399   0.000175349776   0.000267067089
  0.000402470719  -0.000085576458  -0.000099968375
 -0.000545184073   0.000058336454  -0.000019351040
 -0.000167561840  -0.000148531941   0.000605284011
  0.000461265971  -0.000658187317   0.000093118902
  0.000064168314   0.000345969135  -0.000926034514
 -0.000015327475  -0.000274836527   0.000309414668
 -0.000247631658   0.000335504746  -0.000148118329
 -0.000632217111   0.000124421625  -0.000475348686
 -0.000451303767   0.000059635100   0.000135414298
 -0.000446168325  -0.001329324784  -0.010539661548
  0.000471554303  -0.000037176528  -0.002629130392
 -0.000089377266   0.000189718905   0.000169595331
 -0.000405624311   0.000846911165   0.002575034211
  0.000506989357  -0.000022614643   0.000035149313
  0.000104007436  -0.000156338934  -0.000290618109
  0.000573884013  -0.000214668490  -0.000622702811
 -0.000181702882  -0.000050868254  -0.000370831236
 -0.000406668318  -0.000106071931  -0.000387219945
  0.000319893983  -0.000481702528  -0.000277917010
 -0.000183344217  -0.000192728401  -0.000101318582
  0.000250366856   0.000259789061   0.000047242724
  0.000508922026   0.001017073112  -0.000003182523
 -0.000200789239  -0.000150955645   0.000406874612
  0.000018085033  -0.000130994155  -0.000002230065
 -0.000754794533  -0.000078799761   0.000578613716
  0.000533422206  -0.000271273939   0.000256918381
  0.000052871433  -0.000041305141   0.000242001958
  0.000706494821   0.000906869248  -0.009174044702
  0.000196132379   0.000170079251  -0.000203047963
  0.000008994827  -0.000067432197  -0.000024687340
  0.000103062176   0.000377092335  -0.000047304186
 -0.000247219627  -0.000078902270   0.000870110713
 -0.000213018082   0.000582108596   0.000595975482
  0.000156033628  -0.000170850030  -0.000811502431
  0.000380150336   0.000127584273  -0.001648870384
 -0.000311109761  -0.000418335319  -0.000075724154
  0.000163388367  -0.000604406997   0.000163710831
  0.000140394993  -0.000030766448   0.000029712727
 -0.000056524034  -0.000029985485   0.000029070182
  0.000292848308   0.000303671027   0.000200992213
  0.000025825503   0.000009252277  -0.000404763953
  0.000094552147   0.000491166863   0.000035039399
 -0.000110549423  -0.000085933584   0.000162128714
 -0.000238326198   0.000366816944  -0.000269555856
  0.000101298933  -0.000457919325   0.000100790128
  0.000257980469  -0.000390966878  -0.000104483035
  0.000059863648  -0.000052432478  -0.000214628191
 -0.000012273089   0.000012508023   0.000007563985
  0.000147757948  -0.000066396710  -0.000080025879
 -0.000097104174  -0.000146340556  -0.000013088486
 -0.000063069654   0.000004278054  -0.000039777439
 -0.000010477705  -0.000042102789   0.000002153000
  0.000128564994   0.000029099647  -0.000039626132
  0.000115021052  -0.000011439440  -0.000033393308
 -0.006159439639   0.007858679612   0.000725083518
  0.000054796277   0.000034685658  -0.000026728844
  0.000051291434   0.000007140553  -0.000019994497
  0.000104722909   0.000051555141  -0.000006639076
 -0.000020878905  -0.000030150727  -0.000000457314
  0.000015725000  -0.000016996287  -0.000028225262
  0.000182325785   0.000001894446  -0.000028329976
  0.000016357594   0.000007081271  -0.000028102595
  0.000026047836  -0.000058016054   0.000038322289
 -0.000093183427   0.000048446705   0.000027619731
  0.000114204982  -0.000135153035  -0.000001398701
  0.000022827657   0.000006910434  -0.000011613507
 -0.000180150873   0.000185785798  -0.000048752304
 -0.000049269915   0.000040085784  -0.000012808396
 -0.000001115677   0.000020370807   0.000019500835
 -0.000023664106   0.000003431149   0.000011173444
 -0.000005970792   0.000000528054  -0.000023539396
  0.000027129053   0.000033383724   0.000024560830
  0.000353748927  -0.000557031026   0.000027144327
 -0.000057965622  -0.000013445681  -0.000030069744
 -0.000008464171  -0.000007680457   0.000014301624
  0.000032163398  -0.000001522210   0.000018369852
  0.000029076872  -0.000016441213  -0.000048080465
  0.000026028134   0.000003761376   0.000021666048
 -0.000017071383  -0.000017577271   0.000009003314
  0.000022095601   0.000031710865  -0.000017341393
  0.000053379869  -0.000060895644   0.000008581341
  145    1  0.0150  0.0000  0.0000
  0.019062026950   0.000607598824   0.006987008059
 -0.000175044123   0.000260111933   0.000344645309
  0.000109924792  -0.000011024957   0.000394059621
 -0.005712972809  -0.001032582511   0.002898421483
 -0.000354724072   0.000672518920   0.000719690336
 -0.000150347539  -0.000223796150   0.000765997025
  0.002558819077   0.001527323884   0.002649507732
  0.000125977506  -0.000652059800  -0.000326826762
  0.000128312128   0.000278414191  -0.001031513467
  0.006049135598   0.003519600861  -0.010934422217
  0.000103738314  -0.000053057247   0.000280934592
  0.000171507926  -0.000041420765   0.000015575269
  0.000905743769   0.000311213157   0.000959892127
  0.000090886391   0.000423898782   0.000641308151
 -0.000044803325   0.000061820275  -0.000041742650
 -0.000644000219   0.000192775458   0.000621809807
 -0.000207658611  -0.000351193910  -0.000156010716
 -0.000028526044  -0.000184368921  -0.000484074281
  0.009272490350   0.008717918655   0.002342487135
  0.000497133018   0.001305711931   0.002016459004
 -0.000147347418  -0.000211698589  -0.000626242583
 -0.005534809261   0.000009294982  -0.005972302629
  0.000698021362   0.000893177990  -0.000106670147
 -0.000030556109   0.000330010314  -0.000401534196
  0.002381038359  -0.000727630592   0.001475411567
 -0.000673457230   0.000127641788  -0.000452872707
  0.000244887698  -0.000019450194   0.000664922439
 -0.003539211827  -0.001525683261   0.000410643171
 -0.000314870261  -0.000607181932   0.000406226701
 -0.000416788805  -0.000305537591  -0.000131067967
  0.000672818592  -0.000688551372   0.000007125811
 -0.000172956310  -0.000361775254  -0.000737079748
  0.000336217606   0.000382378699   0.000196690492
 -0.000472017518  -0.000227185400   0.000129306237
  0.000041769765   0.000089852091   0.000198011987
 -0.000013461013   0.000080872270   0.000606453142
  0.019041184957  -0.000943952268  -0.006964396050
 -0.000185559898  -0.000150279666  -0.000340436563
  0.000125804790   0.000365603898  -0.000387086498
  0.002515248641  -0.001860281865  -0.002646028400
  0.000142980011   0.000758050892   0.000323245983
  0.000179813568   0.000054248379   0.001042363943
 -0.005741498720   0.000710314804  -0.002902438174
 -0.000348493491  -0.000565567970  -0.000720659964
 -0.000117508358   0.000555929737  -0.000753609284
  0.006037588385  -0.003174296898   0.010939185061
  0.000114987779  -0.000080228755  -0.000287326241
  0.000143205632  -0.000246713589  -0.000011509625
 -0.000582174365   0.000112655069  -0.000621173546
 -0.000200305970   0.000219674118   0.000147388497
 -0.000071549111  -0.000105131037   0.000483915388
  0.000926987533  -0.000022252704  -0.000963797001
  0.000086091564  -0.000552996237  -0.000646498687
 -0.000087244875  -0.000346192061   0.000044248200
 -0.005525548169   0.000306263300   0.005986865508
  0.000700132787  -0.000982038522   0.000126950343
 -0.000055258701  -0.000649205198   0.000401281252
  0.009315249895  -0.008392466813  -0.002350183956
  0.000477258444  -0.001393456863  -0.002006772341
 -0.000196890295  -0.000117124314   0.000625652924
  0.002389968256   0.001065500195  -0.001476121537
 -0.000666259388  -0.000235325340   0.000464694436
  0.000241646757  -0.000329006755  -0.000665249701
  0.000643969001   0.000396901161  -0.000016454737
 -0.000175336521   0.000472263296   0.000746656604
  0.000359242495  -0.000059983701  -0.000197483286
 -0.003595186206   0.001222102064  -0.000421681409
 -0.000313224401   0.000713542733  -0.000400122994
 -0.000390650188   0.000621087778   0.000132668539
 -0.000460204050  -0.000121546928  -0.000132246472
  0.000059195715   0.000018255158  -0.000194808285
  0.000002546325   0.000229153333  -0.000604804074
  0.018482693677  -0.015527837676   0.010481584934
  0.000153877491   0.000230846526  -0.000079564132
  0.000221648035  -0.000731183590   0.000175535947
 -0.000005886472   0.000588693677   0.001705151413
 -0.000240284480  -0.000263393472   0.000156989588
 -0.000899697091  -0.000337710117   0.001556301900
  0.002100307097  -0.000088816111   0.002275616216
  0.000569920424  -0.000217227530   0.000374013794
  0.001085279974  -0.000946319094  -0.000111452355
  0.002496353559  -0.004114057664  -0.005699070275
  0.000137332708  -0.000020490888  -0.000090869986
  0.000173362658   0.000090575865  -0.000017275772
  0.000376550650  -0.000095897348   0.000729986699
 -0.000372337841  -0.000158355348  -0.000204553203
 -0.000351362954   0.000526970573   0.000415720669
 -0.000472794093   0.000002511784   0.000405538953
  0.000282839316   0.000181972130  -0.000147368239
 -0.000209237884   0.000602682478   0.000003316624
  0.000606828824  -0.000289320302  -0.007563972673
  0.004694679674  -0.004240277088   0.004754705995
  0.000291101326   0.000209609225  -0.000871518905
  0.002271667358  -0.000527366465  -0.000929896761
 -0.001734842837  -0.000679174049   0.001138893658
 -0.000172499826  -0.000338845249  -0.000542952559
 -0.002330181437   0.000924077984   0.003921502880
 -0.000340720384   0.000473079685  -0.000622101236
 -0.000092423413   0.000435503949   0.000363962424
  0.000010342621   0.000235441277  -0.001200218048
 -0.001566806220   0.002092505301  -0.000321307814
  0.000086972614   0.000302723224  -0.000200962280
 -0.000350880205  -0.000063184898  -0.000053613283
  0.000406829985   0.000336207668   0.000001522079
 -0.000173980490  -0.000419513932  -0.000174958315
  0.000389486391  -0.000368333290   0.000731133361
  0.000256354985  -0.000350437568   0.000321404788
 -0.000000655416  -0.000062841280   0.000401737679
  0.018551811761   0.015684230267  -0.010596387367
  0.000206331773  -0.000241292427   0.000086227512
  0.000080082893   0.000527920255  -0.000170798298
  0.002193051065   0.000255205266  -0.002272683101
  0.000637667756   0.000208312474  -0.000369453242
  0.000932566326   0.000743707266   0.000122831786
  0.000077094197  -0.000422253186  -0.001699389343
 -0.000183402229   0.000249403515  -0.000163793198
 -0.001042198125   0.000124227709  -0.001544954448
  0.002363038988   0.003899261860   0.005676482171
  0.000114173136   0.000073919796   0.000096403420
  0.000318584902   0.000104376390   0.000018794573
 -0.000595545469  -0.000189952539  -0.000405748070
  0.000264464500  -0.000136936756   0.000150708323
 -0.000068310179  -0.000411902611  -0.000002450005
  0.000276096201  -0.000102658487  -0.000730759472
 -0.000411472716   0.000200168845   0.000213544258
 -0.000210884748  -0.000342330280  -0.000419267102
  0.002113605880   0.000319792027   0.000935095313
 -0.001657643221   0.000740718382  -0.001123141217
 -0.000112326124   0.000516620272   0.000546787886
  0.000449456461   0.000073469146   0.007539315385
  0.004781894451   0.004323805223  -0.004819935034
  0.000356877886  -0.000032651488   0.000874709435
 -0.002488698602  -0.001139657162  -0.003919649482
 -0.000245140516  -0.000389936684   0.000628158580
 -0.000015577021  -0.000248182136  -0.000359988214
 -0.000231491131   0.000258410826   0.000043776055
  0.000283230721  -0.000468316114   0.000007488471
 -0.000203861806   0.000288490032   0.000181909000
  0.000174080568  -0.000041270640   0.001189785023
 -0.001694295472  -0.002212117140   0.000329059249
  0.000058151134  -0.000432260405   0.000208222046
  0.000541248789   0.000575867884  -0.000733945107
  0.000142456294   0.000235386941  -0.000315255023
 -0.000024526017  -0.000066537768  -0.000394272135
 -0.131942028943  -0.000009711830   0.000153072333
 -0.000338088489  -0.000006288857  -0.000049741221
 -0.000335990158  -0.000049129117  -0.000122897453
 -0.002527320126   0.000998173426   0.001280718700
 -0.000038602031  -0.000219823321  -0.000684967272
 -0.000046341352  -0.000449024576  -0.000880619020
 -0.002526547932  -0.000914788161  -0.001026876232
 -0.000053216703   0.000200102437   0.000582861853
 -0.000043213145   0.000350458642   0.000639290612
 -0.000907996157  -0.000044567068  -0.000119615489
 -0.000123242443   0.000010680190   0.000051609676
 -0.000087804159   0.000039607694   0.000102161251
 -0.000813791551   0.000024262534  -0.000227951746
  0.000113927405  -0.000193531284  -0.000163765423
  0.000239129706   0.000171508474   0.000055719216
 -0.000817619220  -0.000096160923  -0.000002510761
  0.000104054022   0.000209903148   0.000280966991
  0.000243283425  -0.000097741952   0.000127054487
  0.004417598817  -0.006417219032  -0.001469782285
 -0.001589425792  -0.000143135560  -0.000628636106
  0.000449870169  -0.000050930980   0.000346760940
  0.004407844298   0.006320869311   0.001238480156
 -0.001609272837   0.000154778959   0.000682478394
  0.000444611968   0.000133454411  -0.000113211228
 -0.002681429471  -0.000041838524  -0.000116112515
  0.001318796507   0.000017472504   0.000033067653
 -0.000831573284   0.000041776086   0.000124481180
  0.002238256773  -0.000055323490   0.000916706559
  0.000951717077  -0.000640666022  -0.000040377370
  0.000358489515  -0.000022959274   0.000307063157
  0.002245033732   0.000136021753  -0.000694454214
  0.000944546569   0.000596107584  -0.000059623083
  0.000360950740  -0.000041074936  -0.000546097992
 -0.000613907149   0.000046874982   0.000112472640
 -0.000332049764  -0.000018288537  -0.000029432522
 -0.000241609577  -0.000035053039  -0.000118958718
  0.001511610659   0.000084381337  -0.000075606572
  0.000311692412  -0.000009062676   0.000051947458
  0.000350300644  -0.000044757994   0.000107756648
  0.002038088519   0.000278915324   0.000233810091
  0.000089188015   0.000288767732  -0.000145968993
  0.000261449029  -0.000018507750  -0.000324578076
  0.002044537124  -0.000205892061  -0.000450736905
  0.000081397460  -0.000308841827   0.000227604865
  0.000261370217  -0.000067162463   0.000551182746
  0.014935625101  -0.000040647157   0.000096249110
 -0.000003543887   0.000008418092  -0.000056457540
 -0.000004306349   0.000045182028  -0.000113121112
  0.000807362936  -0.000328977694   0.000143332004
 -0.000104180539   0.000327456858  -0.000498130050
 -0.000110703416  -0.000005798227  -0.000455035826
  0.000806758936   0.000244845063   0.000083077385
 -0.000117241056  -0.000317365745   0.000401873200
 -0.000109006769   0.000091672520   0.000238361868
 -0.006792930570   0.002974113671  -0.000003015856
 -0.000191732648   0.001273346104  -0.000138050687
 -0.000747953530  -0.000075490303  -0.000081421754
 -0.006771553982  -0.003048968059   0.000260660072
 -0.000183504736  -0.001215803210   0.000068045177
 -0.000749481983   0.000162102795  -0.000185013662
  0.003984210342  -0.000047481667   0.000122609462
 -0.000560216567   0.000021441641  -0.000042922063
  0.000028321211   0.000044214626  -0.000137258940
  0.000239572963   0.001992472261  -0.000575768994
  0.000619801029  -0.000387456251  -0.000352990151
 -0.000028811426  -0.000224047604   0.000216120956
  0.000247434400  -0.001921930843   0.000356064714
  0.000614240416   0.000350314983   0.000440455719
 -0.000027865283   0.000161149632   0.000008512434
  0.000403066363   0.000041479627  -0.000107700699
  0.000106090815  -0.000016773573   0.000031534873
  0.000272296006  -0.000033840036   0.000109936945
  0.004532334980   0.005255339413   0.013257448885
  0.001575330540  -0.000535962768  -0.000274772165
  0.000330539936   0.000007878335  -0.000171365017
  0.004501372074  -0.005240166205  -0.013231238611
  0.001582960004   0.000525572499   0.000292081662
  0.000349580146  -0.000001727006   0.000166994905
 -0.005873954523   0.000006303975   0.000004350717
 -0.000336484549  -0.000009492920   0.000001060256
 -0.000389467185   0.000002624972  -0.000002754313
 -0.000722049649  -0.001970923315   0.002442002688
 -0.000417193038   0.000090875825  -0.000386525473
 -0.000122239460   0.000095056305  -0.000236912539
 -0.000674078107   0.001964593202  -0.002439864131
 -0.000426867918  -0.000075474579   0.000386265674
 -0.000116172939  -0.000080690237   0.000231034744
  0.001327431119  -0.000002226024   0.000004357849
  0.000499888135  -0.000001984872  -0.000000975191
 -0.000196967454   0.000007962376  -0.000001755768
  0.003907269655  -0.000004992550   0.000034315189
  0.000871870849   0.000002011791   0.000000758097
  0.000005197182   0.000003461272  -0.000001668777
  0.002343938404   0.000194139440  -0.000345955418
  0.000336241402  -0.000026563426   0.000274612419
  0.000464253505  -0.000040481206  -0.000106916717
  0.002337863940  -0.000209635058   0.000356994677
  0.000334776668   0.000037189539  -0.000272700383
  0.000484461287   0.000060231656   0.000108023609
  0.001519377017  -0.000008899270   0.000008794551
 -0.000025356776  -0.000006357608  -0.000001496348
  0.000359670784   0.000000894026  -0.000003501618
 -0.000382352407   0.000115308307  -0.000310193989
  0.000052441566  -0.000437643619   0.000302170506
 -0.000378350082  -0.000108600357  -0.000114921434
 -0.000332328337  -0.000114081017   0.000314137948
  0.000037640775   0.000438122335  -0.000305379196
 -0.000375030281   0.000120147886   0.000106690217
  0.000739173172   0.001108301104   0.000350553246
  0.000440292082  -0.000535480162   0.000015706237
  0.000047938543   0.000012130872  -0.000007052109
  0.000742541112  -0.001109715006  -0.000363405532
  0.000430226796   0.000524974872  -0.000043904330
  0.000046718973  -0.000013848281   0.000023066395
  0.000072790365   0.000002303231  -0.000004900356
 -0.000102187301  -0.000002615788  -0.000003780218
  0.000140538966  -0.000001238428   0.000007425804
 -0.002634095764   0.000019419689  -0.000031964211
 -0.000028203472  -0.000001928141  -0.000004465943
 -0.000153677271   0.000002430552   0.000007084604
 -0.000301637228  -0.000008416867   0.000048495011
  0.000005453365   0.000005421057  -0.000012382406
 -0.000064641789   0.000019388818   0.000017804877
 -0.000299384980   0.000000428648  -0.000049791153
  0.000002363703  -0.000006528364   0.000000930467
 -0.000063572428  -0.000013624690  -0.000003142932
 -0.000602417597  -0.000652879271   0.000072103506
 -0.000229929782   0.000284088250  -0.000014180182
 -0.000054297130   0.000020147385   0.000013690916
 -0.000601699374   0.000649910310  -0.000084362875
 -0.000231495618  -0.000282407881   0.000016736840
 -0.000054459379  -0.000016043992   0.000007007282
 -0.000027919150  -0.000001623488   0.000003693396
 -0.000022083667   0.000000639547  -0.000000214530
 -0.000077991991   0.000001332101   0.000012441354
  0.000448354221  -0.000000260855  -0.000007827026
  0.000064181484  -0.000000166919   0.000002956298
  0.000091862449  -0.000003429403   0.000007586338
  0.000168146999  -0.000013427861  -0.000006636139
  0.000004057780  -0.000015156898   0.000010323004
 -0.000008233978   0.000018858808   0.000016226277
  0.000168027299   0.000015825978   0.000002474019
  0.000000359322   0.000012309710  -0.000001122983
 -0.000006605455  -0.000026486490   0.000000089175
  145    2  0.0000  0.0150  0.0000
 -0.003946849128   0.011940095674   0.004179016171
  0.000184745482  -0.000490104376  -0.000013139190
 -0.000128368849   0.000296586115   0.000231841797
  0.000539627158   0.001969404791   0.005373431274
  0.000070844066   0.000015896052  -0.000961492776
  0.000118556099   0.000259458251  -0.000080865841
  0.004195195296   0.000020851770  -0.001519295663
 -0.000555262772   0.000433606880   0.000392427143
 -0.000229077737   0.001059020613  -0.000153331240
  0.004511986781   0.000642957856  -0.003117799633
 -0.000200257004  -0.000326058955   0.000149535213
  0.000003568463   0.000530291048   0.000182151046
  0.000210261715  -0.000646244706   0.001273040475
  0.000024262659  -0.000455566345  -0.000635339150
  0.000099753173   0.001032748666   0.000082133630
 -0.000330886664  -0.000243616707  -0.000400965506
  0.000286874140  -0.000138073234   0.000029390413
  0.000239395634   0.000604419123   0.000332920560
  0.006395518201   0.009308925635   0.022404264822
 -0.000440159225  -0.001778875055   0.001170385803
  0.000125039765  -0.000358180965  -0.000266198180
 -0.001345658058  -0.002236856422  -0.008604592217
  0.000748098646   0.000603084662   0.000855383746
 -0.000014202436  -0.000450535054   0.000107358973
  0.002604224636   0.002279447492   0.002342076788
 -0.000321571947  -0.000156048392  -0.000306640478
  0.000419627404  -0.000474639007  -0.000486121023
 -0.003844247683  -0.001673499244   0.002261765496
 -0.000006127092   0.000901893061   0.000406702713
  0.000172993760  -0.000675260687  -0.000116113817
 -0.000071153626   0.000837821458  -0.002291891665
 -0.000379690693   0.000283801054   0.000714603198
  0.000002550068  -0.000599540860   0.000231388482
 -0.000436725725   0.000156948636   0.000204367954
  0.000234187090   0.000502664045   0.000026126815
 -0.000164627648  -0.000145070142   0.000045054882
  0.003946849128   0.011940095674   0.004179016171
 -0.000184745482  -0.000490104376  -0.000013139190
  0.000128368849   0.000296586115   0.000231841797
 -0.004195195296   0.000020851770  -0.001519295663
  0.000555262772   0.000433606880   0.000392427143
  0.000229077737   0.001059020613  -0.000153331240
 -0.000539627158   0.001969404791   0.005373431274
 -0.000070844066   0.000015896052  -0.000961492776
 -0.000118556099   0.000259458251  -0.000080865841
 -0.004511986781   0.000642957856  -0.003117799633
  0.000200257004  -0.000326058955   0.000149535213
 -0.000003568463   0.000530291048   0.000182151046
  0.000330886664  -0.000243616707  -0.000400965506
 -0.000286874140  -0.000138073234   0.000029390413
 -0.000239395634   0.000604419123   0.000332920560
 -0.000210261715  -0.000646244706   0.001273040475
 -0.000024262659  -0.000455566345  -0.000635339150
 -0.000099753173   0.001032748666   0.000082133630
  0.001345658058  -0.002236856422  -0.008604592217
 -0.000748098646   0.000603084662   0.000855383746
  0.000014202436  -0.000450535054   0.000107358973
 -0.006395518201   0.009308925635   0.022404264822
  0.000440159225  -0.001778875055   0.001170385803
 -0.000125039765  -0.000358180965  -0.000266198180
 -0.002604224636   0.002279447492   0.002342076788
  0.000321571947  -0.000156048392  -0.000306640478
 -0.000419627404  -0.000474639007  -0.000486121023
  0.000071153626   0.000837821458  -0.002291891665
  0.000379690693   0.000283801054   0.000714603198
 -0.000002550068  -0.000599540860   0.000231388482
  0.003844247683  -0.001673499244   0.002261765496
  0.000006127092   0.000901893061   0.000406702713
 -0.000172993760  -0.000675260687  -0.000116113817
  0.000436725725   0.000156948636   0.000204367954
 -0.000234187090   0.000502664045   0.000026126815
  0.000164627648  -0.000145070142   0.000045054882
 -0.018945417400   0.024288043744  -0.023986075577
 -0.000255664189   0.000082207011   0.000188502987
 -0.000118643051  -0.000624313307   0.000147739376
  0.001850599621   0.000135329261  -0.000327549251
 -0.000604962841  -0.000033735686  -0.000017793891
 -0.000151172606  -0.000106175881   0.001382761286
 -0.001644785397  -0.000405532960   0.000303792845
  0.000279064489  -0.000501812174  -0.000048214263
  0.000727761461  -0.001100659366  -0.000366060345
 -0.003443155157   0.002438633651   0.005368858778
 -0.000372017028   0.000359915288   0.000041751084
  0.000060220460  -0.000201668147  -0.000191951529
 -0.000079835232   0.000055702280  -0.000349527184
 -0.000292735297   0.000319665705  -0.000194727251
  0.000146742411  -0.000794961006   0.000337890874
  0.000102500084   0.000127809208   0.000132360319
 -0.000254381737   0.000064580868  -0.000177702077
  0.000015841687  -0.000466946465   0.000139946152
  0.002104554202  -0.001812460704   0.005471809675
 -0.002281700756   0.002409216030  -0.003208467173
  0.000016577774   0.000114907153   0.000018357679
 -0.001968208491   0.000710277235  -0.001068988614
 -0.001228515171   0.000074139984  -0.001082110912
  0.000088416211  -0.000143136293   0.000265291336
  0.000534667815   0.000807991901  -0.000035144818
  0.000140101680   0.000125585572   0.000458513807
 -0.000727763911   0.000687945775  -0.000082114748
  0.000910641265   0.000538571216   0.000861235113
  0.001606477112  -0.001340001278   0.000791997103
 -0.000134133360   0.000352137563   0.000043759562
  0.000891269247  -0.000561939629  -0.000424337834
  0.000597893575  -0.000193043356  -0.000196485979
 -0.000133014145   0.000302622622  -0.000159393784
 -0.000128513572  -0.000223262000  -0.000349124305
  0.000203525718  -0.000381961500  -0.000159192921
 -0.000594708794   0.000377678258  -0.000254574637
  0.018945417400   0.024288043744  -0.023986075577
  0.000255664189   0.000082207011   0.000188502987
  0.000118643051  -0.000624313307   0.000147739376
  0.001644785397  -0.000405532960   0.000303792845
 -0.000279064489  -0.000501812174  -0.000048214263
 -0.000727761461  -0.001100659366  -0.000366060345
 -0.001850599621   0.000135329261  -0.000327549251
  0.000604962841  -0.000033735686  -0.000017793891
  0.000151172606  -0.000106175881   0.001382761286
  0.003443155157   0.002438633651   0.005368858778
  0.000372017028   0.000359915288   0.000041751084
 -0.000060220460  -0.000201668147  -0.000191951529
 -0.000102500084   0.000127809208   0.000132360319
  0.000254381737   0.000064580868  -0.000177702077
 -0.000015841687  -0.000466946465   0.000139946152
  0.000079835232   0.000055702280  -0.000349527184
  0.000292735297   0.000319665705  -0.000194727251
 -0.000146742411  -0.000794961006   0.000337890874
  0.001968208491   0.000710277235  -0.001068988614
  0.001228515171   0.000074139984  -0.001082110912
 -0.000088416211  -0.000143136293   0.000265291336
 -0.002104554202  -0.001812460704   0.005471809675
  0.002281700756   0.002409216030  -0.003208467173
 -0.000016577774   0.000114907153   0.000018357679
 -0.000534667815   0.000807991901  -0.000035144818
 -0.000140101680   0.000125585572   0.000458513807
  0.000727763911   0.000687945775  -0.000082114748
 -0.000891269247  -0.000561939629  -0.000424337834
 -0.000597893575  -0.000193043356  -0.000196485979
  0.000133014145   0.000302622622  -0.000159393784
 -0.000910641265   0.000538571216   0.000861235113
 -0.001606477112  -0.001340001278   0.000791997103
  0.000134133360   0.000352137563   0.000043759562
  0.000128513572  -0.000223262000  -0.000349124305
 -0.000203525718  -0.000381961500  -0.000159192921
  0.000594708794   0.000377678258  -0.000254574637
 -0.000000000000  -0.124536178304   0.035490967210
 -0.000000000000   0.000509488915   0.000378200811
 -0.000000000000   0.000486951268  -0.000414169494
 -0.000936025221  -0.001560275077  -0.001582245580
  0.000398995055   0.000347091746  -0.000010834503
  0.000208232062   0.000319644544  -0.000406205108
  0.000936025221  -0.001560275077  -0.001582245580
 -0.000398995055   0.000347091746  -0.000010834503
 -0.000208232062   0.000319644544  -0.000406205108
 -0.000000000000  -0.001834805556   0.001289117289
 -0.000000000000   0.000157630931   0.000387542330
 -0.000000000000  -0.000472649498  -0.000330955067
 -0.000075364121  -0.000350815140   0.000115461030
  0.000093566869   0.000087091227   0.000552359237
  0.000014025655   0.000021706158  -0.000685003626
  0.000075364121  -0.000350815140   0.000115461030
 -0.000093566869   0.000087091227   0.000552359237
 -0.000014025655   0.000021706158  -0.000685003626
 -0.006222464500   0.004691390822  -0.000814341077
 -0.000262416520  -0.000550497132  -0.000296167546
  0.000058582865   0.000296694531   0.000326149060
  0.006222464500   0.004691390822  -0.000814341077
  0.000262416520  -0.000550497132  -0.000296167546
 -0.000058582865   0.000296694531   0.000326149060
 -0.000000000000  -0.003189869885  -0.001583449999
 -0.000000000000   0.000287535714  -0.000163059064
 -0.000000000000  -0.000630312531   0.000312537029
 -0.000094531593   0.003965296603   0.001325900652
 -0.000614538624   0.000549902242  -0.001356322321
  0.000011549228  -0.000018985930   0.000331730063
  0.000094531593   0.003965296603   0.001325900652
  0.000614538624   0.000549902242  -0.001356322321
 -0.000011549228  -0.000018985930   0.000331730063
 -0.000000000000  -0.000360656857   0.000229946167
 -0.000000000000  -0.000274268239  -0.000421014920
 -0.000000000000   0.000174365684   0.000472613136
 -0.000000000000   0.005879416526   0.003727082478
 -0.000000000000  -0.000053709967  -0.000084188820
 -0.000000000000   0.000030979010   0.000295707349
 -0.000401387863   0.001183209080  -0.000652768619
  0.000119738035   0.000288137717   0.000022616098
 -0.000118946249   0.000271428938  -0.000005804209
  0.000401387863   0.001183209080  -0.000652768619
 -0.000119738035   0.000288137717   0.000022616098
  0.000118946249   0.000271428938  -0.000005804209
 -0.000000000000   0.018133362941   0.001628059325
 -0.000000000000  -0.000059897270  -0.000391514400
 -0.000000000000  -0.000335707499   0.000123832448
  0.000277187295   0.000294004468  -0.000229772352
  0.000039552345   0.000090157512  -0.000076482411
 -0.000333137227  -0.000193842695   0.000352435529
 -0.000277187295   0.000294004468  -0.000229772352
 -0.000039552345   0.000090157512  -0.000076482411
  0.000333137227  -0.000193842695   0.000352435529
  0.003028309775  -0.006873458171  -0.000565549061
  0.001247301135  -0.000038524322  -0.000663333859
 -0.000107966136  -0.000089244804  -0.000071387556
 -0.003028309775  -0.006873458171  -0.000565549061
 -0.001247301135  -0.000038524322  -0.000663333859
  0.000107966136  -0.000089244804  -0.000071387556
 -0.000000000000   0.001624874520  -0.001212719908
 -0.000000000000  -0.000409246349  -0.000349294800
 -0.000000000000  -0.000870987262  -0.000292819937
  0.002268495340  -0.000160834198  -0.000079514303
 -0.000176023515   0.000309022346   0.000318109743
  0.000035966245   0.000133227369  -0.000335271561
 -0.002268495340  -0.000160834198  -0.000079514303
  0.000176023515   0.000309022346   0.000318109743
 -0.000035966245   0.000133227369  -0.000335271561
 -0.000000000000   0.000612895591  -0.000060180527
 -0.000000000000   0.000062370771   0.000371005549
 -0.000000000000   0.000417048479  -0.000523239807
  0.003654744167   0.004960025452  -0.007127431549
 -0.000902758231   0.000588783749   0.000506967327
  0.000016288813  -0.000030174275  -0.000298915328
 -0.003654744167   0.004960025452  -0.007127431549
  0.000902758231   0.000588783749   0.000506967327
 -0.000016288813  -0.000030174275  -0.000298915328
 -0.000000000000  -0.000912382020   0.001180853449
 -0.000000000000   0.000423129409   0.000173206834
 -0.000000000000   0.000689781472  -0.000313851757
 -0.000407481052  -0.002309790634  -0.001898226221
  0.000319810160  -0.000179679377   0.000390089294
 -0.000031719768   0.000034551462   0.000144286451
  0.000407481052  -0.002309790634  -0.001898226221
 -0.000319810160  -0.000179679377   0.000390089294
  0.000031719768   0.000034551462   0.000144286451
 -0.000000000000  -0.000236661748   0.000684621115
 -0.000000000000  -0.000030252111   0.000352147957
 -0.000000000000  -0.000637243593   0.000503678617
 -0.000000000000  -0.007294589602  -0.022627773871
 -0.000000000000  -0.000145629314  -0.000457179639
 -0.000000000000  -0.000204485202  -0.000117786459
  0.004485665151   0.000078150948   0.000984110112
 -0.000686033922  -0.000317492274  -0.000109240612
 -0.000280850259  -0.000264733794   0.000265683485
 -0.004485665151   0.000078150948   0.000984110112
  0.000686033922  -0.000317492274  -0.000109240612
  0.000280850259  -0.000264733794   0.000265683485
 -0.000000000000   0.007477454889  -0.011554144068
 -0.000000000000  -0.000048918390  -0.000177623701
 -0.000000000000   0.000040515786   0.000271896236
 -0.000360442938   0.000347856182   0.000524433918
  0.000163902334  -0.000096131530  -0.000045711552
  0.000054078984  -0.000007933140  -0.000083494589
  0.000360442938   0.000347856182   0.000524433918
 -0.000163902334  -0.000096131530  -0.000045711552
 -0.000054078984  -0.000007933140  -0.000083494589
  0.001349798322   0.000610033451   0.000130873505
 -0.000251688976   0.000316881209  -0.000037926421
  0.000009082738  -0.000006756299  -0.000007769697
 -0.001349798322   0.000610033451   0.000130873505
  0.000251688976   0.000316881209  -0.000037926421
 -0.000009082738  -0.000006756299  -0.000007769697
 -0.000000000000   0.000024462991   0.000085731348
 -0.000000000000   0.000113299283  -0.000011941635
 -0.000000000000   0.000279631974   0.000014353235
 -0.000000000000  -0.003899004563   0.000731938751
 -0.000000000000  -0.000031233143   0.000006999056
 -0.000000000000  -0.000078146996  -0.000030072863
 -0.000133171830  -0.000093093523  -0.000003406673
 -0.000019544698  -0.000089363712  -0.000000879482
 -0.000012988239  -0.000074226945   0.000010969334
  0.000133171830  -0.000093093523  -0.000003406673
  0.000019544698  -0.000089363712  -0.000000879482
  0.000012988239  -0.000074226945   0.000010969334
 -0.000735056412  -0.000577050888  -0.000003075667
  0.000182726095  -0.000229260235   0.000020852425
  0.000000261039   0.000004349824  -0.000026293333
  0.000735056412  -0.000577050888  -0.000003075667
 -0.000182726095  -0.000229260235   0.000020852425
 -0.000000261039   0.000004349824  -0.000026293333
 -0.000000000000  -0.000090143672   0.000011138591
 -0.000000000000  -0.000005525572   0.000016552252
 -0.000000000000  -0.000079167291  -0.000007286931
 -0.000000000000   0.000941147681   0.000080378345
 -0.000000000000  -0.000004614490   0.000002790264
 -0.000000000000   0.000116909239  -0.000039133440
  0.000053826898   0.000117206839   0.000016984639
 -0.000027386383   0.000012082297  -0.000000366284
 -0.000000551649   0.000002650998  -0.000012630730
 -0.000053826898   0.000117206839   0.000016984639
  0.000027386383   0.000012082297  -0.000000366284
  0.000000551649   0.000002650998  -0.000012630730
  145    3  0.0000  0.0000  0.0150
  0.002416751590   0.000409185940   0.030274928609
  0.000632848154   0.000656897127   0.000090001423
 -0.000144327538   0.000222783389   0.000718596599
  0.000434311304   0.000987397298   0.003062738590
  0.000222476645   0.000060372603  -0.001229395719
 -0.000510452634   0.000160662576  -0.000694076136
  0.002778371372  -0.000865703095  -0.001276664180
 -0.000566019536   0.001009352098  -0.000526805426
  0.000876376890   0.000269113360  -0.000674403715
 -0.004972397273   0.002544672948   0.003374957415
 -0.000530459751   0.000131988521  -0.000136647919
 -0.000074862261   0.000154096997  -0.000049756782
  0.000057749280   0.001113836948   0.000113795799
  0.000772254506  -0.000561616893   0.000200466861
 -0.000195480361  -0.000081960200  -0.000017453579
 -0.002110747797   0.001338075664   0.000323961004
 -0.000015495949   0.000241186895   0.000735109422
  0.000677775873  -0.000594268177   0.000096241593
  0.000866323078   0.001314982622   0.009372059456
 -0.000009094263   0.001235458743   0.000986397101
  0.000264894502  -0.000103025147  -0.000175747365
 -0.000872412470  -0.001220862829  -0.001574602702
  0.000456419337  -0.000379070681   0.000610573746
  0.000374756740   0.000216404948   0.000181511442
  0.001252323682   0.001952228109   0.000494551526
  0.000457217617   0.000657546324   0.001829828984
 -0.000867984765   0.000228692157   0.000047245271
  0.002254640009  -0.002979979434  -0.000955699332
 -0.000063337004   0.000150359452   0.000528334448
 -0.000009803845   0.000075599282  -0.000150695597
  0.000416649480  -0.000891189558  -0.000837851542
 -0.000710459080  -0.000589627525  -0.000831726016
  0.000395431473   0.000723593190   0.000138921372
 -0.000273230642  -0.001863361153  -0.000339233777
  0.000605475637   0.000443466782  -0.000736025194
 -0.000507551857   0.000350775935  -0.000004962769
 -0.002416751590   0.000409185940   0.030274928609
 -0.000632848154   0.000656897127   0.000090001423
  0.000144327538   0.000222783389   0.000718596599
 -0.002778371372  -0.000865703095  -0.001276664180
  0.000566019536   0.001009352098  -0.000526805426
 -0.000876376890   0.000269113360  -0.000674403715
 -0.000434311304   0.000987397298   0.003062738590
 -0.000222476645   0.000060372603  -0.001229395719
  0.000510452634   0.000160662576  -0.000694076136
  0.004972397273   0.002544672948   0.003374957415
  0.000530459751   0.000131988521  -0.000136647919
  0.000074862261   0.000154096997  -0.000049756782
  0.002110747797   0.001338075664   0.000323961004
  0.000015495949   0.000241186895   0.000735109422
 -0.000677775873  -0.000594268177   0.000096241593
 -0.000057749280   0.001113836948   0.000113795799
 -0.000772254506  -0.000561616893   0.000200466861
  0.000195480361  -0.000081960200  -0.000017453579
  0.000872412470  -0.001220862829  -0.001574602702
 -0.000456419337  -0.000379070681   0.000610573746
 -0.000374756740   0.000216404948   0.000181511442
 -0.000866323078   0.001314982622   0.009372059456
  0.000009094263   0.001235458743   0.000986397101
 -0.000264894502  -0.000103025147  -0.000175747365
 -0.001252323682   0.001952228109   0.000494551526
 -0.000457217617   0.000657546324   0.001829828984
  0.000867984765   0.000228692157   0.000047245271
 -0.000416649480  -0.000891189558  -0.000837851542
  0.000710459080  -0.000589627525  -0.000831726016
 -0.000395431473   0.000723593190   0.000138921372
 -0.002254640009  -0.002979979434  -0.000955699332
  0.000063337004   0.000150359452   0.000528334448
  0.000009803845   0.000075599282  -0.000150695597
  0.000273230642  -0.001863361153  -0.000339233777
 -0.000605475637   0.000443466782  -0.000736025194
  0.000507551857   0.000350775935  -0.000004962769
  0.013756050145  -0.011288093632   0.052210250924
  0.000244491639  -0.000135437946  -0.000053124695
  0.000522383209  -0.000566748217   0.000279478089
  0.000100203109   0.001021980917   0.001100463229
 -0.000105622805   0.000965404741  -0.001080012995
 -0.000258191592   0.000541003864  -0.000907616581
 -0.000689397707  -0.000215631030  -0.001415862770
  0.000366929266  -0.000405924645  -0.000232789018
  0.000485746837  -0.001003822623  -0.000671562912
 -0.001271680887   0.003546060229   0.003525886350
 -0.000011468519  -0.000087343641  -0.000068907023
 -0.000096741366   0.000088061866  -0.000180930971
 -0.000350747244  -0.000363979595  -0.000052820623
  0.000185493894   0.000463427376  -0.000363997556
  0.000044638102  -0.000654622704   0.000734024250
  0.000616532610  -0.000081256776   0.000150564599
  0.000164644513  -0.000375431638   0.000428033834
 -0.000684206538   0.000703171599   0.000529799710
  0.000172124646  -0.001142310411  -0.001384648314
 -0.000284033011  -0.001338336678   0.000467868974
 -0.000031030601  -0.000266823888   0.000060926239
 -0.000696923695  -0.001647609234   0.003713155953
  0.001434885866  -0.000253571838  -0.000747927433
  0.000200096191  -0.000730615617   0.000123469008
  0.000366907320   0.000330846967  -0.000392940398
 -0.000537219215   0.000003583523   0.000736220198
 -0.000711260982   0.000529956164   0.000551580028
 -0.000657988328  -0.001195582797   0.000016108532
  0.000276485456   0.000683264830  -0.001102704481
  0.000043692079  -0.000142517047  -0.000188660064
  0.000137254091   0.000448569613  -0.000698764784
  0.000050505009   0.000019242578  -0.000720678037
 -0.000020018755  -0.000595071318   0.000209811246
 -0.000076902132  -0.000308236814  -0.000140954938
  0.000149533568  -0.000424005079  -0.000313606838
 -0.000891233680   0.000410142874  -0.000315735113
 -0.013756050145  -0.011288093632   0.052210250924
 -0.000244491639  -0.000135437946  -0.000053124695
 -0.000522383209  -0.000566748217   0.000279478089
  0.000689397707  -0.000215631030  -0.001415862770
 -0.000366929266  -0.000405924645  -0.000232789018
 -0.000485746837  -0.001003822623  -0.000671562912
 -0.000100203109   0.001021980917   0.001100463229
  0.000105622805   0.000965404741  -0.001080012995
  0.000258191592   0.000541003864  -0.000907616581
  0.001271680887   0.003546060229   0.003525886350
  0.000011468519  -0.000087343641  -0.000068907023
  0.000096741366   0.000088061866  -0.000180930971
 -0.000616532610  -0.000081256776   0.000150564599
 -0.000164644513  -0.000375431638   0.000428033834
  0.000684206538   0.000703171599   0.000529799710
  0.000350747244  -0.000363979595  -0.000052820623
 -0.000185493894   0.000463427376  -0.000363997556
 -0.000044638102  -0.000654622704   0.000734024250
  0.000696923695  -0.001647609234   0.003713155953
 -0.001434885866  -0.000253571838  -0.000747927433
 -0.000200096191  -0.000730615617   0.000123469008
 -0.000172124646  -0.001142310411  -0.001384648314
  0.000284033011  -0.001338336678   0.000467868974
  0.000031030601  -0.000266823888   0.000060926239
 -0.000366907320   0.000330846967  -0.000392940398
  0.000537219215   0.000003583523   0.000736220198
  0.000711260982   0.000529956164   0.000551580028
 -0.000137254091   0.000448569613  -0.000698764784
 -0.000050505009   0.000019242578  -0.000720678037
  0.000020018755  -0.000595071318   0.000209811246
  0.000657988328  -0.001195582797   0.000016108532
 -0.000276485456   0.000683264830  -0.001102704481
 -0.000043692079  -0.000142517047  -0.000188660064
  0.000076902132  -0.000308236814  -0.000140954938
 -0.000149533568  -0.000424005079  -0.000313606838
  0.000891233680   0.000410142874  -0.000315735113
  0.000000000000   0.035384999100  -0.528906946140
  0.000000000000  -0.000371165954  -0.000887833952
  0.000000000000   0.000307765415  -0.000906932990
 -0.001160535694  -0.001622289178  -0.001145133663
  0.000769865541  -0.000235763265   0.000682334034
  0.000608388687  -0.000004710053   0.000655197353
  0.001160535694  -0.001622289178  -0.001145133663
 -0.000769865541  -0.000235763265   0.000682334034
 -0.000608388687  -0.000004710053   0.000655197353
  0.000000000000   0.001123979321  -0.003894172343
  0.000000000000  -0.000019853311   0.000003191116
  0.000000000000  -0.000251825354  -0.000147160384
  0.000075410062  -0.000264829417  -0.000825824811
  0.000274724288  -0.000558672701  -0.000383534244
 -0.000171454649   0.000469294460  -0.000248096734
 -0.000075410062  -0.000264829417  -0.000825824811
 -0.000274724288  -0.000558672701  -0.000383534244
  0.000171454649   0.000469294460  -0.000248096734
 -0.000308425041  -0.000416896757  -0.002762026995
 -0.000503692416  -0.000406664354   0.000214205558
  0.000187474394   0.000354367057   0.000465375091
  0.000308425041  -0.000416896757  -0.002762026995
  0.000503692416  -0.000406664354   0.000214205558
 -0.000187474394   0.000354367057   0.000465375091
  0.000000000000  -0.001923629642  -0.000395616369
  0.000000000000  -0.000476159340  -0.001623719172
  0.000000000000   0.000139500156  -0.000074835162
  0.000878644013   0.001392456849   0.003296611503
  0.000056000159  -0.000911728154   0.001276011810
  0.000422180710  -0.000060907051  -0.000359678969
 -0.000878644013   0.001392456849   0.003296611503
 -0.000056000159  -0.000911728154   0.001276011810
 -0.000422180710  -0.000060907051  -0.000359678969
  0.000000000000   0.000277700082   0.000676863020
  0.000000000000  -0.000048771480   0.000845314165
  0.000000000000   0.000007061551   0.000978764545
  0.000000000000  -0.005531487203   0.072064423544
  0.000000000000  -0.000351645975   0.000161478207
  0.000000000000  -0.000333409857   0.000043242368
  0.001006357475   0.000586213777  -0.000403836517
 -0.000633849875   0.000058458945   0.000905833236
 -0.000272986755   0.000285089681   0.000627887947
 -0.001006357475   0.000586213777  -0.000403836517
  0.000633849875   0.000058458945   0.000905833236
  0.000272986755   0.000285089681   0.000627887947
  0.000000000000  -0.001831008351   0.264723833841
  0.000000000000   0.000303813059   0.000412580739
  0.000000000000  -0.000027989085   0.000447500462
  0.000015641055   0.000127432644   0.000741375318
 -0.000391808975   0.000128306560  -0.000303648027
 -0.000485764330  -0.000296563061  -0.000247222611
 -0.000015641055   0.000127432644   0.000741375318
  0.000391808975   0.000128306560  -0.000303648027
  0.000485764330  -0.000296563061  -0.000247222611
  0.000183832952   0.000637433208  -0.005392135953
  0.000167211060   0.000710941226  -0.001650730306
 -0.000009333465  -0.000024254646   0.000200128536
 -0.000183832952   0.000637433208  -0.005392135953
 -0.000167211060   0.000710941226  -0.001650730306
  0.000009333465  -0.000024254646   0.000200128536
  0.000000000000   0.001140705876   0.001493245180
  0.000000000000   0.000350295076  -0.001972475726
  0.000000000000   0.000146817103  -0.001438980647
  0.001280727279   0.000999069541  -0.000543424548
  0.000936148453  -0.000143659002  -0.000230040939
  0.000011290704  -0.000023689636   0.000001919179
 -0.001280727279   0.000999069541  -0.000543424548
 -0.000936148453  -0.000143659002  -0.000230040939
 -0.000011290704  -0.000023689636   0.000001919179
  0.000000000000   0.000067802058  -0.000848806743
  0.000000000000  -0.000085068371   0.000525062812
  0.000000000000   0.000305509909  -0.000124729461
  0.001403393876   0.000666451191   0.001740669643
 -0.000471450668  -0.000812217341   0.000520869811
 -0.000028359934   0.000000892454  -0.000464784823
 -0.001403393876   0.000666451191   0.001740669643
  0.000471450668  -0.000812217341   0.000520869811
  0.000028359934   0.000000892454  -0.000464784823
  0.000000000000  -0.000230411068   0.000431735654
  0.000000000000   0.000073857180   0.001212528532
  0.000000000000  -0.001216739041   0.000102307950
 -0.001501156379   0.001020750864  -0.001247671412
  0.001031212269  -0.000405121231   0.000328810929
 -0.000048292876   0.000152347089   0.000056518134
  0.001501156379   0.001020750864  -0.001247671412
 -0.001031212269  -0.000405121231   0.000328810929
  0.000048292876   0.000152347089   0.000056518134
  0.000000000000   0.001242848312  -0.000060370073
  0.000000000000   0.000352032192  -0.000257667683
  0.000000000000  -0.001404695076   0.000410111632
  0.000000000000  -0.012423250316   0.004684255188
  0.000000000000   0.000328569761   0.000672873968
  0.000000000000  -0.000049476096  -0.000247208456
  0.002197646953   0.000963495711   0.001016715711
 -0.000720179522  -0.000257149826  -0.000355023598
 -0.000135040457   0.000293762031   0.000410951529
 -0.002197646953   0.000963495711   0.001016715711
  0.000720179522  -0.000257149826  -0.000355023598
  0.000135040457   0.000293762031   0.000410951529
  0.000000000000  -0.007330908292   0.000595009729
  0.000000000000   0.000139494437   0.000167133955
  0.000000000000  -0.000059710921   0.000099872614
 -0.001629664141  -0.000531896829   0.000251568399
 -0.000273076073   0.000374953390   0.000612374054
  0.000836937649   0.000121762187  -0.000611465084
  0.001629664141  -0.000531896829   0.000251568399
  0.000273076073   0.000374953390   0.000612374054
 -0.000836937649   0.000121762187  -0.000611465084
  0.000692358197   0.000248259877   0.000010670930
  0.000167948594  -0.000290045390  -0.000158816662
 -0.000041854024  -0.000027464798  -0.000036495449
 -0.000692358197   0.000248259877   0.000010670930
 -0.000167948594  -0.000290045390  -0.000158816662
  0.000041854024  -0.000027464798  -0.000036495449
  0.000000000000  -0.000078233386  -0.000019384530
  0.000000000000   0.000086293198  -0.000009393124
  0.000000000000   0.000018479878  -0.000086396620
  0.000000000000   0.001526066707   0.005228393605
  0.000000000000   0.000039055258  -0.000108689581
  0.000000000000   0.000001540155  -0.000073170024
  0.000009403734   0.000022312287  -0.000095270415
 -0.000059750259  -0.000070242638  -0.000075312254
 -0.000086481434   0.000080136131  -0.000075428959
 -0.000009403734   0.000022312287  -0.000095270415
  0.000059750259  -0.000070242638  -0.000075312254
  0.000086481434   0.000080136131  -0.000075428959
  0.000055551421   0.000062506830  -0.000006036680
 -0.000061153397   0.000037210773   0.000035688071
 -0.000070415535   0.000012571817  -0.000010450917
 -0.000055551421   0.000062506830  -0.000006036680
  0.000061153397   0.000037210773   0.000035688071
  0.000070415535   0.000012571817  -0.000010450917
  0.000000000000   0.000045534884   0.000072854645
  0.000000000000   0.000030582715  -0.000018368995
  0.000000000000  -0.000008802222   0.000065951353
  0.000000000000  -0.000429350914  -0.000750570957
  0.000000000000  -0.000043871000   0.000039447319
  0.000000000000   0.000010071065   0.000026615398
  0.000010693664  -0.000050778701   0.000098477956
  0.000007415010   0.000038062129   0.000017375964
 -0.000074309575   0.000059740030   0.000027070146
 -0.000010693664  -0.000050778701   0.000098477956
 -0.000007415010   0.000038062129   0.000017375964
  0.000074309575   0.000059740030   0.000027070146
  154    1  0.0150  0.0000  0.0000
  0.003138729485   0.002470390124  -0.002220070431
  0.000312313634   0.000002395287   0.000135552349
  0.000028253163   0.000023812705  -0.000059872731
  0.000730709134   0.000095088967   0.000332875935
  0.000449073197  -0.000038921330   0.000661756669
  0.000577898010  -0.000374608314   0.000262042767
  0.000038605985  -0.000353437144   0.000409855034
  0.000238400856  -0.000107383593   0.000138168364
  0.000147978566  -0.000230808972  -0.000475239338
  0.029142598449   0.011139037836   0.010287210153
  0.000003101585   0.000293723691  -0.000116173381
  0.000155414319  -0.000055383787   0.000448214509
 -0.005498865194  -0.001354454291   0.002810722529
 -0.001363113114   0.000717231100   0.000538920231
  0.000452970505  -0.000596491931   0.000647584286
  0.002606060868   0.000999455934   0.002428254345
  0.000657534547  -0.000272033989  -0.000057823327
  0.000192880618  -0.000184419541  -0.001126566608
 -0.002304852215  -0.000201583513   0.000330821242
 -0.000553425142  -0.000097320864   0.000285300708
 -0.000108040054   0.000159956893   0.000133280432
  0.000223973181  -0.000031439970  -0.000079287615
 -0.000072745132  -0.000527356244  -0.001248430562
 -0.000517799872   0.000175663330   0.000074189351
 -0.000533501761   0.000383860401  -0.000164634259
 -0.000527180594   0.000084838937   0.000037283469
  0.000031589828   0.000012824282   0.000541049907
  0.008983202110   0.008017319614   0.001605625025
  0.000496273973   0.000247587447   0.002096671027
 -0.000066998598   0.000335013059  -0.000658910037
 -0.005769115925  -0.000344576973  -0.006235553312
  0.000303984592   0.000081853952  -0.000248403443
 -0.000565484497   0.000172146915  -0.000410398349
  0.001832593358   0.000455133517   0.001656373560
 -0.000789587963  -0.000320301049  -0.000762830693
  0.000402430831   0.000578544188   0.000443900987
  0.003212315172  -0.002846004660   0.002259255570
  0.000173502661   0.000334256985  -0.000141466068
  0.000038636323  -0.000027832022   0.000075854871
  0.000001702350   0.000032442253  -0.000411416958
  0.000205331827   0.000390797089  -0.000147717735
  0.000230262031   0.000183673969   0.000486203109
  0.000753309335  -0.000408257576  -0.000344729248
  0.000367536128   0.000315499032  -0.000668880961
  0.000636210473   0.000314919464  -0.000247772717
  0.028985896897  -0.011495489766  -0.010281536125
  0.000022961380   0.000536038524   0.000113298859
  0.000251963174  -0.000309072671  -0.000463360184
  0.002742669968  -0.001510442481  -0.002411847639
  0.000560106121   0.001132455447   0.000051929704
  0.000184703077  -0.000136778340   0.001119042982
 -0.005475857839   0.000822407348  -0.002796457286
 -0.001406141620   0.000155687446  -0.000548100134
  0.000488868873   0.000300575381  -0.000654693600
  0.000181908569   0.000369050533   0.000099191477
 -0.000006267486   0.000244522484   0.001252092844
 -0.000511115007  -0.000145903668  -0.000082892979
 -0.002283635274   0.000553968225  -0.000334775534
 -0.000534893266  -0.000198734277  -0.000282125294
 -0.000138564576  -0.000138266717  -0.000137278905
 -0.000643217064   0.000010629727   0.000171443852
 -0.000425716744  -0.000422848325  -0.000034755413
  0.000051113544   0.000002137533  -0.000545263549
 -0.005834630968   0.000894318192   0.006219688340
  0.000339857839  -0.000963802085   0.000237270292
 -0.000532946537   0.000099731474   0.000429453324
  0.008809394768  -0.007543726226  -0.001620595809
  0.000571939158  -0.001132553224  -0.002102134708
  0.000032108321  -0.000049784175   0.000675047725
  0.001909838002  -0.000044177426  -0.001665814272
 -0.000838529661  -0.000475006829   0.000745331227
  0.000353515367  -0.000229767099  -0.000425265667
  0.000220284908  -0.003523004141  -0.001048509239
  0.000127873146  -0.000089977504  -0.000032523767
 -0.000077627600   0.000017507631   0.000055171762
  0.000096715717   0.000002476890   0.000383009275
 -0.000239688229   0.000030479546  -0.000345419871
 -0.000072928897   0.000333073914   0.000463387748
 -0.000589530481   0.000100178202  -0.000000765455
  0.000048573272   0.000158717448  -0.000406808096
 -0.000161465586  -0.000076944427   0.000117727086
  0.020763109750  -0.026973985030   0.009948300223
  0.000334354024  -0.000045801647  -0.000061537511
  0.000021240025   0.000144886205   0.000048169464
  0.000461467155   0.001297784760   0.001641941440
  0.000370210654   0.000059887277   0.000035573842
 -0.001070094347   0.000203403928   0.001598909842
  0.002166284999   0.000489871627   0.002258470938
  0.000974793396  -0.000450361958   0.000430884373
  0.000721244994  -0.000087058446  -0.000586121004
  0.000077421949   0.000248120863  -0.000401141274
 -0.000993192481   0.001061672461   0.000538067667
 -0.000001123294  -0.000209945754   0.000160591158
  0.000110432967  -0.000007403096  -0.000455663528
  0.000354081430   0.000670776138  -0.000064967451
  0.000160921207   0.000003898777   0.000005849844
  0.000283949237  -0.000004069471   0.000243076260
  0.000297020078  -0.000159044750   0.000630854015
  0.000277138999  -0.000254271339   0.000457756268
 -0.000139510102   0.000256768430  -0.007300839903
  0.004564607287  -0.003823887875   0.004897166409
  0.000225752501  -0.000245177544  -0.000807297870
  0.002265978121  -0.000913071058  -0.001211919546
 -0.001543262241  -0.001287958349   0.000811814416
  0.000054195582  -0.000089841534  -0.000526184674
 -0.002462030074  -0.000326164155   0.003911881291
 -0.000740218663   0.000474287724  -0.000800151548
 -0.000121009518  -0.000132029220   0.000014574212
  0.000354554615   0.003757292820   0.001085898607
 -0.000045984717  -0.000186516997   0.000025160323
 -0.000089711112   0.000009986836  -0.000048664105
 -0.000422772627   0.000137419000   0.000003836306
 -0.000113861972  -0.000408976498   0.000396193779
 -0.000173348602   0.000123843946  -0.000114046409
  0.000229989678   0.000222778962  -0.000384778005
 -0.000369850751  -0.000289666544   0.000337995754
 -0.000061976073  -0.000278980787  -0.000461374044
  0.021019416838   0.027287733798  -0.009984305426
  0.000032228743  -0.000481600861   0.000053327960
  0.000048167738   0.000033205711  -0.000049747236
  0.002435111934  -0.000143045439  -0.002259741191
  0.000646091113  -0.000091119104  -0.000435790928
  0.000795610423   0.000265073241   0.000587527949
  0.000818571657  -0.000958177362  -0.001640126186
  0.000012720492  -0.000599938897  -0.000043573931
 -0.001069378576  -0.000038412975  -0.001598564638
  0.000014689723  -0.000197668491   0.000459764708
  0.000522457069  -0.000428081687   0.000062317701
  0.000095584110  -0.000043104846  -0.000011039827
 -0.000065397266  -0.000463266028   0.000412456242
 -0.000773888316  -0.000802357140  -0.000538066883
 -0.000069608134   0.000160235158  -0.000161548150
  0.000160970468  -0.000222632445  -0.000235570630
  0.000475246728   0.000408000469  -0.000633387007
  0.000223169057   0.000200118104  -0.000456265439
  0.002111281237   0.000628647885   0.001203700311
 -0.001174854291   0.001829120770  -0.000822032693
 -0.000150212964  -0.000131216361   0.000531033425
 -0.000216492726  -0.000540093907   0.007291056543
  0.004878375985   0.004365320866  -0.004915704533
 -0.000011278178   0.000038071982   0.000816177830
 -0.002522395684   0.000079705802  -0.003917467003
 -0.000407896555   0.000039787109   0.000786531328
 -0.000397660579  -0.000123322668  -0.000006341940
 -0.000931103317   0.000063707224   0.000092364767
 -0.000091975628  -0.000046040817  -0.000190300410
 -0.000135073920  -0.000003355258   0.000043429065
 -0.000818985451   0.000116256637   0.000057624828
  0.000240304452  -0.000067630639  -0.000032786639
  0.000115299633  -0.000095417492  -0.000262477840
 -0.000813073415  -0.000011030300   0.000238368536
  0.000240022192  -0.000024810998  -0.000312021483
  0.000115250602   0.000100921487   0.000386075982
 -0.158755218407   0.000051620860   0.000140122383
 -0.000280789543  -0.000097926290  -0.000327471249
 -0.000270727788   0.000035532271   0.000154926262
 -0.002382240769   0.000558040285   0.000723689732
  0.000096654547  -0.000098110700  -0.000634212420
  0.000096090319  -0.000047819301  -0.000482795547
 -0.002382974689  -0.000442351767  -0.000411317130
  0.000103152492  -0.000094536731  -0.000031600374
  0.000098851628   0.000111833469   0.000772834179
  0.000708134011   0.000022777010   0.000022393169
  0.000515265792  -0.000059743201  -0.000325289634
 -0.000092298393  -0.000054130738  -0.000134789644
  0.000720099645  -0.000096505567  -0.000315443821
  0.000512122698   0.000126941799   0.000578346570
 -0.000102502357   0.000045894190   0.000135006820
 -0.000116681097  -0.000035935195  -0.000169242635
 -0.000799698511   0.000035489213   0.000134068539
 -0.000530437538  -0.000006844593   0.000004466644
  0.004410167606  -0.006283200006  -0.000568412383
 -0.001605948349  -0.000156969378  -0.000180328570
  0.000444604288  -0.000002553245   0.000060043500
  0.004400376914   0.006176430532   0.000091945572
 -0.001607234366   0.000394134910   0.000884286789
  0.000446652257  -0.000102482174  -0.000217214406
 -0.002667630391  -0.000055078240  -0.000202728880
  0.001315590704   0.000114254578   0.000327626153
 -0.000833312911  -0.000058512860  -0.000106070054
 -0.005136534371   0.000054385253  -0.000157711388
  0.000030817373  -0.000038134899   0.000152233330
  0.000022840832  -0.000001146270  -0.000031735346
  0.000154899612  -0.000360037801  -0.000030108685
 -0.000125037052   0.000257357438  -0.000034529966
 -0.000121988857  -0.000187935671  -0.000244088271
  0.000166698129   0.000432105736  -0.000222446852
 -0.000128039959  -0.000332821712   0.000325220060
 -0.000122299331   0.000200820172   0.000149742236
  0.001540128082   0.000078924617  -0.000076116357
  0.000332102453  -0.000112289438   0.000360324942
  0.000301691629   0.000032774381  -0.000150139661
  0.002047087583   0.000488978933   0.000813585161
  0.000266048842  -0.000005487897   0.000101589724
  0.000088352202  -0.000090254363  -0.000743541547
  0.002043725604  -0.000331001438  -0.001196011912
  0.000275219044  -0.000227293196   0.000631394216
  0.000090273107   0.000152321285   0.000461824805
  0.000240564202   0.002240245646  -0.001082874070
  0.000613682257  -0.000131125753  -0.001078396441
 -0.000029721016   0.000015523730   0.000015602875
  0.000254190351  -0.002324099196   0.001435925587
  0.000613699618   0.000226722878   0.000751992329
 -0.000043920477  -0.000042522040  -0.000000464036
  0.000403346172  -0.000046322119   0.000182401394
  0.000108957921   0.000049171670  -0.000158308769
  0.000282642393  -0.000015140943   0.000025172106
 -0.005749165377   0.003221711875   0.000517049888
  0.000160146090   0.000808636872  -0.000942970437
 -0.000567871017  -0.000117243902   0.000301226487
 -0.005755337070  -0.003327600285  -0.000099780499
  0.000153458056  -0.000606424190   0.000280371186
 -0.000569583460   0.000048909004  -0.000138974741
  0.004065056768  -0.000050530465   0.000181039922
 -0.000761127024   0.000092821741  -0.000306943069
 -0.000373204960  -0.000040323308   0.000107904042
  0.000165117223  -0.001413676256   0.000854970465
 -0.000573837762  -0.000213820551   0.000179504886
  0.000167639287   0.000244366119   0.000094238743
  0.000121962439   0.001510922928  -0.000860280724
 -0.000521385091   0.000081644014  -0.000157495048
  0.000182432000  -0.000237775099  -0.000106304953
  0.000565579289   0.000049052822  -0.000002837175
  0.000841170145  -0.000059752514   0.000010212632
  0.000065518882   0.000013472619  -0.000004691633
  0.003750264886   0.002525338505   0.012205016165
  0.002043528435  -0.000752855706  -0.000052370119
  0.000242162786   0.000201059507  -0.000321418024
  0.003902268106  -0.002435616252  -0.012204105837
  0.001988902334   0.000618191273   0.000035421572
  0.000179743971  -0.000170707720   0.000333362128
 -0.005060370965   0.000053039304   0.000001433730
 -0.000967091918  -0.000060631521  -0.000011909583
 -0.000722523542   0.000022369151   0.000005875218
  0.000522845977  -0.000031677378   0.000008023831
 -0.000073179041   0.000059007732   0.000006948208
  0.000021431146  -0.000021444547   0.000001135006
 -0.000452012066   0.000071027666  -0.000466931670
 -0.000450427470  -0.000514637114   0.000303471428
 -0.000190020927   0.000377921604   0.000115377431
 -0.000507086397  -0.000131902084   0.000449211919
 -0.000396669710   0.000626682401  -0.000291499871
 -0.000156786861  -0.000429909664  -0.000112962512
  0.001991792747  -0.000033861654   0.000003706304
  0.000634679581   0.000067977545  -0.000003551669
 -0.000223752899  -0.000025146428  -0.000002462750
  0.002368024581   0.000769756650  -0.000240960715
  0.000939318210  -0.000259395150  -0.000031721781
  0.000047884163   0.000387111329  -0.000306318166
  0.002487783422  -0.000845453915   0.000258403897
  0.000889638839   0.000404251628   0.000018630859
 -0.000025283026  -0.000462818938   0.000301134987
 -0.000323353258  -0.000185203497  -0.000048442940
 -0.000211854894   0.000065514716   0.000013334335
 -0.000011071406   0.000019029507   0.000018793765
 -0.000318051058   0.000190259245   0.000012698832
 -0.000209350659  -0.000069673521   0.000016632925
 -0.000012728984  -0.000018581823  -0.000015827706
 -0.000056620256   0.000003335749  -0.000017374401
 -0.000022200760  -0.000002602242   0.000009775044
 -0.000005863993   0.000002155795  -0.000010159116
  0.002267314569  -0.000000631171   0.000031409703
 -0.000016188402   0.000001641213   0.000013879990
  0.000008595792   0.000002366173  -0.000003759934
  0.000049910820   0.000032377352  -0.000029900052
  0.000021948942  -0.000055253753   0.000047666766
  0.000042475347   0.000046399739  -0.000012912321
  0.000052101962  -0.000040593472   0.000005989788
  0.000023070935   0.000056428413  -0.000017785238
  0.000042195502  -0.000044291643  -0.000010042751
  0.000387834317   0.000078130006  -0.000048826978
  0.000160703237  -0.000114503470  -0.000056933857
 -0.000018659286   0.000034928312  -0.000009352494
  0.000390773613  -0.000076315631   0.000082654808
  0.000160565039   0.000104023103   0.000008408765
 -0.000019749063  -0.000022475104   0.000014415236
  0.000026470315   0.000001350472   0.000012398027
  0.000061716123  -0.000005992662  -0.000016340678
  0.000211388247   0.000005894677   0.000003215691
  0.030687031402  -0.000004436218   0.000011213187
  0.000033958904   0.000005656720  -0.000015299015
  0.000087884858   0.000000402829   0.000007618578
  0.000110025372  -0.000018918425  -0.000042921910
 -0.000049362650  -0.000027988733  -0.000021600889
  0.000001023029   0.000028205903   0.000045948900
  0.000111611322   0.000008332569   0.000058408549
 -0.000049013985   0.000041441748  -0.000025370997
  0.000000042531  -0.000031026659  -0.000028294948
  154    2  0.0000  0.0150  0.0000
  0.003942553137   0.000169648176  -0.000981944298
  0.000128540813   0.000048587469   0.000137764351
 -0.000008832073   0.000453057752   0.000047852843
 -0.000205168571  -0.000140869806   0.001132916641
 -0.000460519596  -0.000048493835  -0.000429348883
  0.000013237508   0.001087382836   0.000221321561
 -0.000051062086   0.000105662577  -0.000415115633
 -0.000500714552  -0.000047124902  -0.000179371331
  0.000203557164   0.000700240224   0.000311627080
  0.003616093360   0.008439478482   0.002674412032
  0.000296116467   0.000083729737   0.000012366189
  0.000149805966   0.000727792710   0.000233148820
  0.000751682689   0.002260528496   0.005880555368
 -0.000521482555   0.000012380091  -0.000667168095
 -0.000101333513   0.001285987544   0.000206644903
  0.001939711011   0.000738673981  -0.001672967150
 -0.000617524363   0.000185729719   0.000486639939
  0.000169693788   0.000832012789  -0.000319912287
 -0.000947532055  -0.000077324864   0.001316813478
 -0.000166296903   0.000208759935   0.000141663125
 -0.000038654714  -0.000617730703  -0.000049060589
 -0.000373049542   0.000143458447  -0.001022980053
  0.000418041994  -0.000507897103   0.000446904342
  0.000039132623  -0.000769672213   0.000053307266
 -0.000824112222  -0.000186219766   0.000219681011
  0.000328416908  -0.000701173435   0.000069743914
 -0.000107482757  -0.000273443010   0.000162916663
  0.004466581421   0.011491742019   0.023213064371
 -0.000104318885  -0.001824547928   0.001275837247
 -0.000046532291  -0.000460343034  -0.000206079493
 -0.001025219376  -0.001521396638  -0.008532591143
  0.000752814691  -0.000014598139   0.000630346649
  0.000151009179  -0.000732249722  -0.000301243512
  0.002754605231   0.000403708345   0.002964444241
  0.000247254753  -0.000457598647  -0.000413859758
  0.000174679561  -0.000424503142  -0.000298059437
 -0.003942553137   0.000169648176  -0.000981944298
 -0.000128540813   0.000048587469   0.000137764351
  0.000008832073   0.000453057752   0.000047852843
  0.000051062086   0.000105662577  -0.000415115633
  0.000500714552  -0.000047124902  -0.000179371331
 -0.000203557164   0.000700240224   0.000311627080
  0.000205168571  -0.000140869806   0.001132916641
  0.000460519596  -0.000048493835  -0.000429348883
 -0.000013237508   0.001087382836   0.000221321561
 -0.003616093360   0.008439478482   0.002674412032
 -0.000296116467   0.000083729737   0.000012366189
 -0.000149805966   0.000727792710   0.000233148820
 -0.001939711011   0.000738673981  -0.001672967150
  0.000617524363   0.000185729719   0.000486639939
 -0.000169693788   0.000832012789  -0.000319912287
 -0.000751682689   0.002260528496   0.005880555368
  0.000521482555   0.000012380091  -0.000667168095
  0.000101333513   0.001285987544   0.000206644903
  0.000373049542   0.000143458447  -0.001022980053
 -0.000418041994  -0.000507897103   0.000446904342
 -0.000039132623  -0.000769672213   0.000053307266
  0.000947532055  -0.000077324864   0.001316813478
  0.000166296903   0.000208759935   0.000141663125
  0.000038654714  -0.000617730703  -0.000049060589
  0.000824112222  -0.000186219766   0.000219681011
 -0.000328416908  -0.000701173435   0.000069743914
  0.000107482757  -0.000273443010   0.000162916663
  0.001025219376  -0.001521396638  -0.008532591143
 -0.000752814691  -0.000014598139   0.000630346649
 -0.000151009179  -0.000732249722  -0.000301243512
 -0.004466581421   0.011491742019   0.023213064371
  0.000104318885  -0.001824547928   0.001275837247
  0.000046532291  -0.000460343034  -0.000206079493
 -0.002754605231   0.000403708345   0.002964444241
 -0.000247254753  -0.000457598647  -0.000413859758
 -0.000174679561  -0.000424503142  -0.000298059437
 -0.003390858306   0.000492215484   0.001446476251
 -0.000479550816   0.000148677194   0.000033397545
  0.000199598565  -0.000233464657  -0.000027954031
 -0.000642961666   0.000035600922  -0.000138131656
 -0.000364953994   0.000331943391   0.000265084922
 -0.000200872596  -0.000511746474   0.000406716187
 -0.000006062887  -0.000264512652   0.000003104766
 -0.000275468682   0.000426114438  -0.000187472807
 -0.000225831765  -0.000555462355   0.000303289180
 -0.029491496238   0.030002096571  -0.025153066819
 -0.000415253605  -0.000191726138  -0.000008528833
 -0.000059735087  -0.000965329647   0.000212908151
  0.001081653637   0.000746065256  -0.000281687411
 -0.000267871516   0.000249404538   0.000042067075
 -0.000244388433  -0.001209039972   0.001254298280
 -0.000800468429  -0.000195103486   0.000358895686
 -0.000172195554   0.000369701432  -0.000302082321
 -0.000300511643  -0.000247605434  -0.000549218101
  0.000329149002   0.000412847225   0.000069799969
  0.000699539438  -0.000733775355   0.000041512706
  0.000173024424   0.000229875469  -0.000027667164
  0.000905469941   0.000060377678   0.000686372547
  0.000575083453  -0.000079166757  -0.000215348488
  0.000096651462   0.000318884868   0.000155320604
  0.000432589491   0.000103865419  -0.000308810861
  0.000554047290   0.000229793033  -0.000002537648
 -0.000111238443   0.000250545382  -0.000201397487
  0.002819507084  -0.001296028453   0.005615616587
 -0.002572412469   0.002893238908  -0.003191731118
  0.000302044853   0.000344929861   0.000106728078
 -0.001616338161   0.001142157935  -0.000831291746
 -0.000514094467  -0.000917212014  -0.001277844034
  0.000341141488   0.000244343873   0.000105721896
  0.000144069012  -0.000110821134  -0.000052931033
  0.001110298764   0.000041468497   0.000405999487
 -0.000236115773   0.000306608771  -0.000175296731
  0.003390858306   0.000492215484   0.001446476251
  0.000479550816   0.000148677194   0.000033397545
 -0.000199598565  -0.000233464657  -0.000027954031
  0.000006062887  -0.000264512652   0.000003104766
  0.000275468682   0.000426114438  -0.000187472807
  0.000225831765  -0.000555462355   0.000303289180
  0.000642961666   0.000035600922  -0.000138131656
  0.000364953994   0.000331943391   0.000265084922
  0.000200872596  -0.000511746474   0.000406716187
  0.029491496238   0.030002096571  -0.025153066819
  0.000415253605  -0.000191726138  -0.000008528833
  0.000059735087  -0.000965329647   0.000212908151
  0.000800468429  -0.000195103486   0.000358895686
  0.000172195554   0.000369701432  -0.000302082321
  0.000300511643  -0.000247605434  -0.000549218101
 -0.001081653637   0.000746065256  -0.000281687411
  0.000267871516   0.000249404538   0.000042067075
  0.000244388433  -0.001209039972   0.001254298280
 -0.000905469941   0.000060377678   0.000686372547
 -0.000575083453  -0.000079166757  -0.000215348488
 -0.000096651462   0.000318884868   0.000155320604
 -0.000329149002   0.000412847225   0.000069799969
 -0.000699539438  -0.000733775355   0.000041512706
 -0.000173024424   0.000229875469  -0.000027667164
 -0.000432589491   0.000103865419  -0.000308810861
 -0.000554047290   0.000229793033  -0.000002537648
  0.000111238443   0.000250545382  -0.000201397487
  0.001616338161   0.001142157935  -0.000831291746
  0.000514094467  -0.000917212014  -0.001277844034
 -0.000341141488   0.000244343873   0.000105721896
 -0.002819507084  -0.001296028453   0.005615616587
  0.002572412469   0.002893238908  -0.003191731118
 -0.000302044853   0.000344929861   0.000106728078
 -0.000144069012  -0.000110821134  -0.000052931033
 -0.001110298764   0.000041468497   0.000405999487
  0.000236115773   0.000306608771  -0.000175296731
 -0.000000000000  -0.001904571862   0.001190991629
 -0.000000000000  -0.000258470770   0.000022604664
 -0.000000000000  -0.000061301552  -0.000350484639
 -0.000058800667  -0.000360082906  -0.000188559326
 -0.000153144966   0.000250447496   0.000748229711
  0.000189830351  -0.000124759933  -0.000915213957
  0.000058800667  -0.000360082906  -0.000188559326
  0.000153144966   0.000250447496   0.000748229711
 -0.000189830351  -0.000124759933  -0.000915213957
 -0.000000000000  -0.148858498863   0.063922647808
 -0.000000000000   0.000377413047   0.000278008320
 -0.000000000000   0.000278449399  -0.000547410778
 -0.000501796944  -0.001497312028  -0.001451015691
  0.000076155043  -0.000012303607  -0.000032384818
 -0.000006060496  -0.000106609026  -0.000562041383
  0.000501796944  -0.001497312028  -0.001451015691
 -0.000076155043  -0.000012303607  -0.000032384818
  0.000006060496  -0.000106609026  -0.000562041383
  0.000071011659   0.000815540441   0.000023214653
 -0.000086603577   0.000118406263  -0.000383155695
 -0.000041926015   0.000141490512   0.000322888614
 -0.000071011659   0.000815540441   0.000023214653
  0.000086603577   0.000118406263  -0.000383155695
  0.000041926015   0.000141490512   0.000322888614
 -0.000000000000  -0.000437817740  -0.000123225425
 -0.000000000000  -0.000392956422  -0.000334572566
 -0.000000000000  -0.000264146419   0.000035750331
 -0.006393520660   0.004709974319  -0.000396347390
 -0.000089899759  -0.000629730336  -0.000627442589
 -0.000073682238   0.000346905766   0.000545951397
  0.006393520660   0.004709974319  -0.000396347390
  0.000089899759  -0.000629730336  -0.000627442589
  0.000073682238   0.000346905766   0.000545951397
 -0.000000000000  -0.003237557518  -0.001906763403
 -0.000000000000   0.000219615847  -0.000653297908
 -0.000000000000  -0.000595584955   0.000324861680
 -0.000000000000  -0.005764214585  -0.000225752856
 -0.000000000000  -0.000024470302  -0.000126408980
 -0.000000000000  -0.000184773214   0.000288510130
  0.000394986937   0.000354011489  -0.000299456203
  0.000173617758  -0.000035889727  -0.000008316259
 -0.000303195376  -0.000202397794   0.000056305920
 -0.000394986937   0.000354011489  -0.000299456203
 -0.000173617758  -0.000035889727  -0.000008316259
  0.000303195376  -0.000202397794   0.000056305920
 -0.000000000000   0.005760826280   0.005568921253
 -0.000000000000   0.000106981035   0.000157368811
 -0.000000000000  -0.000119042088   0.000555754927
 -0.000264449002   0.001160796465  -0.000630266741
 -0.000015542412   0.000371046172  -0.000462678857
 -0.000325505847   0.000249875293   0.000150497981
  0.000264449002   0.001160796465  -0.000630266741
  0.000015542412   0.000371046172  -0.000462678857
  0.000325505847   0.000249875293   0.000150497981
  0.001983174403  -0.000164055560  -0.000995667618
 -0.000359395112   0.000339772755   0.000456629259
 -0.000192901598   0.000118008709  -0.000281241631
 -0.001983174403  -0.000164055560  -0.000995667618
  0.000359395112   0.000339772755   0.000456629259
  0.000192901598   0.000118008709  -0.000281241631
 -0.000000000000   0.000618190040  -0.000059948245
 -0.000000000000   0.000080294043   0.000363094466
 -0.000000000000   0.000397596683  -0.000607536444
  0.003280757088  -0.005565944966  -0.000604842670
  0.000722191464   0.000457626357  -0.000411882149
 -0.000059471203  -0.000355937887  -0.000029075304
 -0.003280757088  -0.005565944966  -0.000604842670
 -0.000722191464   0.000457626357  -0.000411882149
  0.000059471203  -0.000355937887  -0.000029075304
 -0.000000000000   0.002690346602  -0.001463762776
 -0.000000000000  -0.000468035240  -0.000083204820
 -0.000000000000   0.000044223626  -0.000383917329
 -0.000841124570  -0.000951318305  -0.000627242521
  0.000209451580   0.000339159362   0.000063331978
  0.000063142032   0.000155511662   0.000035623472
  0.000841124570  -0.000951318305  -0.000627242521
 -0.000209451580   0.000339159362   0.000063331978
 -0.000063142032   0.000155511662   0.000035623472
 -0.000000000000   0.000004373555   0.000580369983
 -0.000000000000   0.001246618289   0.000511051356
 -0.000000000000  -0.000292474008   0.000250991919
  0.002847716065   0.003943869700  -0.007886231634
 -0.000769826747   0.000747732878   0.000326336035
  0.000063592166   0.000299486089  -0.000461710708
 -0.002847716065   0.003943869700  -0.007886231634
  0.000769826747   0.000747732878   0.000326336035
 -0.000063592166   0.000299486089  -0.000461710708
 -0.000000000000  -0.000093329202   0.001726303260
 -0.000000000000   0.001079057458   0.000230087078
 -0.000000000000   0.000171439868   0.000027656467
 -0.000000000000   0.002689724894  -0.003841745550
 -0.000000000000   0.000087930172   0.000125575173
 -0.000000000000   0.000107559199  -0.000169888585
 -0.000449628437   0.000043359492   0.000451185516
 -0.000032212483  -0.000648183895  -0.000221736527
  0.000114207664  -0.000172012920  -0.000071988718
  0.000449628437   0.000043359492   0.000451185516
  0.000032212483  -0.000648183895  -0.000221736527
 -0.000114207664  -0.000172012920  -0.000071988718
 -0.000000000000   0.001710263141  -0.022850223847
 -0.000000000000  -0.000303772545  -0.000180844292
 -0.000000000000  -0.000313979931  -0.000312521271
  0.002886879957  -0.000227227010   0.000701552151
 -0.000156117901  -0.000534391395   0.000208843394
  0.000030437916  -0.000443035447   0.000539411110
 -0.002886879957  -0.000227227010   0.000701552151
  0.000156117901  -0.000534391395   0.000208843394
 -0.000030437916  -0.000443035447   0.000539411110
 -0.000169815662  -0.000380688858  -0.000028768965
  0.000040998208  -0.000160018254  -0.000017993758
  0.000013033317  -0.000020177041   0.000010691924
  0.000169815662  -0.000380688858  -0.000028768965
 -0.000040998208  -0.000160018254  -0.000017993758
 -0.000013033317  -0.000020177041   0.000010691924
 -0.000000000000  -0.000021332783   0.000015423658
 -0.000000000000   0.000048106596  -0.000006892608
 -0.000000000000  -0.000079114950   0.000010793418
 -0.000000000000   0.002341256285  -0.000226948394
 -0.000000000000   0.000065331763  -0.000033153298
 -0.000000000000   0.000048386434   0.000031450210
 -0.000060095977   0.000034803331   0.000005689872
  0.000009411175  -0.000032324474  -0.000005791539
  0.000048150796   0.000002282363   0.000019469976
  0.000060095977   0.000034803331   0.000005689872
 -0.000009411175  -0.000032324474  -0.000005791539
 -0.000048150796   0.000002282363   0.000019469976
  0.000235231939   0.000847241302  -0.000130189775
 -0.000114629386   0.000292702274   0.000097618844
 -0.000002315510   0.000019416261  -0.000003520506
 -0.000235231939   0.000847241302  -0.000130189775
  0.000114629386   0.000292702274   0.000097618844
  0.000002315510   0.000019416261  -0.000003520506
 -0.000000000000   0.000045072077   0.000009184000
 -0.000000000000   0.000004256950   0.000030696619
 -0.000000000000   0.000059810434   0.000020489313
 -0.000000000000   0.031802859032  -0.025984603314
 -0.000000000000  -0.000077462600   0.000022746302
 -0.000000000000  -0.000152802567   0.000009355190
  0.000078483140  -0.000052661042   0.000085434996
  0.000002131049  -0.000044102922   0.000018873515
  0.000013979006   0.000028426212   0.000017610286
 -0.000078483140  -0.000052661042   0.000085434996
 -0.000002131049  -0.000044102922   0.000018873515
 -0.000013979006   0.000028426212   0.000017610286
  154    3  0.0000  0.0000  0.0150
  0.000992443085   0.001228094505   0.000750368688
 -0.000322524346  -0.000182957891  -0.000009572519
  0.000028440303  -0.000092909423  -0.000064122092
  0.000198666469   0.000223309676   0.000344449384
  0.000044680168  -0.000139862570   0.000043883789
 -0.000073092521  -0.000195496713  -0.000086646906
 -0.000304009377   0.000441524534  -0.000007303052
  0.000024336101  -0.000291298557   0.000451273694
  0.000126707834  -0.000270491529   0.000105406873
  0.013317195734   0.000498626720   0.039096795000
  0.001233337450   0.000357764248   0.000151190455
  0.000145353739   0.000565047191   0.000523520278
  0.001161104134  -0.000208619455   0.002377641022
 -0.000314787570   0.000835451903  -0.000720291468
 -0.000196505742   0.000626902824  -0.000399668064
  0.002474463676  -0.001144178865  -0.000890540093
 -0.000618754352   0.000459324264  -0.000046847223
  0.000535082337   0.000321423289  -0.000548464709
 -0.000042465559  -0.000528585559   0.000112030412
 -0.000230750055  -0.000352825298   0.000311168502
 -0.000017193167  -0.000022816631   0.000037027277
 -0.000050551130   0.000379259015  -0.000227607359
 -0.000094730727  -0.000322559401  -0.000322434044
 -0.000021254782  -0.000145737446  -0.000036866469
 -0.000374249174  -0.000415543056   0.000092044127
  0.000231139317  -0.000200186009  -0.000428846196
 -0.000190240423  -0.000359334605  -0.000009983598
 -0.003654173473   0.001767537046   0.006534310466
  0.000116018601   0.000464633968   0.000761407679
 -0.000138036455  -0.000212754254  -0.000200042683
 -0.001313515818   0.000196043442  -0.001688498285
  0.001240806950   0.000150633956   0.000371920312
  0.000141124487  -0.000375505919   0.000130099372
  0.000842032034   0.001624439364   0.000807645462
 -0.000089100418   0.000183108936   0.000963141643
 -0.000206459563  -0.000215531582   0.000075067245
 -0.000992443085   0.001228094505   0.000750368688
  0.000322524346  -0.000182957891  -0.000009572519
 -0.000028440303  -0.000092909423  -0.000064122092
  0.000304009377   0.000441524534  -0.000007303052
 -0.000024336101  -0.000291298557   0.000451273694
 -0.000126707834  -0.000270491529   0.000105406873
 -0.000198666469   0.000223309676   0.000344449384
 -0.000044680168  -0.000139862570   0.000043883789
  0.000073092521  -0.000195496713  -0.000086646906
 -0.013317195734   0.000498626720   0.039096795000
 -0.001233337450   0.000357764248   0.000151190455
 -0.000145353739   0.000565047191   0.000523520278
 -0.002474463676  -0.001144178865  -0.000890540093
  0.000618754352   0.000459324264  -0.000046847223
 -0.000535082337   0.000321423289  -0.000548464709
 -0.001161104134  -0.000208619455   0.002377641022
  0.000314787570   0.000835451903  -0.000720291468
  0.000196505742   0.000626902824  -0.000399668064
  0.000050551130   0.000379259015  -0.000227607359
  0.000094730727  -0.000322559401  -0.000322434044
  0.000021254782  -0.000145737446  -0.000036866469
  0.000042465559  -0.000528585559   0.000112030412
  0.000230750055  -0.000352825298   0.000311168502
  0.000017193167  -0.000022816631   0.000037027277
  0.000374249174  -0.000415543056   0.000092044127
 -0.000231139317  -0.000200186009  -0.000428846196
  0.000190240423  -0.000359334605  -0.000009983598
  0.001313515818   0.000196043442  -0.001688498285
 -0.001240806950   0.000150633956   0.000371920312
 -0.000141124487  -0.000375505919   0.000130099372
  0.003654173473   0.001767537046   0.006534310466
 -0.000116018601   0.000464633968   0.000761407679
  0.000138036455  -0.000212754254  -0.000200042683
 -0.000842032034   0.001624439364   0.000807645462
  0.000089100418   0.000183108936   0.000963141643
  0.000206459563  -0.000215531582   0.000075067245
  0.000842229498  -0.000805632649   0.000557148101
 -0.000079344298   0.000017234393  -0.000004451737
  0.000166344803  -0.000082804117   0.000023025539
  0.000050569485  -0.000419092516  -0.000001071395
  0.000090018306  -0.000142970697  -0.000077404790
  0.000189435557  -0.000062469479   0.000233615407
  0.000372880741  -0.000295204092   0.000109975046
 -0.000133426546   0.000112986311   0.000090772510
  0.000111659781   0.000064117158   0.000415997241
  0.019336931088  -0.021565134547   0.058115493092
  0.000066361300  -0.000257294422  -0.000032627467
  0.000460827670  -0.001057592649   0.000144969960
 -0.000078907919   0.001548624305   0.000462749447
 -0.000169294340   0.000436138330  -0.000772675619
  0.000388757316  -0.000076401634  -0.000279289146
 -0.000750726510  -0.000304782356  -0.000809530060
  0.000486444602   0.000342135791  -0.000047440802
  0.000656184694  -0.000646089372  -0.000467532992
 -0.000227052754   0.000195240262  -0.000185889931
 -0.000333410122   0.000641329059   0.000277665783
  0.000064422763  -0.000064674370   0.000116347425
  0.000060298710   0.000072209630   0.000114465996
 -0.000312186544   0.000341687165  -0.000494652104
 -0.000067551015   0.000249524345  -0.000027272846
  0.000075392165   0.000218103203  -0.000102747128
  0.000141208810   0.000150558306  -0.000089477471
  0.000236992057   0.000251042962  -0.000258678009
  0.001379833732   0.000275591483  -0.000801839556
 -0.003420414806   0.001145754332  -0.000542506713
  0.000147422654   0.000379445084  -0.000054452553
 -0.000989787324  -0.000974515102   0.002551742276
  0.001122739180  -0.000634383999  -0.000964107690
  0.000401028150  -0.000159480970   0.000341604002
 -0.000131295188   0.000187232320  -0.000350962082
 -0.000348997169   0.000140118198   0.000578886176
  0.000282346259   0.000160769570   0.000370651310
 -0.000842229498  -0.000805632649   0.000557148101
  0.000079344298   0.000017234393  -0.000004451737
 -0.000166344803  -0.000082804117   0.000023025539
 -0.000372880741  -0.000295204092   0.000109975046
  0.000133426546   0.000112986311   0.000090772510
 -0.000111659781   0.000064117158   0.000415997241
 -0.000050569485  -0.000419092516  -0.000001071395
 -0.000090018306  -0.000142970697  -0.000077404790
 -0.000189435557  -0.000062469479   0.000233615407
 -0.019336931088  -0.021565134547   0.058115493092
 -0.000066361300  -0.000257294422  -0.000032627467
 -0.000460827670  -0.001057592649   0.000144969960
  0.000750726510  -0.000304782356  -0.000809530060
 -0.000486444602   0.000342135791  -0.000047440802
 -0.000656184694  -0.000646089372  -0.000467532992
  0.000078907919   0.001548624305   0.000462749447
  0.000169294340   0.000436138330  -0.000772675619
 -0.000388757316  -0.000076401634  -0.000279289146
 -0.000060298710   0.000072209630   0.000114465996
  0.000312186544   0.000341687165  -0.000494652104
  0.000067551015   0.000249524345  -0.000027272846
  0.000227052754   0.000195240262  -0.000185889931
  0.000333410122   0.000641329059   0.000277665783
 -0.000064422763  -0.000064674370   0.000116347425
 -0.000075392165   0.000218103203  -0.000102747128
 -0.000141208810   0.000150558306  -0.000089477471
 -0.000236992057   0.000251042962  -0.000258678009
  0.000989787324  -0.000974515102   0.002551742276
 -0.001122739180  -0.000634383999  -0.000964107690
 -0.000401028150  -0.000159480970   0.000341604002
 -0.001379833732   0.000275591483  -0.000801839556
  0.003420414806   0.001145754332  -0.000542506713
 -0.000147422654   0.000379445084  -0.000054452553
  0.000131295188   0.000187232320  -0.000350962082
  0.000348997169   0.000140118198   0.000578886176
 -0.000282346259   0.000160769570   0.000370651310
 -0.000000000000   0.001073549552  -0.003875814058
 -0.000000000000   0.000102899133  -0.000097616991
 -0.000000000000   0.000033499813  -0.000053030537
  0.000116816876   0.000022600535  -0.000848981147
 -0.000011642542  -0.000250759603  -0.000163086469
  0.000193611747   0.000214108060  -0.000440672295
 -0.000116816876   0.000022600535  -0.000848981147
  0.000011642542  -0.000250759603  -0.000163086469
 -0.000193611747   0.000214108060  -0.000440672295
 -0.000000000000   0.064003958720  -0.620119153643
 -0.000000000000  -0.000353988976  -0.000736553363
 -0.000000000000   0.000111545130  -0.000769400636
 -0.000555904962  -0.001479345170  -0.000775474081
  0.000607887362  -0.000376343511  -0.000149757160
  0.000290209289  -0.000207668164  -0.000179899469
  0.000555904962  -0.001479345170  -0.000775474081
 -0.000607887362  -0.000376343511  -0.000149757160
 -0.000290209289  -0.000207668164  -0.000179899469
  0.000184717797   0.000031841085   0.000330017353
 -0.000432485627  -0.000135625399   0.000286496937
 -0.000129484277   0.000045125711  -0.000042940978
 -0.000184717797   0.000031841085   0.000330017353
  0.000432485627  -0.000135625399   0.000286496937
  0.000129484277   0.000045125711  -0.000042940978
 -0.000000000000  -0.000106705146   0.000073958211
 -0.000000000000  -0.000078249569   0.000349729945
 -0.000000000000  -0.000226508229  -0.000046540332
 -0.001338438004  -0.000761451823  -0.002746691570
 -0.000643370333  -0.000244222286   0.000190810611
  0.000267467012   0.000253372558   0.000451194533
  0.001338438004  -0.000761451823  -0.002746691570
  0.000643370333  -0.000244222286   0.000190810611
 -0.000267467012   0.000253372558   0.000451194533
 -0.000000000000  -0.001649078075  -0.000321552331
 -0.000000000000  -0.000162349888  -0.001659348766
 -0.000000000000   0.000199911394  -0.000099371352
 -0.000000000000   0.000156285519   0.001747989828
 -0.000000000000   0.000029130664  -0.000016631913
 -0.000000000000  -0.000104744745   0.000056762240
  0.000087078998   0.000224037975   0.000118461540
 -0.000223411116   0.000265362355  -0.000219936107
 -0.000194050462  -0.000234421565  -0.000138375516
 -0.000087078998   0.000224037975   0.000118461540
  0.000223411116   0.000265362355  -0.000219936107
  0.000194050462  -0.000234421565  -0.000138375516
 -0.000000000000  -0.003774914820   0.072148916823
 -0.000000000000  -0.000246721416  -0.000011630595
 -0.000000000000   0.000021927756   0.000179066589
  0.000328995310   0.000627474014  -0.000369209500
 -0.000432933906   0.000141325017   0.000586078787
 -0.000208042256  -0.000022051568   0.000929424575
 -0.000328995310   0.000627474014  -0.000369209500
  0.000432933906   0.000141325017   0.000586078787
  0.000208042256  -0.000022051568   0.000929424575
  0.000511693954   0.000115113153  -0.000565067870
  0.000409164531   0.000054648970  -0.000175536317
 -0.000099321690  -0.000036106714  -0.000001939225
 -0.000511693954   0.000115113153  -0.000565067870
 -0.000409164531   0.000054648970  -0.000175536317
  0.000099321690  -0.000036106714  -0.000001939225
 -0.000000000000   0.000098643884  -0.000841917618
 -0.000000000000  -0.000020888421   0.000536220581
 -0.000000000000   0.000130933964  -0.000168049601
 -0.000303622000   0.000571639820  -0.004085524505
  0.000632300892   0.000596673885  -0.001796211036
 -0.000189498691  -0.000123021187  -0.000307175231
  0.000303622000   0.000571639820  -0.004085524505
 -0.000632300892   0.000596673885  -0.001796211036
  0.000189498691  -0.000123021187  -0.000307175231
 -0.000000000000   0.001446807399   0.000243312485
 -0.000000000000   0.000255079480  -0.000951109569
 -0.000000000000   0.000224718538  -0.000561865590
 -0.000746559063  -0.000425442648  -0.000113426477
  0.000331649103   0.000331673515   0.000101789888
  0.000047683833   0.000077324985  -0.000008949161
  0.000746559063  -0.000425442648  -0.000113426477
 -0.000331649103   0.000331673515   0.000101789888
 -0.000047683833   0.000077324985  -0.000008949161
 -0.000000000000   0.000065943568   0.000149782306
 -0.000000000000   0.000526677228  -0.000070530791
 -0.000000000000   0.000047698492   0.000334054609
  0.001519753360  -0.001562772063   0.000580824124
 -0.001272667413  -0.000496746027   0.000586759986
  0.000047962754   0.000035700455  -0.000330983268
 -0.001519753360  -0.001562772063   0.000580824124
  0.001272667413  -0.000496746027   0.000586759986
 -0.000047962754   0.000035700455  -0.000330983268
 -0.000000000000  -0.001108153427   0.001041619882
 -0.000000000000  -0.000106765869   0.000748451265
 -0.000000000000  -0.000239525464   0.000128382138
 -0.000000000000   0.000112277805   0.000901824323
 -0.000000000000   0.000096691161   0.000044725050
 -0.000000000000   0.000139459085  -0.000209082396
 -0.000365123047  -0.000050483489   0.000064143811
  0.000198988980  -0.000046019799   0.000354263108
  0.000088808615   0.000288766267  -0.000288375942
  0.000365123047  -0.000050483489   0.000064143811
 -0.000198988980  -0.000046019799   0.000354263108
 -0.000088808615   0.000288766267  -0.000288375942
 -0.000000000000  -0.001039582037   0.013467284684
 -0.000000000000   0.000187143299   0.000774007448
 -0.000000000000  -0.000186302136  -0.000066948924
  0.001511094712   0.001490018735   0.001182647426
 -0.000488293869  -0.000169063186   0.000025196511
 -0.000084463116   0.000252308666   0.000278630758
 -0.001511094712   0.001490018735   0.001182647426
  0.000488293869  -0.000169063186   0.000025196511
  0.000084463116   0.000252308666   0.000278630758
 -0.000037668352   0.000010932593   0.000016339343
 -0.000023106872   0.000055109133   0.000003931794
  0.000028645495  -0.000006351742   0.000005475554
  0.000037668352   0.000010932593   0.000016339343
  0.000023106872   0.000055109133   0.000003931794
 -0.000028645495  -0.000006351742   0.000005475554
 -0.000000000000   0.000059006883   0.000007255942
 -0.000000000000   0.000020283591   0.000007701834
 -0.000000000000  -0.000004261707  -0.000001348790
 -0.000000000000  -0.000319170027   0.000243434121
 -0.000000000000  -0.000016824922   0.000008944526
 -0.000000000000   0.000008588650   0.000003784289
 -0.000007644649  -0.000063526603   0.000005494678
  0.000036581580  -0.000013857020   0.000011533274
  0.000013675890  -0.000014723422   0.000006313804
  0.000007644649  -0.000063526603   0.000005494678
 -0.000036581580  -0.000013857020   0.000011533274
 -0.000013675890  -0.000014723422   0.000006313804
  0.000310528455   0.000277362617   0.000662675767
  0.000167405866  -0.000208359258   0.000424099767
  0.000011492405   0.000002191429   0.000099113680
 -0.000310528455   0.000277362617   0.000662675767
 -0.000167405866  -0.000208359258   0.000424099767
 -0.000011492405   0.000002191429   0.000099113680
 -0.000000000000  -0.000081167102   0.000057256601
 -0.000000000000  -0.000006141152   0.000122741097
 -0.000000000000  -0.000077257982   0.000109638852
 -0.000000000000  -0.025786156681   0.335876133487
 -0.000000000000   0.000064226023   0.000179227934
 -0.000000000000  -0.000051064954   0.000186004184
  0.000007665965   0.000155236113   0.000215206584
 -0.000028427614  -0.000006015822   0.000100541948
 -0.000034401129   0.000031999079   0.000112234303
 -0.000007665965   0.000155236113   0.000215206584
  0.000028427614  -0.000006015822   0.000100541948
  0.000034401129   0.000031999079   0.000112234303
  217    1  0.0150  0.0000  0.0000
  0.121116883693   0.020960117605  -0.000095354424
  0.001635353690  -0.001117539329  -0.000170540872
 -0.000470713653   0.002221264140  -0.000321923516
 -0.015812341253   0.003371639959  -0.000602123967
  0.000310635491   0.000681086851   0.000003940811
  0.001137160131  -0.000488648065   0.000064352973
  0.040472335073   0.015639283398   0.000221080386
  0.001207533012  -0.000214725963  -0.000029712648
 -0.000029677700   0.001419635911   0.000271406650
  0.004375073573   0.001880888913   0.000354423775
 -0.000009144276  -0.000438580615  -0.000040277316
  0.000726312352   0.000151982366   0.000143244350
  0.002512631681  -0.001039833085  -0.000156725028
 -0.001336278068   0.000429648301  -0.000288667801
  0.000092506800   0.000012088236   0.000118703719
 -0.006051433229  -0.000394854725   0.000056551235
  0.000289573015  -0.000688350873  -0.000003886366
 -0.000087808205  -0.000162891471   0.000023672981
  0.124097146268  -0.079488702186  -0.001155294996
 -0.001014226699   0.000241485862   0.000090662566
  0.000448765840   0.000338989808   0.000662472611
 -0.018929815980  -0.013579033081   0.001006141417
  0.000150860213   0.000036886220  -0.000250897972
 -0.000764955931   0.000564443497  -0.000190181504
  0.038362127327   0.006029320664  -0.000884351818
 -0.000327029760   0.003448100038   0.000022269438
  0.001521179151  -0.001253045182   0.000330033708
  0.000993551807   0.000866265519  -0.000419819314
 -0.000225262249   0.000299528986  -0.000008710408
 -0.000270741071  -0.000228833699   0.000012499316
  0.003731781733   0.002231599533   0.000456173161
  0.001054469236   0.000099500126  -0.000141684521
  0.000109679081  -0.000208989133  -0.000393206859
 -0.005433162188  -0.001015890184  -0.000133183343
 -0.000011407920   0.000041262185  -0.000266708701
 -0.000585467011  -0.000477917902   0.000020125058
  0.040469508871  -0.015646171465  -0.000219044556
  0.001241026025  -0.000048798398   0.000028136786
 -0.000087921980  -0.001156088808  -0.000279380394
 -0.015790283391  -0.003410478564   0.000615949621
  0.000342339634  -0.000943758373  -0.000002380701
  0.001086165435   0.000746686526  -0.000070209961
  0.121122207292  -0.020963497496   0.000103810466
  0.001673573513   0.000869090380   0.000172770026
 -0.000527556548  -0.001947124300   0.000315555969
 -0.006043994021   0.000438023386  -0.000087189489
  0.000275162867   0.000060428361   0.000023505325
 -0.000127754817   0.000778107639  -0.000010770885
  0.002521121450   0.001093615158   0.000145974349
 -0.001316421497  -0.001092132356   0.000303984306
  0.000078683906   0.000577829790  -0.000109460438
  0.004401358168  -0.001829328469  -0.000383234701
 -0.000039825823  -0.000184541469   0.000056792013
  0.000687745858   0.000469791005  -0.000131115493
  0.124130968666   0.079490232026   0.001145565141
 -0.001028554465  -0.000013253244  -0.000083297841
  0.000509515226  -0.000619622108  -0.000660779359
  0.038404653793  -0.006026785928   0.000880340891
 -0.000396469825  -0.003165632589  -0.000011708300
  0.001547570130   0.001014619899  -0.000323338394
 -0.018887947322   0.013595518840  -0.001014763372
  0.000062718519   0.000238016040   0.000259832515
 -0.000763242256  -0.000802451876   0.000193203611
  0.001068252655  -0.000954784965   0.000421930392
 -0.000240216626   0.000337995856   0.000000793338
 -0.000257715184  -0.000388238716  -0.000011243876
 -0.005400857626   0.000966671693   0.000142316313
 -0.000043731748   0.000611105801   0.000265119599
 -0.000593640565  -0.000108316892  -0.000026357212
  0.003743966003  -0.002283948675  -0.000442654281
  0.001036513935   0.000560344794   0.000143681184
  0.000094082148  -0.000375013488   0.000390034869
 -0.011592430807   0.001288842288  -0.000372012104
 -0.001068743112  -0.000582291698  -0.000066727646
 -0.008868531721   0.009106287329   0.000504739770
  0.017045427139  -0.003819602262   0.000554129637
 -0.000249297864  -0.000900849765  -0.000405973589
  0.000290347815   0.000799910122  -0.000206353186
 -0.000860718842  -0.000761354627  -0.000470639542
 -0.000229298905  -0.000057439684   0.000100189643
  0.003965290091   0.003074515932   0.000529694346
  0.001890594816   0.000310564106  -0.000358349361
 -0.000124379108   0.000295076416  -0.000206893141
  0.001984347041  -0.001477915953   0.000212618456
 -0.002953393149   0.001363497922   0.000748011602
  0.000208266373  -0.000017637063  -0.000074401839
 -0.000757276244   0.000705048489  -0.000526026524
  0.000453048720   0.000479367952  -0.000479362416
  0.000036917501   0.000256376569  -0.000017696517
 -0.000511069014  -0.000664735764   0.000173213089
  0.027177871370  -0.044244406699  -0.000692093153
 -0.000994677337   0.006186804637  -0.000164193523
 -0.000578547983   0.000467083294   0.000009964309
 -0.011905181250  -0.001200833229  -0.000186066095
 -0.005554834755   0.004008336104   0.000245001159
 -0.001382827979   0.000258151371   0.000185436190
 -0.003311466312  -0.002084197380  -0.000097515233
  0.004027442406   0.001869057446  -0.000384338764
  0.000327637404  -0.000021390177   0.000319503073
 -0.003217823666  -0.000074632214   0.000167445325
  0.000078421288  -0.000428909051   0.000133621980
 -0.000400778219   0.000191625495  -0.000052924640
  0.002466060625  -0.000669316143   0.000300880420
  0.001665944695  -0.001690325065  -0.000020519074
 -0.000666296996   0.000345901925   0.000080434680
  0.000135051166   0.000086614662  -0.000105942035
 -0.001035396191  -0.000517441042  -0.000191657110
  0.000779022661   0.000032995523   0.000117918334
 -0.000903495707   0.000760343096   0.000470393063
 -0.000095645364   0.000213511711  -0.000093989922
  0.003864498934  -0.003248165935  -0.000533696767
  0.017024714166   0.003839160760  -0.000545686394
 -0.000127741151   0.001063668075   0.000414415112
  0.000188921677  -0.000952927962   0.000203927926
 -0.011627355164  -0.001291943637   0.000372239767
 -0.000953496756   0.000731661340   0.000075985901
 -0.008990721070  -0.009283875400  -0.000506535985
  0.000312059753  -0.000569943483   0.000453508562
  0.000307699435   0.000120664003   0.000034310869
 -0.000688342739   0.000318649851  -0.000165517792
 -0.003081767329  -0.001437751601  -0.000747262428
  0.000500494393   0.000421592243   0.000087359365
 -0.000910615996  -0.001016290953   0.000533746668
  0.001736056316  -0.000406069158   0.000330918016
  0.000152532418   0.000076418699   0.000220444613
  0.001811714497   0.001136379868  -0.000203633255
  0.027156141265   0.044256338877   0.000691903951
 -0.001076554348  -0.006324795848   0.000174317678
 -0.000450135234  -0.000301273922  -0.000010165096
 -0.003320631319   0.002090496128   0.000097114184
  0.003920755951  -0.002035187312   0.000394116521
  0.000439160842   0.000169023428  -0.000318222707
 -0.011933468204   0.001199109538   0.000186764620
 -0.005660608422  -0.004177278869  -0.000234333000
 -0.001271632958  -0.000118616440  -0.000186752632
 -0.003272115966   0.000129637362  -0.000171357438
 -0.000104333344   0.000079471434  -0.000145778959
 -0.000118724574   0.000180516285   0.000062081767
  0.000059693835  -0.000054205206   0.000111105399
 -0.001234794313   0.000142759318   0.000186572620
  0.001056538699   0.000321512849  -0.000114095449
  0.002399428938   0.000692918602  -0.000300342289
  0.001451784833   0.001312220670   0.000028462272
 -0.000386238763   0.000011136442  -0.000075231000
  0.004671385383   0.003863745473   0.001366896284
  0.000280168124   0.000006900452   0.000107638501
  0.001550304054  -0.000924617991  -0.000565469106
 -0.005954818736   0.000001659626   0.000027435687
 -0.000275614085   0.000036439177   0.000129655823
 -0.000277650411  -0.000029257642  -0.000120385200
  0.004670885258  -0.003868039800  -0.001330089858
  0.000284767263   0.000062133163   0.000121670945
  0.001551795208   0.000862647003   0.000287100958
  0.000107093382  -0.000825698830  -0.000810928161
  0.000196638956   0.000106856591   0.000249476640
 -0.000540297684   0.000103808907   0.000078147932
  0.000606950819  -0.000005479459   0.000008836328
  0.000020462015   0.000070206880   0.000231499786
  0.000823475807  -0.000062011617  -0.000216391032
  0.000106118605   0.000828902204   0.000722082645
  0.000193248478   0.000025823188   0.000197265019
 -0.000537078337  -0.000242602592  -0.000533826650
  0.002015124889   0.000009965687   0.000020217222
  0.000660666938  -0.000025423067  -0.000091952111
 -0.000174689699   0.000027313461   0.000103419732
  0.002414480381   0.002891808789   0.001554254682
  0.000903984566  -0.000137046078  -0.000564304332
 -0.000015544379   0.000104185756   0.000045051271
  0.002415310285  -0.002890627378  -0.001518485491
  0.000903308493   0.000074283738   0.000349302242
 -0.000017475938  -0.000055171550   0.000132853446
  0.001605990943   0.000001808267   0.000054387553
  0.000004851506  -0.000080374207  -0.000254493188
  0.000252096886   0.000084779594   0.000248335944
 -0.000410821401  -0.000509725524  -0.001444282469
  0.000029889527   0.000106428361  -0.000616016387
 -0.000325479900   0.000123388058   0.000984410650
 -0.000416157035   0.000505193344   0.001519810094
  0.000036585282  -0.000270445003   0.000064884619
 -0.000323864637   0.000042124784  -0.000540662024
  0.003904846812   0.002831494702  -0.001526647255
  0.000183093451   0.000110319971  -0.000139637536
  0.002007206419  -0.000747516897   0.001375992298
 -0.005066115483   0.000006146232  -0.000018517536
 -0.000668677840   0.000026752029  -0.000093646262
 -0.000942549754  -0.000021643016   0.000109613316
  0.003900760777  -0.002829271351   0.001513742837
  0.000183020010  -0.000062775732  -0.000028807053
  0.002006127536   0.000699077859  -0.001147259779
 -0.000740907719  -0.000552844766   0.001289821878
 -0.000068236084   0.000026845192  -0.000102015884
 -0.000439671969   0.000267479846  -0.000678371994
  0.001453887786  -0.000015997407  -0.000001741532
 -0.000298819699   0.000089833323  -0.000258378784
  0.000521129587  -0.000068524503   0.000240608310
 -0.000740998359   0.000520543033  -0.001336788019
 -0.000067747716   0.000142187104  -0.000365003686
 -0.000437616362  -0.000412840508   0.001211247443
  0.003820837762   0.000002020066  -0.000019424647
  0.000909487854  -0.000031773366   0.000120993344
  0.000130400268   0.000036931792  -0.000128962333
  0.002368153434   0.004650634011  -0.002145948934
  0.000325713134  -0.000699101905   0.000778828088
  0.000406870244  -0.000282715524  -0.000046910645
  0.002372275192  -0.004661169869   0.002120755117
  0.000325185087   0.000628490806  -0.000487039063
  0.000408758146   0.000356082032  -0.000168425290
  0.000565017562  -0.000006651397  -0.000045790876
 -0.000085270094  -0.000058979739   0.000241459959
 -0.000020833457   0.000073147003  -0.000200519642
 -0.000485685806  -0.000438849389   0.000288383700
 -0.000414164582  -0.000115141311   0.000070924441
 -0.000154580371   0.000169000995  -0.000267247465
 -0.000500022005   0.000437544663  -0.000371875415
 -0.000423121994  -0.000017931796   0.000427772366
 -0.000154523898  -0.000035086918  -0.000113735188
 -0.620564169746  -0.000023146008  -0.000002972220
 -0.002349202426   0.000033947616  -0.000007250318
 -0.002369770447  -0.000046789549   0.000006338736
 -0.017606585569   0.006767093782   0.000725928760
 -0.001610381692   0.000610344421   0.000066165831
 -0.001614743384  -0.000306309957  -0.000209432464
 -0.017622680112  -0.006793427609  -0.000730132831
 -0.001591645096  -0.000512098432  -0.000075192860
 -0.001602188658   0.000239364332   0.000228360800
 -0.006451558259  -0.000024595304  -0.000004714596
  0.000017282968   0.000028726679   0.000002505061
  0.000032266271  -0.000044516359   0.000000879364
  0.003266665441  -0.000741023638  -0.000399972374
  0.000316203915   0.001257140859  -0.000059930309
  0.000305401149  -0.001026141724  -0.000020123564
  0.003274064807   0.000711563962   0.000403108042
  0.000302499682  -0.001164082662   0.000068350511
  0.000309102141   0.000960859434   0.000013397180
  0.001142527208   0.004826374238  -0.001008022053
 -0.002534292283   0.000080783802   0.000129891259
 -0.002417562127  -0.000805389881   0.000174135206
  0.041690084274  -0.000002331052   0.000005946480
 -0.000819798465  -0.000049331073  -0.000007267676
  0.001135158875   0.000029228688   0.000005490052
  0.001155588489  -0.004826736077   0.001012199513
 -0.002556454332  -0.000147378685  -0.000147176255
 -0.002440418294   0.000896975998  -0.000165858568
  0.002728049019   0.000308219613   0.000433990211
 -0.000026436387  -0.000400741370  -0.000019877788
  0.001068081761   0.000192033321   0.000046584780
 -0.007981837898   0.000000796226  -0.000001741290
  0.001558885989  -0.000052289994   0.000008266699
 -0.001586880347   0.000036462776  -0.000000815894
  0.002703328381  -0.000294108321  -0.000455760658
 -0.000013418464   0.000316386927   0.000036873332
  0.001069082471  -0.000085595485  -0.000042320524
  0.002150570315   0.000003462085  -0.000004337493
  0.000071601510   0.000000503643  -0.000005297646
  0.000011710269  -0.000004195931   0.000004962718
  0.000099157599   0.000010239717  -0.000363813387
  0.000005839782   0.000095435482   0.000074267380
 -0.000086430272   0.000067384538  -0.000003540415
  0.000097792730  -0.000006507787   0.000366824919
  0.000006965183  -0.000092417039  -0.000095948648
 -0.000088162405  -0.000072143511   0.000013198685
 -0.000110267799   0.000586612977   0.000166365625
  0.000013147918  -0.000071646277   0.000023910258
 -0.000107521464   0.000067291130  -0.000079962796
 -0.000220255295   0.000003214499   0.000001345640
  0.000015091488  -0.000004915406  -0.000003003700
  0.000127876293   0.000001590669   0.000004120006
 -0.000113204976  -0.000578312640  -0.000156774004
  0.000010895396   0.000060975764  -0.000037150401
 -0.000110569037  -0.000061097139   0.000092402814
  0.000257838940  -0.000010441196  -0.000039943457
  0.000026129127   0.000014110316  -0.000019631835
 -0.000013176826  -0.000006880747  -0.000006641149
  0.000001591036  -0.000027322044  -0.000063917941
  0.000017103173   0.000036512890  -0.000072067166
  0.000003964156  -0.000022520166   0.000035331836
 -0.000009738759   0.000019787798   0.000004996314
  0.000005090471  -0.000018949789   0.000062304331
  0.000003571624   0.000011274334  -0.000042053062
  0.000023490514   0.000087639297   0.000031806912
  0.000032722592  -0.000031131826  -0.000020742757
 -0.000012336935  -0.000016041281  -0.000004722206
  0.000062295164   0.000008416243  -0.000026865800
 -0.000085567651  -0.000008883710   0.000009152986
  0.000058369582   0.000003486153  -0.000014958539
  0.000020673094  -0.000082802527  -0.000062024961
  0.000032182062   0.000018731275   0.000034057312
 -0.000011599391   0.000022737427  -0.000033370745
  217    2  0.0000  0.0150  0.0000
  0.040551057535   0.029040699473  -0.000707583159
 -0.000066699536   0.000158453531   0.000050735287
  0.000932694304   0.000420305376  -0.000167550888
  0.002675444646   0.003958872806   0.000101673684
  0.000465412423  -0.000928011196  -0.000013606146
 -0.000558922482   0.001137419134   0.000112978736
 -0.000671841549  -0.002352155418   0.000154963861
 -0.000172258851   0.000242578647   0.000202556880
  0.000831573353   0.001299406437   0.000141071709
  0.000988729482   0.001383538442   0.000521653985
  0.000164898209   0.000372153834  -0.000213435481
 -0.000168732270  -0.000184671660  -0.000143745393
 -0.000725583624   0.000420348463   0.000151535652
  0.000986383974  -0.002009943882  -0.000227767344
 -0.000546680292   0.000197989883  -0.000386660406
  0.000765494264  -0.000374685607  -0.000469220373
 -0.000114411658   0.000364683076   0.000188134268
  0.001024487718   0.000055715863  -0.000273638662
 -0.101264992731   0.049598902945  -0.000082461263
 -0.000509484596  -0.000967992477   0.000103541039
  0.000556840107   0.000262099314  -0.000013144133
  0.003536280290  -0.003223712587  -0.000454855796
 -0.000067553480   0.000112281808   0.000078763042
  0.000482530390  -0.001228759092  -0.000304826218
  0.001397109585  -0.004985696411   0.000281448357
  0.000176277808  -0.000441454138  -0.000366988746
 -0.000864337397  -0.000062185686  -0.000196341265
 -0.000492846658  -0.000851184748   0.001090308056
  0.000152803000  -0.000181566124   0.000093321451
 -0.000298083995  -0.000353047385   0.000244635504
  0.000005297337   0.000008000745  -0.000005994923
 -0.001511210623  -0.000304272360  -0.000136521196
  0.000713844090  -0.001564452786   0.000578448477
  0.000082737436  -0.000079015010   0.000098161911
  0.000044338994  -0.001478054609  -0.000114069018
 -0.001511680570  -0.000137129848   0.000256508531
  0.000671841549  -0.002352155418   0.000154963861
  0.000172258851   0.000242578647   0.000202556880
 -0.000831573353   0.001299406437   0.000141071709
 -0.002675444646   0.003958872806   0.000101673684
 -0.000465412423  -0.000928011196  -0.000013606146
  0.000558922482   0.001137419134   0.000112978736
 -0.040551057535   0.029040699473  -0.000707583159
  0.000066699536   0.000158453531   0.000050735287
 -0.000932694304   0.000420305376  -0.000167550888
 -0.000765494264  -0.000374685607  -0.000469220373
  0.000114411658   0.000364683076   0.000188134268
 -0.001024487718   0.000055715863  -0.000273638662
  0.000725583624   0.000420348463   0.000151535652
 -0.000986383974  -0.002009943882  -0.000227767344
  0.000546680292   0.000197989883  -0.000386660406
 -0.000988729482   0.001383538442   0.000521653985
 -0.000164898209   0.000372153834  -0.000213435481
  0.000168732270  -0.000184671660  -0.000143745393
  0.101264992731   0.049598902945  -0.000082461263
  0.000509484596  -0.000967992477   0.000103541039
 -0.000556840107   0.000262099314  -0.000013144133
 -0.001397109585  -0.004985696411   0.000281448357
 -0.000176277808  -0.000441454138  -0.000366988746
  0.000864337397  -0.000062185686  -0.000196341265
 -0.003536280290  -0.003223712587  -0.000454855796
  0.000067553480   0.000112281808   0.000078763042
 -0.000482530390  -0.001228759092  -0.000304826218
  0.000492846658  -0.000851184748   0.001090308056
 -0.000152803000  -0.000181566124   0.000093321451
  0.000298083995  -0.000353047385   0.000244635504
 -0.000082737436  -0.000079015010   0.000098161911
 -0.000044338994  -0.001478054609  -0.000114069018
  0.001511680570  -0.000137129848   0.000256508531
 -0.000005297337   0.000008000745  -0.000005994923
  0.001511210623  -0.000304272360  -0.000136521196
 -0.000713844090  -0.001564452786   0.000578448477
  0.005599719359   0.008429007804  -0.001386618406
 -0.000507098104   0.000209960344   0.000099871517
  0.001835610304   0.000540104718  -0.000120362342
  0.000353987039   0.000024605570  -0.000190396541
  0.002958129651  -0.000166546431  -0.000104247253
 -0.000236615550  -0.000698618039  -0.000009018145
 -0.007780351231   0.003529541154   0.000849076504
 -0.000407165852   0.000221114965  -0.000088387334
 -0.000860081918   0.000389106666   0.000047576300
 -0.000991124674  -0.000221806369   0.000541177592
 -0.000659188659   0.000133626861  -0.000151050104
 -0.000603323386   0.000163669426   0.000237135798
 -0.000452796927   0.000318128307   0.000033216269
  0.002520256845   0.000023851802   0.000055200174
 -0.000862691425   0.000262312479   0.000212796471
 -0.000886509503   0.001510786694  -0.001062076278
 -0.000260142118   0.000025781671   0.000087541069
 -0.000734792639   0.000121060740   0.000075774681
 -0.011974214805   0.028803568439  -0.000950724499
  0.000511570306   0.001548567522  -0.000191822232
  0.000265116655   0.000329377208   0.000027969138
 -0.001513796211   0.001252799820  -0.000308182338
  0.002013255758  -0.000009446068   0.000153988424
  0.000040991060   0.001348305072  -0.000510513456
  0.001280402760  -0.000409408988   0.000111420750
  0.002933735582  -0.000567883435  -0.000136464125
  0.000259922889   0.000404937872   0.000339486683
  0.005506616833  -0.001314505462  -0.000580989514
  0.000346391936   0.000005015801  -0.000035963793
  0.000166568211  -0.000176608006   0.000023414855
  0.000376221795  -0.000260813187   0.000218839414
  0.001099679355   0.000493309999  -0.000095272296
 -0.000315108472   0.000946617671   0.000447376500
  0.000147947337  -0.000491818451  -0.000042320217
  0.000594923705   0.000965783348   0.000349596439
  0.000399829305   0.000066219473  -0.000349342258
  0.007780351231   0.003529541154   0.000849076504
  0.000407165852   0.000221114965  -0.000088387334
  0.000860081918   0.000389106666   0.000047576300
 -0.000353987039   0.000024605570  -0.000190396541
 -0.002958129651  -0.000166546431  -0.000104247253
  0.000236615550  -0.000698618039  -0.000009018145
 -0.005599719359   0.008429007804  -0.001386618406
  0.000507098104   0.000209960344   0.000099871517
 -0.001835610304   0.000540104718  -0.000120362342
  0.000886509503   0.001510786694  -0.001062076278
  0.000260142118   0.000025781671   0.000087541069
  0.000734792639   0.000121060740   0.000075774681
  0.000452796927   0.000318128307   0.000033216269
 -0.002520256845   0.000023851802   0.000055200174
  0.000862691425   0.000262312479   0.000212796471
  0.000991124674  -0.000221806369   0.000541177592
  0.000659188659   0.000133626861  -0.000151050104
  0.000603323386   0.000163669426   0.000237135798
  0.011974214805   0.028803568439  -0.000950724499
 -0.000511570306   0.001548567522  -0.000191822232
 -0.000265116655   0.000329377208   0.000027969138
 -0.001280402760  -0.000409408988   0.000111420750
 -0.002933735582  -0.000567883435  -0.000136464125
 -0.000259922889   0.000404937872   0.000339486683
  0.001513796211   0.001252799820  -0.000308182338
 -0.002013255758  -0.000009446068   0.000153988424
 -0.000040991060   0.001348305072  -0.000510513456
 -0.005506616833  -0.001314505462  -0.000580989514
 -0.000346391936   0.000005015801  -0.000035963793
 -0.000166568211  -0.000176608006   0.000023414855
 -0.000147947337  -0.000491818451  -0.000042320217
 -0.000594923705   0.000965783348   0.000349596439
 -0.000399829305   0.000066219473  -0.000349342258
 -0.000376221795  -0.000260813187   0.000218839414
 -0.001099679355   0.000493309999  -0.000095272296
  0.000315108472   0.000946617671   0.000447376500
  0.005288334284   0.005020565101   0.000702545047
  0.000011432422   0.000027189428   0.000068326697
 -0.000555650655   0.000506160446  -0.000865471019
  0.000000000000  -0.000870451214  -0.000186325957
  0.000000000000   0.000802165155  -0.001152848997
  0.000000000000   0.000361192316  -0.000037378136
 -0.005288334284   0.005020565101   0.000702545047
 -0.000011432422   0.000027189428   0.000068326697
  0.000555650655   0.000506160446  -0.000865471019
 -0.001472176244  -0.000946886393  -0.000428977010
  0.000222895486   0.000199163196   0.000036785786
 -0.000164839326   0.000282243092   0.000371326278
  0.000000000000   0.000010039802   0.000053299658
  0.000000000000  -0.000253389070   0.000016312395
  0.000000000000   0.001196737710   0.000572843072
  0.001472176244  -0.000946886393  -0.000428977010
 -0.000222895486   0.000199163196   0.000036785786
  0.000164839326   0.000282243092   0.000371326278
  0.000000000000   0.001758590513  -0.000946237975
  0.000000000000  -0.000260583998   0.000159814795
  0.000000000000  -0.000350538715  -0.000140348855
  0.000823460530  -0.000215612839   0.001491700945
 -0.000345363835  -0.000496683278  -0.000211743533
  0.000409947185  -0.000499410622   0.000287760520
 -0.000823460530  -0.000215612839   0.001491700945
  0.000345363835  -0.000496683278  -0.000211743533
 -0.000409947185  -0.000499410622   0.000287760520
  0.000000000000   0.007585200576  -0.007259778548
  0.000000000000   0.000046245909   0.000163179108
  0.000000000000  -0.000042584740  -0.000133194095
  0.000100145022   0.000352012309  -0.000544756924
 -0.000466075141  -0.000039286720   0.000434350167
 -0.000119099819  -0.000105367782   0.000086941419
 -0.000100145022   0.000352012309  -0.000544756924
  0.000466075141  -0.000039286720   0.000434350167
  0.000119099819  -0.000105367782   0.000086941419
  0.002514724461   0.003970710128   0.001554619202
  0.000176043147   0.000370322050  -0.000087774967
 -0.000707120420   0.000668686007   0.000541714480
  0.000000000000  -0.000074344285   0.001084202016
  0.000000000000   0.000239908011   0.000180866660
  0.000000000000   0.000999167746   0.000172763473
 -0.002514724461   0.003970710128   0.001554619202
 -0.000176043147   0.000370322050  -0.000087774967
  0.000707120420   0.000668686007   0.000541714480
 -0.001989686277  -0.002342070684  -0.001026056466
  0.000077692867   0.000078595736  -0.000091020818
  0.000076054686  -0.000240605587   0.000341929985
  0.000000000000  -0.000197646639  -0.001218677156
  0.000000000000  -0.000545515330   0.001450204599
  0.000000000000  -0.000072852766  -0.000386453493
  0.001989686277  -0.002342070684  -0.001026056466
 -0.000077692867   0.000078595736  -0.000091020818
 -0.000076054686  -0.000240605587   0.000341929985
  0.000000000000  -0.007119861457   0.012321357109
  0.000000000000  -0.000071951419  -0.000288555135
  0.000000000000  -0.000226423177   0.000025787543
  0.000223031616   0.000061152662  -0.000957200299
 -0.000061011577  -0.000320810947   0.000285281539
 -0.000050275101  -0.000334342797  -0.000330997790
 -0.000223031616   0.000061152662  -0.000957200299
  0.000061011577  -0.000320810947   0.000285281539
  0.000050275101  -0.000334342797  -0.000330997790
  0.000000000000   0.002713506606  -0.000140745262
  0.000000000000   0.000152081786  -0.000148712094
  0.000000000000   0.000026180754  -0.000084069173
  0.000086867814   0.000052405059   0.000069545345
 -0.000576966689  -0.000572871024  -0.000015719923
  0.000387665593  -0.000254764875  -0.000245871018
 -0.000086867814   0.000052405059   0.000069545345
  0.000576966689  -0.000572871024  -0.000015719923
 -0.000387665593  -0.000254764875  -0.000245871018
  0.000000000000  -0.267462348094  -0.003233066817
  0.000000000000   0.000549834046   0.000126932461
  0.000000000000   0.000562085340   0.000172541772
 -0.006772154057   0.002626009752   0.000185966019
  0.000236126861   0.000558482301   0.000204393224
 -0.000582585132   0.000559279573   0.000203231803
  0.006772154057   0.002626009752   0.000185966019
 -0.000236126861   0.000558482301   0.000204393224
  0.000582585132   0.000559279573   0.000203231803
  0.000000000000  -0.000053192480  -0.000506828182
  0.000000000000   0.000011313607   0.000229919785
  0.000000000000   0.000012910180   0.000027382790
  0.000664079440  -0.000371376637  -0.000273655796
  0.000977741826   0.000220897923  -0.000422770829
 -0.001196787934   0.000230635303  -0.000007069348
 -0.000664079440  -0.000371376637  -0.000273655796
 -0.000977741826   0.000220897923  -0.000422770829
  0.001196787934   0.000230635303  -0.000007069348
  0.004807988514   0.005976150831   0.001651600211
  0.000115194686  -0.000262001618   0.000240152853
 -0.000829871130   0.000043719888   0.000294670209
  0.000000000000  -0.002760146454   0.000605694182
  0.000000000000   0.001542713055  -0.000431235890
  0.000000000000  -0.002427655537   0.000723350161
 -0.004807988514   0.005976150831   0.001651600211
 -0.000115194686  -0.000262001618   0.000240152853
  0.000829871130   0.000043719888   0.000294670209
  0.000334391397   0.000619310641  -0.000399782203
 -0.000362787126  -0.000434477647  -0.000136187331
  0.000116126305   0.001048593336  -0.000460585263
  0.000000000000  -0.000591929560  -0.000246468032
  0.000000000000   0.003507360380   0.000239787206
  0.000000000000  -0.001531896495  -0.001217927995
 -0.000334391397   0.000619310641  -0.000399782203
  0.000362787126  -0.000434477647  -0.000136187331
 -0.000116126305   0.001048593336  -0.000460585263
  0.000000000000   0.002889534040  -0.001028676066
  0.000000000000   0.000174180549  -0.000033955566
  0.000000000000   0.000012381452   0.000009856631
  0.000035647619   0.000117604891  -0.000102702028
 -0.000133534732  -0.000064722665  -0.000037014663
 -0.000012452096   0.000175341076  -0.000011361788
 -0.000035647619   0.000117604891  -0.000102702028
  0.000133534732  -0.000064722665  -0.000037014663
  0.000012452096   0.000175341076  -0.000011361788
 -0.001490615955  -0.001017412928   0.000059254632
  0.000011412011  -0.000029598387   0.000006095676
  0.000026901378   0.000004654045  -0.000046228824
  0.000000000000  -0.000109467350  -0.000122728345
  0.000000000000  -0.000178314101  -0.000096585690
  0.000000000000  -0.000170304181   0.000040663938
  0.001490615955  -0.001017412928   0.000059254632
 -0.000011412011  -0.000029598387   0.000006095676
 -0.000026901378   0.000004654045  -0.000046228824
  0.000000000000  -0.001922050906   0.000056296525
  0.000000000000  -0.000069198904  -0.000004369087
  0.000000000000  -0.000032764782   0.000014320294
 -0.000013097418  -0.000085221088   0.000022786755
 -0.000060206036  -0.000004976052   0.000017087017
  0.000055913389   0.000062073334   0.000023632698
  0.000013097418  -0.000085221088   0.000022786755
  0.000060206036  -0.000004976052   0.000017087017
 -0.000055913389   0.000062073334   0.000023632698
  0.000478103573   0.000633583104   0.000017667273
  0.000006931562  -0.000010443606  -0.000021668480
 -0.000091401278   0.000174335548   0.000033187045
  0.000000000000   0.000080757362   0.000007448783
  0.000000000000   0.000154591487   0.000092136233
  0.000000000000  -0.000125463386  -0.000057142582
 -0.000478103573   0.000633583104   0.000017667273
 -0.000006931562  -0.000010443606  -0.000021668480
  0.000091401278   0.000174335548   0.000033187045
  217    3  0.0000  0.0000  0.0150
 -0.000875151242  -0.000459568276  -0.004540224815
  0.000271830496   0.000413007691   0.000762976269
  0.000003504616   0.000292969644  -0.000414328431
 -0.000026881816   0.001180130599  -0.001869613693
 -0.000004359866  -0.000078327362   0.000726078125
 -0.000459632084   0.000363861292  -0.000416580995
  0.000549032708   0.000155160549   0.009075554619
 -0.000092075756   0.000550590777   0.000148511613
 -0.000330338756   0.000108948789  -0.000344421480
 -0.000110548027  -0.000067875627  -0.001834536070
  0.000101966708   0.000085701322   0.000059992923
  0.000209243365   0.000370895680  -0.000556038324
  0.000515716691   0.000124418791  -0.000156076558
  0.000233793869  -0.000057359234  -0.000314813477
 -0.000301281813   0.000965370548  -0.000159796384
 -0.000072286885   0.000020633976   0.001715043678
  0.000033579577   0.000310922224  -0.000151580006
 -0.000324040491   0.000987889718  -0.000518101572
  0.000264277955   0.000099492192   0.009334870956
 -0.000088204420  -0.000570686795  -0.000886996143
 -0.000133836121  -0.000052834162   0.000286511985
  0.001407657712  -0.000500831724   0.000967864732
 -0.000423091167  -0.000284012704   0.000776650983
  0.000440997155   0.000145937939  -0.000047206082
  0.000049050679  -0.000143640399  -0.006046920400
  0.000123200059  -0.000883764516   0.000039863650
  0.000173443405   0.000078231440  -0.000105730236
 -0.001679400513  -0.001092858755   0.000632141026
 -0.000113124052  -0.000061901130  -0.000132817058
 -0.000194484267  -0.000180548604  -0.000063672087
  0.000196671494  -0.000168980487   0.000544333220
 -0.000105136520   0.000000071219  -0.000442632081
  0.000594285461   0.000048626630   0.000129074425
  0.000211062508  -0.000204119556  -0.001344435353
  0.000085890151  -0.000153014142  -0.000168109119
  0.000467541111  -0.000137845454   0.000588703691
 -0.000549032708   0.000155160549   0.009075554619
  0.000092075756   0.000550590777   0.000148511613
  0.000330338756   0.000108948789  -0.000344421480
  0.000026881816   0.001180130599  -0.001869613693
  0.000004359866  -0.000078327362   0.000726078125
  0.000459632084   0.000363861292  -0.000416580995
  0.000875151242  -0.000459568276  -0.004540224815
 -0.000271830496   0.000413007691   0.000762976269
 -0.000003504616   0.000292969644  -0.000414328431
  0.000072286885   0.000020633976   0.001715043678
 -0.000033579577   0.000310922224  -0.000151580006
  0.000324040491   0.000987889718  -0.000518101572
 -0.000515716691   0.000124418791  -0.000156076558
 -0.000233793869  -0.000057359234  -0.000314813477
  0.000301281813   0.000965370548  -0.000159796384
  0.000110548027  -0.000067875627  -0.001834536070
 -0.000101966708   0.000085701322   0.000059992923
 -0.000209243365   0.000370895680  -0.000556038324
 -0.000264277955   0.000099492192   0.009334870956
  0.000088204420  -0.000570686795  -0.000886996143
  0.000133836121  -0.000052834162   0.000286511985
 -0.000049050679  -0.000143640399  -0.006046920400
 -0.000123200059  -0.000883764516   0.000039863650
 -0.000173443405   0.000078231440  -0.000105730236
 -0.001407657712  -0.000500831724   0.000967864732
  0.000423091167  -0.000284012704   0.000776650983
 -0.000440997155   0.000145937939  -0.000047206082
  0.001679400513  -0.001092858755   0.000632141026
  0.000113124052  -0.000061901130  -0.000132817058
  0.000194484267  -0.000180548604  -0.000063672087
 -0.000211062508  -0.000204119556  -0.001344435353
 -0.000085890151  -0.000153014142  -0.000168109119
 -0.000467541111  -0.000137845454   0.000588703691
 -0.000196671494  -0.000168980487   0.000544333220
  0.000105136520   0.000000071219  -0.000442632081
 -0.000594285461   0.000048626630   0.000129074425
 -0.000171868528   0.000285986467  -0.010526424400
 -0.000252771588  -0.000390515255   0.000177912709
  0.000429951617  -0.000679223860  -0.002649371053
 -0.000023158886   0.000491709765  -0.000614795767
 -0.000214227601   0.000091448740  -0.000359033845
 -0.000810524931   0.000231305384  -0.000378219091
 -0.000376712446  -0.000008363140   0.002570216832
 -0.000078709387  -0.000360007502  -0.000262451579
 -0.000482204997   0.000335034086   0.000043167967
  0.000087321680  -0.000034730562  -0.000262678505
 -0.000250215494   0.000086957300   0.000058547818
 -0.000608383595   0.000399117497  -0.000108158974
 -0.000395264799  -0.000091513938   0.000570351522
 -0.000303595790   0.000167873267   0.000246108458
 -0.000385018652  -0.000463858832   0.000238136748
 -0.000657761803   0.000098898511   0.000008684617
 -0.000179599621  -0.000205227744  -0.000000673650
 -0.000426387183  -0.000332141274   0.000395124069
  0.000092707900   0.001367569068  -0.009155732147
 -0.000007198011   0.000456037745  -0.000215143625
  0.000241713332   0.000112050897  -0.000018514471
 -0.000113056466  -0.000137713063  -0.000044232786
  0.000780682332  -0.000184569338   0.000866516862
  0.000002935860  -0.000655887784   0.000609076486
  0.000451647972  -0.000304985106  -0.000801685008
  0.000347684350   0.000421949247  -0.001656562947
 -0.000167089402  -0.000362767101  -0.000060772635
  0.000773387658   0.000149368697   0.000165111599
 -0.000220457482   0.000089381271   0.000039489381
  0.000093187073   0.000079492219   0.000034640338
  0.000028521065   0.000216087737   0.000188636112
  0.000228646259   0.000074075544  -0.000400739677
  0.000007646675  -0.000376024573   0.000023325136
  0.000607743137  -0.000096003004   0.000164739729
  0.000366326698  -0.000202787598  -0.000274458477
 -0.000068045640  -0.000075475869   0.000106873291
  0.000376712446  -0.000008363140   0.002570216832
  0.000078709387  -0.000360007502  -0.000262451579
  0.000482204997   0.000335034086   0.000043167967
  0.000023158886   0.000491709765  -0.000614795767
  0.000214227601   0.000091448740  -0.000359033845
  0.000810524931   0.000231305384  -0.000378219091
  0.000171868528   0.000285986467  -0.010526424400
  0.000252771588  -0.000390515255   0.000177912709
 -0.000429951617  -0.000679223860  -0.002649371053
  0.000657761803   0.000098898511   0.000008684617
  0.000179599621  -0.000205227744  -0.000000673650
  0.000426387183  -0.000332141274   0.000395124069
  0.000395264799  -0.000091513938   0.000570351522
  0.000303595790   0.000167873267   0.000246108458
  0.000385018652  -0.000463858832   0.000238136748
 -0.000087321680  -0.000034730562  -0.000262678505
  0.000250215494   0.000086957300   0.000058547818
  0.000608383595   0.000399117497  -0.000108158974
 -0.000092707900   0.001367569068  -0.009155732147
  0.000007198011   0.000456037745  -0.000215143625
 -0.000241713332   0.000112050897  -0.000018514471
 -0.000451647972  -0.000304985106  -0.000801685008
 -0.000347684350   0.000421949247  -0.001656562947
  0.000167089402  -0.000362767101  -0.000060772635
  0.000113056466  -0.000137713063  -0.000044232786
 -0.000780682332  -0.000184569338   0.000866516862
 -0.000002935860  -0.000655887784   0.000609076486
 -0.000773387658   0.000149368697   0.000165111599
  0.000220457482   0.000089381271   0.000039489381
 -0.000093187073   0.000079492219   0.000034640338
 -0.000607743137  -0.000096003004   0.000164739729
 -0.000366326698  -0.000202787598  -0.000274458477
  0.000068045640  -0.000075475869   0.000106873291
 -0.000028521065   0.000216087737   0.000188636112
 -0.000228646259   0.000074075544  -0.000400739677
 -0.000007646675  -0.000376024573   0.000023325136
  0.013200128715  -0.007080524010   0.001700127989
 -0.000169057888  -0.000402147729  -0.000747155697
 -0.000314047174   0.000574078295   0.000672726268
  0.000000000000   0.001235338058   0.000544272475
  0.000000000000  -0.000371765983   0.000012156708
  0.000000000000   0.000250861143   0.001521928182
 -0.013200128715  -0.007080524010   0.001700127989
  0.000169057888  -0.000402147729  -0.000747155697
  0.000314047174   0.000574078295   0.000672726268
  0.000854339774  -0.000616861379  -0.000041829264
  0.000101282534   0.000032022432  -0.000021499710
  0.000172742190   0.000037505669   0.000013298847
  0.000000000000   0.000592220237   0.000287640089
  0.000000000000   0.000282336174   0.000406405593
  0.000000000000   0.000512564003  -0.000052575073
 -0.000854339774  -0.000616861379  -0.000041829264
 -0.000101282534   0.000032022432  -0.000021499710
 -0.000172742190   0.000037505669   0.000013298847
  0.000000000000  -0.022613592800   0.013460936703
  0.000000000000  -0.000114509870   0.001050025286
  0.000000000000  -0.000338333417  -0.000149590459
 -0.000244676109   0.000691562436   0.001131378847
 -0.000028747696   0.000254581158   0.000208145966
 -0.000300859309   0.000482587992   0.000103507263
  0.000244676109   0.000691562436   0.001131378847
  0.000028747696   0.000254581158   0.000208145966
  0.000300859309   0.000482587992   0.000103507263
  0.000000000000  -0.011523876554   0.000606988913
  0.000000000000  -0.000169607166   0.000267032291
  0.000000000000   0.000314248153   0.000266359009
 -0.000315052219   0.000491088401   0.000103748871
  0.000291067176  -0.000070254010   0.000542354324
 -0.000108451471  -0.000069847597  -0.000594094549
  0.000315052219   0.000491088401   0.000103748871
 -0.000291067176  -0.000070254010   0.000542354324
  0.000108451471  -0.000069847597  -0.000594094549
 -0.012185312387   0.007825921485   0.000593789940
  0.000323304617   0.000372837018  -0.000095968950
  0.000062249213  -0.000297504995   0.000448268655
  0.000000000000  -0.001699074127   0.000980046769
  0.000000000000  -0.000082722251   0.000255943487
  0.000000000000  -0.000150323103   0.000541609418
  0.012185312387   0.007825921485   0.000593789940
 -0.000323304617   0.000372837018  -0.000095968950
 -0.000062249213  -0.000297504995   0.000448268655
 -0.002455838621   0.001916097869  -0.001280906180
  0.000230272348  -0.000145495350   0.000109934495
  0.000371250744  -0.000414818311   0.000426981646
  0.000000000000  -0.000654811228  -0.000195108565
  0.000000000000  -0.000483103225   0.000308177399
  0.000000000000  -0.000358288255  -0.000320854485
  0.002455838621   0.001916097869  -0.001280906180
 -0.000230272348  -0.000145495350   0.000109934495
 -0.000371250744  -0.000414818311   0.000426981646
  0.000000000000   0.022579588283   0.004541310586
  0.000000000000   0.000529567233   0.000340390017
  0.000000000000   0.000085377204  -0.000185219014
  0.000320227120  -0.000995270449   0.001123353987
 -0.000301726838   0.000147842489  -0.000534441782
  0.000098665368  -0.000329905172   0.000631915851
 -0.000320227120  -0.000995270449   0.001123353987
  0.000301726838   0.000147842489  -0.000534441782
 -0.000098665368  -0.000329905172   0.000631915851
  0.000000000000   0.003846079041   0.000882167687
  0.000000000000  -0.000127965197   0.000013217740
  0.000000000000   0.000219280916  -0.000343555867
  0.000451744038  -0.000471859776   0.000196010934
 -0.000291480021   0.000185051112   0.000426859716
 -0.000115018610   0.000083536517  -0.000333760460
 -0.000451744038  -0.000471859776   0.000196010934
  0.000291480021   0.000185051112   0.000426859716
  0.000115018610   0.000083536517  -0.000333760460
  0.000000000000  -0.003351401406  -0.026308575517
  0.000000000000   0.000068910343  -0.000127918727
  0.000000000000   0.000065229828  -0.000135408060
 -0.000728370070   0.000228801939  -0.000666901869
  0.000258169918   0.000206196846  -0.000196113231
 -0.000085619269   0.000242243985  -0.000188202975
  0.000728370070   0.000228801939  -0.000666901869
 -0.000258169918   0.000206196846  -0.000196113231
  0.000085619269   0.000242243985  -0.000188202975
  0.000000000000   0.000486368722   0.003300737435
  0.000000000000  -0.000131966739  -0.000122632816
  0.000000000000  -0.000290208001  -0.000117229784
 -0.000503409677   0.000348631131  -0.000874602085
 -0.000042265272   0.000011644673   0.000113203751
 -0.000047017501   0.000449231315   0.000119331316
  0.000503409677   0.000348631131  -0.000874602085
  0.000042265272   0.000011644673   0.000113203751
  0.000047017501   0.000449231315   0.000119331316
  0.000974505409  -0.001655852757   0.010818657320
 -0.000194198025  -0.000171396878   0.000559094605
 -0.000165444701  -0.000271225801  -0.000130715612
  0.000000000000  -0.000680176170   0.001172353856
  0.000000000000   0.000398121099  -0.000272373895
  0.000000000000  -0.000778952082  -0.000808032906
 -0.000974505409  -0.001655852757   0.010818657320
  0.000194198025  -0.000171396878   0.000559094605
  0.000165444701  -0.000271225801  -0.000130715612
  0.000558193936  -0.000407636051   0.001216855505
 -0.000018758885  -0.000078780951  -0.000160457566
  0.000017273011  -0.000435956243  -0.000326395046
  0.000000000000  -0.000334666011  -0.001113834248
  0.000000000000   0.000190980425  -0.000547404787
  0.000000000000  -0.001279915214  -0.000599692346
 -0.000558193936  -0.000407636051   0.001216855505
  0.000018758885  -0.000078780951  -0.000160457566
 -0.000017273011  -0.000435956243  -0.000326395046
  0.000000000000   0.011576611666   0.002573580648
  0.000000000000   0.000087751586   0.000009728540
  0.000000000000   0.000012166255  -0.000008797398
  0.000101255445  -0.000007881383  -0.000084317695
  0.000011458610  -0.000065916890  -0.000022277906
  0.000053869830  -0.000006685859  -0.000013295245
 -0.000101255445  -0.000007881383  -0.000084317695
 -0.000011458610  -0.000065916890  -0.000022277906
 -0.000053869830  -0.000006685859  -0.000013295245
  0.000516978077  -0.000767252804   0.000068018892
  0.000007432987  -0.000010021758   0.000021493260
 -0.000014718584  -0.000046902021  -0.000068351025
  0.000000000000  -0.000094275878  -0.000069859031
  0.000000000000   0.000130873936  -0.000030967623
  0.000000000000   0.000040640841  -0.000027603893
 -0.000516978077  -0.000767252804   0.000068018892
 -0.000007432987  -0.000010021758   0.000021493260
  0.000014718584  -0.000046902021  -0.000068351025
  0.000000000000  -0.000712021942   0.000271378854
  0.000000000000   0.000019993386  -0.000018819532
  0.000000000000  -0.000065715869   0.000009901725
 -0.000058932495   0.000019569981   0.000002181780
  0.000046782920  -0.000004803677  -0.000014327667
  0.000045508064   0.000041829892  -0.000000790153
  0.000058932495   0.000019569981   0.000002181780
 -0.000046782920  -0.000004803677  -0.000014327667
 -0.000045508064   0.000041829892  -0.000000790153
 -0.000175337585   0.000103084620   0.000042911264
 -0.000022484037   0.000026039587  -0.000004440313
 -0.000008078514   0.000089263433  -0.000011041025
  0.000000000000  -0.000030869297   0.000006300384
  0.000000000000   0.000092588333  -0.000001872633
  0.000000000000  -0.000046931911  -0.000018298846
  0.000175337585   0.000103084620   0.000042911264
  0.000022484037   0.000026039587  -0.000004440313
  0.000008078514   0.000089263433  -0.000011041025
  253    1  0.0150  0.0000  0.0000
 -0.002236054301  -0.001202596314  -0.000962352577
 -0.000015165721  -0.000085004478   0.000006452324
 -0.000095573026  -0.000382320946  -0.000007421549
  0.000029919899   0.000132835356   0.000071671923
 -0.000198036089  -0.000285327723   0.000040654952
 -0.000059509350   0.000066568298   0.000022185690
 -0.000274247079   0.000003061302   0.000029517178
 -0.000117967029  -0.000181400102  -0.000031624301
  0.000116579446  -0.000054962056  -0.000018878801
  0.000627813432   0.000419549162  -0.000092684010
  0.000012560409   0.000142878053  -0.000028657954
  0.000099366920   0.000069817431   0.000072856066
  0.000024641913   0.000152209189   0.000057478056
  0.000029278326  -0.000006462874   0.000022439204
 -0.000006090303  -0.000084346702  -0.000002671245
  0.000086236643   0.000418524117   0.000032900367
 -0.000116811953   0.000023564723   0.000029959916
  0.000187619455   0.000008653974   0.000156442615
  0.001603137351  -0.001088109166   0.011238994329
  0.000015843057   0.000132081098  -0.000024612289
 -0.000028632024  -0.000041399640  -0.000108952032
  0.000101854036  -0.000140391291  -0.000150991632
  0.000096622975   0.000058484613   0.000025562020
  0.000031053398   0.000026508385   0.000012307083
  0.000069582794   0.000044815365  -0.000149402972
  0.000127359907   0.000079147717   0.000015665127
 -0.000028883833   0.000034520529   0.000004392877
 -0.001442111989  -0.001351774134   0.000512242497
  0.000024053908  -0.000089199742  -0.000016943633
 -0.000040747117   0.000043134997  -0.000039805020
 -0.000071713871  -0.000181893506  -0.000032390269
 -0.000022404537  -0.000067348296  -0.000003712412
  0.000014549982   0.000149273557   0.000042471947
  0.000044888201  -0.000104296400  -0.000045899480
  0.000074865902  -0.000012599669  -0.000050292707
 -0.000082917722   0.000154880859  -0.000028238853
 -0.000252500658   0.000237652223  -0.000075691485
 -0.000116763008  -0.000095446770   0.000041240791
  0.000088424233   0.000078915837   0.000021351983
  0.000029931635   0.000158632096  -0.000057719589
 -0.000132923670  -0.000018470441  -0.000027450028
 -0.000017108969  -0.000098436387  -0.000019490504
 -0.002152014369   0.001462105588   0.000857143135
 -0.000040534351  -0.000194778751   0.000002988333
 -0.000112872380   0.000402072881   0.000017764101
  0.000038502773  -0.000263140587  -0.000033980765
 -0.000085740805   0.000056279180  -0.000036282653
  0.000124221752  -0.000235326320  -0.000137380476
 -0.000025214312   0.000058479784  -0.000052246189
  0.000121670345   0.000044925251  -0.000029396545
 -0.000008312223  -0.000202201469   0.000008597395
  0.000647229890  -0.000248702277   0.000094426688
  0.000035164111  -0.000064032348   0.000015993920
  0.000034387935  -0.000283044341  -0.000072250031
  0.001715240383   0.000729278458  -0.011248235626
  0.000034773069   0.000149060607   0.000017045683
 -0.000033715521   0.000009646823   0.000123818365
  0.000039601981  -0.000280187106   0.000168355303
  0.000113801749   0.000226235636  -0.000008438892
 -0.000080184989  -0.000038203267   0.000026410142
  0.000013716140  -0.000109438570   0.000144591019
  0.000081784554   0.000249085646  -0.000027076459
  0.000003392948  -0.000015981778  -0.000000845672
 -0.001300432419   0.001113279594  -0.000543617927
  0.000027778177  -0.000003327754   0.000018936605
  0.000011418537   0.000158649360   0.000040605991
  0.000050498132  -0.000023088710   0.000045617800
  0.000024627647  -0.000044845776   0.000044943134
 -0.000056075844   0.000085574349   0.000027638189
 -0.000113540111   0.000032227657   0.000033191587
 -0.000067247547   0.000021827010   0.000012805675
  0.000054465961   0.000097271167  -0.000042728835
  0.000332565119  -0.000083854130   0.000284455463
 -0.000021616025   0.000012833578  -0.000009395736
 -0.000698180003   0.001360222640   0.000072682545
 -0.000003037006  -0.000054486876   0.000001448154
 -0.000107214189   0.000268279132   0.000114005904
  0.000012117539  -0.000023060188   0.000122112422
  0.000090632945  -0.000172476563   0.000136673230
 -0.000062172513   0.000143956969  -0.000047492003
  0.000091849422   0.000105321764  -0.000067828403
 -0.000202589096  -0.000245075027   0.000102161443
  0.000051720158  -0.000108819178  -0.000024762130
  0.000250382138  -0.000275764565  -0.000117581644
  0.000057932904  -0.000069908535   0.000024812442
 -0.000021699897   0.000037643533  -0.000016522152
 -0.000020731382   0.000035423439   0.000016495451
  0.000210280966  -0.000346268919   0.000170672060
  0.000011049957   0.000020481369  -0.000006010145
 -0.000175020875  -0.000077197375   0.000043590344
  0.001158640738   0.001229826946   0.006242519442
  0.000017854754  -0.000042858930  -0.000055204404
 -0.000008452365   0.000003269675  -0.000049771398
 -0.000023728363   0.000130048144  -0.000094284104
  0.000143897811  -0.000037613516   0.000024057791
  0.000025581436  -0.000145415332  -0.000011475200
  0.000030029706  -0.000055958467  -0.000157404030
 -0.000078170475   0.000094904800  -0.000003271476
 -0.000044579923  -0.000014029089  -0.000003815577
 -0.000270506347   0.001563478627   0.000348974872
 -0.000001839870   0.000024198092  -0.000050082000
  0.000010925819   0.000009848516  -0.000004581693
 -0.000093027842   0.000140926236   0.000032952654
 -0.000017522713   0.000051285434   0.000036329666
  0.000101219543  -0.000154503856   0.000023853821
 -0.000039299357   0.000041793800  -0.000021189395
  0.000079278337  -0.000059741548   0.000019006795
 -0.000015563027  -0.000034053681   0.000045480879
  0.000004326009   0.000047345109  -0.000140378967
  0.000014650104  -0.000009181428   0.000057430714
  0.000116253769  -0.000113184150   0.000086840204
 -0.000127462410  -0.000063436402   0.000011210083
  0.000019447847  -0.000080316545  -0.000100908858
  0.000065524224   0.000068937587  -0.000117111017
  0.000208880296  -0.000028817787  -0.000191056594
  0.000056052839   0.000121253332   0.000020220982
 -0.000649111436  -0.001362821664  -0.000004642419
  0.000188931433   0.000252351007  -0.000166933514
 -0.000038861194  -0.000055856122   0.000008511884
 -0.000136825127   0.000147790847  -0.000037184836
  0.000015148191  -0.000012344965  -0.000026490901
 -0.000031077070  -0.000021428981   0.000022121961
  0.000050878485   0.000095128205  -0.000015073040
 -0.000257107542   0.000158402912  -0.000089082575
  0.000010806747   0.000068137976   0.000021798663
  0.000305025499   0.000338305151   0.000114186257
  0.001251490766  -0.001058755699  -0.005979028645
 -0.000088076288  -0.000087964034   0.000061626521
  0.000051928319   0.000024702883   0.000059118399
  0.000042683647   0.000149210634   0.000169416867
 -0.000198388333  -0.000248521208   0.000015270156
 -0.000009472671  -0.000004543151   0.000030528677
  0.000022433310  -0.000049092550   0.000096772903
  0.000008335459  -0.000134735319  -0.000018758324
  0.000070704961   0.000127384511   0.000022674607
 -0.000115740442  -0.001399548147  -0.000343590236
 -0.000008001648   0.000018510367   0.000059228890
 -0.000039120185  -0.000087078446   0.000000637451
  0.000035095693   0.000072812676   0.000025223313
  0.000033379219   0.000051083437  -0.000014373730
 -0.000072661505  -0.000078584924  -0.000044780620
  0.000023615785  -0.000049482080  -0.000028523757
 -0.000064819392  -0.000066025247  -0.000026172426
  0.000035162771   0.000041181706  -0.000023935823
  0.000722807156   0.001335168197   0.000635664570
  0.000047509399   0.000032777889  -0.000005846294
  0.000427705842  -0.000254835362   0.000123842701
  0.000058240365  -0.000034344420  -0.000083965557
  0.000140620036   0.000040341064   0.000144892636
 -0.000107843956   0.000003358145   0.000028119743
  0.000772908995  -0.001347789312  -0.000818250932
  0.000048002879   0.000037735633   0.000211667625
  0.000440380901   0.000257118030  -0.000146164670
 -0.000320293928  -0.000192137009  -0.000123893394
 -0.000013410585  -0.000011825635  -0.000014646319
 -0.000209963929   0.000053671996  -0.000024714676
 -0.000060262338  -0.000020734800  -0.000058354069
 -0.000003224076   0.000004350898   0.000018579671
 -0.000025488711   0.000026716223   0.000064946919
 -0.000313607859   0.000161386327  -0.000024760286
 -0.000013765984  -0.000007790097  -0.000005640364
 -0.000211330688  -0.000012895200   0.000082361285
  0.030702011054   0.000161289635   0.000117714952
  0.000030323341  -0.000024255823  -0.000084848112
  0.000085720707   0.000003052969   0.000001041456
  0.000111542530   0.000113759188   0.000118685289
 -0.000044399577  -0.000007304185  -0.000100046864
  0.000003770113   0.000012301741  -0.000041637723
  0.000098058147  -0.000061953088   0.000005052025
 -0.000046759803  -0.000041947571  -0.000104825434
 -0.000002317311  -0.000022632408  -0.000002260812
  0.000463757779   0.000041262274   0.000068778279
  0.000070818165   0.000012759562   0.000044599228
  0.000101327199  -0.000027831628  -0.000049711303
  0.000167114222   0.000089099336   0.000144290287
 -0.000005604114  -0.000010944687   0.000050730357
 -0.000011985979  -0.000025854331  -0.000146311549
  0.000161786224  -0.000041051596  -0.000005372455
  0.000006726320   0.000022900913  -0.000070324671
 -0.000010192893  -0.000033354442  -0.000011978877
  0.000405744668   0.000191515038  -0.000297755540
 -0.000020699589   0.000016471206  -0.000067023433
  0.000169124617  -0.000121694633  -0.000143269154
  0.000030077765  -0.000031101733   0.000048059677
  0.000214499928   0.000031091261  -0.000117767478
  0.000051124754   0.000003216592  -0.000012371738
  0.000364505699  -0.000316108419   0.000407713021
 -0.000020276706   0.000043255278  -0.000122800937
  0.000164781377   0.000095966009   0.000173193549
 -0.000596308659  -0.000763427944   0.000050147872
 -0.000059246109  -0.000024370415   0.000149016057
 -0.000240639311   0.000201095152   0.000058435730
 -0.000034626464  -0.000019588227   0.000069366470
 -0.000071891621  -0.000004407885  -0.000029228440
 -0.000022604552   0.000031047330  -0.000097018140
 -0.000596724715   0.000714297628   0.000119702163
 -0.000055945496   0.000001200218  -0.000124397067
 -0.000224523860  -0.000148342036  -0.000150075456
 -0.002594804895  -0.000063447779  -0.000144425610
 -0.000029067499  -0.000033798079   0.000081423343
 -0.000150663642   0.000006664770  -0.000008245403
 -0.000286418838  -0.000093445360  -0.000171155773
  0.000001385787  -0.000040834844   0.000122502082
 -0.000070641823  -0.000003071369   0.000098309780
 -0.000279941959   0.000146732984   0.000013462271
  0.000010423014  -0.000033929314   0.000100580384
 -0.000056363867   0.000004105146  -0.000036066127
  0.002249413884   0.000015822500  -0.000094354169
 -0.000012863990   0.000016628499  -0.000031920471
  0.000016917530  -0.000025115768   0.000028981101
  0.000050411902  -0.000029844251  -0.000092099141
  0.000021385725   0.000026938541  -0.000067434197
  0.000037925256   0.000021621290   0.000039631511
  0.000050579650   0.000061371609  -0.000036692728
  0.000022750871  -0.000012917717   0.000066157213
  0.000039062995  -0.000081975387   0.000075028676
  0.002262473324  -0.000032834919  -0.000188531304
  0.000019133762  -0.000000697425  -0.000004309028
  0.000074415870  -0.000007238723   0.000002561875
  0.000041157378  -0.000063168404  -0.000092771875
 -0.000092422333   0.000005537624  -0.000048795284
  0.000005733444   0.000143864009   0.000003237765
  0.000101522351   0.000081610451   0.000096425462
 -0.000091140391   0.000049134286   0.000048665437
  0.000003156247  -0.000117994630   0.000012746745
  0.000281561993  -0.000050986729  -0.000021750550
 -0.000017310037  -0.000005663930   0.000006434653
 -0.000000979273  -0.000022168142   0.000002378604
 -0.000051992705  -0.000043026592  -0.000058865992
  0.000007008381  -0.000066407043   0.000047004654
  0.000031302990   0.000040595589   0.000042062785
  0.000020830930   0.000000494094   0.000055125353
  0.000008428803   0.000125978928  -0.000040643049
  0.000028040070  -0.000059994740  -0.000042228324
 -0.000157070970  -0.001505525125  -0.000532180101
  0.000011736294   0.000050399102  -0.000002689712
 -0.000121308651   0.000041448074   0.000033588623
 -0.000157594215  -0.000008530826   0.000003182941
  0.000011623953  -0.000043853380   0.000006208043
  0.000140156838  -0.000022753198   0.000005387977
 -0.000210186856   0.001526407685   0.000508941357
  0.000019214604  -0.000069466562   0.000009162942
 -0.000099013427  -0.000051175939  -0.000033202666
  0.000038544403   0.000530459198  -0.000182987164
  0.000029004692   0.000035573442  -0.000023053084
 -0.000007351338  -0.000050072561  -0.000005731613
  0.000080261902   0.000010637939  -0.000000762646
 -0.000097611070  -0.000037546634  -0.000000460789
  0.000035142264   0.000003444282   0.000001892409
 -0.000018731555  -0.000445219633   0.000167324187
  0.000051801873  -0.000061434288   0.000024818012
  0.000011406346   0.000092594218   0.000013855081
 -0.031836780536   0.000052364957  -0.000064152906
 -0.000001977649   0.000000497524   0.000000689742
 -0.000001290813  -0.000002165100   0.000005453024
  0.000015622943  -0.000007877288  -0.000009587286
  0.000006347821  -0.000014209302   0.000000015435
  0.000006729641   0.000000888810   0.000006568845
  0.000010849396   0.000009003189  -0.000013770114
  0.000004081692   0.000024708461  -0.000009951623
  0.000002650274  -0.000007024431  -0.000017357951
 -0.000114829859  -0.000119414667   0.000040736402
 -0.000010510569   0.000001768710   0.000008263014
 -0.000104078270   0.000038643472   0.000027993320
 -0.000007575702   0.000000062844  -0.000017154480
 -0.000068463914  -0.000004037484  -0.000015248898
 -0.000002932916  -0.000004087815  -0.000011594474
 -0.000115215652   0.000110497786  -0.000059360633
 -0.000012589798  -0.000003298589  -0.000001120353
 -0.000107566679  -0.000048937567  -0.000026130730
 -0.001012970574  -0.000006933680  -0.000009921407
 -0.000013731615   0.000000335510  -0.000002052267
 -0.000014948406  -0.000001442718  -0.000009582699
 -0.000019699465   0.000002944879  -0.000013861706
  0.000001613123   0.000001829783   0.000002237322
  0.000003057168  -0.000005435813  -0.000001613112
 -0.000020009830  -0.000009778983  -0.000001238821
 -0.000000176747   0.000003195870   0.000002684604
 -0.000000840693   0.000007580011   0.000005639653
  0.000185218256   0.000171275930   0.000017316491
  0.000005106343   0.000004744275  -0.000005218443
  0.000107300938  -0.000067465996  -0.000013929298
  0.000020245317  -0.000001426630   0.000005985109
  0.000030771529   0.000003505684   0.000003843549
  0.000007287583  -0.000004759700   0.000000091605
  0.000182193852  -0.000167528785  -0.000021034229
  0.000002714179   0.000001390202   0.000003089422
  0.000105461330   0.000059880248   0.000000506876
  253    2  0.0000  0.0150  0.0000
 -0.003036182370  -0.001697323407  -0.001049763515
 -0.000011123610   0.000067464392   0.000007050479
  0.000052493308   0.000402814761   0.000080632363
 -0.000019656970   0.000128596854   0.000010973681
 -0.000098908906   0.000075418936  -0.000044361398
 -0.000140931239  -0.000029307377  -0.000040578657
  0.000070948608   0.000265645969   0.000351553075
 -0.000059768807   0.000115066989   0.000044842430
  0.000140566866  -0.000038464885   0.000049411220
  0.000849591233   0.000128490387  -0.000178348651
 -0.000054468830  -0.000006470180  -0.000026057041
  0.000092390231  -0.000088037868   0.000015748024
  0.000001870553  -0.000151595088  -0.000014760098
  0.000105958818  -0.000120507828   0.000019701424
 -0.000141691560   0.000020542656  -0.000009632457
  0.000066196602  -0.000257152756   0.000047040281
 -0.000021825160   0.000005226819   0.000059609955
  0.000249083721   0.000187217776   0.000071669959
  0.001411420703   0.002067825503   0.003784565982
 -0.000049152154  -0.000133203181  -0.000006267948
  0.000104905295  -0.000002307735   0.000023317382
  0.000057043639  -0.000170990873  -0.000016315613
  0.000196506995  -0.000178138800   0.000039184074
  0.000066333794  -0.000088033487   0.000026995866
  0.000110670579  -0.000309237656  -0.000162690929
  0.000034683274  -0.000053590085  -0.000071729498
 -0.000245785220  -0.000029523138  -0.000071850502
 -0.001378435436   0.000420365785   0.000054093184
 -0.000115484454  -0.000077524967   0.000035150213
  0.000006021053  -0.000009909909   0.000011248567
 -0.000137625906   0.000086097538   0.000024090528
  0.000045467871  -0.000020768294  -0.000038838963
 -0.000002494363  -0.000097282760   0.000014274895
 -0.000028029459   0.000110298014  -0.000059131846
  0.000025396392  -0.000078520489  -0.000028442703
 -0.000063516597  -0.000001870994  -0.000055783211
 -0.000070948608   0.000265645969   0.000351553075
  0.000059768807   0.000115066989   0.000044842430
 -0.000140566866  -0.000038464885   0.000049411220
  0.000019656970   0.000128596854   0.000010973681
  0.000098908906   0.000075418936  -0.000044361398
  0.000140931239  -0.000029307377  -0.000040578657
  0.003036182370  -0.001697323407  -0.001049763515
  0.000011123610   0.000067464392   0.000007050479
 -0.000052493308   0.000402814761   0.000080632363
 -0.000066196602  -0.000257152756   0.000047040281
  0.000021825160   0.000005226819   0.000059609955
 -0.000249083721   0.000187217776   0.000071669959
 -0.000001870553  -0.000151595088  -0.000014760098
 -0.000105958818  -0.000120507828   0.000019701424
  0.000141691560   0.000020542656  -0.000009632457
 -0.000849591233   0.000128490387  -0.000178348651
  0.000054468830  -0.000006470180  -0.000026057041
 -0.000092390231  -0.000088037868   0.000015748024
 -0.001411420703   0.002067825503   0.003784565982
  0.000049152154  -0.000133203181  -0.000006267948
 -0.000104905295  -0.000002307735   0.000023317382
 -0.000110670579  -0.000309237656  -0.000162690929
 -0.000034683274  -0.000053590085  -0.000071729498
  0.000245785220  -0.000029523138  -0.000071850502
 -0.000057043639  -0.000170990873  -0.000016315613
 -0.000196506995  -0.000178138800   0.000039184074
 -0.000066333794  -0.000088033487   0.000026995866
  0.001378435436   0.000420365785   0.000054093184
  0.000115484454  -0.000077524967   0.000035150213
 -0.000006021053  -0.000009909909   0.000011248567
  0.000028029459   0.000110298014  -0.000059131846
 -0.000025396392  -0.000078520489  -0.000028442703
  0.000063516597  -0.000001870994  -0.000055783211
  0.000137625906   0.000086097538   0.000024090528
 -0.000045467871  -0.000020768294  -0.000038838963
  0.000002494363  -0.000097282760   0.000014274895
  0.000189324674   0.000097095576  -0.000380715284
 -0.000022913960  -0.000012740299   0.000014722430
  0.001235981819  -0.001266515545  -0.000037690764
  0.000017647700  -0.000011392615  -0.000039089397
  0.000234553294  -0.000094670115  -0.000017747251
 -0.000092686760   0.000014527497   0.000025554848
 -0.000014232999   0.000020872010  -0.000055034350
 -0.000049499124   0.000001720929  -0.000001593305
  0.000169112388   0.000084448783  -0.000143438505
 -0.000323425528  -0.000237887962  -0.000048238554
 -0.000049721105   0.000057914134  -0.000002960668
 -0.000275964854   0.000294187835   0.000139026701
 -0.000032909203   0.000022639467  -0.000008949089
  0.000105730327   0.000023651248  -0.000034513045
 -0.000123145294   0.000036416172  -0.000003957164
 -0.000278175711   0.000218008744  -0.000190898050
 -0.000081461108   0.000028603440  -0.000012185284
 -0.000138900035  -0.000089017969  -0.000046413136
  0.000865732338   0.000876290177  -0.007785946257
 -0.000070487623   0.000115251357  -0.000036936967
  0.000051004056   0.000036523697  -0.000019705506
 -0.000046456995   0.000065906525  -0.000043618078
  0.000165268230   0.000054295972   0.000034842880
 -0.000031213727   0.000142389712   0.000002072439
 -0.000021819559   0.000029337657  -0.000005031596
  0.000267283230  -0.000109810571  -0.000008356428
  0.000012147150   0.000020864247   0.000058509245
  0.001502540453  -0.000612111854  -0.000546598886
  0.000008333016  -0.000019640698  -0.000019715898
  0.000056336136  -0.000018155931   0.000005428148
  0.000068754915  -0.000007611220  -0.000003461013
  0.000083521188  -0.000002466263  -0.000035402743
 -0.000030188022   0.000111449828   0.000013243550
  0.000041287169   0.000011756136  -0.000015071499
  0.000108382441   0.000019891473   0.000026979403
  0.000001044562  -0.000019927008  -0.000055708685
  0.000014232999   0.000020872010  -0.000055034350
  0.000049499124   0.000001720929  -0.000001593305
 -0.000169112388   0.000084448783  -0.000143438505
 -0.000017647700  -0.000011392615  -0.000039089397
 -0.000234553294  -0.000094670115  -0.000017747251
  0.000092686760   0.000014527497   0.000025554848
 -0.000189324674   0.000097095576  -0.000380715284
  0.000022913960  -0.000012740299   0.000014722430
 -0.001235981819  -0.001266515545  -0.000037690764
  0.000278175711   0.000218008744  -0.000190898050
  0.000081461108   0.000028603440  -0.000012185284
  0.000138900035  -0.000089017969  -0.000046413136
  0.000032909203   0.000022639467  -0.000008949089
 -0.000105730327   0.000023651248  -0.000034513045
  0.000123145294   0.000036416172  -0.000003957164
  0.000323425528  -0.000237887962  -0.000048238554
  0.000049721105   0.000057914134  -0.000002960668
  0.000275964854   0.000294187835   0.000139026701
 -0.000865732338   0.000876290177  -0.007785946257
  0.000070487623   0.000115251357  -0.000036936967
 -0.000051004056   0.000036523697  -0.000019705506
  0.000021819559   0.000029337657  -0.000005031596
 -0.000267283230  -0.000109810571  -0.000008356428
 -0.000012147150   0.000020864247   0.000058509245
  0.000046456995   0.000065906525  -0.000043618078
 -0.000165268230   0.000054295972   0.000034842880
  0.000031213727   0.000142389712   0.000002072439
 -0.001502540453  -0.000612111854  -0.000546598886
 -0.000008333016  -0.000019640698  -0.000019715898
 -0.000056336136  -0.000018155931   0.000005428148
 -0.000041287169   0.000011756136  -0.000015071499
 -0.000108382441   0.000019891473   0.000026979403
 -0.000001044562  -0.000019927008  -0.000055708685
 -0.000068754915  -0.000007611220  -0.000003461013
 -0.000083521188  -0.000002466263  -0.000035402743
  0.000030188022   0.000111449828   0.000013243550
  0.001088708600   0.000615683985   0.000278683922
  0.000008556593  -0.000015151527  -0.000040545103
 -0.000515492468   0.000313924082  -0.000356951472
  0.000000000000   0.000022394528  -0.000051721548
  0.000000000000   0.000271884019  -0.000030226800
  0.000000000000   0.000132025734   0.000166975926
 -0.001088708600   0.000615683985   0.000278683922
 -0.000008556593  -0.000015151527  -0.000040545103
  0.000515492468   0.000313924082  -0.000356951472
 -0.000197595056  -0.000396862448  -0.000021640934
  0.000017635277  -0.000011240946   0.000036562408
  0.000067243333  -0.000164632237   0.000032894613
  0.000000000000  -0.000019436928   0.000075170985
  0.000000000000  -0.000076307857   0.000053984650
  0.000000000000   0.000070465152   0.000070451509
  0.000197595056  -0.000396862448  -0.000021640934
 -0.000017635277  -0.000011240946   0.000036562408
 -0.000067243333  -0.000164632237   0.000032894613
  0.000000000000   0.031723764288  -0.025925992199
  0.000000000000  -0.000050535374   0.000129912221
  0.000000000000  -0.000140261147  -0.000026410896
 -0.000015832774  -0.000055245950   0.000169984706
 -0.000031362684  -0.000038128926   0.000008676998
  0.000029677826   0.000026395981   0.000024691706
  0.000015832774  -0.000055245950   0.000169984706
  0.000031362684  -0.000038128926   0.000008676998
 -0.000029677826   0.000026395981   0.000024691706
  0.000000000000   0.000952194322  -0.000458494811
  0.000000000000   0.000008215392   0.000033303580
  0.000000000000   0.000117314634   0.000026925921
 -0.000027997045   0.000121500148  -0.000026318665
 -0.000010701749  -0.000002676986  -0.000031564758
  0.000018094310   0.000000718543   0.000049050795
  0.000027997045   0.000121500148  -0.000026318665
  0.000010701749  -0.000002676986  -0.000031564758
 -0.000018094310   0.000000718543   0.000049050795
  0.000083137405   0.000856200478  -0.000284965388
  0.000033531423   0.000016393904   0.000016382718
 -0.000098384187   0.000273305017   0.000255169165
  0.000000000000   0.000049749242   0.000078390803
  0.000000000000   0.000054248661   0.000085701200
  0.000000000000   0.000017332432  -0.000024299640
 -0.000083137405   0.000856200478  -0.000284965388
 -0.000033531423   0.000016393904   0.000016382718
  0.000098384187   0.000273305017   0.000255169165
 -0.000654845159  -0.000594971048  -0.000043112933
  0.000007611943   0.000017559263  -0.000041412940
  0.000286566478  -0.000231932840   0.000015842443
  0.000000000000  -0.000092745022  -0.000071752817
  0.000000000000  -0.000063990829  -0.000009425467
  0.000000000000   0.000009671583  -0.000111768859
  0.000654845159  -0.000594971048  -0.000043112933
 -0.000007611943   0.000017559263  -0.000041412940
 -0.000286566478  -0.000231932840   0.000015842443
  0.000000000000  -0.003866761589  -0.001436482964
  0.000000000000  -0.000013920734  -0.000138705995
  0.000000000000  -0.000062454748  -0.000028039689
 -0.000004153139  -0.000097213995  -0.000040477184
  0.000015759711  -0.000089707068   0.000084581208
  0.000002986000  -0.000072690644  -0.000078826580
  0.000004153139  -0.000097213995  -0.000040477184
 -0.000015759711  -0.000089707068   0.000084581208
 -0.000002986000  -0.000072690644  -0.000078826580
  0.000000000000   0.002328168242   0.000318130670
  0.000000000000   0.000080653986   0.000001174280
  0.000000000000   0.000051417808  -0.000007385666
  0.000025141352   0.000041585623   0.000051386243
 -0.000055336465  -0.000052676398   0.000077562416
  0.000044362496   0.000002731246   0.000040670353
 -0.000025141352   0.000041585623   0.000051386243
  0.000055336465  -0.000052676398   0.000077562416
 -0.000044362496   0.000002731246   0.000040670353
  0.000000000000   0.002879833449   0.011498082494
  0.000000000000  -0.000018182843   0.000001044493
  0.000000000000   0.000141707135   0.000089877250
  0.000024416159   0.000087172740  -0.000010778327
 -0.000124941521   0.000192714031  -0.000015659519
 -0.000068179454  -0.000049439457  -0.000069241886
 -0.000024416159   0.000087172740  -0.000010778327
  0.000124941521   0.000192714031  -0.000015659519
  0.000068179454  -0.000049439457  -0.000069241886
  0.000000000000  -0.001873143974   0.000693872868
  0.000000000000  -0.000058811105   0.000066434284
  0.000000000000  -0.000089904692  -0.000023877341
  0.000078944639  -0.000093333671  -0.000016761418
 -0.000063778475   0.000081201302  -0.000041812935
  0.000006356426   0.000015328621  -0.000001560916
 -0.000078944639  -0.000093333671  -0.000016761418
  0.000063778475   0.000081201302  -0.000041812935
 -0.000006356426   0.000015328621  -0.000001560916
  0.000513758418  -0.001022010639   0.000745390427
 -0.000014422672  -0.000027847988   0.000006734347
  0.000025636565   0.000033849334   0.000025329459
  0.000000000000  -0.000084666983   0.000085455601
  0.000000000000  -0.000184595168  -0.000136052670
  0.000000000000  -0.000219772427  -0.000043848955
 -0.000513758418  -0.001022010639   0.000745390427
  0.000014422672  -0.000027847988   0.000006734347
 -0.000025636565   0.000033849334   0.000025329459
  0.000024250462   0.000621089264   0.000106046174
  0.000040268823  -0.000020358463   0.000025726346
 -0.000071773681   0.000205513415   0.000083586248
  0.000000000000   0.000089443572  -0.000020424157
  0.000000000000   0.000141973220   0.000091309316
  0.000000000000  -0.000168930149  -0.000049557769
 -0.000024250462   0.000621089264   0.000106046174
 -0.000040268823  -0.000020358463   0.000025726346
  0.000071773681   0.000205513415   0.000083586248
  0.000000000000  -0.032542654381   0.025650208055
  0.000000000000   0.000033632287  -0.000005754147
  0.000000000000   0.000032470527   0.000002650499
  0.000010710520   0.000037096478  -0.000009609649
 -0.000003254186   0.000002874279   0.000000936968
  0.000020049623   0.000007207496  -0.000021542006
 -0.000010710520   0.000037096478  -0.000009609649
  0.000003254186   0.000002874279   0.000000936968
 -0.000020049623   0.000007207496  -0.000021542006
 -0.000113726294  -0.000252653975   0.000080527025
  0.000005019898   0.000002203158  -0.000001587383
  0.000043128539  -0.000115507449  -0.000039483964
  0.000000000000  -0.000018284922  -0.000013805505
  0.000000000000  -0.000070304050  -0.000010625695
  0.000000000000  -0.000014483498  -0.000001124761
  0.000113726294  -0.000252653975   0.000080527025
 -0.000005019898   0.000002203158  -0.000001587383
 -0.000043128539  -0.000115507449  -0.000039483964
  0.000000000000  -0.001117623167   0.000090292957
  0.000000000000  -0.000026337796   0.000002681728
  0.000000000000  -0.000025423353   0.000002704862
 -0.000004352421  -0.000040696734  -0.000013376963
  0.000006797863  -0.000001346504  -0.000001806865
  0.000000560323   0.000006315189   0.000005276980
  0.000004352421  -0.000040696734  -0.000013376963
 -0.000006797863  -0.000001346504  -0.000001806865
 -0.000000560323   0.000006315189   0.000005276980
  0.000168255904   0.000234028288   0.000023065155
  0.000005203127   0.000004392477   0.000007829149
 -0.000064963756   0.000123481544  -0.000003735387
  0.000000000000   0.000030537841  -0.000011998895
  0.000000000000   0.000025828284   0.000011000023
  0.000000000000  -0.000000483955  -0.000003594111
 -0.000168255904   0.000234028288   0.000023065155
 -0.000005203127   0.000004392477   0.000007829149
  0.000064963756   0.000123481544  -0.000003735387
  253    3  0.0000  0.0000  0.0150
 -0.000262934723  -0.000370577446  -0.000421425885
  0.000047509324   0.000160622277   0.000001105780
  0.000049044428  -0.000074201142   0.000007014772
  0.000005666762   0.000053102036  -0.000037748813
  0.000035363900   0.000124976867  -0.000004946587
 -0.000063643747  -0.000145147581  -0.000027754340
  0.000125916350   0.000004916069   0.000088321246
 -0.000028434827   0.000165918773   0.000004531755
 -0.000031231528  -0.000133515895  -0.000027100797
  0.000044559712   0.000023416403  -0.000057829017
  0.000061665584   0.000078164124  -0.000005640225
 -0.000093863178  -0.000199303777  -0.000004304831
 -0.000002516126   0.000045196418  -0.000011457435
  0.000024995461   0.000051326206  -0.000001194101
  0.000078470437  -0.000069324447   0.000006648352
  0.000008769052   0.000013058754   0.000028406231
 -0.000011221661   0.000096549714   0.000006458713
  0.000000299717  -0.000186062200  -0.000008753438
 -0.001283881336  -0.000291811311   0.002147865888
  0.000035820061  -0.000133747806  -0.000021352794
  0.000057480287   0.000155231245  -0.000012072518
 -0.000123963753   0.000016211915   0.000006677565
 -0.000123627737  -0.000236726850   0.000020827602
 -0.000033694137   0.000062344037  -0.000009812113
 -0.000081995501  -0.000050361602  -0.000094336431
 -0.000031772699  -0.000255199631  -0.000013604419
 -0.000067564764   0.000072483229   0.000011183008
  0.000007801057   0.000074591690   0.000140013284
  0.000056263424  -0.000016704576   0.000002070696
 -0.000028486318   0.000151046357  -0.000004697467
 -0.000055297241  -0.000088348403   0.000005474629
 -0.000135405530  -0.000084819078  -0.000011266574
  0.000097387817   0.000127634562  -0.000012028558
 -0.000029921681  -0.000094060943  -0.000034102527
 -0.000031201282  -0.000119279663   0.000003704983
 -0.000049160053   0.000200670847   0.000006624532
 -0.000125916350   0.000004916069   0.000088321246
  0.000028434827   0.000165918773   0.000004531755
  0.000031231528  -0.000133515895  -0.000027100797
 -0.000005666762   0.000053102036  -0.000037748813
 -0.000035363900   0.000124976867  -0.000004946587
  0.000063643747  -0.000145147581  -0.000027754340
  0.000262934723  -0.000370577446  -0.000421425885
 -0.000047509324   0.000160622277   0.000001105780
 -0.000049044428  -0.000074201142   0.000007014772
 -0.000008769052   0.000013058754   0.000028406231
  0.000011221661   0.000096549714   0.000006458713
 -0.000000299717  -0.000186062200  -0.000008753438
  0.000002516126   0.000045196418  -0.000011457435
 -0.000024995461   0.000051326206  -0.000001194101
 -0.000078470437  -0.000069324447   0.000006648352
 -0.000044559712   0.000023416403  -0.000057829017
 -0.000061665584   0.000078164124  -0.000005640225
  0.000093863178  -0.000199303777  -0.000004304831
  0.001283881336  -0.000291811311   0.002147865888
 -0.000035820061  -0.000133747806  -0.000021352794
 -0.000057480287   0.000155231245  -0.000012072518
  0.000081995501  -0.000050361602  -0.000094336431
  0.000031772699  -0.000255199631  -0.000013604419
  0.000067564764   0.000072483229   0.000011183008
  0.000123963753   0.000016211915   0.000006677565
  0.000123627737  -0.000236726850   0.000020827602
  0.000033694137   0.000062344037  -0.000009812113
 -0.000007801057   0.000074591690   0.000140013284
 -0.000056263424  -0.000016704576   0.000002070696
  0.000028486318   0.000151046357  -0.000004697467
  0.000029921681  -0.000094060943  -0.000034102527
  0.000031201282  -0.000119279663   0.000003704983
  0.000049160053   0.000200670847   0.000006624532
  0.000055297241  -0.000088348403   0.000005474629
  0.000135405530  -0.000084819078  -0.000011266574
 -0.000097387817   0.000127634562  -0.000012028558
 -0.000084304469  -0.000160444787  -0.000091596565
  0.000045719662  -0.000105723281   0.000002419728
 -0.000039592520   0.000257370820  -0.000121909661
  0.000027743314  -0.000105671668  -0.000008574012
  0.000086898408  -0.000138831396  -0.000014654163
 -0.000062767666   0.000091906308  -0.000030723073
 -0.000024179088   0.000136471317  -0.000082994803
  0.000051140436  -0.000059750177  -0.000021467975
 -0.000015000180   0.000037363254   0.000016695132
  0.000009759238  -0.000100389590   0.000009103986
  0.000024724839  -0.000055728021  -0.000014286572
 -0.000067150384   0.000148614820   0.000018529332
 -0.000007877885  -0.000043051773   0.000006015752
  0.000096725323  -0.000106075926   0.000009358835
 -0.000034162404   0.000051058563  -0.000001612697
 -0.000000027748   0.000011089855  -0.000052782851
  0.000070944511  -0.000061293205   0.000006589416
 -0.000113278887   0.000096779882  -0.000001521557
 -0.001505950749   0.001692832850   0.000957015614
 -0.000078829073   0.000156953600  -0.000013359466
  0.000130417676  -0.000141024032  -0.000016088073
  0.000050068543   0.000008356493  -0.000011320941
 -0.000064618903   0.000167724027   0.000003161409
  0.000038305741  -0.000065932768  -0.000014939628
 -0.000081535143  -0.000003958411  -0.000016751957
 -0.000081982888   0.000078235873  -0.000029248537
  0.000041838172  -0.000111975845   0.000024204815
  0.000038868662  -0.000018855476   0.000031792764
 -0.000015343871   0.000050632563  -0.000008651914
  0.000075116060  -0.000102894349  -0.000000271690
 -0.000033441074   0.000071046944   0.000002219685
 -0.000030613886   0.000107021011  -0.000010754297
  0.000008544326  -0.000072874763   0.000008344539
 -0.000065333681   0.000061957635   0.000000907743
 -0.000066169213   0.000080911527   0.000013325072
  0.000070953829  -0.000086608267  -0.000005837353
  0.000024179088   0.000136471317  -0.000082994803
 -0.000051140436  -0.000059750177  -0.000021467975
  0.000015000180   0.000037363254   0.000016695132
 -0.000027743314  -0.000105671668  -0.000008574012
 -0.000086898408  -0.000138831396  -0.000014654163
  0.000062767666   0.000091906308  -0.000030723073
  0.000084304469  -0.000160444787  -0.000091596565
 -0.000045719662  -0.000105723281   0.000002419728
  0.000039592520   0.000257370820  -0.000121909661
  0.000000027748   0.000011089855  -0.000052782851
 -0.000070944511  -0.000061293205   0.000006589416
  0.000113278887   0.000096779882  -0.000001521557
  0.000007877885  -0.000043051773   0.000006015752
 -0.000096725323  -0.000106075926   0.000009358835
  0.000034162404   0.000051058563  -0.000001612697
 -0.000009759238  -0.000100389590   0.000009103986
 -0.000024724839  -0.000055728021  -0.000014286572
  0.000067150384   0.000148614820   0.000018529332
  0.001505950749   0.001692832850   0.000957015614
  0.000078829073   0.000156953600  -0.000013359466
 -0.000130417676  -0.000141024032  -0.000016088073
  0.000081535143  -0.000003958411  -0.000016751957
  0.000081982888   0.000078235873  -0.000029248537
 -0.000041838172  -0.000111975845   0.000024204815
 -0.000050068543   0.000008356493  -0.000011320941
  0.000064618903   0.000167724027   0.000003161409
 -0.000038305741  -0.000065932768  -0.000014939628
 -0.000038868662  -0.000018855476   0.000031792764
  0.000015343871   0.000050632563  -0.000008651914
 -0.000075116060  -0.000102894349  -0.000000271690
  0.000065333681   0.000061957635   0.000000907743
  0.000066169213   0.000080911527   0.000013325072
 -0.000070953829  -0.000086608267  -0.000005837353
  0.000033441074   0.000071046944   0.000002219685
  0.000030613886   0.000107021011  -0.000010754297
 -0.000008544326  -0.000072874763   0.000008344539
  0.000328946011   0.000131185125   0.000026571710
 -0.000004710135  -0.000065137958  -0.000153871569
  0.000016691281   0.000016426953   0.000021484923
 -0.000000000000   0.000044149086  -0.000174809199
 -0.000000000000  -0.000044288603  -0.000203435749
 -0.000000000000   0.000034791179   0.000108652460
 -0.000328946011   0.000131185125   0.000026571710
  0.000004710135  -0.000065137958  -0.000153871569
 -0.000016691281   0.000016426953   0.000021484923
 -0.000016684523  -0.000033770252  -0.000018340163
  0.000016515769  -0.000021637920  -0.000067010705
  0.000001000333   0.000035607761   0.000148978190
 -0.000000000000   0.000004560526  -0.000047819524
 -0.000000000000  -0.000020127691  -0.000090898821
 -0.000000000000   0.000025589266   0.000060755094
  0.000016684523  -0.000033770252  -0.000018340163
 -0.000016515769  -0.000021637920  -0.000067010705
 -0.000001000333   0.000035607761   0.000148978190
 -0.000000000000  -0.026116303781   0.336174882055
 -0.000000000000   0.000035850805   0.000247861686
 -0.000000000000  -0.000018189545  -0.000010542732
 -0.000031915378   0.000107291539   0.000188478297
  0.000006658409   0.000037783423   0.000242582453
  0.000024213991   0.000009907786   0.000005862999
  0.000031915378   0.000107291539   0.000188478297
 -0.000006658409   0.000037783423   0.000242582453
 -0.000024213991   0.000009907786   0.000005862999
 -0.000000000000   0.000095186683  -0.000758624326
 -0.000000000000   0.000001910938   0.000068364287
 -0.000000000000  -0.000055482227  -0.000160027179
  0.000004605175   0.000024927297   0.000134484029
 -0.000001898900   0.000022098681   0.000151451379
  0.000018577543  -0.000042377966  -0.000088867469
 -0.000004605175   0.000024927297   0.000134484029
  0.000001898900   0.000022098681   0.000151451379
 -0.000018577543  -0.000042377966  -0.000088867469
  0.000079965183   0.000136499348   0.000644019589
  0.000011170162  -0.000042935837   0.000189553844
  0.000056043883  -0.000062936420   0.000282084497
 -0.000000000000  -0.000067993021   0.000166066680
 -0.000000000000  -0.000065452771   0.000215583886
 -0.000000000000   0.000020053794  -0.000000404223
 -0.000079965183   0.000136499348   0.000644019589
 -0.000011170162  -0.000042935837   0.000189553844
 -0.000056043883  -0.000062936420   0.000282084497
 -0.000068193408   0.000007117579   0.000017351064
  0.000008232901  -0.000017257132   0.000065468903
  0.000019579728   0.000038326609  -0.000148953557
 -0.000000000000  -0.000019925152   0.000157864001
 -0.000000000000  -0.000040705995   0.000153168592
 -0.000000000000   0.000033179173  -0.000079627982
  0.000068193408   0.000007117579   0.000017351064
 -0.000008232901  -0.000017257132   0.000065468903
 -0.000019579728   0.000038326609  -0.000148953557
 -0.000000000000  -0.000666493887   0.005161521922
 -0.000000000000   0.000017762322  -0.000179616187
 -0.000000000000  -0.000011057880   0.000137554883
 -0.000035916439   0.000027464226  -0.000085267424
  0.000008216898   0.000032767584  -0.000242918300
 -0.000012859888  -0.000027281205   0.000023802720
  0.000035916439   0.000027464226  -0.000085267424
 -0.000008216898   0.000032767584  -0.000242918300
  0.000012859888  -0.000027281205   0.000023802720
 -0.000000000000   0.000221694360   0.000248120130
 -0.000000000000   0.000026605911  -0.000042278395
 -0.000000000000  -0.000048492653   0.000133947521
  0.000020115196   0.000003107478  -0.000025633618
 -0.000021077588   0.000021644604  -0.000106012138
  0.000010730040  -0.000037759289   0.000100530897
 -0.000020115196   0.000003107478  -0.000025633618
  0.000021077588   0.000021644604  -0.000106012138
 -0.000010730040  -0.000037759289   0.000100530897
 -0.000000000000  -0.001101934702   0.002784089857
 -0.000000000000  -0.000007910808  -0.000016585208
 -0.000000000000   0.000030398962  -0.000004666492
  0.000182645402  -0.000090512392  -0.000065133444
  0.000041257689  -0.000058382057  -0.000007106351
  0.000011059131  -0.000012281774  -0.000026994751
 -0.000182645402  -0.000090512392  -0.000065133444
 -0.000041257689  -0.000058382057  -0.000007106351
 -0.000011059131  -0.000012281774  -0.000026994751
 -0.000000000000  -0.000065586260   0.000243455890
 -0.000000000000  -0.000029254666   0.000014490843
 -0.000000000000   0.000076181075  -0.000007404616
  0.000060516920  -0.000020984055  -0.000010809710
  0.000079949635  -0.000063110662  -0.000005929026
 -0.000097482202  -0.000000645094   0.000005822523
 -0.000060516920  -0.000020984055  -0.000010809710
 -0.000079949635  -0.000063110662  -0.000005929026
  0.000097482202  -0.000000645094   0.000005822523
  0.000009303685  -0.000041616303   0.000101555275
 -0.000045184160   0.000014329169   0.000009675873
  0.000009120978  -0.000001929902  -0.000055197906
 -0.000000000000   0.000133512747  -0.000043859817
 -0.000000000000   0.000120122249  -0.000025715604
 -0.000000000000  -0.000036133871  -0.000026412302
 -0.000009303685  -0.000041616303   0.000101555275
  0.000045184160   0.000014329169   0.000009675873
 -0.000009120978  -0.000001929902  -0.000055197906
 -0.000026254081   0.000021731408   0.000030134839
 -0.000057097313   0.000007989762   0.000000927753
  0.000096112647  -0.000017981691   0.000000928987
 -0.000000000000   0.000045843080  -0.000008987352
 -0.000000000000   0.000132514693  -0.000003203423
 -0.000000000000  -0.000059920650   0.000001046506
  0.000026254081   0.000021731408   0.000030134839
  0.000057097313   0.000007989762   0.000000927753
 -0.000096112647  -0.000017981691   0.000000928987
 -0.000000000000   0.025650721870  -0.349937550005
 -0.000000000000   0.000002935165  -0.000038148197
 -0.000000000000  -0.000006344634  -0.000056877747
  0.000004846064  -0.000013397607  -0.000068091909
 -0.000008867791  -0.000010634636  -0.000017265452
 -0.000001731135   0.000003164890  -0.000041107044
 -0.000004846064  -0.000013397607  -0.000068091909
  0.000008867791  -0.000010634636  -0.000017265452
  0.000001731135   0.000003164890  -0.000041107044
 -0.000024180502  -0.000042370278  -0.000232221291
 -0.000002536294   0.000005068857  -0.000023444964
 -0.000004686335  -0.000000881623  -0.000147229534
 -0.000000000000   0.000008037825  -0.000009726683
 -0.000000000000   0.000001165376  -0.000030375913
 -0.000000000000   0.000002725934  -0.000036509123
  0.000024180502  -0.000042370278  -0.000232221291
  0.000002536294   0.000005068857  -0.000023444964
  0.000004686335  -0.000000881623  -0.000147229534
 -0.000000000000  -0.000084060224   0.000015858575
 -0.000000000000   0.000000398556  -0.000008836995
 -0.000000000000   0.000007991164   0.000006100164
 -0.000004070769   0.000003332466   0.000002796882
 -0.000002146230   0.000000454345  -0.000008637446
  0.000000809899   0.000003596587   0.000005661540
  0.000004070769   0.000003332466   0.000002796882
  0.000002146230   0.000000454345  -0.000008637446
 -0.000000809899   0.000003596587   0.000005661540
  0.000013019401   0.000014512904  -0.000005829467
 -0.000001491611   0.000002503441  -0.000012548839
 -0.000007152414  -0.000000820145   0.000012254084
 -0.000000000000  -0.000000707703  -0.000000929300
 -0.000000000000   0.000006824923  -0.000005434272
 -0.000000000000  -0.000005761733   0.000002167593
 -0.000013019401   0.000014512904  -0.000005829467
  0.000001491611   0.000002503441  -0.000012548839
  0.000007152414  -0.000000820145   0.000012254084
