    2  162   15
 10.811  1.000
    1    1  0.0150  0.0000  0.0000
 -0.359265329715  -0.067242843237   0.000000000000
  0.001883585256  -0.001287307936   0.000000000000
  0.002333965348  -0.001129766217   0.000000000000
 -0.011130038521  -0.015158200126   0.000000000000
  0.008747587092  -0.003924788327   0.000000000000
  0.000025718861  -0.000832273289   0.000000000000
 -0.011388471765   0.004075431603   0.000000000000
  0.000289562375  -0.002073600153   0.000000000000
  0.008680849891  -0.001179827966   0.000000000000
  0.002715622829   0.050581183807   0.000000000000
 -0.001929014755   0.004621699083   0.000000000000
 -0.001872996969   0.000613436440   0.000000000000
 -0.008540841827   0.009367032319   0.000000000000
 -0.007022404316   0.001187481521   0.000000000000
 -0.000883678589   0.000875381286   0.000000000000
 -0.017658009677  -0.007218020299   0.000000000000
 -0.003464292562  -0.001726433237   0.000000000000
 -0.008866540449   0.001673796885   0.000000000000
  0.003160758253   0.028392395088   0.000000000000
  0.001037673025  -0.001545190050   0.000000000000
  0.000728311641   0.000945122282   0.000000000000
  0.028903256201  -0.009787358326   0.000000000000
  0.000687138365  -0.002159564446   0.000000000000
  0.001539375868  -0.001204005538   0.000000000000
 -0.010866783061  -0.007463726787   0.000000000000
  0.003731745493  -0.001858673812   0.000000000000
  0.003068990746   0.004931251414   0.000000000000
 -0.034103082892   0.015183957172   0.000000000000
 -0.001344095203   0.002822864525   0.000000000000
 -0.002998213653   0.001027814760   0.000000000000
 -0.034933592325   0.003803772228   0.000000000000
 -0.001124711963  -0.001845198144   0.000000000000
 -0.002437773495   0.000509039062   0.000000000000
  0.028756355109  -0.003399420753   0.000000000000
  0.000482020822  -0.002046576256   0.000000000000
 -0.000232446230   0.000420969686   0.000000000000
  0.013332665979   0.042471747923   0.000000000000
 -0.000624471235   0.001683841553   0.000000000000
  0.005471502107  -0.002266941502   0.000000000000
 -0.011817386156   0.002281814636   0.000000000000
  0.000973903438   0.000116211854   0.000000000000
 -0.005550168259   0.003859222467   0.000000000000
  0.012034740013  -0.002360267154   0.000000000000
 -0.000490080553   0.001650823125   0.000000000000
  0.003347919072  -0.004531663764   0.000000000000
 -0.003039370588   0.006870621007   0.000000000000
  0.006083273711  -0.002532846148   0.000000000000
 -0.000312544535  -0.001931522571   0.000000000000
  0.015789383094  -0.002968609098   0.000000000000
  0.001845370187   0.001185364189   0.000000000000
  0.000830627037  -0.000900554733   0.000000000000
 -0.012686083064   0.000643922160   0.000000000000
 -0.002814688607   0.001485351006   0.000000000000
  0.000362593060  -0.000233103564   0.000000000000
  0.011220577464   0.007769050631   0.000000000000
 -0.000569720833  -0.001074359864   0.000000000000
 -0.006994093320  -0.001771264481   0.000000000000
 -0.007696399771  -0.002645145712   0.000000000000
 -0.003812111413  -0.002212570465   0.000000000000
  0.003845397435   0.000396945493   0.000000000000
  0.019717338327  -0.001650971873   0.000000000000
 -0.001070808148   0.000044579348   0.000000000000
 -0.004855966339  -0.000195094467   0.000000000000
  0.001732252113  -0.000914086053   0.000000000000
 -0.004578574218  -0.001873294048   0.000000000000
  0.001732081429   0.000319567510   0.000000000000
  0.019924396312   0.004026519239   0.000000000000
 -0.000952930132   0.004818443283   0.000000000000
  0.000797681139   0.000321343836   0.000000000000
 -0.002227406963  -0.003150948298   0.000000000000
  0.006159634877   0.005102258604   0.000000000000
  0.002370039552   0.002503381080   0.000000000000
  0.028355344355   0.002499589322   0.009115135475
 -0.000256986160   0.000693362790   0.001024430562
  0.000130351343   0.000320389103   0.001628093702
  0.003045641256   0.002142535895   0.003141562618
 -0.000536412396  -0.000826913091   0.000082692244
  0.000295084332   0.000166489886   0.000312067093
 -0.006818990757   0.000783398468   0.000453199121
 -0.000391263682  -0.000130175167   0.000920946504
 -0.002469916401   0.000176737077  -0.000347424458
  0.009990213675   0.004800290876  -0.003102024289
  0.001121301387   0.000241823533  -0.000385031630
  0.000674007256  -0.000218282739  -0.000560349425
 -0.006435233211  -0.002534115843  -0.001596207164
 -0.000022463216   0.000213555265   0.001330483835
 -0.000137788778  -0.000150428033  -0.000746939919
  0.002735908905   0.002653131435  -0.000785472742
  0.000110243199  -0.001016983823  -0.000728295496
  0.000878680878   0.000454861570  -0.000343038976
  0.028355344355   0.002499589322  -0.009115135475
 -0.000256986160   0.000693362790  -0.001024430562
  0.000130351343   0.000320389103  -0.001628093702
  0.003045641256   0.002142535895  -0.003141562618
 -0.000536412396  -0.000826913091  -0.000082692244
  0.000295084332   0.000166489886  -0.000312067093
 -0.006818990757   0.000783398468  -0.000453199121
 -0.000391263682  -0.000130175167  -0.000920946504
 -0.002469916401   0.000176737077   0.000347424458
  0.009990213675   0.004800290876   0.003102024289
  0.001121301387   0.000241823533   0.000385031630
  0.000674007256  -0.000218282739   0.000560349425
 -0.006435233211  -0.002534115843   0.001596207164
 -0.000022463216   0.000213555265  -0.001330483835
 -0.000137788778  -0.000150428033   0.000746939919
  0.002735908905   0.002653131435   0.000785472742
  0.000110243199  -0.001016983823   0.000728295496
  0.000878680878   0.000454861570   0.000343038976
  0.121881148306   0.033318533719   0.000000000000
 -0.002551669434   0.000662732190   0.000000000000
  0.002928818576  -0.001838191469   0.000000000000
  0.048724510214  -0.003608568560   0.000000000000
  0.004543275329  -0.002742430077   0.000000000000
  0.000919471133   0.000296399421   0.000000000000
 -0.018710975922   0.003027477648   0.000000000000
  0.002743114217   0.000542742218   0.000000000000
  0.003639756418  -0.003484749231   0.000000000000
  0.137905573011  -0.111189119138   0.000000000000
 -0.001429680491  -0.001514884056   0.000000000000
 -0.001361236495   0.001016252986   0.000000000000
 -0.024152053509   0.005152034669   0.000000000000
 -0.003968912195   0.006792251632   0.000000000000
 -0.002985965938  -0.000930324898   0.000000000000
  0.041324656385   0.002337962935   0.000000000000
 -0.000879304137   0.001080569870   0.000000000000
  0.000585608311   0.003255575380   0.000000000000
  0.000409145432  -0.000418565824   0.001060352803
  0.000207085889  -0.000031094546   0.000115841004
  0.000174521517   0.000022158670   0.000112414615
  0.000355499410   0.000600442165   0.000430665460
  0.000604239002   0.000570591500  -0.000067353602
  0.000125764670  -0.000067265616   0.000109075182
 -0.000139078526  -0.000083773664   0.000156135741
  0.000259884552   0.000132243191   0.000057836278
  0.000484430214  -0.000088740466  -0.000029500557
 -0.002128480550  -0.003110190783   0.000054251996
 -0.000167902039   0.000015723623   0.000089416473
 -0.000335228141  -0.000130862166   0.000002080549
 -0.000433909187   0.000125853833   0.000185527328
 -0.000312970543   0.000117492066  -0.000111854936
 -0.000127984783   0.000027103615   0.000112677585
 -0.000043772652   0.000012872902  -0.000094766781
 -0.000197393990   0.000094867547   0.000016855159
 -0.000674024861  -0.000289064896  -0.000045461975
  0.000409145432  -0.000418565824  -0.001060352803
  0.000207085889  -0.000031094546  -0.000115841004
  0.000174521517   0.000022158670  -0.000112414615
  0.000355499410   0.000600442165  -0.000430665460
  0.000604239002   0.000570591500   0.000067353602
  0.000125764670  -0.000067265616  -0.000109075182
 -0.000139078526  -0.000083773664  -0.000156135741
  0.000259884552   0.000132243191  -0.000057836278
  0.000484430214  -0.000088740466   0.000029500557
 -0.002128480550  -0.003110190783  -0.000054251996
 -0.000167902039   0.000015723623  -0.000089416473
 -0.000335228141  -0.000130862166  -0.000002080549
 -0.000433909187   0.000125853833  -0.000185527328
 -0.000312970543   0.000117492066   0.000111854936
 -0.000127984783   0.000027103615  -0.000112677585
 -0.000043772652   0.000012872902   0.000094766781
 -0.000197393990   0.000094867547  -0.000016855159
 -0.000674024861  -0.000289064896   0.000045461975
    1    2  0.0000  0.0150  0.0000
 -0.067505630283  -0.459487014713  -0.000000000000
 -0.001348578453   0.001507728558  -0.000000000000
 -0.001067745247   0.001712080134  -0.000000000000
  0.004166901762   0.003852361595  -0.000000000000
 -0.001081657652  -0.004902586782  -0.000000000000
 -0.001904654571  -0.004104559004  -0.000000000000
 -0.015601501840   0.003711676560  -0.000000000000
 -0.000125895484  -0.004002368081  -0.000000000000
 -0.004021380402  -0.005010079149  -0.000000000000
  0.050933650497   0.175280317079  -0.000000000000
  0.004251924759   0.006575685599  -0.000000000000
  0.000392550198  -0.002595670282  -0.000000000000
  0.009442403876   0.010400596599  -0.000000000000
  0.001017941271   0.005619555715  -0.000000000000
  0.000934604119  -0.001619104873  -0.000000000000
 -0.007288291201  -0.006731521583  -0.000000000000
 -0.001536804334  -0.002403688389  -0.000000000000
  0.001375827381  -0.009172218131  -0.000000000000
 -0.028737570851   0.010810829659  -0.000000000000
 -0.000701893216   0.001306241036  -0.000000000000
  0.001272644910   0.001485762239  -0.000000000000
  0.010017833285   0.008074199017  -0.000000000000
  0.000584849541  -0.003938179236  -0.000000000000
  0.002262937140  -0.004027076810  -0.000000000000
  0.007649763200  -0.004401209951  -0.000000000000
 -0.005090919468  -0.005586770394  -0.000000000000
  0.001704101948  -0.005692338304  -0.000000000000
 -0.003502673675   0.013642749853  -0.000000000000
  0.001949815137   0.004590670023  -0.000000000000
 -0.000546870423  -0.001731180740  -0.000000000000
 -0.015851321791   0.013834465284  -0.000000000000
 -0.002470264275   0.004572776917  -0.000000000000
 -0.000742531872  -0.001757233240  -0.000000000000
  0.003263710939  -0.008221929828  -0.000000000000
  0.001953175522  -0.002188801116  -0.000000000000
 -0.000169613948  -0.008462798270  -0.000000000000
  0.060735155352   0.161383702375  -0.000000000000
 -0.001433723944  -0.001769462330  -0.000000000000
 -0.002535528111   0.001594804123  -0.000000000000
 -0.006875577388  -0.000665823541  -0.000000000000
 -0.000142342171   0.001785305181  -0.000000000000
  0.002459842180   0.003400866089  -0.000000000000
  0.001096608945  -0.000509612162  -0.000000000000
  0.002864919597   0.000162441318  -0.000000000000
  0.000254158583   0.005338960364  -0.000000000000
 -0.001442898896  -0.020784837706  -0.000000000000
 -0.001479192989   0.005640037510  -0.000000000000
  0.001439861943   0.000890297838  -0.000000000000
  0.000633341245  -0.003908455996  -0.000000000000
 -0.000481077637  -0.003203340183  -0.000000000000
  0.001115916852  -0.000063206593  -0.000000000000
  0.002420073886  -0.000984457045  -0.000000000000
  0.000465697499   0.000553906814  -0.000000000000
  0.003784210077   0.004949701679  -0.000000000000
  0.011777766325   0.018483380249  -0.000000000000
  0.002529207676  -0.001871923652  -0.000000000000
  0.001696989336   0.001381130901  -0.000000000000
 -0.003783942763  -0.003100029666  -0.000000000000
  0.000307033625   0.001337902432  -0.000000000000
 -0.001329798670   0.004580944952  -0.000000000000
  0.004035553683  -0.002671348958  -0.000000000000
 -0.000278634091   0.001195736146  -0.000000000000
  0.002185155372   0.003951633981  -0.000000000000
 -0.007833170774  -0.000805429966  -0.000000000000
  0.000602098380  -0.000378607103  -0.000000000000
 -0.001920724295   0.000274597875  -0.000000000000
  0.004150495697  -0.004431483728  -0.000000000000
  0.004126670417  -0.006032066964  -0.000000000000
 -0.001265204891   0.000349901315  -0.000000000000
  0.001304480208  -0.000675921815  -0.000000000000
 -0.000945967294   0.002357841762  -0.000000000000
 -0.004757619554   0.003819940884  -0.000000000000
  0.009686416242   0.010672569816   0.000512668366
  0.000035972896   0.000907400568   0.000454134347
 -0.000015071197   0.000099677243   0.000575788392
  0.001948006218   0.000455033053  -0.001785193326
  0.000752809736  -0.000637606429   0.000559428422
  0.000595588408  -0.000560469894   0.000544982911
 -0.001168324274   0.001341000087  -0.000627826637
 -0.000635836488  -0.001518209453   0.000301127261
 -0.000442463537  -0.000654846149   0.000797985608
  0.006179378660   0.012600245135   0.001129896244
  0.000766068907  -0.000220196686   0.000279214176
  0.000671245063  -0.000436676159   0.000100514072
 -0.000681854092   0.000731367995  -0.000156147766
  0.000183771991   0.001472763044  -0.000059628241
 -0.000472864441  -0.000460064381   0.000061303651
 -0.000514837977   0.000390145600   0.001614361325
 -0.000214749975  -0.000282504456   0.000252154594
  0.000010423519  -0.002267178561   0.000736299636
  0.009686416242   0.010672569816  -0.000512668366
  0.000035972896   0.000907400568  -0.000454134347
 -0.000015071197   0.000099677243  -0.000575788392
  0.001948006218   0.000455033053   0.001785193326
  0.000752809736  -0.000637606429  -0.000559428422
  0.000595588408  -0.000560469894  -0.000544982911
 -0.001168324274   0.001341000087   0.000627826637
 -0.000635836488  -0.001518209453  -0.000301127261
 -0.000442463537  -0.000654846149  -0.000797985608
  0.006179378660   0.012600245135  -0.001129896244
  0.000766068907  -0.000220196686  -0.000279214176
  0.000671245063  -0.000436676159  -0.000100514072
 -0.000681854092   0.000731367995   0.000156147766
  0.000183771991   0.001472763044   0.000059628241
 -0.000472864441  -0.000460064381  -0.000061303651
 -0.000514837977   0.000390145600  -0.001614361325
 -0.000214749975  -0.000282504456  -0.000252154594
  0.000010423519  -0.002267178561  -0.000736299636
  0.015152981969   0.019733316188  -0.000000000000
  0.000368011749  -0.004141166058  -0.000000000000
 -0.001101275675   0.002914776657  -0.000000000000
  0.014472082924  -0.008785498637  -0.000000000000
  0.002504262585  -0.001770172055  -0.000000000000
  0.000869375716   0.002584730654  -0.000000000000
  0.004236434649   0.007922075734  -0.000000000000
 -0.000293646565   0.002237163472  -0.000000000000
 -0.000512629289   0.009060476260  -0.000000000000
 -0.077120571738   0.041654520705  -0.000000000000
  0.000945363767  -0.004512629738  -0.000000000000
  0.000220204016  -0.002142127272  -0.000000000000
 -0.016022930125  -0.006383342927  -0.000000000000
 -0.000709878237   0.002003217922  -0.000000000000
  0.000225912235   0.002716545310  -0.000000000000
  0.008894853621  -0.006827851873  -0.000000000000
  0.003920527839   0.005203328731  -0.000000000000
  0.000087300529   0.002025744619  -0.000000000000
 -0.002552439036   0.001539808311   0.000175660665
 -0.000053695875  -0.000367561284   0.000171602788
 -0.000016203760  -0.000168124140   0.000129289211
  0.000319184389  -0.000479363426  -0.000044488442
 -0.000039027038   0.000252208060   0.000123300920
 -0.000054961082   0.000252083519   0.000079923954
 -0.000248664801  -0.000291231425   0.000056816869
 -0.000187362426   0.000607133706   0.000011804503
 -0.000032563712   0.000241049230   0.000076252127
 -0.000651065479  -0.002229332871  -0.000297118961
  0.000211992895  -0.000305989691   0.000100129635
 -0.000017467250   0.000290259124   0.000094424592
 -0.000017352456  -0.000644390805   0.000001433270
 -0.000031013362  -0.000324319704   0.000039196565
 -0.000022553662   0.000242563359   0.000109418410
 -0.000039088359   0.000641560233  -0.000148899772
 -0.000014908826   0.000118109688   0.000056314471
  0.000015985240   0.000987337218   0.000083330961
 -0.002552439036   0.001539808311  -0.000175660665
 -0.000053695875  -0.000367561284  -0.000171602788
 -0.000016203760  -0.000168124140  -0.000129289211
  0.000319184389  -0.000479363426   0.000044488442
 -0.000039027038   0.000252208060  -0.000123300920
 -0.000054961082   0.000252083519  -0.000079923954
 -0.000248664801  -0.000291231425  -0.000056816869
 -0.000187362426   0.000607133706  -0.000011804503
 -0.000032563712   0.000241049230  -0.000076252127
 -0.000651065479  -0.002229332871   0.000297118961
  0.000211992895  -0.000305989691  -0.000100129635
 -0.000017467250   0.000290259124  -0.000094424592
 -0.000017352456  -0.000644390805  -0.000001433270
 -0.000031013362  -0.000324319704  -0.000039196565
 -0.000022553662   0.000242563359  -0.000109418410
 -0.000039088359   0.000641560233   0.000148899772
 -0.000014908826   0.000118109688  -0.000056314471
  0.000015985240   0.000987337218  -0.000083330961
    1    3  0.0000  0.0000  0.0150
  0.000123121937  -0.000488207200  -0.049062121236
  0.000278062642   0.000144483457   0.001924488186
  0.000046223866  -0.000064768858   0.001928298943
  0.000179505040  -0.000106108864  -0.002744844281
  0.000037033774  -0.000038573246   0.000058197553
  0.000117367189  -0.000034025966  -0.003924089469
  0.000046006495  -0.000130693194  -0.002652710620
 -0.000054922125   0.000029807125  -0.003885812419
  0.000160107261  -0.000098714077   0.000109236107
 -0.000133401831   0.000347384727  -0.039135004409
  0.000076129418   0.000067077760  -0.008106509154
 -0.000208897348   0.000002330887  -0.002073223602
 -0.000080644990   0.000116171655   0.021036707482
 -0.000027534240   0.000075517019   0.002815838992
 -0.000105853284   0.000011908934  -0.000909042911
 -0.000108866755   0.000101980263   0.000859154301
 -0.000247787076  -0.000168292486   0.004144478582
  0.000061459390   0.000242421853  -0.004450822386
 -0.000159862413  -0.000176460756  -0.016905458789
 -0.000280422399   0.000137365030   0.002476161517
 -0.000086201264  -0.000072347096   0.002464735718
 -0.000090266147  -0.000118918209  -0.013342427844
  0.000044519211   0.000001847054  -0.001988575824
 -0.000216210622  -0.000103051743  -0.002040005191
 -0.000170491979  -0.000133520896   0.015981722846
 -0.000054059388  -0.000026370627   0.005094553585
 -0.000050412130  -0.000085403326   0.005076124028
  0.000171380924   0.000076784319  -0.010396651178
  0.000043073050   0.000093751054  -0.006213650747
  0.000152373302   0.000013067513   0.001194113223
  0.000183973477   0.000065170000  -0.010353913172
 -0.000075468984   0.000048034954  -0.006151921937
  0.000195667088   0.000031274494   0.001211801922
  0.000053767972   0.000100510391   0.007771084307
  0.000267731790  -0.000144623317   0.002835671747
 -0.000051486904   0.000269629453   0.004251045207
  0.000190050644   0.000185122263  -0.001509651025
  0.000090085475  -0.000084100062   0.001177131150
  0.000063925213  -0.000045308453  -0.000171600647
  0.000016503570   0.000033867128   0.002558949991
 -0.000029007718  -0.000088953786   0.002288527160
  0.000108666351  -0.000064612984  -0.006888566721
 -0.000041644513   0.000044786755  -0.007374788269
  0.000060637923  -0.000021527645   0.001230801281
  0.000004558224  -0.000031511806  -0.005255862616
 -0.000131937338  -0.000050467315   0.026697444837
 -0.000001440300  -0.000007123087  -0.004643412866
  0.000009364505   0.000010183767  -0.000496027702
  0.000003757692  -0.000019031437   0.014183252178
  0.000058019378   0.000045747660   0.002457970868
 -0.000076628817   0.000051279128  -0.000374839861
 -0.000002263796  -0.000053881731   0.003132745976
 -0.000139228842   0.000085760644   0.001399642350
 -0.000040585018  -0.000020563885  -0.001345365514
 -0.000206127572  -0.000024887615  -0.009704703601
 -0.000101067021  -0.000083119369  -0.000057124498
 -0.000082469241  -0.000070086724   0.003541508446
 -0.000003382880   0.000036683877  -0.003047371684
 -0.000068843593  -0.000002694614  -0.000954383479
 -0.000060189221  -0.000047722544  -0.000812312073
  0.000011807665   0.000007577383   0.008720908721
  0.000057020707  -0.000099466540   0.000573295850
 -0.000062966364  -0.000041680086   0.002936877857
  0.000060432583   0.000035608519  -0.007538673978
 -0.000007634163   0.000052075662   0.003323311838
  0.000086796807   0.000055785197  -0.000188729246
 -0.000003070384   0.000078540305  -0.020444281442
  0.000061267057   0.000068327218   0.000916252861
 -0.000038213348   0.000010894689   0.001620043682
  0.000022127330  -0.000047324632  -0.004696959500
  0.000129380577   0.000064680823   0.004099383879
  0.000070142647  -0.000029822611   0.003028821221
 -0.001967592934  -0.007395896941   0.031116724262
 -0.000608218506  -0.000052347760  -0.001021256450
  0.001061576270  -0.000263331740  -0.001489956048
 -0.005205548066   0.004319341291   0.004441744551
 -0.001502388272   0.002106860134  -0.000109496865
  0.001019497723  -0.000392558560   0.002749913477
  0.008922448042  -0.001459781986  -0.004995165145
  0.000888231050   0.001879261104  -0.000200886721
  0.004206891462  -0.002079226069  -0.001030699532
 -0.000536414943   0.035765021962   0.017942047729
  0.002271864892   0.004636416447   0.004494863292
  0.000626930086  -0.000037721630   0.000102505688
 -0.020945147017  -0.008343392973  -0.000906314818
 -0.004502667783   0.003152442098   0.000852971016
  0.001180894735   0.000402379893   0.000044451838
 -0.001753132302  -0.004083871282  -0.002112084154
  0.000908341777   0.000703469444  -0.002548991185
  0.002695044398   0.000526144518   0.000469683994
  0.001951915523   0.007523102888   0.031060420947
  0.000602528628  -0.000050965770  -0.000771545434
 -0.001062889939   0.000178969746  -0.001428251516
  0.005211371254  -0.004327268884   0.004459130199
  0.001512843900  -0.002136021981  -0.000037616501
 -0.001045360593   0.000412396182   0.002718516634
 -0.008902007435   0.001441295453  -0.004996357618
 -0.000882037380  -0.001912123942  -0.000098131203
 -0.004175244719   0.002112423912  -0.001122483401
  0.000499766202  -0.035876245866   0.017924871762
 -0.002242732438  -0.004589214949   0.004431825824
 -0.000602756574   0.000075286415  -0.000008184993
  0.020901097810   0.008321163650  -0.000864371147
  0.004454876241  -0.003145864634   0.000800407945
 -0.001202692359  -0.000367114683  -0.000052300472
  0.001757930525   0.004044211866  -0.002049828347
 -0.000898870064  -0.000601403422  -0.002814347973
 -0.002698897564  -0.000554224924   0.000612793640
  0.000059762258  -0.000131944170  -0.028647092088
 -0.000148120653  -0.000093815761  -0.004175380036
  0.000091223898  -0.000135022320   0.000544183666
 -0.000009204402  -0.000140904305   0.009244531562
  0.000155022524  -0.000071733126  -0.004103980213
 -0.000134361397  -0.000141123436  -0.001112817908
  0.000040001313  -0.000086320438   0.005874303573
 -0.000001320239  -0.000102897360  -0.001248909862
  0.000014688777  -0.000140281356  -0.001402349272
 -0.000100525786   0.000261539206   0.023992048053
 -0.000008312004   0.000133289604   0.000120553810
  0.000024404123   0.000179988799  -0.000325897209
 -0.000035279765   0.000132127943  -0.006684420171
 -0.000156352575   0.000093307001  -0.002167343190
  0.000079410010   0.000075408268   0.001171851981
  0.000034935574   0.000161423033   0.005790791388
  0.000173523641   0.000075407774  -0.002782344721
 -0.000089082225   0.000052797939   0.002145276378
 -0.012737438445  -0.004070994930   0.002305983125
  0.000005556598   0.000000146172   0.000007642744
 -0.000056296803   0.000061741050  -0.000003074139
 -0.000202092804   0.000084808109  -0.000136053132
 -0.000018269917   0.000063997726   0.000051971074
  0.000006548418   0.000066061660  -0.000010939660
  0.000390454416   0.000121825646   0.000023803588
  0.000156875346   0.000071977185   0.000033778531
  0.000183855761   0.000072334283   0.000037531312
 -0.000985704721  -0.001041491615  -0.000576541493
 -0.000045963289   0.000175002579  -0.000010250713
 -0.000070766202  -0.000014895357  -0.000019215623
  0.000637159036   0.000440095658   0.000079989704
  0.000337927075   0.000042794642  -0.000018453801
 -0.000026040753  -0.000001883030  -0.000006232739
 -0.000156891433   0.000062824931  -0.000018934705
 -0.000015508807  -0.000003440968   0.000006716093
 -0.000125239181   0.000044197810   0.000016897358
  0.012754155783   0.004127613472   0.002165628803
 -0.000001334579   0.000015356473  -0.000038983750
  0.000057007776  -0.000033819795   0.000024370758
  0.000206845603  -0.000087069151  -0.000096930888
  0.000006342772  -0.000040198482  -0.000038664131
  0.000002795144  -0.000051767821  -0.000091730265
 -0.000391066583  -0.000128265617   0.000061173711
 -0.000144793612  -0.000044603018  -0.000057822800
 -0.000190851295  -0.000063968274   0.000003857713
  0.000978707743   0.001011546666  -0.000552208992
  0.000036806148  -0.000193752689  -0.000083750141
  0.000061991532   0.000001813712  -0.000022883859
 -0.000643754898  -0.000442184261   0.000048221191
 -0.000329229702  -0.000061390838  -0.000103562098
  0.000038892141  -0.000016554376  -0.000038913510
  0.000159669748  -0.000062636387   0.000047587296
  0.000019193236  -0.000027739675   0.000024791948
  0.000128035881  -0.000049809969  -0.000091252027
   37    1  0.0150  0.0000  0.0000
  0.013536693129   0.060613435236  -0.000000000000
  0.005694909291  -0.002681441052  -0.000000000000
 -0.000641582266  -0.001575817322  -0.000000000000
  0.012116944401   0.001064120670  -0.000000000000
  0.003294613905   0.000178569773  -0.000000000000
 -0.000280568632   0.002781805116  -0.000000000000
 -0.011908249845  -0.006948030110  -0.000000000000
 -0.005325584752   0.002346148016  -0.000000000000
  0.001072126848  -0.000288917702  -0.000000000000
 -0.002976544267  -0.001304552831  -0.000000000000
  0.005834053754  -0.001377795098  -0.000000000000
 -0.000498272661   0.001519655105  -0.000000000000
  0.015912556032   0.000737520279  -0.000000000000
  0.001670179784  -0.000376345441  -0.000000000000
  0.000694806874   0.001169554018  -0.000000000000
 -0.013014283373   0.002384882167  -0.000000000000
 -0.002883856486   0.000618078398  -0.000000000000
  0.000406104507   0.003897486769  -0.000000000000
  0.010861563054  -0.011862668676  -0.000000000000
 -0.006995269095  -0.001832433297  -0.000000000000
 -0.000640654041  -0.002691666789  -0.000000000000
 -0.007715016704   0.003638078361  -0.000000000000
  0.003604950074   0.001213095211  -0.000000000000
 -0.003873774530  -0.000371798976  -0.000000000000
  0.019934459515  -0.004118289947  -0.000000000000
 -0.005034058946  -0.002283066356  -0.000000000000
 -0.001243589883   0.000111797438  -0.000000000000
  0.020217168329  -0.004139779224  -0.000000000000
 -0.000846388353  -0.004049866770  -0.000000000000
  0.000723559586   0.001387468867  -0.000000000000
  0.001546795322   0.008023176955  -0.000000000000
 -0.004334224196  -0.000434305078  -0.000000000000
  0.001972084738   0.001935334747  -0.000000000000
 -0.002180247598  -0.001241820742  -0.000000000000
  0.006314713067   0.001076844360  -0.000000000000
  0.002512356570   0.004894169275  -0.000000000000
 -0.369202127501   0.135337980593  -0.000000000000
  0.001622551736   0.000493127468  -0.000000000000
  0.001633318069   0.001124249410  -0.000000000000
 -0.004724102753   0.003602284463  -0.000000000000
 -0.005017371241  -0.001840758375  -0.000000000000
  0.000431926522  -0.000921150399  -0.000000000000
 -0.004698134157  -0.001456565551  -0.000000000000
  0.000390405368  -0.001352161034  -0.000000000000
 -0.004989202408   0.000964483295  -0.000000000000
 -0.001888707709  -0.001784900529  -0.000000000000
  0.111726675808  -0.100736615484  -0.000000000000
 -0.000601403002  -0.000497197946  -0.000000000000
  0.002161760133   0.001137089533  -0.000000000000
  0.011235051012   0.001225922840  -0.000000000000
 -0.000781922717  -0.000567996035  -0.000000000000
  0.007998291486  -0.002272878299  -0.000000000000
 -0.003163738494  -0.001664344855  -0.000000000000
 -0.004807179508  -0.002221715707  -0.000000000000
  0.148788251511  -0.015419808911  -0.000000000000
 -0.000673535503   0.001113402601  -0.000000000000
 -0.000670127474  -0.000154400623  -0.000000000000
 -0.008326820762  -0.001256273111  -0.000000000000
 -0.001849449366  -0.002844440129  -0.000000000000
 -0.001862193681  -0.004636906694  -0.000000000000
  0.001681153392   0.002787178694  -0.000000000000
  0.006130885106  -0.001737110765  -0.000000000000
  0.006065402379  -0.002181290824  -0.000000000000
 -0.010983904524   0.003004639843  -0.000000000000
  0.000900005680  -0.004421307420  -0.000000000000
 -0.000122072681  -0.000305980316  -0.000000000000
 -0.010975250826   0.004253043249  -0.000000000000
  0.000883517276   0.000754732253  -0.000000000000
 -0.000109778180  -0.000420467082  -0.000000000000
  0.009210283825   0.002353479316  -0.000000000000
  0.004393120360   0.000447380978  -0.000000000000
  0.005650695292  -0.000236542031  -0.000000000000
  0.022233714258  -0.029837430427   0.019358499051
  0.000043330577  -0.000414073760   0.000518987289
 -0.000017988707  -0.000694436051   0.000713217676
  0.002948997054  -0.001322779609  -0.000484501311
  0.000669836858   0.001186092423   0.000399463785
  0.000372417998   0.000495135133   0.000193256260
  0.000074314205   0.001474358085   0.000191991987
 -0.000678655488   0.000659152528  -0.000117698402
  0.000807462777  -0.000001412955  -0.000216140414
  0.000671533140   0.002158335652   0.001335147143
  0.003947074623  -0.003170215560  -0.002500459031
 -0.000186247187   0.000189135711  -0.000464949408
  0.001758980148  -0.002106726461  -0.000495282142
 -0.001279526343  -0.001552294846   0.001041749996
  0.000117548671   0.000255023139  -0.000135193950
 -0.002820842591   0.001017245853  -0.000261918895
 -0.001094244188   0.000173085499  -0.000828377937
 -0.000319051635   0.001193900359  -0.000286581752
  0.022233714258  -0.029837430427  -0.019358499051
  0.000043330577  -0.000414073760  -0.000518987289
 -0.000017988707  -0.000694436051  -0.000713217676
  0.002948997054  -0.001322779609   0.000484501311
  0.000669836858   0.001186092423  -0.000399463785
  0.000372417998   0.000495135133  -0.000193256260
  0.000074314205   0.001474358085  -0.000191991987
 -0.000678655488   0.000659152528   0.000117698402
  0.000807462777  -0.000001412955   0.000216140414
  0.000671533140   0.002158335652  -0.001335147143
  0.003947074623  -0.003170215560   0.002500459031
 -0.000186247187   0.000189135711   0.000464949408
  0.001758980148  -0.002106726461   0.000495282142
 -0.001279526343  -0.001552294846  -0.001041749996
  0.000117548671   0.000255023139   0.000135193950
 -0.002820842591   0.001017245853   0.000261918895
 -0.001094244188   0.000173085499   0.000828377937
 -0.000319051635   0.001193900359   0.000286581752
 -0.018213461338   0.003530667201  -0.000000000000
 -0.009129366961   0.001205269361  -0.000000000000
  0.000062793261  -0.000729589835  -0.000000000000
 -0.004896274139  -0.007875265632  -0.000000000000
  0.003448584193   0.000518120387  -0.000000000000
 -0.001464641304  -0.001941110300  -0.000000000000
  0.020197867715   0.000063130834  -0.000000000000
  0.001762090940  -0.000295048411  -0.000000000000
 -0.000880680326  -0.006395992517  -0.000000000000
  0.026558108306  -0.004324973508  -0.000000000000
  0.001331938001   0.002281608391  -0.000000000000
  0.000890885536   0.002185236714  -0.000000000000
 -0.013902699434  -0.000602464591  -0.000000000000
 -0.007145124707  -0.001859118207  -0.000000000000
  0.000756851620   0.000287919327  -0.000000000000
 -0.002170490606   0.003097938405  -0.000000000000
  0.005600038835   0.001497575480  -0.000000000000
 -0.001933295166  -0.000776660421  -0.000000000000
  0.000755895512   0.004054708989   0.001240301145
 -0.000041726974   0.000118924938   0.000052432510
 -0.000044350149   0.000220856862   0.000055943293
 -0.000111446739  -0.000049244139  -0.000104344190
  0.000070867459  -0.000240709338   0.000105289781
 -0.000165446425  -0.000109160559  -0.000007768624
  0.000080670303   0.000308000541   0.000213266457
 -0.000312999349  -0.000081727672   0.000005619257
  0.000035245173  -0.000131797952   0.000008594815
  0.000060841335   0.000331776567  -0.000135070898
 -0.000316636142   0.000939357288   0.000038341606
 -0.000013527081  -0.000081614628   0.000071514390
  0.000532147538  -0.000001727295   0.000060138901
  0.000093477939   0.000130311978   0.000098444769
  0.000089579021  -0.000147589225   0.000022617217
 -0.000076080739  -0.000147326976   0.000024823491
  0.000097550567  -0.000019378330   0.000017652539
  0.000088349557  -0.000569780982  -0.000067090148
  0.000755895512   0.004054708989  -0.001240301145
 -0.000041726974   0.000118924938  -0.000052432510
 -0.000044350149   0.000220856862  -0.000055943293
 -0.000111446739  -0.000049244139   0.000104344190
  0.000070867459  -0.000240709338  -0.000105289781
 -0.000165446425  -0.000109160559   0.000007768624
  0.000080670303   0.000308000541  -0.000213266457
 -0.000312999349  -0.000081727672  -0.000005619257
  0.000035245173  -0.000131797952  -0.000008594815
  0.000060841335   0.000331776567   0.000135070898
 -0.000316636142   0.000939357288  -0.000038341606
 -0.000013527081  -0.000081614628  -0.000071514390
  0.000532147538  -0.000001727295  -0.000060138901
  0.000093477939   0.000130311978  -0.000098444769
  0.000089579021  -0.000147589225  -0.000022617217
 -0.000076080739  -0.000147326976  -0.000024823491
  0.000097550567  -0.000019378330  -0.000017652539
  0.000088349557  -0.000569780982   0.000067090148
   37    2  0.0000  0.0150  0.0000
  0.042568965938   0.161440940120   0.000000000000
 -0.001931279111   0.001739472565   0.000000000000
  0.001465793510  -0.001943532676   0.000000000000
 -0.002139388732  -0.000718111947   0.000000000000
 -0.004452487330   0.005161498731   0.000000000000
  0.001792693465   0.000358740394   0.000000000000
  0.002558603069  -0.000731121920   0.000000000000
  0.003649927091   0.003513213494   0.000000000000
  0.000394893045   0.001742482476   0.000000000000
  0.006580818500  -0.020684458240   0.000000000000
 -0.002633850729   0.005419997393   0.000000000000
 -0.001977109988   0.000998370137   0.000000000000
 -0.003034997297  -0.003762490251   0.000000000000
  0.001156528745  -0.003155632212   0.000000000000
 -0.001216530743  -0.000100485466   0.000000000000
  0.000292693300  -0.000881746618   0.000000000000
  0.001446141701   0.000572292892   0.000000000000
 -0.000193072556   0.004932625856   0.000000000000
 -0.008195475124   0.018616195133   0.000000000000
  0.001569916341   0.001532426531   0.000000000000
  0.001326882392  -0.002050833052   0.000000000000
  0.002629376210  -0.003229477621   0.000000000000
 -0.000180247402   0.004503311529   0.000000000000
  0.001740352563   0.001496663906   0.000000000000
  0.001452877607  -0.002829256615   0.000000000000
  0.000010690646   0.003987233199   0.000000000000
 -0.000006348238   0.001210230181   0.000000000000
 -0.004013654723  -0.004097331549   0.000000000000
 -0.004415948922  -0.006226121443   0.000000000000
 -0.000221562083   0.000422533823   0.000000000000
  0.001333063639  -0.000729895591   0.000000000000
  0.001735469529  -0.000373945580   0.000000000000
 -0.000305570899   0.000246664725   0.000000000000
  0.003445088748  -0.000592805901   0.000000000000
 -0.005246829390   0.002369622754   0.000000000000
 -0.002343863500   0.003776711622   0.000000000000
  0.135278212948  -0.439425062265   0.000000000000
  0.001240790465   0.002113717411   0.000000000000
  0.000527101053   0.002290187584   0.000000000000
 -0.001468521088   0.005840643760   0.000000000000
  0.001054940682   0.000211073763   0.000000000000
 -0.001193552215  -0.000649175678   0.000000000000
  0.003702695476   0.005864334217   0.000000000000
 -0.000800433477  -0.000648147306   0.000000000000
 -0.001793175825   0.000097680655   0.000000000000
 -0.001829221803   0.001610285282   0.000000000000
 -0.101066721984   0.132499639798   0.000000000000
 -0.000601312259  -0.000645343958   0.000000000000
  0.001081782730   0.002390728991   0.000000000000
  0.001127137102  -0.004554588184   0.000000000000
 -0.000646151955  -0.001168956938   0.000000000000
 -0.002419085438  -0.001664973260   0.000000000000
 -0.001645568962  -0.004741334013   0.000000000000
 -0.002287851492  -0.003019210911   0.000000000000
  0.015439322575   0.016945944159   0.000000000000
  0.000087084837  -0.001466761816   0.000000000000
 -0.001102613365  -0.001182400906   0.000000000000
  0.001261958295  -0.001389571352   0.000000000000
  0.004505385493  -0.000103559657   0.000000000000
  0.002669685706  -0.000329338404   0.000000000000
 -0.002789947812  -0.007607256128   0.000000000000
  0.002080993873  -0.001613438225   0.000000000000
  0.001651486888  -0.001617492455   0.000000000000
 -0.004305001235   0.002809165092   0.000000000000
 -0.000557132296   0.010185981252   0.000000000000
  0.000531172465   0.001191541533   0.000000000000
 -0.002853071508   0.002841281431   0.000000000000
  0.004406922222   0.009910100599   0.000000000000
  0.000349002755   0.001370332294   0.000000000000
 -0.002231011655   0.000287227512   0.000000000000
 -0.000446961783   0.000462757308   0.000000000000
  0.000325438123  -0.004265389610   0.000000000000
 -0.026390368853   0.030257698266  -0.017962540153
 -0.000312305278  -0.000973913479  -0.001269936540
  0.000066105065  -0.000234425923  -0.000080152416
 -0.000427985209  -0.000294764463  -0.000313536279
 -0.000696535365   0.000549014005  -0.001202968622
 -0.000743520624  -0.000125461289   0.000000592836
  0.000495270338   0.000265155058   0.000790605959
 -0.000147958301   0.000454065733  -0.000674393698
  0.000527431176   0.000030060982   0.000000092276
  0.000943097309  -0.002772386396   0.000128125138
 -0.003686036260   0.001343583777   0.000673342921
 -0.000323040479   0.000335453841   0.000286699979
 -0.000162440595  -0.000630604485  -0.000628236268
 -0.000935327751  -0.000566259511   0.000392359103
  0.000273238727   0.000243329943   0.000289096784
  0.000535138930   0.000784266339   0.000862343309
  0.000901695912   0.000541715038   0.000277490957
  0.000256820393   0.001262457844  -0.000334769223
 -0.026390368853   0.030257698266   0.017962540153
 -0.000312305278  -0.000973913479   0.001269936540
  0.000066105065  -0.000234425923   0.000080152416
 -0.000427985209  -0.000294764463   0.000313536279
 -0.000696535365   0.000549014005   0.001202968622
 -0.000743520624  -0.000125461289  -0.000000592836
  0.000495270338   0.000265155058  -0.000790605959
 -0.000147958301   0.000454065733   0.000674393698
  0.000527431176   0.000030060982  -0.000000092276
  0.000943097309  -0.002772386396  -0.000128125138
 -0.003686036260   0.001343583777  -0.000673342921
 -0.000323040479   0.000335453841  -0.000286699979
 -0.000162440595  -0.000630604485   0.000628236268
 -0.000935327751  -0.000566259511  -0.000392359103
  0.000273238727   0.000243329943  -0.000289096784
  0.000535138930   0.000784266339  -0.000862343309
  0.000901695912   0.000541715038  -0.000277490957
  0.000256820393   0.001262457844   0.000334769223
  0.003420404241   0.012283380914   0.000000000000
  0.012319865010   0.003935987910   0.000000000000
  0.000372247457  -0.001362981001   0.000000000000
  0.000713809492   0.009464332881   0.000000000000
  0.002311459727   0.003780323166   0.000000000000
  0.000182727544  -0.000598854268   0.000000000000
 -0.005359363216  -0.002101301796   0.000000000000
 -0.001343784200  -0.002054674279   0.000000000000
 -0.000353961932  -0.002918827633   0.000000000000
 -0.049431115269   0.029641163128   0.000000000000
  0.002726709055   0.002832940740   0.000000000000
 -0.000386016262   0.001740208868   0.000000000000
  0.000757020170   0.003012882548   0.000000000000
  0.006452980325  -0.003464294049   0.000000000000
 -0.000347408129  -0.001104138404   0.000000000000
 -0.001526250112  -0.000599019898   0.000000000000
  0.000043044339  -0.006122128107   0.000000000000
 -0.000353935594  -0.001684496743   0.000000000000
  0.003191713272   0.000360561107  -0.001432700121
  0.000187128487   0.000146375462  -0.000115067357
  0.000127406764   0.000178297100  -0.000048346468
 -0.000054776973   0.000192604478  -0.000003902140
  0.000004827130  -0.000362858288  -0.000044499653
  0.000128268652  -0.000002215672   0.000011120225
  0.000331452481   0.000022690514  -0.000020894458
  0.000449356900  -0.000573380926   0.000084012960
  0.000004230519  -0.000114277780   0.000031800095
 -0.000462582394   0.000623556559  -0.000107797871
  0.000610635871  -0.000588598559   0.000332262560
 -0.000087067982  -0.000170468395  -0.000069655497
 -0.000405952839   0.000654566074   0.000223878554
  0.000071773218   0.000354874848  -0.000100441159
 -0.000114720287  -0.000070545458  -0.000058609061
 -0.000092370988  -0.000155133769  -0.000083799138
 -0.000106060745  -0.000195753884  -0.000022633219
 -0.000018924947  -0.000491831855   0.000035267762
  0.003191713272   0.000360561107   0.001432700121
  0.000187128487   0.000146375462   0.000115067357
  0.000127406764   0.000178297100   0.000048346468
 -0.000054776973   0.000192604478   0.000003902140
  0.000004827130  -0.000362858288   0.000044499653
  0.000128268652  -0.000002215672  -0.000011120225
  0.000331452481   0.000022690514   0.000020894458
  0.000449356900  -0.000573380926  -0.000084012960
  0.000004230519  -0.000114277780  -0.000031800095
 -0.000462582394   0.000623556559   0.000107797871
  0.000610635871  -0.000588598559  -0.000332262560
 -0.000087067982  -0.000170468395   0.000069655497
 -0.000405952839   0.000654566074  -0.000223878554
  0.000071773218   0.000354874848   0.000100441159
 -0.000114720287  -0.000070545458   0.000058609061
 -0.000092370988  -0.000155133769   0.000083799138
 -0.000106060745  -0.000195753884   0.000022633219
 -0.000018924947  -0.000491831855  -0.000035267762
   37    3  0.0000  0.0000  0.0150
 -0.000093450514   0.000123690103  -0.001390442633
 -0.000035666346   0.000049693853  -0.000164145538
 -0.000067943271  -0.000066655752   0.001152734635
 -0.000057409512   0.000102291284  -0.007473075207
 -0.000049227066   0.000047860938  -0.005316722162
 -0.000053237811  -0.000076033791   0.001243481799
 -0.000011110976   0.000142075598   0.002580970613
  0.000045959343   0.000060767953  -0.006901949015
 -0.000098570322  -0.000107060485   0.002344923438
 -0.000001023311  -0.000103998074   0.026815956778
 -0.000060345213  -0.000206581798  -0.004624102625
  0.000037608471   0.000057858791  -0.000493596802
  0.000024058263  -0.000083130682   0.014243371650
  0.000031571046  -0.000099360105   0.002484665656
  0.000071533840   0.000067186353  -0.000385044488
  0.000071856432  -0.000073057959   0.003131085029
  0.000053055988  -0.000027029607   0.001344185779
  0.000035199223   0.000040472853  -0.001352433062
  0.000130936466   0.000048631996  -0.009863051430
  0.000019810019   0.000036847082   0.003539453891
  0.000049198158  -0.000063240988  -0.000097054469
 -0.000019620331   0.000113096864  -0.003038603382
 -0.000024446009   0.000056268819  -0.000816883007
  0.000083850358  -0.000082627900  -0.000956476941
  0.000066317996   0.000145348854   0.008758154669
  0.000037793843   0.000054739894   0.002964480460
  0.000050256396  -0.000084079577   0.000570116221
  0.000009986794  -0.000011749054  -0.020575301691
 -0.000053392467  -0.000032676526   0.000890763252
 -0.000016456099   0.000053352283   0.001607808186
 -0.000088767339   0.000020473645  -0.007470443777
  0.000043540034  -0.000110109197   0.003372795377
 -0.000055872899   0.000068029084  -0.000191531945
 -0.000072914922  -0.000077564398  -0.004783614048
 -0.000056313889  -0.000047384212   0.004095602398
 -0.000048512338   0.000031810842   0.003012412044
  0.000018932271  -0.000097891232  -0.108371271627
  0.000022220778  -0.000046997728   0.001148139491
 -0.000079184860   0.000069171255   0.001158789249
  0.000009450490  -0.000067995403   0.006175242648
  0.000028293044   0.000001022800  -0.000284055008
 -0.000091730923   0.000108550442  -0.002127058197
  0.000026336929  -0.000056210449   0.006206426988
  0.000005315235   0.000013254947  -0.002126081109
 -0.000042621980   0.000067366421  -0.000268236637
  0.000011970090   0.000045201070   0.013558876111
 -0.000154337974   0.000206287057   0.039287872402
  0.000018356091  -0.000014587281  -0.000257987777
 -0.000023106620  -0.000023097525  -0.009817413851
 -0.000041904914   0.000054013922  -0.005543697732
  0.000045470721  -0.000054144498   0.000209721765
  0.000006373319  -0.000013803302   0.004047465855
  0.000007180209   0.000038941701  -0.000949949429
  0.000064533056  -0.000038208939  -0.001471866214
  0.000120467415  -0.000069802623  -0.043284813270
 -0.000028960996  -0.000033855370   0.000960493437
  0.000112045331   0.000106509254   0.000967669807
 -0.000004840785  -0.000041313935  -0.009044264132
  0.000016116411   0.000036173313  -0.000171918324
  0.000037439917   0.000064468416  -0.000165874241
 -0.000007555037  -0.000071326870   0.001113143127
 -0.000045858990  -0.000038084477   0.005597818912
  0.000064577105   0.000084857968   0.005618202588
 -0.000009724766  -0.000052113665   0.002480495844
  0.000133770626   0.000025857257   0.009377836618
 -0.000065494052  -0.000050962306   0.000034186859
  0.000008962902  -0.000043632070   0.002491074360
 -0.000052319326  -0.000004865456   0.009337882937
 -0.000028256079  -0.000012819795   0.000031588469
 -0.000014785101  -0.000016909214  -0.003265728956
 -0.000012427288   0.000045385425   0.000925235237
 -0.000052871403  -0.000029722172   0.001062677951
 -0.007034142654  -0.018513944658   0.064895033850
  0.000539090256   0.000981309428  -0.000664956613
 -0.000625813401   0.000128653246  -0.000569454781
 -0.005667693880   0.002441323828   0.004389254666
  0.000658080139   0.001414790144   0.001829642667
 -0.001200623868  -0.000859343053   0.000117351972
 -0.002588609661   0.001777645810  -0.003563850663
  0.005394496474   0.003413059841   0.001121353086
 -0.001425239935   0.000277707331  -0.001523621280
 -0.009637289254   0.014806580599   0.000852981825
  0.008242154083  -0.000536091913  -0.002110695715
  0.000636907917  -0.000394829315  -0.000492918084
  0.000615614218  -0.004284557765  -0.001376787159
  0.002787309202  -0.000537784439  -0.001598406464
 -0.000124816895   0.000028937803  -0.000022228585
 -0.003973731367   0.001907570827   0.001031239028
  0.002659404958  -0.001045833572  -0.001557299017
  0.001473908511  -0.001041447239  -0.000774859737
  0.007127362152   0.018637214923   0.064843291802
 -0.000535964330  -0.000991912498  -0.000568519520
  0.000616848101  -0.000085220876  -0.000723250345
  0.005649607019  -0.002476400516   0.004489720839
 -0.000659407485  -0.001406892950   0.001885002382
  0.001204437550   0.000870267224  -0.000003644979
  0.002646867475  -0.001801348703  -0.003420710727
 -0.005400799475  -0.003406068932   0.001209011622
  0.001431152397  -0.000266414992  -0.001653354356
  0.009653963940  -0.014677498364   0.000779190124
 -0.008109701775   0.000415794562  -0.002247703875
 -0.000656733807   0.000375054045  -0.000389400382
 -0.000559652709   0.004252689080  -0.001386914544
 -0.002797817467   0.000542778554  -0.001706669789
  0.000128594317  -0.000050645548   0.000101108859
  0.003947790330  -0.001870035993   0.000966697725
 -0.002661660183   0.001044728986  -0.001581017705
 -0.001485366640   0.001010438389  -0.000739728759
 -0.000076224580  -0.000062794742  -0.024249029492
 -0.000030850199   0.000050173288  -0.004883267906
 -0.000014680261   0.000076375869   0.001585557224
 -0.000043516198   0.000042312933   0.011436369161
 -0.000050845790   0.000039580253  -0.001311429424
  0.000021757188   0.000090082025  -0.000369685277
  0.000006334567   0.000014684306  -0.002732627138
  0.000007225680   0.000029118747   0.001743021728
  0.000011143065   0.000101686862   0.001097072218
  0.000056846079  -0.000212753938  -0.019573792744
 -0.000011988171   0.000002310979  -0.001284261707
  0.000014447983  -0.000073424164   0.000312805516
  0.000028782612  -0.000068993337  -0.003788770577
  0.000007908966  -0.000006087955  -0.002078472814
 -0.000020264521  -0.000073746775   0.000100856043
  0.000003734268  -0.000055168023  -0.003005692711
 -0.000033011724   0.000011553356  -0.006084705277
 -0.000006075284  -0.000058748765  -0.000058037915
 -0.007001706740   0.008344655756   0.000836443431
  0.000064022720   0.000019804138  -0.000037204422
 -0.000069889373  -0.000030497207  -0.000049829475
  0.000139267488   0.000090754617  -0.000124489401
  0.000075287226   0.000006088218  -0.000058906797
 -0.000090658482   0.000067383787  -0.000031627155
  0.000159138965  -0.000016659885   0.000006352466
  0.000189556085   0.000071082823  -0.000071519856
 -0.000161236370  -0.000088340149  -0.000035724098
  0.000744028185  -0.000362544602  -0.000144375282
 -0.000055792520   0.000191906514  -0.000107612548
 -0.000058236713   0.000028077238  -0.000045907243
  0.000475295547  -0.000044048255  -0.000034604151
  0.000027761130  -0.000178268044  -0.000000516427
  0.000007396224  -0.000015188669  -0.000048193041
  0.000121857150  -0.000070811352  -0.000068892224
 -0.000146901835  -0.000046192338  -0.000004699880
 -0.000079906016  -0.000036226203  -0.000005478575
  0.007009031031  -0.008321433446   0.000830072982
 -0.000068874178  -0.000017777635  -0.000010494090
  0.000063698176   0.000018278421  -0.000010558563
 -0.000147931061  -0.000092866302  -0.000094759904
 -0.000085068085  -0.000010232104  -0.000037439461
  0.000093370499  -0.000082131450   0.000015543440
 -0.000151685237   0.000011876296   0.000035225816
 -0.000189843279  -0.000071665629  -0.000079007525
  0.000150868975   0.000075250283   0.000018878195
 -0.000741237334   0.000378742489  -0.000122355529
  0.000070930285  -0.000207905302  -0.000132785525
  0.000056507924  -0.000021394984  -0.000001541928
 -0.000479583473   0.000041332898  -0.000042639699
 -0.000030594975   0.000185862288   0.000016858177
 -0.000015421690   0.000021488181   0.000016004008
 -0.000127522511   0.000072211686  -0.000012294705
  0.000140795742   0.000053771613   0.000027712435
  0.000073945713   0.000052308178   0.000020456475
   73    1  0.0150  0.0000  0.0000
  0.028394816783   0.009686893016  -0.002064146374
  0.000105180539  -0.000431861711   0.001083335743
 -0.000252962715   0.000425923826  -0.000607768069
 -0.007084265126  -0.001187844002   0.008983469229
 -0.002474432693  -0.000836714534   0.004248480166
 -0.000475878207  -0.000269128116   0.000891051621
  0.003000049666   0.002027333872  -0.005220833220
  0.000346392498   0.000179946374   0.001073642918
 -0.000475253007   0.001178400119  -0.001537605776
  0.010042117480   0.005983590716  -0.000565031913
  0.001225243838   0.001303036132   0.002305913510
  0.000799935254   0.000378450943   0.000620292888
 -0.006560069545  -0.000893075810  -0.021018114787
 -0.000186645756   0.000543020451  -0.004510333985
 -0.000064693745  -0.000752631653   0.001200470674
  0.002783273546  -0.000683848272  -0.001806237437
  0.000213406013   0.000228802534   0.000912456151
  0.000874895624  -0.000275498826   0.002704473331
  0.028478445801  -0.009573830827   0.002205181424
  0.000116127198  -0.000395347367  -0.001091964489
 -0.000258913762   0.000364138190   0.000623052618
  0.003189121754  -0.001966465417   0.005215778573
  0.000295391194  -0.000977703657  -0.001066268230
 -0.000469432080  -0.000395112803   0.001544610144
 -0.006913928300   0.001240159301  -0.008971981800
 -0.002519666441   0.000037758736  -0.004252905105
 -0.000454150516   0.001063969968  -0.000876535312
 -0.006513662345   0.000543474186   0.021083024347
 -0.000195987041   0.000330820348   0.004531975410
 -0.000201946797   0.000179280710  -0.001200074165
  0.010064346191  -0.006333725297   0.000542278077
  0.001216034360  -0.000443829023  -0.002303827842
  0.000642385579  -0.000958762626  -0.000605795882
  0.002845262775   0.000313922387   0.001818434716
  0.000150390175   0.000663016686  -0.000898148466
  0.000786708024  -0.000332160147  -0.002713129816
  0.022386525856  -0.026541411042  -0.007254906920
 -0.000201293393   0.000280678535  -0.000614486425
  0.000091566101  -0.000482724031   0.000555315793
  0.000111920908   0.000484553309  -0.002619117954
  0.000633761776   0.000720420521  -0.001419297308
 -0.000710176459  -0.000280965882   0.005408901986
  0.003104184293  -0.000491055646  -0.005688719325
  0.000228955532  -0.000502553800  -0.001205220452
  0.000755939922  -0.000891899300   0.000656683107
  0.000785304368   0.000966028992  -0.009620366637
  0.004125370437  -0.003970330747   0.008084808074
 -0.000301935697  -0.000154043285   0.000658129565
  0.001815016275  -0.000098059195   0.000596486304
 -0.001254798694  -0.001097983575   0.002802763231
 -0.000058118639   0.000436986573  -0.000122974421
 -0.002801738227   0.000601680992  -0.003964367092
 -0.000980706310   0.000687402367   0.002674543810
 -0.000481617376   0.000406611828   0.001488660917
  0.022162144787   0.026463949012   0.007077231264
  0.000131375518   0.000164679013   0.000622875991
  0.000009442413   0.000142482279  -0.000539146172
  0.002902207616   0.000457782781   0.005699832645
  0.000561454637   0.000917028238   0.001209067310
  0.000682232883   0.000562608090  -0.000655115388
 -0.000063966050  -0.000518706624   0.002632450337
  0.000960252376  -0.000295907538   0.001410246669
 -0.000775258832  -0.000072586631  -0.005395634750
  0.001682347177   0.000226110251  -0.000559810171
 -0.001472454583   0.000633170064  -0.002781446788
  0.000233988575  -0.000130087290   0.000127813607
  0.000678090609  -0.000834493094   0.009571935706
  0.003881627564   0.003515407502  -0.008219234836
 -0.000001318012   0.000458823856  -0.000638314538
 -0.002900131833  -0.000484513341   0.003956109867
 -0.001209222030  -0.001149435446  -0.002645224953
 -0.000170371839  -0.000075926538  -0.001489858007
 -0.143001298297  -0.000161543650  -0.000043938620
  0.000768638713   0.000120497115   0.000305114694
  0.000786419684  -0.000077990019  -0.000262677412
  0.003540850019  -0.001511443028  -0.004780191804
  0.000609705007  -0.000777072859  -0.000267395379
  0.000626315280   0.000092380864  -0.001593904360
  0.003546555095   0.001442578775   0.004751590714
  0.000604272514   0.000989103052   0.000855446416
  0.000625193264  -0.000244607646   0.001056653047
  0.009208491710  -0.012231824582  -0.004758671491
 -0.000427939869  -0.002007804514  -0.002537034494
 -0.000482562561   0.000499635048   0.000297618505
  0.009154739667   0.012237000204   0.004989313991
 -0.000454374960   0.001760776541   0.001855208558
 -0.000480099248  -0.000315640755   0.000077457598
  0.004439596458   0.000000677851   0.000106991212
 -0.002283651056  -0.000109576697  -0.000341042189
 -0.001356564317   0.000103446771   0.000206796219
 -0.021627962202   0.000093874055   0.000033396098
 -0.000652545564   0.000112758316  -0.000306801815
 -0.000644784580  -0.000085038959   0.000251290052
 -0.004202233842   0.002505774506  -0.004979673917
 -0.000354685036   0.000643820104  -0.000849682025
 -0.000365480205  -0.000571449891  -0.000946595944
 -0.004213540715  -0.002561785254   0.004992251543
 -0.000337481366  -0.000424395503   0.000272085219
 -0.000374438072   0.000425861820   0.001474863019
 -0.009536756094   0.009782543960  -0.003994218770
 -0.000579108065   0.001767182593  -0.001681713441
  0.000069384468  -0.000107324120   0.000048256225
 -0.009497505809  -0.009698359459   0.003740214148
 -0.000554386721  -0.001954253405   0.002304395309
  0.000054551294   0.000281762197  -0.000430985712
 -0.002865766680   0.000025052757  -0.000114599561
  0.003596051004  -0.000118126810   0.000322062467
  0.000829734130   0.000092365424  -0.000203157812
  0.005460948822   0.004677786214   0.023900019826
  0.002379128343  -0.000835591009   0.000685106105
  0.000014684127  -0.000354011585  -0.000839231109
  0.005480966951  -0.004577216794  -0.023827280959
  0.002372727953   0.000871777182  -0.000649215785
  0.000027542058   0.000329376507   0.000835819711
 -0.006745144723   0.000069198025   0.000014965314
 -0.002693754927   0.000026141548   0.000008117144
 -0.000758557667  -0.000026961077  -0.000014475426
 -0.000510634697   0.000021164519   0.000127444395
  0.000034697309  -0.000059698738  -0.000008621830
 -0.000368462324  -0.000040938089   0.000002638935
  0.003009821789   0.000770697321   0.003513964905
  0.001428022623   0.000894625070   0.001019063489
  0.000927550259   0.000590392266  -0.000265606619
  0.003046962723  -0.000747315504  -0.003487107685
  0.001411725464  -0.000996946202  -0.001020927592
  0.000933829180  -0.000647626518   0.000272837466
  0.003679432899   0.000045613441  -0.000016843268
 -0.000009223021  -0.000010633968  -0.000016399990
  0.000063469182  -0.000003625123   0.000001569743
 -0.000188828959   0.000011536837   0.000148527301
 -0.000157734888   0.000068376751  -0.000016712877
 -0.000004827285  -0.000025188461  -0.000011662798
 -0.000191589320  -0.000004375586  -0.000174288473
 -0.000158439864  -0.000085335468  -0.000009237930
 -0.000003002775   0.000026056773   0.000014137731
 -0.000245426143   0.000632329963   0.000305899063
  0.000016406286  -0.000305108408   0.000044952744
  0.000101650949  -0.000039834548   0.000014201056
 -0.000241092462  -0.000616510519  -0.000297018342
  0.000004589310   0.000309334314  -0.000087691645
  0.000101853068   0.000024815646  -0.000014021719
  0.000049332784   0.000006400166  -0.000008335414
  0.000171775493   0.000007381009  -0.000026437076
  0.000247726704  -0.000008907293   0.000007127519
  0.030426790839  -0.000031403159  -0.000027190784
  0.000012522542  -0.000006720974   0.000009623265
 -0.000102850111  -0.000001602249  -0.000010344956
  0.000051141598   0.000073322810   0.000020945188
 -0.000010147993   0.000091632487   0.000035255532
 -0.000148659368   0.000079913672   0.000032579098
  0.000052814667  -0.000063638579  -0.000033331637
 -0.000009664985  -0.000111551620  -0.000012454786
 -0.000146999025  -0.000077519863  -0.000048681353
  0.000683253705   0.000012153877  -0.000007636113
  0.000181161673  -0.000005530890  -0.000044937996
  0.000043906747  -0.000056501975  -0.000017701685
  0.000681595919   0.000001267196   0.000019673259
  0.000189465696   0.000019733532   0.000027522099
  0.000042073906   0.000040315929  -0.000000011469
  0.000106552710   0.000008976717   0.000001977865
 -0.000047821250   0.000003849156   0.000003019542
  0.000131166596  -0.000010849133  -0.000000134185
   73    2  0.0000  0.0150  0.0000
  0.002265773406   0.010664061715  -0.007578279176
  0.000323736090   0.000090549602  -0.000210711368
  0.000702206819   0.000832214903   0.000002235592
  0.000906051868   0.001432951419  -0.001440349052
  0.000183079494  -0.000669185174  -0.002103491100
 -0.000188016733  -0.001546289994   0.001922567563
  0.002343610742   0.000560896343   0.004324046650
  0.000075332941  -0.000572347513  -0.000428828303
 -0.000739551524  -0.000674362064   0.002147204775
  0.004638876326   0.012566194549   0.035882549145
  0.000243237127  -0.000247947126   0.004597005347
 -0.000200220966  -0.000391472108  -0.000055089408
 -0.002521687334   0.000662946235  -0.008381334762
  0.000210263668   0.001472502288   0.003168317603
 -0.000201585639  -0.000435724638   0.000393104483
  0.002736793110   0.000431983971  -0.004078992626
 -0.001087289069  -0.000307442960   0.000665307223
  0.000545063635  -0.002207320843   0.000542805180
 -0.002265773406   0.010664061715  -0.007578279176
 -0.000323736090   0.000090549602  -0.000210711368
 -0.000702206819   0.000832214903   0.000002235592
 -0.002343610742   0.000560896343   0.004324046650
 -0.000075332941  -0.000572347513  -0.000428828303
  0.000739551524  -0.000674362064   0.002147204775
 -0.000906051868   0.001432951419  -0.001440349052
 -0.000183079494  -0.000669185174  -0.002103491100
  0.000188016733  -0.001546289994   0.001922567563
  0.002521687334   0.000662946235  -0.008381334762
 -0.000210263668   0.001472502288   0.003168317603
  0.000201585639  -0.000435724638   0.000393104483
 -0.004638876326   0.012566194549   0.035882549145
 -0.000243237127  -0.000247947126   0.004597005347
  0.000200220966  -0.000391472108  -0.000055089408
 -0.002736793110   0.000431983971  -0.004078992626
  0.001087289069  -0.000307442960   0.000665307223
 -0.000545063635  -0.002207320843   0.000542805180
 -0.029886040596   0.030203670970  -0.018538137552
 -0.000738133723  -0.000238381525   0.000106245059
 -0.000428541323  -0.000928067469   0.001000013121
  0.001545042723   0.000196213742   0.001793505183
  0.000041351427  -0.000002415252   0.000272793843
  0.000635598680   0.000505632515   0.003427200328
 -0.001305979345  -0.000421008120   0.002446921908
  0.000505186643  -0.000044287457  -0.000868223595
  0.001166645293   0.000585459585   0.001405348421
  0.002123007354  -0.002813816962   0.014762848101
 -0.003196178221   0.001267255981  -0.000494735860
  0.000193857952   0.000329093066  -0.000386510980
 -0.002147003871  -0.000606557121  -0.004256135898
 -0.001569753628  -0.000555360424  -0.000529568116
  0.000222138890   0.000258400331   0.000043759945
  0.000995489096   0.000751660952   0.001879741536
  0.000221833329   0.000565102294  -0.001038453193
  0.001203033848   0.001244904808  -0.001019393972
  0.029886040596   0.030203670970  -0.018538137552
  0.000738133723  -0.000238381525   0.000106245059
  0.000428541323  -0.000928067469   0.001000013121
  0.001305979345  -0.000421008120   0.002446921908
 -0.000505186643  -0.000044287457  -0.000868223595
 -0.001166645293   0.000585459585   0.001405348421
 -0.001545042723   0.000196213742   0.001793505183
 -0.000041351427  -0.000002415252   0.000272793843
 -0.000635598680   0.000505632515   0.003427200328
  0.002147003871  -0.000606557121  -0.004256135898
  0.001569753628  -0.000555360424  -0.000529568116
 -0.000222138890   0.000258400331   0.000043759945
 -0.002123007354  -0.002813816962   0.014762848101
  0.003196178221   0.001267255981  -0.000494735860
 -0.000193857952   0.000329093066  -0.000386510980
 -0.000995489096   0.000751660952   0.001879741536
 -0.000221833329   0.000565102294  -0.001038453193
 -0.001203033848   0.001244904808  -0.001019393972
 -0.000000000000  -0.133361255564   0.066492973159
 -0.000000000000   0.000381207491  -0.000000000133
 -0.000000000000   0.000386526446  -0.001067194392
  0.001465671268   0.003275895457   0.000037458048
 -0.000152148902   0.000163320738   0.000953750407
  0.000876319347   0.000180182370  -0.001957765728
 -0.001465671268   0.003275895457   0.000037458048
  0.000152148902   0.000163320738   0.000953750407
 -0.000876319347   0.000180182370  -0.001957765728
 -0.012288066364   0.008975212896  -0.004809903036
 -0.001832900469  -0.000349072072  -0.002866838363
  0.000418439708  -0.000294377213  -0.000050536590
  0.012288066364   0.008975212896  -0.004809903036
  0.001832900469  -0.000349072072  -0.002866838363
 -0.000418439708  -0.000294377213  -0.000050536590
 -0.000000000000   0.006440840742   0.003217602785
 -0.000000000000  -0.001225405403   0.000079098211
 -0.000000000000  -0.002475790776  -0.000858490589
 -0.000000000000  -0.016069322095   0.011864500055
 -0.000000000000  -0.000281476897  -0.000100371816
 -0.000000000000  -0.000278009339   0.000011138545
 -0.002552683317  -0.004300738405   0.000810508787
  0.000532038688  -0.000202847001   0.000941954067
 -0.000552908175  -0.000176262565  -0.002075032660
  0.002552683317  -0.004300738405   0.000810508787
 -0.000532038688  -0.000202847001   0.000941954067
  0.000552908175  -0.000176262565  -0.002075032660
  0.009713170189  -0.006430887087  -0.004692343691
  0.001854182245   0.001104626305  -0.002708489030
 -0.000183865897   0.000290997322  -0.000410178232
 -0.009713170189  -0.006430887087  -0.004692343691
 -0.001854182245   0.001104626305  -0.002708489030
  0.000183865897   0.000290997322  -0.000410178232
 -0.000000000000  -0.007893734737   0.003266643628
 -0.000000000000   0.001312345824  -0.000543188115
 -0.000000000000   0.000879170952  -0.001300314588
  0.001514533054   0.000604304494  -0.008178986600
 -0.000825538392  -0.000756766065   0.000743573536
 -0.000259821220   0.000004425546   0.000962570387
 -0.001514533054   0.000604304494  -0.008178986600
  0.000825538392  -0.000756766065   0.000743573536
  0.000259821220   0.000004425546   0.000962570387
 -0.000000000000   0.000926112989  -0.010861776473
 -0.000000000000  -0.000386800890   0.001669977742
 -0.000000000000   0.002811983253   0.003033760346
 -0.000000000000   0.002473796842  -0.048656598875
 -0.000000000000  -0.000534613654  -0.000297062016
 -0.000000000000   0.000072959558   0.000372830522
  0.003029286096   0.000181975957  -0.006589773276
 -0.000482856834   0.000819431490  -0.000425821123
 -0.000185492460   0.000670877321  -0.000948484468
 -0.003029286096   0.000181975957  -0.006589773276
  0.000482856834   0.000819431490  -0.000425821123
  0.000185492460   0.000670877321  -0.000948484468
 -0.000000000000   0.002171852251  -0.000050962155
 -0.000000000000  -0.000073442419  -0.000013698192
 -0.000000000000  -0.000084732496  -0.000097022322
  0.000203048064   0.000094258991  -0.000056537854
  0.000010911034   0.000039639838  -0.000051560076
  0.000096631123   0.000053830795   0.000013743268
 -0.000203048064   0.000094258991  -0.000056537854
 -0.000010911034   0.000039639838  -0.000051560076
 -0.000096631123   0.000053830795   0.000013743268
  0.001199393976  -0.000307786864   0.000136132447
  0.000046607827  -0.000091054627  -0.000000350982
 -0.000035640078   0.000016088535  -0.000044613325
 -0.001199393976  -0.000307786864   0.000136132447
 -0.000046607827  -0.000091054627  -0.000000350982
  0.000035640078   0.000016088535  -0.000044613325
 -0.000000000000  -0.000024098144  -0.000030274061
 -0.000000000000  -0.000014328519  -0.000054386369
 -0.000000000000   0.000323773393   0.000019505903
 -0.000000000000   0.031689110105  -0.022585912179
 -0.000000000000  -0.000098475669  -0.000029301437
 -0.000000000000   0.000034136052   0.000053362748
 -0.000026330850   0.000026882548   0.000029102703
 -0.000050333129   0.000049366965   0.000005427891
 -0.000080729184   0.000121367199   0.000019452768
  0.000026330850   0.000026882548   0.000029102703
  0.000050333129   0.000049366965   0.000005427891
  0.000080729184   0.000121367199   0.000019452768
 -0.000044446689   0.000275029125  -0.000030483546
 -0.000120676024   0.000045213814   0.000097388278
  0.000001973547   0.000026557824   0.000033403114
  0.000044446689   0.000275029125  -0.000030483546
  0.000120676024   0.000045213814   0.000097388278
 -0.000001973547   0.000026557824   0.000033403114
 -0.000000000000   0.000264686958  -0.000119319382
 -0.000000000000   0.000091683684   0.000047680354
 -0.000000000000   0.000402495765   0.000012692763
   73    3  0.0000  0.0000  0.0150
  0.009125362531   0.000721111176   0.031035369534
  0.001547711223   0.000610045130  -0.001468056870
  0.000775485899   0.000378488953  -0.000896065063
  0.000484113578  -0.000715250566  -0.005010975200
 -0.000305612874   0.000844700444  -0.001076433431
  0.000591074281   0.000433373872  -0.000136044169
  0.003131181238  -0.001756003909   0.004454592321
 -0.000126557278   0.000567190117   0.002752447532
  0.000269099543   0.000643521776  -0.000051187666
 -0.003641478562   0.000862077129   0.017974067995
 -0.000095751636   0.000171998918   0.004488914500
 -0.000269428194   0.000178745905   0.000060037833
 -0.001439980806  -0.000243275688  -0.000782206734
  0.001282891277  -0.000158821263   0.000830966390
 -0.000624917240   0.000113426375  -0.000006061253
 -0.000632515821   0.001675580958  -0.002094760131
 -0.000627735381   0.000238995601  -0.002695147704
 -0.000264367860   0.000623598174   0.000521168017
 -0.009125362531   0.000721111176   0.031035369534
 -0.001547711223   0.000610045130  -0.001468056870
 -0.000775485899   0.000378488953  -0.000896065063
 -0.003131181238  -0.001756003909   0.004454592321
  0.000126557278   0.000567190117   0.002752447532
 -0.000269099543   0.000643521776  -0.000051187666
 -0.000484113578  -0.000715250566  -0.005010975200
  0.000305612874   0.000844700444  -0.001076433431
 -0.000591074281   0.000433373872  -0.000136044169
  0.001439980806  -0.000243275688  -0.000782206734
 -0.001282891277  -0.000158821263   0.000830966390
  0.000624917240   0.000113426375  -0.000006061253
  0.003641478562   0.000862077129   0.017974067995
  0.000095751636   0.000171998918   0.004488914500
  0.000269428194   0.000178745905   0.000060037833
  0.000632515821   0.001675580958  -0.002094760131
  0.000627735381   0.000238995601  -0.002695147704
  0.000264367860   0.000623598174   0.000521168017
  0.019475927780  -0.018039574538   0.064640691922
  0.000636676510  -0.000183282798  -0.000657104439
  0.000433240101  -0.000974310658  -0.000604672696
  0.000144605525   0.000893722095  -0.003515474832
 -0.000189967190   0.000061843230  -0.001586558512
 -0.000176162051  -0.000593203835   0.001176550001
 -0.000543972681  -0.000358401688   0.004445124408
  0.000207161555   0.000208464113   0.000075785940
  0.000344250342  -0.001149682753   0.001869443919
  0.001329648534   0.000234218137   0.000787303026
 -0.002425297973   0.000366150082  -0.002174419412
 -0.000412601860   0.000239628872  -0.000433211651
 -0.000498658649  -0.000545818910  -0.001338083358
  0.001074219905   0.000315180579  -0.001613656004
 -0.000120193923   0.000146949246   0.000042116635
 -0.000272764671   0.000727396820   0.000974293022
 -0.000712015378   0.000320698969  -0.001566508145
 -0.000308132521  -0.000439433291  -0.000751977293
 -0.019475927780  -0.018039574538   0.064640691922
 -0.000636676510  -0.000183282798  -0.000657104439
 -0.000433240101  -0.000974310658  -0.000604672696
  0.000543972681  -0.000358401688   0.004445124408
 -0.000207161555   0.000208464113   0.000075785940
 -0.000344250342  -0.001149682753   0.001869443919
 -0.000144605525   0.000893722095  -0.003515474832
  0.000189967190   0.000061843230  -0.001586558512
  0.000176162051  -0.000593203835   0.001176550001
  0.000498658649  -0.000545818910  -0.001338083358
 -0.001074219905   0.000315180579  -0.001613656004
  0.000120193923   0.000146949246   0.000042116635
 -0.001329648534   0.000234218137   0.000787303026
  0.002425297973   0.000366150082  -0.002174419412
  0.000412601860   0.000239628872  -0.000433211651
  0.000272764671   0.000727396820   0.000974293022
  0.000712015378   0.000320698969  -0.001566508145
  0.000308132521  -0.000439433291  -0.000751977293
  0.000000000000   0.066345820839  -0.629482497970
  0.000000000000  -0.001068195655  -0.000289340224
  0.000000000000  -0.000000913562  -0.000251413153
  0.004807637956   0.000121633769   0.000626616410
  0.001351995787  -0.002035151572  -0.000802734790
  0.000532098652   0.000951798527  -0.000788170511
 -0.004807637956   0.000121633769   0.000626616410
 -0.001351995787  -0.002035151572  -0.000802734790
 -0.000532098652   0.000951798527  -0.000788170511
 -0.004820823798  -0.004913670653  -0.006394213793
 -0.002143224543  -0.002847799684  -0.000211947868
  0.000113942809  -0.000063975899   0.000155190003
  0.004820823798  -0.004913670653  -0.006394213793
  0.002143224543  -0.002847799684  -0.000211947868
 -0.000113942809  -0.000063975899   0.000155190003
  0.000000000000   0.003153223182   0.000639004474
  0.000000000000   0.000034759926   0.002123711734
  0.000000000000  -0.000744429367  -0.000764921330
  0.000000000000  -0.011891577465   0.075739014488
  0.000000000000  -0.000004218382   0.000922705735
  0.000000000000   0.000067467547   0.000875883713
 -0.004959512913  -0.000683052482   0.001093531614
 -0.001192432856   0.002015705023  -0.000178744347
 -0.000597776173  -0.000938377206  -0.000188533275
  0.004959512913  -0.000683052482   0.001093531614
  0.001192432856   0.002015705023  -0.000178744347
  0.000597776173  -0.000938377206  -0.000188533275
  0.003825814373   0.004752056442  -0.008839535635
  0.002066277530   0.002730447330  -0.003018820993
 -0.000217209408   0.000401488138  -0.000474651979
 -0.003825814373   0.004752056442  -0.008839535635
 -0.002066277530   0.002730447330  -0.003018820993
  0.000217209408   0.000401488138  -0.000474651979
  0.000000000000  -0.003313263983   0.001013882266
  0.000000000000   0.000470027814   0.002003348513
  0.000000000000   0.001381458421  -0.000895349938
  0.001144232604  -0.001431879992   0.008262621802
 -0.000848706188  -0.000245340229   0.002900568081
 -0.000229133221  -0.000956197942   0.000496260023
 -0.001144232604  -0.001431879992   0.008262621802
  0.000848706188  -0.000245340229   0.002900568081
  0.000229133221  -0.000956197942   0.000496260023
  0.000000000000  -0.001941879966  -0.004434008955
  0.000000000000  -0.000977381306   0.000054283569
  0.000000000000  -0.000782372811   0.002503797712
  0.000000000000  -0.001716946733   0.002678826201
  0.000000000000   0.001014870978   0.001386232063
  0.000000000000   0.000517975027   0.000513420923
  0.001551121069   0.001959688626  -0.002430253680
 -0.000139781602  -0.000206117641   0.002882543193
 -0.000484879449   0.000132556247  -0.001275412868
 -0.001551121069   0.001959688626  -0.002430253680
  0.000139781602  -0.000206117641   0.002882543193
  0.000484879449   0.000132556247  -0.001275412868
  0.000000000000   0.001797430990   0.004949511417
  0.000000000000   0.000082539777  -0.000098836960
  0.000000000000   0.000013592413  -0.000088851677
  0.000134670322   0.000095260642  -0.000066432357
 -0.000021058371  -0.000074580517  -0.000042302507
  0.000069291566  -0.000046857991  -0.000086006104
 -0.000134670322   0.000095260642  -0.000066432357
  0.000021058371  -0.000074580517  -0.000042302507
 -0.000069291566  -0.000046857991  -0.000086006104
  0.000499358574  -0.000022423446   0.000053204561
  0.000136857371  -0.000133149096  -0.000122485198
  0.000018792841  -0.000075342305  -0.000066672458
 -0.000499358574  -0.000022423446   0.000053204561
 -0.000136857371  -0.000133149096  -0.000122485198
 -0.000018792841  -0.000075342305  -0.000066672458
  0.000000000000  -0.000246125420  -0.000034818438
  0.000000000000  -0.000072735401  -0.000086726375
  0.000000000000  -0.000132403797  -0.000019461179
  0.000000000000  -0.022571584515   0.338694409986
  0.000000000000   0.000115596594   0.000215015988
  0.000000000000   0.000088360708   0.000205863096
 -0.000265610108   0.000187006676   0.000184738632
 -0.000133986504   0.000008077692   0.000130609346
 -0.000021106765   0.000076936551   0.000137577601
  0.000265610108   0.000187006676   0.000184738632
  0.000133986504   0.000008077692   0.000130609346
  0.000021106765   0.000076936551   0.000137577601
  0.000024658489   0.000343529543   0.000611420797
 -0.000001150386  -0.000098610474   0.000433991133
  0.000003482226  -0.000080663497   0.000149456823
 -0.000024658489   0.000343529543   0.000611420797
  0.000001150386  -0.000098610474   0.000433991133
 -0.000003482226  -0.000080663497   0.000149456823
  0.000000000000  -0.000098550385   0.000088422723
  0.000000000000  -0.000058863789   0.000081071955
  0.000000000000  -0.000147764387   0.000154459449
  109    1  0.0150  0.0000  0.0000
  0.121690471575   0.015058679430   0.000000000000
  0.002819128665  -0.001214844348   0.000000000000
 -0.002396180614   0.000174535100   0.000000000000
 -0.018989645334   0.004163858697   0.000000000000
  0.003920777063  -0.000504552052   0.000000000000
  0.002843333578  -0.000404458023   0.000000000000
  0.049160092768   0.014627088595   0.000000000000
  0.000886418341   0.000758886727   0.000000000000
  0.004567621336   0.002481748239   0.000000000000
  0.137454889989  -0.077428395082   0.000000000000
 -0.001655283269   0.000993169014   0.000000000000
 -0.001086486938   0.000408552473   0.000000000000
 -0.024371253945  -0.016046360879   0.000000000000
 -0.004074575048  -0.000839363596   0.000000000000
 -0.002887329923   0.000419863934   0.000000000000
  0.041670502177   0.008926606278   0.000000000000
 -0.000749786303   0.004139201922   0.000000000000
  0.000085594339   0.000083425137   0.000000000000
  0.048999503043  -0.014420893070   0.000000000000
  0.000826565748  -0.000963416122   0.000000000000
  0.004291393242  -0.002660727075   0.000000000000
 -0.019059159344  -0.004042609623   0.000000000000
  0.003563954549   0.000468707863   0.000000000000
  0.002755400582   0.000127463391   0.000000000000
  0.121527088228  -0.014899843182   0.000000000000
  0.002828512095   0.001004067637   0.000000000000
 -0.002710718662  -0.000333245747   0.000000000000
  0.137729953911   0.077282308938   0.000000000000
 -0.001381311709  -0.000962322511   0.000000000000
 -0.001104007353  -0.000080284694   0.000000000000
  0.041730199140  -0.008993434248   0.000000000000
 -0.000614940391  -0.004076198614   0.000000000000
  0.000306197014   0.000085174010   0.000000000000
 -0.024290860102   0.015946041701   0.000000000000
 -0.003989186418   0.000963496574   0.000000000000
 -0.002608100393  -0.000244484404   0.000000000000
 -0.018059359328   0.003606244428   0.000000000000
  0.000057599481   0.000416590761   0.000000000000
 -0.009125689529   0.012381996097   0.000000000000
  0.020220083950  -0.005455583176   0.000000000000
 -0.000767593499  -0.000405626584   0.000000000000
  0.001760637211  -0.001438740031   0.000000000000
 -0.004797046620   0.000543956494   0.000000000000
 -0.001457360750   0.000132499387   0.000000000000
  0.003506625672   0.002343941248   0.000000000000
  0.026454343521  -0.049424976166   0.000000000000
  0.001337225623   0.002768750556   0.000000000000
  0.000817487724  -0.000474820024   0.000000000000
 -0.013995803544   0.000968741564   0.000000000000
 -0.007236848637   0.006588931807   0.000000000000
  0.000763920327  -0.000397154485   0.000000000000
 -0.002246917871  -0.001581855962   0.000000000000
  0.005618004848  -0.000080272834   0.000000000000
 -0.002036405703  -0.000171866073   0.000000000000
 -0.004982458824  -0.000771257798   0.000000000000
 -0.001449742730  -0.000093302606   0.000000000000
  0.003411967140  -0.002326010863   0.000000000000
  0.020113404506   0.005359863969   0.000000000000
 -0.000888941859   0.000309943435   0.000000000000
  0.001751288955   0.001457275250   0.000000000000
 -0.018219806742  -0.003789901040   0.000000000000
 -0.000018886712  -0.000366745793   0.000000000000
 -0.009165240197  -0.012432511424   0.000000000000
  0.026637097368   0.049737038369   0.000000000000
  0.001389628615  -0.002787371166   0.000000000000
  0.000862128006   0.000408725893   0.000000000000
 -0.002132150039   0.001737379331   0.000000000000
  0.005590734290   0.000080793198   0.000000000000
 -0.001893074923   0.000188220412   0.000000000000
 -0.013862659011  -0.000805777862   0.000000000000
 -0.007199923445  -0.006643741866   0.000000000000
  0.000816495326   0.000433918631   0.000000000000
  0.005482155241   0.001451064120   0.001047621189
  0.000007768163  -0.000285650875  -0.000135384872
  0.002339011008  -0.000803922667  -0.000854653668
 -0.006689479713  -0.000022330644  -0.000071639829
 -0.000738986730  -0.000032127791  -0.000057717748
 -0.002599032130   0.000030327684   0.000043243661
  0.005503174576  -0.001489650488  -0.001262747151
  0.000011791155   0.000284083974   0.000209380110
  0.002330629454   0.000845570171   0.000848216461
 -0.000449286282   0.000053383715   0.000132170580
  0.000064443959   0.000000277509   0.000009394927
 -0.000342883553  -0.000038136652  -0.000106793121
  0.002984648359   0.002984687149   0.001694846090
  0.001415866289  -0.000504130847  -0.000127533555
  0.000909800493  -0.000243892113  -0.000651560936
  0.002979807890  -0.002925885599  -0.001612159286
  0.001399420024   0.000488656926   0.000118392431
  0.000915406865   0.000217456650   0.000620024030
  0.005482155241   0.001451064120  -0.001047621189
  0.000007768163  -0.000285650875   0.000135384872
  0.002339011008  -0.000803922667   0.000854653668
 -0.006689479713  -0.000022330644   0.000071639829
 -0.000738986730  -0.000032127791   0.000057717748
 -0.002599032130   0.000030327684  -0.000043243661
  0.005503174576  -0.001489650488   0.001262747151
  0.000011791155   0.000284083974  -0.000209380110
  0.002330629454   0.000845570171  -0.000848216461
 -0.000449286282   0.000053383715  -0.000132170580
  0.000064443959   0.000000277509  -0.000009394927
 -0.000342883553  -0.000038136652   0.000106793121
  0.002984648359   0.002984687149  -0.001694846090
  0.001415866289  -0.000504130847   0.000127533555
  0.000909800493  -0.000243892113   0.000651560936
  0.002979807890  -0.002925885599   0.001612159286
  0.001399420024   0.000488656926  -0.000118392431
  0.000915406865   0.000217456650  -0.000620024030
 -0.623121012455  -0.000140775327   0.000000000000
 -0.000050396029  -0.000070164626   0.000000000000
 -0.000165056047  -0.000056749319   0.000000000000
 -0.019245258137   0.010855155442   0.000000000000
 -0.000981400953  -0.001688098231   0.000000000000
 -0.000889190637   0.003140495282   0.000000000000
 -0.019214397146  -0.010965318636   0.000000000000
 -0.000973343178   0.001526389900   0.000000000000
 -0.000970182226  -0.003357459386   0.000000000000
 -0.013899685409   0.009312700654   0.000000000000
 -0.002254036957   0.002603562568   0.000000000000
 -0.004737562669  -0.001279661377   0.000000000000
  0.050846491766   0.000061028798   0.000000000000
 -0.003657639047   0.000125184076   0.000000000000
  0.004414160652   0.000078797725   0.000000000000
 -0.013846657419  -0.009108813220   0.000000000000
 -0.002330489773  -0.002526929902   0.000000000000
 -0.004685184102   0.001493965641   0.000000000000
  0.000357632550   0.001168030297   0.000072874354
  0.000089814835   0.000187119478  -0.000058058167
  0.000089562710   0.000002758385   0.000102237801
 -0.000270299085   0.000004749333   0.000006329549
  0.000387944087   0.000010601713   0.000035606929
  0.000215980348   0.000013000164   0.000043598616
  0.000365700353  -0.001176670480  -0.000120222756
  0.000089785723  -0.000177321890   0.000114832910
  0.000097419796   0.000024495966  -0.000012634479
  0.002465849318  -0.000012274612   0.000058802155
 -0.000113019570  -0.000004425867   0.000025042966
 -0.000049821519  -0.000008770937   0.000031849638
  0.000043434852   0.000584785653  -0.000375890104
 -0.000209008219   0.000005496703  -0.000038064027
 -0.000336512942   0.000226812981   0.000153444725
  0.000039187654  -0.000589613959   0.000434255582
 -0.000202118325  -0.000024775571   0.000062914351
 -0.000336134867  -0.000252801340  -0.000072836471
  0.000357632550   0.001168030297  -0.000072874354
  0.000089814835   0.000187119478   0.000058058167
  0.000089562710   0.000002758385  -0.000102237801
 -0.000270299085   0.000004749333  -0.000006329549
  0.000387944087   0.000010601713  -0.000035606929
  0.000215980348   0.000013000164  -0.000043598616
  0.000365700353  -0.001176670480   0.000120222756
  0.000089785723  -0.000177321890  -0.000114832910
  0.000097419796   0.000024495966   0.000012634479
  0.002465849318  -0.000012274612  -0.000058802155
 -0.000113019570  -0.000004425867  -0.000025042966
 -0.000049821519  -0.000008770937  -0.000031849638
  0.000043434852   0.000584785653   0.000375890104
 -0.000209008219   0.000005496703   0.000038064027
 -0.000336512942   0.000226812981  -0.000153444725
  0.000039187654  -0.000589613959  -0.000434255582
 -0.000202118325  -0.000024775571  -0.000062914351
 -0.000336134867  -0.000252801340   0.000072836471
  109    2  0.0000  0.0150  0.0000
  0.033218838594   0.019644619733  -0.000000000000
 -0.001914458828   0.002905517825  -0.000000000000
  0.000413281616  -0.003996060163  -0.000000000000
  0.002950123444   0.007822669796  -0.000000000000
 -0.003389888772   0.009336460648  -0.000000000000
  0.000566669627   0.002413665558  -0.000000000000
 -0.003841474258  -0.008645100973  -0.000000000000
  0.000352490574   0.002612374178  -0.000000000000
 -0.002586101290  -0.001700566735  -0.000000000000
 -0.110813608882   0.041345559832  -0.000000000000
 -0.001394816203  -0.004568339052  -0.000000000000
  0.000983843759  -0.002210727345  -0.000000000000
  0.005214578289  -0.006383867788  -0.000000000000
  0.006589829816   0.001931790634  -0.000000000000
 -0.000694080317   0.002644073704  -0.000000000000
  0.002187870099  -0.006872293030  -0.000000000000
  0.001294101193   0.005120016659  -0.000000000000
  0.003090383847   0.001995265621  -0.000000000000
  0.003841474258  -0.008645100973  -0.000000000000
 -0.000352490574   0.002612374178  -0.000000000000
  0.002586101290  -0.001700566735  -0.000000000000
 -0.002950123444   0.007822669796  -0.000000000000
  0.003389888772   0.009336460648  -0.000000000000
 -0.000566669627   0.002413665558  -0.000000000000
 -0.033218838594   0.019644619733  -0.000000000000
  0.001914458828   0.002905517825  -0.000000000000
 -0.000413281616  -0.003996060163  -0.000000000000
  0.110813608882   0.041345559832  -0.000000000000
  0.001394816203  -0.004568339052  -0.000000000000
 -0.000983843759  -0.002210727345  -0.000000000000
 -0.002187870099  -0.006872293030  -0.000000000000
 -0.001294101193   0.005120016659  -0.000000000000
 -0.003090383847   0.001995265621  -0.000000000000
 -0.005214578289  -0.006383867788  -0.000000000000
 -0.006589829816   0.001931790634  -0.000000000000
  0.000694080317   0.002644073704  -0.000000000000
  0.003763706840   0.012683583504  -0.000000000000
 -0.000663760675  -0.001232386695  -0.000000000000
  0.001458655651   0.004155916781  -0.000000000000
  0.000215031876  -0.001900141915  -0.000000000000
 -0.006238222767  -0.002869107617  -0.000000000000
 -0.000293427498  -0.002127257992  -0.000000000000
 -0.007722840060   0.009600775134  -0.000000000000
 -0.001874735990  -0.000420697527  -0.000000000000
  0.000644526296   0.003881932792  -0.000000000000
 -0.004431467926   0.029944414202  -0.000000000000
  0.002168020692   0.002695169923  -0.000000000000
  0.002178228409   0.001725763883  -0.000000000000
 -0.000678056946   0.002924634856  -0.000000000000
 -0.001977180799  -0.003552953197  -0.000000000000
  0.000095032719  -0.001345470440  -0.000000000000
  0.003025438248  -0.000821904740  -0.000000000000
  0.001419234854  -0.006242103394  -0.000000000000
 -0.000956177376  -0.001830961104  -0.000000000000
  0.007722840060   0.009600775134  -0.000000000000
  0.001874735990  -0.000420697527  -0.000000000000
 -0.000644526296   0.003881932792  -0.000000000000
 -0.000215031876  -0.001900141915  -0.000000000000
  0.006238222767  -0.002869107617  -0.000000000000
  0.000293427498  -0.002127257992  -0.000000000000
 -0.003763706840   0.012683583504  -0.000000000000
  0.000663760675  -0.001232386695  -0.000000000000
 -0.001458655651   0.004155916781  -0.000000000000
  0.004431467926   0.029944414202  -0.000000000000
 -0.002168020692   0.002695169923  -0.000000000000
 -0.002178228409   0.001725763883  -0.000000000000
 -0.003025438248  -0.000821904740  -0.000000000000
 -0.001419234854  -0.006242103394  -0.000000000000
  0.000956177376  -0.001830961104  -0.000000000000
  0.000678056946   0.002924634856  -0.000000000000
  0.001977180799  -0.003552953197  -0.000000000000
 -0.000095032719  -0.001345470440  -0.000000000000
  0.004725634213   0.000631820212  -0.001473791334
 -0.000326942760   0.000046028205  -0.001036725170
 -0.000904875136  -0.000776306812  -0.000362177401
 -0.000000000000   0.000975024365  -0.002066531588
 -0.000000000000   0.002770102279  -0.000851342414
 -0.000000000000  -0.000342113587  -0.001057620828
 -0.004725634213   0.000631820212  -0.001473791334
  0.000326942760   0.000046028205  -0.001036725170
  0.000904875136  -0.000776306812  -0.000362177401
 -0.000000000000   0.002546589371  -0.001786153958
 -0.000000000000  -0.000544283280   0.001102155194
 -0.000000000000   0.000016028603   0.000579345695
  0.000771108743   0.000141766746   0.002079242979
  0.000897864308   0.000800855683  -0.000135782862
  0.000671322026   0.000691164722   0.000239823097
 -0.000771108743   0.000141766746   0.002079242979
 -0.000897864308   0.000800855683  -0.000135782862
 -0.000671322026   0.000691164722   0.000239823097
  0.004725634213   0.000631820212   0.001473791334
 -0.000326942760   0.000046028205   0.001036725170
 -0.000904875136  -0.000776306812   0.000362177401
 -0.000000000000   0.000975024365   0.002066531588
 -0.000000000000   0.002770102279   0.000851342414
 -0.000000000000  -0.000342113587   0.001057620828
 -0.004725634213   0.000631820212   0.001473791334
  0.000326942760   0.000046028205   0.001036725170
  0.000904875136  -0.000776306812   0.000362177401
 -0.000000000000   0.002546589371   0.001786153958
 -0.000000000000  -0.000544283280  -0.001102155194
 -0.000000000000   0.000016028603  -0.000579345695
  0.000771108743   0.000141766746  -0.002079242979
  0.000897864308   0.000800855683   0.000135782862
  0.000671322026   0.000691164722  -0.000239823097
 -0.000771108743   0.000141766746  -0.002079242979
 -0.000897864308   0.000800855683   0.000135782862
 -0.000671322026   0.000691164722  -0.000239823097
 -0.000000000000  -0.252895174707  -0.000000000000
 -0.000000000000   0.003116620055  -0.000000000000
 -0.000000000000   0.003147465353  -0.000000000000
 -0.010946670675   0.005149375500  -0.000000000000
 -0.003169605592  -0.000671555524  -0.000000000000
  0.001558431788  -0.000700175048  -0.000000000000
  0.010946670675   0.005149375500  -0.000000000000
  0.003169605592  -0.000671555524  -0.000000000000
 -0.001558431788  -0.000700175048  -0.000000000000
  0.009098551117   0.014099690122  -0.000000000000
  0.002645695911  -0.001469377438  -0.000000000000
 -0.001295705681   0.000544172776  -0.000000000000
 -0.000000000000  -0.007067079568  -0.000000000000
 -0.000000000000  -0.014431969014  -0.000000000000
 -0.000000000000  -0.001038562031  -0.000000000000
 -0.009098551117   0.014099690122  -0.000000000000
 -0.002645695911  -0.001469377438  -0.000000000000
  0.001295705681   0.000544172776  -0.000000000000
 -0.001579011024   0.000171067055   0.000043151497
 -0.000074850405  -0.000200737210  -0.000111351709
  0.000039722814   0.000385069974  -0.000014992373
 -0.000000000000  -0.000731659986  -0.000196657807
 -0.000000000000  -0.001409954938   0.000145805249
 -0.000000000000  -0.000050750590  -0.000126742370
  0.001579011024   0.000171067055   0.000043151497
  0.000074850405  -0.000200737210  -0.000111351709
 -0.000039722814   0.000385069974  -0.000014992373
 -0.000000000000   0.001991911238  -0.001192933621
 -0.000000000000   0.000224765274  -0.000154410075
 -0.000000000000   0.000288625470  -0.000056783016
  0.000186538238   0.000226080423  -0.000144790107
  0.000141399594  -0.000338377086   0.000010909239
 -0.000258847106  -0.000161597015  -0.000039247492
 -0.000186538238   0.000226080423  -0.000144790107
 -0.000141399594  -0.000338377086   0.000010909239
  0.000258847106  -0.000161597015  -0.000039247492
 -0.001579011024   0.000171067055  -0.000043151497
 -0.000074850405  -0.000200737210   0.000111351709
  0.000039722814   0.000385069974   0.000014992373
 -0.000000000000  -0.000731659986   0.000196657807
 -0.000000000000  -0.001409954938  -0.000145805249
 -0.000000000000  -0.000050750590   0.000126742370
  0.001579011024   0.000171067055  -0.000043151497
  0.000074850405  -0.000200737210   0.000111351709
 -0.000039722814   0.000385069974   0.000014992373
 -0.000000000000   0.001991911238   0.001192933621
 -0.000000000000   0.000224765274   0.000154410075
 -0.000000000000   0.000288625470   0.000056783016
  0.000186538238   0.000226080423   0.000144790107
  0.000141399594  -0.000338377086  -0.000010909239
 -0.000258847106  -0.000161597015   0.000039247492
 -0.000186538238   0.000226080423   0.000144790107
 -0.000141399594  -0.000338377086  -0.000010909239
  0.000258847106  -0.000161597015   0.000039247492
  109    3  0.0000  0.0000  0.0150
 -0.000010368400   0.000229113449  -0.028602907890
 -0.000140659540  -0.000024412033   0.000553819963
 -0.000075326751   0.000119802217  -0.004164805438
 -0.000150755829   0.000176030001   0.005872522599
 -0.000168777003  -0.000058242990  -0.001411123074
 -0.000188186659   0.000063146330  -0.001267552034
 -0.000110541321   0.000159018408   0.009256731492
 -0.000187849089  -0.000003482680  -0.001112875313
 -0.000128480215   0.000125262452  -0.004134226891
  0.000101625249  -0.000006738515   0.024188795078
  0.000173652282   0.000041200362   0.000094198951
  0.000188296106  -0.000061822948  -0.000330400257
  0.000185479958  -0.000132974583  -0.006671697764
  0.000097344677   0.000013218473  -0.002199639252
  0.000091249007  -0.000132797528   0.001191353197
  0.000239374883  -0.000113704060   0.005772057368
  0.000135322144  -0.000050122404  -0.002820496649
  0.000147785313  -0.000139504717   0.002152433164
  0.000110541321   0.000159018408   0.009256731492
  0.000187849089  -0.000003482680  -0.001112875313
  0.000128480215   0.000125262452  -0.004134226891
  0.000150755829   0.000176030001   0.005872522599
  0.000168777003  -0.000058242990  -0.001411123074
  0.000188186659   0.000063146330  -0.001267552034
  0.000010368400   0.000229113449  -0.028602907890
  0.000140659540  -0.000024412033   0.000553819963
  0.000075326751   0.000119802217  -0.004164805438
 -0.000101625249  -0.000006738515   0.024188795078
 -0.000173652282   0.000041200362   0.000094198951
 -0.000188296106  -0.000061822948  -0.000330400257
 -0.000239374883  -0.000113704060   0.005772057368
 -0.000135322144  -0.000050122404  -0.002820496649
 -0.000147785313  -0.000139504717   0.002152433164
 -0.000185479958  -0.000132974583  -0.006671697764
 -0.000097344677   0.000013218473  -0.002199639252
 -0.000091249007  -0.000132797528   0.001191353197
 -0.000106341947  -0.000156485180  -0.024246859021
 -0.000104171449   0.000096512182   0.001584852263
 -0.000159243462   0.000071128852  -0.004871505784
 -0.000043221566   0.000042947920  -0.002712562944
 -0.000081791193   0.000102614325   0.001105443525
 -0.000037923989   0.000015174283   0.001745548075
 -0.000074244992   0.000024060280   0.011409581716
 -0.000071759577   0.000119908626  -0.000358250160
 -0.000030120765   0.000012201510  -0.001311820611
  0.000009707600  -0.000167148581  -0.019588666460
  0.000110757094  -0.000162377938  -0.001289896216
  0.000009557730   0.000010341996   0.000325214679
  0.000057632176  -0.000034823279  -0.003764417283
  0.000107776843  -0.000071979164  -0.002063294702
  0.000070216668  -0.000039523057   0.000107711191
  0.000059465775  -0.000019003315  -0.002994479189
  0.000092557666  -0.000066531177  -0.006092838804
  0.000044228105  -0.000005428580  -0.000057407107
  0.000074244992   0.000024060280   0.011409581716
  0.000071759577   0.000119908626  -0.000358250160
  0.000030120765   0.000012201510  -0.001311820611
  0.000043221566   0.000042947920  -0.002712562944
  0.000081791193   0.000102614325   0.001105443525
  0.000037923989   0.000015174283   0.001745548075
  0.000106341947  -0.000156485180  -0.024246859021
  0.000104171449   0.000096512182   0.001584852263
  0.000159243462   0.000071128852  -0.004871505784
 -0.000009707600  -0.000167148581  -0.019588666460
 -0.000110757094  -0.000162377938  -0.001289896216
 -0.000009557730   0.000010341996   0.000325214679
 -0.000059465775  -0.000019003315  -0.002994479189
 -0.000092557666  -0.000066531177  -0.006092838804
 -0.000044228105  -0.000005428580  -0.000057407107
 -0.000057632176  -0.000034823279  -0.003764417283
 -0.000107776843  -0.000071979164  -0.002063294702
 -0.000070216668  -0.000039523057   0.000107711191
  0.023753701741  -0.008180927616   0.008107276471
 -0.000828077409   0.000977486761   0.000593613655
  0.000645556163   0.000774717865   0.002880555089
  0.000000000000  -0.010852130041  -0.004440273882
  0.000000000000   0.003029786019   0.002582801703
  0.000000000000   0.001676690356   0.000080229958
 -0.023753701741  -0.008180927616   0.008107276471
  0.000828077409   0.000977486761   0.000593613655
 -0.000645556163   0.000774717865   0.002880555089
  0.000000000000  -0.048795956462   0.002501811481
  0.000000000000  -0.000321494479   0.001274237534
  0.000000000000   0.000363828226   0.000519095888
  0.003505841862  -0.006575271578  -0.002483167271
  0.001022114322  -0.000423871547   0.002802418377
 -0.000281212475  -0.000940367695  -0.001300110777
 -0.003505841862  -0.006575271578  -0.002483167271
 -0.001022114322  -0.000423871547   0.002802418377
  0.000281212475  -0.000940367695  -0.001300110777
 -0.023896149352   0.008109132075   0.008166587111
  0.000828740857  -0.000933465757   0.000400716627
 -0.000634344694  -0.000762375029   0.002881520391
  0.000000000000   0.010856081773  -0.004461434624
  0.000000000000  -0.003016727479   0.002465470054
  0.000000000000  -0.001666564055   0.000041672132
  0.023896149352   0.008109132075   0.008166587111
 -0.000828740857  -0.000933465757   0.000400716627
  0.000634344694  -0.000762375029   0.002881520391
  0.000000000000   0.048613391919   0.002664936285
  0.000000000000   0.000288169637   0.001474869792
  0.000000000000  -0.000388164305   0.000530670551
 -0.003518888676   0.006572597401  -0.002425081386
 -0.001027449583   0.000403018553   0.002966442884
  0.000257625764   0.000935379905  -0.001302826178
  0.003518888676   0.006572597401  -0.002425081386
  0.001027449583   0.000403018553   0.002966442884
 -0.000257625764   0.000935379905  -0.001302826178
  0.000000000000   0.000087346044   0.014840588507
  0.000000000000   0.000157428250  -0.001897394979
  0.000000000000   0.000109908417  -0.001906740799
 -0.000029769890   0.000193737262   0.011547641328
  0.000079414244   0.000202291349   0.001586463132
  0.000022960703   0.000174205416   0.001582801214
  0.000029769890   0.000193737262   0.011547641328
 -0.000079414244   0.000202291349   0.001586463132
 -0.000022960703   0.000174205416   0.001582801214
  0.000005137499  -0.000056270866   0.007437658094
 -0.000062287551  -0.000189774747  -0.002002244201
 -0.000018738874  -0.000166354372   0.000300068273
  0.000000000000  -0.000176612590   0.015445789754
  0.000000000000  -0.000094904879  -0.006114939637
  0.000000000000  -0.000128390342  -0.001332172579
 -0.000005137499  -0.000056270866   0.007437658094
  0.000062287551  -0.000189774747  -0.002002244201
  0.000018738874  -0.000166354372   0.000300068273
  0.001077723531  -0.000589208487  -0.000095352204
 -0.000027126366  -0.000016925669  -0.000049511789
  0.000058572558  -0.000075896836  -0.000078544369
  0.000000000000  -0.000311724187   0.000066123635
  0.000000000000  -0.000011645828  -0.000040563889
  0.000000000000  -0.000125623826  -0.000042166562
 -0.001077723531  -0.000589208487  -0.000095352204
  0.000027126366  -0.000016925669  -0.000049511789
 -0.000058572558  -0.000075896836  -0.000078544369
  0.000000000000   0.012356589670   0.002885815778
  0.000000000000  -0.000098376254  -0.000016887827
  0.000000000000   0.000004624417  -0.000010233673
 -0.000262525350   0.000044137885   0.000009041093
 -0.000130833029  -0.000051830187  -0.000058962377
  0.000001561651   0.000022109587   0.000016902032
  0.000262525350   0.000044137885   0.000009041093
  0.000130833029  -0.000051830187  -0.000058962377
 -0.000001561651   0.000022109587   0.000016902032
 -0.001099381371   0.000547889005  -0.000044386260
  0.000024846457  -0.000005742003   0.000032542917
 -0.000058254390   0.000063895278  -0.000048130092
  0.000000000000   0.000293642883   0.000201799567
  0.000000000000  -0.000002314748  -0.000080694933
  0.000000000000   0.000112622387   0.000024697950
  0.001099381371   0.000547889005  -0.000044386260
 -0.000024846457  -0.000005742003   0.000032542917
  0.000058254390   0.000063895278  -0.000048130092
  0.000000000000  -0.012338685541   0.002950783331
  0.000000000000   0.000130642183   0.000063068468
  0.000000000000   0.000015219510  -0.000012753830
  0.000259233335  -0.000007101038   0.000110247365
  0.000128826795   0.000087383898  -0.000013072809
 -0.000007934494   0.000009493912   0.000057250666
 -0.000259233335  -0.000007101038   0.000110247365
 -0.000128826795   0.000087383898  -0.000013072809
  0.000007934494   0.000009493912   0.000057250666
  127    1  0.0150  0.0000  0.0000
  0.000249180963  -0.002493075581  -0.012565158261
  0.000157160491   0.000044360779  -0.000048348939
  0.000105269394  -0.000108876568   0.000025035137
 -0.000105606832  -0.000126293101   0.000369009298
  0.000491394792   0.000015465221   0.000171403741
  0.000214922112  -0.000244260228   0.000142221129
  0.000254630905   0.000394557496  -0.000210936946
 -0.000023210777  -0.000032510602  -0.000004170704
  0.000619314169  -0.000121009409  -0.000012543526
 -0.002233743816  -0.000845786222   0.000898623596
 -0.000034369564   0.000206191900   0.000025347857
 -0.000307311861  -0.000010405023   0.000054459977
 -0.000178159939  -0.000015893751  -0.000617459190
 -0.000344623645  -0.000099900129  -0.000303990766
 -0.000039642250   0.000027562279   0.000042458756
 -0.000013642158  -0.000099485249   0.000142051744
 -0.000154206101  -0.000105188904   0.000019554102
 -0.000659934116   0.000102295664   0.000120462979
  0.000373767893   0.002690486453   0.012622248689
  0.000222299968   0.000077932587   0.000064201507
  0.000219673696  -0.000032823372   0.000003134480
  0.000349318353  -0.000193373057   0.000198681315
  0.000136074251   0.000105885818  -0.000010370601
  0.000699295842  -0.000009225669   0.000000309596
  0.000003164928   0.000333642896  -0.000332266053
  0.000613397519   0.000055404494  -0.000170868040
  0.000307059350   0.000122180463  -0.000138597687
 -0.000269373247  -0.000144195634   0.000516467261
 -0.000450111567   0.000004257361   0.000307065242
 -0.000120559269   0.000058265403  -0.000035418274
 -0.002313976338   0.000687183116  -0.001038685817
 -0.000173297247  -0.000314850552  -0.000043732601
 -0.000360745410   0.000097889628  -0.000064865096
 -0.000145948498  -0.000039629195  -0.000148896323
 -0.000202579843  -0.000033070634   0.000003357647
 -0.000789725320   0.000031852475  -0.000103554686
  0.000793308365   0.003231976730  -0.006925436806
 -0.000045709250   0.000117502920  -0.000063920679
 -0.000072997537   0.000200151959   0.000082365699
  0.000052919788   0.000301117061   0.000175075514
  0.000072600886  -0.000037413167  -0.000149688339
 -0.000360592999   0.000571693617   0.000180519670
 -0.000149503258  -0.000085459212   0.000134735657
 -0.000198622156   0.000188514214  -0.000080742602
 -0.000001291556   0.000043708292   0.000087390255
 -0.000028612408  -0.000354202852  -0.000677670556
 -0.000270872695   0.000564922596   0.000066721656
  0.000011054274  -0.000133208991   0.000059126370
  0.000564932965  -0.000482280793  -0.000458566940
  0.000111847817   0.000114506250  -0.000016582391
  0.000130057439  -0.000145749346  -0.000004873582
 -0.000047634264  -0.000070835114  -0.000103259785
  0.000102730700  -0.000063838433   0.000144353719
  0.000175815202  -0.000129902141   0.000080920219
  0.000828301232  -0.003270747492   0.006975807362
 -0.000053438579  -0.000132376145   0.000074469390
  0.000033880193  -0.000090929014  -0.000063226340
 -0.000104648805   0.000066740267  -0.000127714631
 -0.000211556616  -0.000178916708   0.000091495374
  0.000102252461   0.000068254998  -0.000086682669
  0.000091501995  -0.000313823679  -0.000084532197
  0.000086381494   0.000036145202   0.000155488602
 -0.000272592649  -0.000462149602  -0.000164447347
  0.000592798800   0.000519909623   0.000536748762
  0.000038052294  -0.000103292962   0.000037095143
  0.000045500700   0.000025249374   0.000012943783
  0.000002450055   0.000400246943   0.000750130728
 -0.000320271327  -0.000554147782  -0.000057829723
 -0.000094742740   0.000013148151  -0.000051757004
 -0.000040818216   0.000084345740   0.000126853856
  0.000059059154   0.000091077012  -0.000121873767
  0.000073098402  -0.000010414770  -0.000067560745
  0.003645318945  -0.000002750260  -0.000063781931
  0.000056833581  -0.000010447360  -0.000023615378
 -0.000017464971   0.000015808779   0.000063420218
 -0.000180517329  -0.000187180103  -0.000142889112
 -0.000001050109  -0.000102334205  -0.000120477608
 -0.000161229235   0.000029724973   0.000140344605
 -0.000134490456   0.000216526401   0.000078335573
 -0.000001914721   0.000110491836   0.000126102277
 -0.000145810818   0.000024084790   0.000012561362
  0.000691855270   0.000190159525   0.000220738224
  0.000189903678  -0.000101023069  -0.000028935857
  0.000041145297  -0.000021401906  -0.000040523264
  0.000676188528   0.000026041663  -0.000121538519
  0.000173261066   0.000135876778   0.000083016679
  0.000037328921  -0.000024638909  -0.000065209589
  0.000094729111   0.000027576965   0.000002760764
 -0.000042455098   0.000014424352   0.000028260654
  0.000142035263  -0.000033717248  -0.000079017675
  0.030474788997  -0.000011055154  -0.000017964169
 -0.000105041516  -0.000012492084   0.000022261539
  0.000021600312   0.000025807993  -0.000064504825
  0.000063479588  -0.000007372125  -0.000267871010
 -0.000140366315   0.000042924441   0.000071863314
 -0.000009726440   0.000084783207  -0.000227762671
  0.000019139961  -0.000031457614   0.000277256102
 -0.000143667546  -0.000071439648  -0.000030477158
 -0.000012309658  -0.000048907305   0.000108538278
 -0.000231845552   0.001081573496  -0.000601215656
  0.000017159300   0.000031210726  -0.000083509930
  0.000097463684  -0.000076811674   0.000038980403
 -0.000217578862  -0.001244107684   0.000598885530
  0.000017953112  -0.000036614935   0.000068364922
  0.000102041338   0.000010543562   0.000073901000
  0.000034513792  -0.000007969759   0.000003775480
  0.000153958594   0.000007334096  -0.000023749800
  0.000251628366  -0.000031229449   0.000067644988
  0.000298996063  -0.001633418308   0.000815648198
  0.000110024461   0.000175327363   0.000038888197
  0.000057722293  -0.000014963595  -0.000037013865
  0.000282747413   0.001714837565  -0.001132700767
  0.000144168050  -0.000034938119  -0.000056219917
  0.000031069682   0.000105494358   0.000030458589
 -0.000158926477   0.000058271307  -0.000027289784
  0.000171899391   0.000066863148  -0.000002143484
  0.000499766703   0.000054919480   0.000006586131
  0.002529300000  -0.000062771398   0.000020464706
 -0.000116677231  -0.000044696490   0.000003408214
  0.000045091121  -0.000062079468   0.000008153677
  0.000020560009   0.000098017346   0.000241862264
 -0.000221585644   0.000186716709   0.000119708864
 -0.000369491321  -0.000393202884  -0.000014172323
  0.000017152075  -0.000218192011  -0.000247362225
 -0.000188407908  -0.000279704030  -0.000128818996
 -0.000395485709   0.000257438111   0.000010132173
 -0.032539879873   0.000001315350   0.000023907989
  0.000025630115  -0.000002711548  -0.000018427005
  0.000026946851  -0.000009224987   0.000002033708
  0.000004998869   0.000031658299  -0.000002655506
  0.000038487683   0.000012754519  -0.000002974775
  0.000038277802  -0.000002986344  -0.000005185704
  0.000008927064  -0.000037688153  -0.000010167350
  0.000038143046  -0.000015954364  -0.000023769916
  0.000035614424  -0.000015416743  -0.000016841324
  0.000003151268   0.000007552147  -0.000064179955
 -0.000028926914  -0.000017032618  -0.000030396964
 -0.000031885012   0.000000005864  -0.000030914979
  0.000001066746   0.000051271547   0.000008942497
 -0.000027634990   0.000029175953   0.000007359173
 -0.000031327102   0.000009914122  -0.000006596914
 -0.000010939129   0.000002845385  -0.000010434817
 -0.000026353696   0.000007643492   0.000000207606
 -0.000127066780   0.000005827452  -0.000016062756
 -0.003108684580  -0.000000788145   0.000023848380
  0.000020144490  -0.000001653209   0.000001831807
  0.000020075885  -0.000007723184   0.000027451403
  0.000019232822   0.000032063067  -0.000003695424
  0.000044431583   0.000012193442   0.000001338077
  0.000044623031  -0.000008933729   0.000000930092
  0.000013269032  -0.000028799266   0.000014654504
  0.000042888342  -0.000015370294   0.000000422279
  0.000044296137  -0.000005408776   0.000034219501
 -0.000125703849  -0.000268899581  -0.000037092048
 -0.000023099204   0.000035373001   0.000000875653
 -0.000034576686  -0.000005333929   0.000018611728
 -0.000125149196   0.000213152483  -0.000017543544
 -0.000022142449  -0.000019614039   0.000006638457
 -0.000034577212   0.000009988786   0.000010663191
 -0.000030342942  -0.000000065069   0.000010647067
 -0.000021997009   0.000007520597   0.000008573808
 -0.000124495602   0.000002402398   0.000018118448
  127    2  0.0000  0.0150  0.0000
 -0.000436193825   0.001518800669  -0.004046211323
  0.000223796305  -0.000130853058   0.000043011906
  0.000068807152  -0.000482574535  -0.000002578207
  0.000036919874  -0.000339261108   0.000133684363
 -0.000011409680   0.000192524477   0.000070040697
  0.000238175599   0.000486770577   0.000054176672
  0.000763228338  -0.000532746585   0.000082898722
 -0.000041784267   0.000218309330   0.000064127042
  0.000656697087   0.000136293873   0.000043533714
 -0.003275740200  -0.002202300329   0.001038742892
 -0.000017493499  -0.000284436006  -0.000190642278
 -0.000277577290   0.000398932673   0.000005673659
  0.000008287269  -0.000569593954  -0.000447558949
  0.000034432063  -0.000277461322  -0.000049381075
 -0.000084484070   0.000340446112  -0.000007718230
 -0.000061817730   0.000725602753  -0.000055064266
 -0.000103970509   0.000078640817  -0.000017550255
 -0.000331459716   0.001143280120  -0.000044734638
  0.000436193825   0.001518800669  -0.004046211323
 -0.000223796305  -0.000130853058   0.000043011906
 -0.000068807152  -0.000482574535  -0.000002578207
 -0.000763228338  -0.000532746585   0.000082898722
  0.000041784267   0.000218309330   0.000064127042
 -0.000656697087   0.000136293873   0.000043533714
 -0.000036919874  -0.000339261108   0.000133684363
  0.000011409680   0.000192524477   0.000070040697
 -0.000238175599   0.000486770577   0.000054176672
 -0.000008287269  -0.000569593954  -0.000447558949
 -0.000034432063  -0.000277461322  -0.000049381075
  0.000084484070   0.000340446112  -0.000007718230
  0.003275740200  -0.002202300329   0.001038742892
  0.000017493499  -0.000284436006  -0.000190642278
  0.000277577290   0.000398932673   0.000005673659
  0.000061817730   0.000725602753  -0.000055064266
  0.000103970509   0.000078640817  -0.000017550255
  0.000331459716   0.001143280120  -0.000044734638
  0.004168949128   0.000304111021   0.008233632941
  0.000301238566   0.000100087358  -0.000024809225
  0.000127320093   0.000127458455   0.000014321348
  0.000359396872  -0.000036589316  -0.000021900726
 -0.000106484717  -0.000175054532  -0.000085343128
 -0.000047170734  -0.000561271834   0.000065314689
 -0.000028312114   0.000131424701   0.000095659130
 -0.000039219152  -0.000052976649   0.000076299823
 -0.000224003991  -0.000359103886   0.000006680980
  0.000289248482   0.000651372681   0.000352240585
  0.000877749400  -0.000530197248  -0.000210263410
 -0.000093098620  -0.000147635522  -0.000027203997
 -0.000081469866   0.000685318501   0.000034120836
  0.000121379543   0.000402810629   0.000173466919
 -0.000173777519  -0.000037908211   0.000017368711
 -0.000178048977  -0.000105990953   0.000070828358
 -0.000077632794  -0.000138100208   0.000049235196
 -0.000576305515  -0.000498628518   0.000043413234
 -0.004168949128   0.000304111021   0.008233632941
 -0.000301238566   0.000100087358  -0.000024809225
 -0.000127320093   0.000127458455   0.000014321348
  0.000028312114   0.000131424701   0.000095659130
  0.000039219152  -0.000052976649   0.000076299823
  0.000224003991  -0.000359103886   0.000006680980
 -0.000359396872  -0.000036589316  -0.000021900726
  0.000106484717  -0.000175054532  -0.000085343128
  0.000047170734  -0.000561271834   0.000065314689
  0.000081469866   0.000685318501   0.000034120836
 -0.000121379543   0.000402810629   0.000173466919
  0.000173777519  -0.000037908211   0.000017368711
 -0.000289248482   0.000651372681   0.000352240585
 -0.000877749400  -0.000530197248  -0.000210263410
  0.000093098620  -0.000147635522  -0.000027203997
  0.000178048977  -0.000105990953   0.000070828358
  0.000077632794  -0.000138100208   0.000049235196
  0.000576305515  -0.000498628518   0.000043413234
  0.000000000000   0.002226260000   0.001747178412
  0.000000000000  -0.000117449521  -0.000068351252
  0.000000000000  -0.000063772549   0.000088354244
 -0.000005063902   0.000074459552   0.000050178396
  0.000038808839   0.000046733148  -0.000061735723
 -0.000076953971   0.000049435581  -0.000048974841
  0.000005063902   0.000074459552   0.000050178396
 -0.000038808839   0.000046733148  -0.000061735723
  0.000076953971   0.000049435581  -0.000048974841
  0.000013298936   0.000276718911   0.000399132666
 -0.000004659177   0.000036123357  -0.000068964821
 -0.000047152798   0.000022139621  -0.000078807527
 -0.000013298936   0.000276718911   0.000399132666
  0.000004659177   0.000036123357  -0.000068964821
  0.000047152798   0.000022139621  -0.000078807527
  0.000000000000   0.000267370380  -0.000074410231
  0.000000000000   0.000124402387   0.000017763796
  0.000000000000   0.000378387176  -0.000206596095
  0.000000000000   0.031878188900   0.022488490006
  0.000000000000   0.000005324537  -0.000006116171
  0.000000000000  -0.000083834312  -0.000118305001
 -0.000075251372   0.000020469012  -0.000151089227
 -0.000072459795   0.000121035160  -0.000061232796
 -0.000095834313   0.000059236040  -0.000027347331
  0.000075251372   0.000020469012  -0.000151089227
  0.000072459795   0.000121035160  -0.000061232796
  0.000095834313   0.000059236040  -0.000027347331
  0.000610270800  -0.000289694212  -0.000020166258
 -0.000297345249  -0.000084886348   0.000121344371
 -0.000032939056   0.000014937552   0.000074202242
 -0.000610270800  -0.000289694212  -0.000020166258
  0.000297345249  -0.000084886348   0.000121344371
  0.000032939056   0.000014937552   0.000074202242
  0.000000000000  -0.000012268077   0.000208385337
  0.000000000000   0.000016746656   0.000001825974
  0.000000000000   0.000301875980   0.000192684552
  0.001150907519   0.000004207537  -0.000554452964
 -0.000082114620   0.000263083308  -0.000060409550
  0.000205291541  -0.000311092842  -0.000003758093
 -0.001150907519   0.000004207537  -0.000554452964
  0.000082114620   0.000263083308  -0.000060409550
 -0.000205291541  -0.000311092842  -0.000003758093
  0.000000000000  -0.000863637938  -0.000294663715
  0.000000000000  -0.000176690894  -0.000123357683
  0.000000000000  -0.001470200174  -0.000000480683
  0.000000000000   0.002018719932  -0.012271427835
  0.000000000000   0.000349142218   0.000109889382
  0.000000000000   0.000419158072   0.000010143309
  0.000641399857   0.000349373635  -0.000013701433
 -0.000053386505  -0.000218778594   0.000075437552
  0.000252420513  -0.000039994411  -0.000003994465
 -0.000641399857   0.000349373635  -0.000013701433
  0.000053386505  -0.000218778594   0.000075437552
 -0.000252420513  -0.000039994411  -0.000003994465
  0.000000000000  -0.033093382395  -0.021828562803
  0.000000000000   0.000041123530   0.000032327207
  0.000000000000   0.000040429321   0.000027990193
 -0.000035479698   0.000019763573   0.000039093480
 -0.000006344095  -0.000024188835   0.000029118153
 -0.000005252720  -0.000030816821   0.000009372518
  0.000035479698   0.000019763573   0.000039093480
  0.000006344095  -0.000024188835   0.000029118153
  0.000005252720  -0.000030816821   0.000009372518
 -0.000040710521   0.000055932514  -0.000018951469
 -0.000025552019   0.000056924792   0.000047902240
 -0.000005676825  -0.000031911724   0.000021073497
  0.000040710521   0.000055932514  -0.000018951469
  0.000025552019   0.000056924792   0.000047902240
  0.000005676825  -0.000031911724   0.000021073497
  0.000000000000  -0.000095205822   0.000023358015
  0.000000000000  -0.000027141573   0.000039582857
  0.000000000000  -0.000182937280  -0.000018542730
  0.000000000000  -0.002801467572  -0.000091398482
  0.000000000000   0.000042376937  -0.000022687840
  0.000000000000   0.000041222556  -0.000022580807
 -0.000029527656   0.000014985395  -0.000037828461
 -0.000003116035  -0.000023918628  -0.000027576603
 -0.000005499399  -0.000030821837   0.000000441637
  0.000029527656   0.000014985395  -0.000037828461
  0.000003116035  -0.000023918628  -0.000027576603
  0.000005499399  -0.000030821837   0.000000441637
 -0.000207186063  -0.000014996755  -0.000020344189
  0.000023996091   0.000040380036  -0.000023025715
 -0.000009821747  -0.000033402464  -0.000017837801
  0.000207186063  -0.000014996755  -0.000020344189
 -0.000023996091   0.000040380036  -0.000023025715
  0.000009821747  -0.000033402464  -0.000017837801
  0.000000000000  -0.000085720261  -0.000037866306
  0.000000000000  -0.000026154673  -0.000031948366
  0.000000000000  -0.000192737993   0.000020102320
  127    3  0.0000  0.0000  0.0150
  0.001396857146   0.000040349490   0.002225712538
  0.000435064239   0.000241442015   0.000021995377
  0.000134650572  -0.000095956044   0.000025365454
  0.000219276241  -0.000166071370   0.000084790602
  0.000133191561  -0.000012237690   0.000007634221
  0.000200485220  -0.000059761082  -0.000010236878
  0.000563024654  -0.000305048182  -0.000113869496
  0.000058299733  -0.000019272388  -0.000058485055
  0.000183204702   0.000015800640  -0.000021805846
 -0.000239331891   0.000444813001  -0.000622394321
 -0.000059480923  -0.000000619975  -0.000060556703
 -0.000249232450  -0.000010888822  -0.000026640376
 -0.000333760104   0.000209228884   0.000017816092
 -0.000070810455   0.000107832278  -0.000050032432
 -0.000244568575  -0.000028631645  -0.000004702115
  0.000015710077   0.000408545369   0.000043699737
 -0.000421329351  -0.000138362364   0.000052597702
 -0.000039165636   0.000095104702  -0.000003531359
 -0.001396857146   0.000040349490   0.002225712538
 -0.000435064239   0.000241442015   0.000021995377
 -0.000134650572  -0.000095956044   0.000025365454
 -0.000563024654  -0.000305048182  -0.000113869496
 -0.000058299733  -0.000019272388  -0.000058485055
 -0.000183204702   0.000015800640  -0.000021805846
 -0.000219276241  -0.000166071370   0.000084790602
 -0.000133191561  -0.000012237690   0.000007634221
 -0.000200485220  -0.000059761082  -0.000010236878
  0.000333760104   0.000209228884   0.000017816092
  0.000070810455   0.000107832278  -0.000050032432
  0.000244568575  -0.000028631645  -0.000004702115
  0.000239331891   0.000444813001  -0.000622394321
  0.000059480923  -0.000000619975  -0.000060556703
  0.000249232450  -0.000010888822  -0.000026640376
 -0.000015710077   0.000408545369   0.000043699737
  0.000421329351  -0.000138362364   0.000052597702
  0.000039165636   0.000095104702  -0.000003531359
  0.001370760074  -0.001587859247   0.000825544056
  0.000153347858  -0.000159832767  -0.000027293231
  0.000068547747  -0.000130985800  -0.000017288747
  0.000205410610   0.000000121657   0.000024151672
  0.000008655773  -0.000061794741  -0.000018588078
  0.000157593743  -0.000031796719  -0.000072085772
 -0.000131570007   0.000024875828  -0.000100325949
  0.000123709392  -0.000094221731  -0.000012313817
  0.000161036814  -0.000100330838  -0.000051267091
  0.000094659394   0.000129362539  -0.000143445735
 -0.000200899186  -0.000141501901  -0.000111328427
 -0.000036732183   0.000101516564  -0.000032197331
 -0.000123957490  -0.000151785845  -0.000039503550
 -0.000121780790   0.000206097363   0.000011074550
 -0.000086632652   0.000086338504  -0.000016689516
  0.000017126681   0.000030585555  -0.000037362739
 -0.000187981987   0.000179177699   0.000023366820
  0.000008075729   0.000032801442   0.000001799414
 -0.001370760074  -0.001587859247   0.000825544056
 -0.000153347858  -0.000159832767  -0.000027293231
 -0.000068547747  -0.000130985800  -0.000017288747
  0.000131570007   0.000024875828  -0.000100325949
 -0.000123709392  -0.000094221731  -0.000012313817
 -0.000161036814  -0.000100330838  -0.000051267091
 -0.000205410610   0.000000121657   0.000024151672
 -0.000008655773  -0.000061794741  -0.000018588078
 -0.000157593743  -0.000031796719  -0.000072085772
  0.000123957490  -0.000151785845  -0.000039503550
  0.000121780790   0.000206097363   0.000011074550
  0.000086632652   0.000086338504  -0.000016689516
 -0.000094659394   0.000129362539  -0.000143445735
  0.000200899186  -0.000141501901  -0.000111328427
  0.000036732183   0.000101516564  -0.000032197331
 -0.000017126681   0.000030585555  -0.000037362739
  0.000187981987   0.000179177699   0.000023366820
 -0.000008075729   0.000032801442   0.000001799414
  0.000000000000  -0.000089342707   0.005055613967
  0.000000000000  -0.000120379901  -0.000247080773
  0.000000000000  -0.000029022958  -0.000102237446
 -0.000163390954  -0.000016167192   0.000022857561
  0.000009453512  -0.000018513340  -0.000117458393
 -0.000015130307  -0.000059385182  -0.000077108622
  0.000163390954  -0.000016167192   0.000022857561
 -0.000009453512  -0.000018513340  -0.000117458393
  0.000015130307  -0.000059385182  -0.000077108622
 -0.000016298568  -0.000030095489   0.000622624456
 -0.000034167443   0.000149687607   0.000481008705
  0.000013611426   0.000021722462   0.000190559755
  0.000016298568  -0.000030095489   0.000622624456
  0.000034167443   0.000149687607   0.000481008705
 -0.000013611426   0.000021722462   0.000190559755
  0.000000000000  -0.000159230412  -0.000077297853
  0.000000000000   0.000064623948   0.000208436420
  0.000000000000   0.000017784960   0.000127308018
  0.000000000000   0.022605830179   0.338991406918
  0.000000000000  -0.000062214070   0.000309198553
  0.000000000000   0.000019769446   0.000162393524
  0.000031473179   0.000010331876   0.000062960935
  0.000028706148  -0.000052259411   0.000190165762
  0.000011993960  -0.000014701623   0.000164885547
 -0.000031473179   0.000010331876   0.000062960935
 -0.000028706148  -0.000052259411   0.000190165762
 -0.000011993960  -0.000014701623   0.000164885547
 -0.000312693396  -0.000144418633   0.000129137997
 -0.000065731520   0.000046468980  -0.000134670799
 -0.000001032277   0.000039628810  -0.000122640939
  0.000312693396  -0.000144418633   0.000129137997
  0.000065731520   0.000046468980  -0.000134670799
  0.000001032277   0.000039628810  -0.000122640939
  0.000000000000  -0.000005370903   0.000079818918
  0.000000000000   0.000083411000  -0.000263462286
  0.000000000000   0.000001996496  -0.000060754970
  0.000153227536  -0.000192507535  -0.000083398208
 -0.000144422069  -0.000233147861  -0.000048680322
  0.000037889375  -0.000236658906   0.000005127511
 -0.000153227536  -0.000192507535  -0.000083398208
  0.000144422069  -0.000233147861  -0.000048680322
 -0.000037889375  -0.000236658906   0.000005127511
  0.000000000000  -0.000322042015   0.000124604171
  0.000000000000  -0.000336363959   0.000022123420
  0.000000000000  -0.000073947630  -0.000033071469
  0.000000000000   0.001592977933   0.002884798418
  0.000000000000   0.000298298683   0.000043315359
  0.000000000000   0.000210661060   0.000023926149
  0.000404105698   0.000286816914   0.000061003157
 -0.000140303227   0.000211898964  -0.000031485420
  0.000022972478   0.000230432634   0.000032803481
 -0.000404105698   0.000286816914   0.000061003157
  0.000140303227   0.000211898964  -0.000031485420
 -0.000022972478   0.000230432634   0.000032803481
  0.000000000000  -0.021954841195  -0.352443052313
  0.000000000000   0.000024015694  -0.000014411560
  0.000000000000   0.000017695069  -0.000038383049
 -0.000010724173   0.000033283644  -0.000007810896
 -0.000016725719   0.000016671523   0.000014769713
  0.000000152569   0.000025676753  -0.000008500531
  0.000010724173   0.000033283644  -0.000007810896
  0.000016725719   0.000016671523   0.000014769713
 -0.000000152569   0.000025676753  -0.000008500531
  0.000008480790   0.000000250241  -0.000148247154
 -0.000006600446  -0.000022387808  -0.000062369710
  0.000006474128  -0.000015009560  -0.000017623816
 -0.000008480790   0.000000250241  -0.000148247154
  0.000006600446  -0.000022387808  -0.000062369710
 -0.000006474128  -0.000015009560  -0.000017623816
  0.000000000000  -0.000017767545   0.000025825108
  0.000000000000  -0.000024275594   0.000018664984
  0.000000000000  -0.000003093432  -0.000000540749
  0.000000000000   0.000072240582   0.000180609276
  0.000000000000   0.000022725732  -0.000032804773
  0.000000000000   0.000012569525  -0.000010486175
 -0.000001125909   0.000034360422  -0.000043658369
 -0.000011334493   0.000014404102  -0.000038268050
  0.000004547540   0.000021496802  -0.000012604551
  0.000001125909   0.000034360422  -0.000043658369
  0.000011334493   0.000014404102  -0.000038268050
 -0.000004547540   0.000021496802  -0.000012604551
  0.000030300352  -0.000020551959  -0.000083805986
  0.000001039376  -0.000028466755  -0.000069969663
  0.000005338588  -0.000013779474   0.000002775652
 -0.000030300352  -0.000020551959  -0.000083805986
 -0.000001039376  -0.000028466755  -0.000069969663
 -0.000005338588  -0.000013779474   0.000002775652
  0.000000000000  -0.000025588710  -0.000040640594
  0.000000000000  -0.000021723546  -0.000027298290
  0.000000000000  -0.000003626508  -0.000038485853
