144  
29   

1    
  0.0054881943647764  -0.0000346318977818   0.0083593374884672
  -0.1831403900   -0.0827338500   -0.0289196300
  -0.0006807700    0.0069668400   -0.0014132100
  -0.0023954300    0.0062939000    0.0027498200
   0.0006183500    0.0077558400    0.0009003700
   0.0012827600    0.0066083800    0.0005094900
   0.0015483100    0.0103836500   -0.0001701500
   0.0028908500    0.0063667700   -0.0001309800
  -0.0019331700    0.0062370000   -0.0008685200
   0.0012230500    0.0083816600    0.0001540000
   0.0019373500   -0.0019430700   -0.0074703500
   0.0020140900   -0.0053245900   -0.0014718400
  -0.0020646400   -0.0063216300   -0.0004045000
  -0.0016533300   -0.0102601800    0.0000738400
  -0.0010109600   -0.0065087600    0.0010465400
  -0.0006061000   -0.0077608400    0.0009161300
   0.0037676100   -0.0053412600    0.0022980400
   0.0020329500   -0.0068361800   -0.0018566100
  -0.0010043800   -0.0066837300    0.0004631200
   0.0094885400   -0.0009747200    0.0049346300
  -0.0046753800    0.0006093000   -0.0010773600
   0.0062109000    0.0030162600   -0.0002382300
  -0.0087878000    0.0054560900    0.0014178500
  -0.0046138100    0.0021046300   -0.0006361300
  -0.0065347800    0.0024341700    0.0000779600
  -0.0060187400    0.0004872300    0.0012978300
  -0.0048858300    0.0040006900    0.0020594100
  -0.0047347800    0.0020600500   -0.0018674600
   0.0056050600   -0.0068389400    0.0070699700
   0.0070953100   -0.0013078000    0.0083815900
   0.0065253200   -0.0009533900    0.0015183000
   0.0064052700   -0.0023081600    0.0004460800
   0.0045175300   -0.0023320500   -0.0007269700
   0.0087379900   -0.0054476100    0.0013153100
   0.0037375300   -0.0016865200    0.0009034900
   0.0055193700   -0.0010257100   -0.0009446900
   0.0059639300   -0.0007007500    0.0000307300
   0.0214748400    0.0159822800   -0.0096210000
   0.0004907700    0.0032516800   -0.0011222000
  -0.0014528400    0.0029686000   -0.0010949000
   0.0008707100    0.0036579500   -0.0005646200
  -0.0002273600    0.0049121600   -0.0011019500
  -0.0014182600    0.0025117700    0.0003946100
   0.0017669500    0.0021015400    0.0012485800
   0.0004322800    0.0025786500   -0.0008893500
   0.0009920900   -0.0004684900    0.0001822200
  -0.0019372800   -0.0015537400   -0.0007199600
  -0.0009657300   -0.0027487300   -0.0021365900
  -0.0027266600   -0.0018919800    0.0006324400
   0.0011713400   -0.0037471100    0.0023080700
   0.0003820200   -0.0043713900   -0.0009570900
  -0.0007295000   -0.0038199400   -0.0004459400
   0.0007344900   -0.0028425200   -0.0013133900
  -0.0011350000   -0.0032569300   -0.0012120300
  -0.0034489100    0.0003300100    0.0000332600
   0.0111820300    0.0058240600    0.0021420000
   0.0039031400   -0.0003356000    0.0033160800
   0.0101987000    0.0027585900    0.0000662700
   0.0078446300    0.0019779300    0.0003166000
   0.0072755700    0.0042189900    0.0002229500
   0.0084774100    0.0020321000    0.0006460400
   0.0055541800    0.0020511600   -0.0006733800
   0.0075219800    0.0030881400   -0.0000384600
   0.0092654000    0.0009819200   -0.0025787500
  -0.0094887800   -0.0026024200   -0.0001775900
  -0.0090409900   -0.0023161900    0.0003019600
  -0.0057718200   -0.0022464300   -0.0007503400
  -0.0084720200   -0.0026749400    0.0005330800
  -0.0057666300   -0.0050221100    0.0001766500
  -0.0078374500   -0.0017745900    0.0003345100
  -0.0117539400   -0.0014095700    0.0006778400
  -0.0041416000    0.0004910800    0.0036084700
  -0.0074486300   -0.0023007100   -0.0026135500
   0.0707464600    0.0304814700    0.0394055400
  -0.0007829100   -0.0017227400    0.0020430200
  -0.0084204900   -0.0038031500   -0.0012268600
  -0.0047027300   -0.0057573800    0.0010041600
  -0.0050328200   -0.0030714900    0.0002382800
  -0.0051954700   -0.0007272000    0.0013965500
   0.0000629500    0.0008973600    0.0017946900
  -0.0062554600   -0.0044253300    0.0004827600
  -0.0033941400   -0.0030356100    0.0015388100
   0.0145384500    0.0166196800    0.0018216800
   0.0069724300    0.0034246300   -0.0043492900
   0.0017723700    0.0022854700   -0.0004970500
   0.0051341700    0.0019646100   -0.0005878200
   0.0048844400    0.0016130600   -0.0007666500
   0.0042661900    0.0050833700    0.0008453200
   0.0077809300    0.0018157200    0.0001942400
   0.0022240300    0.0019798100   -0.0036348200
   0.0033865800    0.0029823000    0.0001885600
  -0.0055648400   -0.0062963200   -0.0014875000
  -0.0023694500   -0.0022394100   -0.0036331900
  -0.0077076800   -0.0016650600    0.0005416100
  -0.0042107700   -0.0049211500    0.0007544400
  -0.0048795300   -0.0019603800   -0.0007824100
  -0.0049814000   -0.0025176800   -0.0007025400
  -0.0018465300   -0.0024590500   -0.0004703700
  -0.0067613400   -0.0039762700   -0.0036984500
  -0.0042291600   -0.0044602500   -0.0013346800
  -0.0018657600   -0.0015008700    0.0008233300
   0.0058835100    0.0043826400    0.0005816900
  -0.0002874900   -0.0010170600    0.0017807600
   0.0049774900    0.0013092600    0.0013112700
   0.0050599600    0.0030761700    0.0001292900
   0.0048128300    0.0058301500    0.0009809000
   0.0079018600    0.0034736000   -0.0010003900
   0.0004371400    0.0017168900    0.0021637000
   0.0046250000    0.0042689200    0.0016616100
   0.0658883200    0.0443625000    0.0070601700
   0.0020665300    0.0052839500   -0.0007309100
  -0.0010073700    0.0014347100   -0.0016913700
  -0.0017480200   -0.0005559800    0.0005905400
   0.0053613600   -0.0023490300    0.0008202100
   0.0043611100    0.0040333000    0.0009445400
   0.0004894300    0.0051431300    0.0003362700
   0.0015624100    0.0025584200   -0.0015424700
   0.0050603800    0.0012214300   -0.0012795300
   0.0045044500   -0.0047841500   -0.0197762100
  -0.0023526600   -0.0025337300   -0.0014963000
  -0.0023470900   -0.0049152500    0.0005981100
  -0.0045554000   -0.0037650600    0.0010570100
  -0.0056190000    0.0023066000    0.0010402000
   0.0018954900    0.0005712400    0.0005105900
   0.0002673800   -0.0016268100   -0.0017739400
  -0.0042848100   -0.0044743100   -0.0004564800
  -0.0020862200    0.0006268500    0.0011268100
   0.0056507400   -0.0063206900    0.0016892900
   0.0004310400    0.0005969800    0.0023257600
   0.0002978900    0.0003039300    0.0023924800
  -0.0000245800    0.0000480700    0.0023179300
   0.0000387200    0.0000999200    0.0023453200
  -0.0000939800   -0.0000400600    0.0023214400
  -0.0000824400   -0.0000786100    0.0023313700
  -0.0000400700   -0.0000806600    0.0023882200
  -0.0000501900   -0.0000227800    0.0023419600
  -0.0189250900   -0.0074342200   -0.0044729400
   0.0001982500    0.0003456600   -0.0022992500
   0.0003492300    0.0004955600   -0.0023342800
  -0.0001626700   -0.0001259500   -0.0022607100
   0.0000095900    0.0000181200   -0.0023059500
  -0.0000678500   -0.0000584200   -0.0022584300
  -0.0000720600   -0.0000548500   -0.0022882600
  -0.0000469100   -0.0000477700   -0.0023101800
  -0.0000016300   -0.0000386900   -0.0022696300

1    
 -0.0054881943647764   0.0000346318977818  -0.0083593374884672
   0.1868094800    0.0957908100    0.0290333300
  -0.0033879700    0.0065411100   -0.0023250100
  -0.0051117300    0.0044567200    0.0018379900
   0.0006190300    0.0078635400    0.0009152700
   0.0011537800    0.0065910100    0.0008194300
   0.0015173000    0.0104280600   -0.0001613600
   0.0028890800    0.0060901500   -0.0001160400
  -0.0019645300    0.0062327400   -0.0008597600
   0.0010915900    0.0079745900    0.0004639900
  -0.0042219900   -0.0141684900    0.0082015200
   0.0018061400   -0.0071544300   -0.0002627600
  -0.0037833000   -0.0061408300    0.0001576000
  -0.0014729500   -0.0105528400   -0.0004063100
  -0.0014896600   -0.0066950900    0.0002866900
  -0.0006932500   -0.0078585800    0.0008988600
   0.0036729200   -0.0054099400    0.0022943600
   0.0019490700   -0.0066724600   -0.0018861000
  -0.0014342200   -0.0067792200    0.0001308100
  -0.0210483700    0.0023999500   -0.0049170200
  -0.0065314800    0.0013688900   -0.0007565000
  -0.0137704900    0.0005019100    0.0020274400
  -0.0086574600    0.0052449900    0.0013661000
  -0.0049281800    0.0020908100   -0.0008474000
  -0.0065642900    0.0025524100    0.0004605500
  -0.0059149000    0.0005458700    0.0012490600
  -0.0050113100    0.0041529700    0.0019091600
  -0.0046408800    0.0026607900   -0.0016358600
   0.0036841100    0.0020329200   -0.0105002600
   0.0026911100   -0.0067863200   -0.0043396000
   0.0053429200   -0.0000765500    0.0010267900
   0.0066360000   -0.0026772100    0.0000951400
   0.0049681000   -0.0018545500   -0.0007572700
   0.0086504100   -0.0052550900    0.0014684700
   0.0037982300   -0.0018111800    0.0008845100
   0.0056216300   -0.0009487300   -0.0008898300
   0.0056765100   -0.0006932200    0.0001224400
  -0.0150671200   -0.0169960600    0.0093518500
   0.0017300200    0.0032976200   -0.0013402100
  -0.0000530600    0.0026900200   -0.0015428600
   0.0008227600    0.0036318400   -0.0004508200
  -0.0001245600    0.0048680700   -0.0008643100
  -0.0014156000    0.0025063900    0.0003521000
   0.0023102600    0.0018371500    0.0003758200
   0.0004067400    0.0030675300   -0.0009723200
   0.0011392300   -0.0007252700    0.0003384800
  -0.0001970100    0.0027909700    0.0012394400
   0.0000776400   -0.0028896900    0.0002691800
  -0.0014031400   -0.0020517700    0.0010016100
   0.0016253500   -0.0012980800   -0.0015508400
  -0.0000850700   -0.0054113400   -0.0010083500
  -0.0010202000   -0.0034675700   -0.0005694800
   0.0007122800   -0.0028057100   -0.0013336800
  -0.0011317100   -0.0032876200   -0.0012509300
  -0.0033015000    0.0003771000   -0.0001703300
   0.0037263300   -0.0011128400   -0.0072861500
   0.0042790200   -0.0006767300    0.0038856700
   0.0131928800    0.0000604400    0.0012743800
   0.0078460000    0.0019768800    0.0003182900
   0.0073814200    0.0041595600    0.0000887900
   0.0085589900    0.0020257400    0.0006512500
   0.0057951600    0.0027093800   -0.0009378900
   0.0076140400    0.0025925900   -0.0001090900
   0.0091122900    0.0022634800    0.0007745300
  -0.0090315600   -0.0006484500   -0.0015116300
  -0.0061454500   -0.0033761400   -0.0004428900
  -0.0056319700   -0.0025066700   -0.0008599300
  -0.0086282000   -0.0013772200    0.0007631500
  -0.0089559800   -0.0033374500    0.0001243900
  -0.0079128300   -0.0021786000    0.0003005300
  -0.0117034400   -0.0013982800    0.0006550300
  -0.0040952700    0.0005238800    0.0035939200
  -0.0073490100   -0.0023203400   -0.0025565200
  -0.0761367200   -0.0378665100   -0.0340256600
  -0.0000509000   -0.0015894200    0.0022935900
  -0.0073685400   -0.0030574600   -0.0007894200
  -0.0049035300   -0.0058466700    0.0010112600
  -0.0051998300   -0.0029716600    0.0002359200
  -0.0052154000   -0.0008016800    0.0013081100
  -0.0000850000    0.0011266700    0.0018347700
  -0.0063594800   -0.0044201000    0.0003475300
  -0.0037925600   -0.0034886300    0.0015524100
  -0.0058692400   -0.0079790600   -0.0048566000
   0.0066022900    0.0047580700   -0.0030044200
   0.0020199800    0.0027714100   -0.0006157300
   0.0047802100    0.0032394000   -0.0008851100
   0.0045218000    0.0024295400   -0.0009001200
   0.0041963800    0.0049217600    0.0006356400
   0.0077445100    0.0017457500    0.0000933100
   0.0022100100    0.0018792900   -0.0037608900
   0.0034548000    0.0028112000    0.0001620900
  -0.0019410300    0.0002630800    0.0022711800
  -0.0021217100   -0.0016206600   -0.0037594500
  -0.0078676200   -0.0018939100   -0.0002537100
  -0.0043101300   -0.0050846200    0.0007274800
  -0.0045891600   -0.0020836200   -0.0008859600
  -0.0049928800   -0.0026822300   -0.0007704100
  -0.0020026600   -0.0025936400   -0.0006424000
  -0.0068641600   -0.0042037600   -0.0036587900
  -0.0045099500   -0.0041817500   -0.0017632800
   0.0088993300    0.0079506300    0.0022666000
   0.0066756800    0.0044589000    0.0002381800
   0.0002529900   -0.0010089700    0.0018490300
   0.0053730600    0.0002256600    0.0013927400
   0.0051083700    0.0029657700    0.0003420700
   0.0047351700    0.0057741200    0.0010353400
   0.0078276800    0.0033868700   -0.0010146200
   0.0003391900    0.0015967700    0.0021761800
   0.0045819300    0.0043069300    0.0016690200
  -0.0629528200   -0.0467353200   -0.0041421700
   0.0059397700    0.0039569800   -0.0002229400
   0.0008775000    0.0017753000   -0.0018844300
  -0.0022013800   -0.0004456900    0.0004326100
   0.0056777500   -0.0021584100    0.0009873900
   0.0048781400    0.0037158400    0.0009710600
   0.0005575000    0.0049529900    0.0003589300
   0.0015384100    0.0024506200   -0.0015712700
   0.0053759700    0.0010619400   -0.0012458800
  -0.0145222800    0.0020920600    0.0171072000
  -0.0007836300   -0.0024648800   -0.0016178600
   0.0012538400   -0.0051860600    0.0000890100
  -0.0047358800   -0.0039721400    0.0008584500
  -0.0054739200    0.0022153800    0.0007698200
   0.0019960800    0.0004443700    0.0005127300
  -0.0001844400   -0.0015715500   -0.0017955100
  -0.0037046300   -0.0047591500   -0.0004839300
  -0.0017940300    0.0009808200    0.0009836600
  -0.0055929700    0.0067966500    0.0029568100
  -0.0005045100   -0.0005125500    0.0023852300
  -0.0003343100   -0.0001915300    0.0021858400
   0.0001140100   -0.0000075500    0.0022531100
  -0.0000650100   -0.0000961600    0.0023315500
  -0.0000524700    0.0000011900    0.0022494700
   0.0000583100   -0.0000335200    0.0022463600
   0.0000502100   -0.0000047300    0.0023200600
   0.0000425700   -0.0000597900    0.0022526000
   0.0187821700    0.0076204800   -0.0002467900
  -0.0002605100   -0.0003126900   -0.0023470300
  -0.0003744600   -0.0003907600   -0.0022753900
   0.0001766800    0.0002023400   -0.0022923600
  -0.0000366000   -0.0000150000   -0.0022726200
  -0.0000024000   -0.0000163700   -0.0022943300
   0.0000369600   -0.0000515400   -0.0023213800
   0.0000475800    0.0000144800   -0.0023327400
   0.0000017100   -0.0000318100   -0.0023497700

1    
 -0.0000676731765341   0.0099997710144372   0.0000000000000000
  -0.1593509400   -0.2018454300   -0.0000000000
  -0.0003624000    0.0057614400   -0.0000000000
  -0.0033820900    0.0043841000   -0.0000000000
   0.0008787900    0.0079893500   -0.0000000000
   0.0015942700    0.0065343400   -0.0000000000
   0.0015367700    0.0105611400   -0.0000000000
   0.0027967400    0.0063967200   -0.0000000000
  -0.0019882500    0.0063961100   -0.0000000000
   0.0011747900    0.0081085500   -0.0000000000
   0.0098400100    0.0053681100   -0.0000000000
   0.0036126300   -0.0031855900   -0.0000000000
  -0.0030857100   -0.0056971200   -0.0000000000
  -0.0012825300   -0.0110392300   -0.0000000000
  -0.0010788700   -0.0058519700   -0.0000000000
  -0.0005659400   -0.0076567500   -0.0000000000
   0.0037829700   -0.0050789400   -0.0000000000
   0.0018378000   -0.0069822400   -0.0000000000
  -0.0011350900   -0.0066121100   -0.0000000000
   0.0004121600   -0.0074346600   -0.0000000000
  -0.0049585900    0.0002203600   -0.0000000000
  -0.0060413200   -0.0030450200   -0.0000000000
  -0.0084918900    0.0051226000   -0.0000000000
  -0.0048900800    0.0022114500   -0.0000000000
  -0.0066180200    0.0026115800   -0.0000000000
  -0.0062588000    0.0005785900   -0.0000000000
  -0.0047795900    0.0039701200   -0.0000000000
  -0.0044517900    0.0025011900   -0.0000000000
  -0.0021945000    0.0029551600   -0.0000000000
   0.0139622100    0.0008120500   -0.0000000000
   0.0064709100   -0.0004534100   -0.0000000000
   0.0067994800   -0.0036590000   -0.0000000000
   0.0045694200   -0.0032754300   -0.0000000000
   0.0086370600   -0.0051291900   -0.0000000000
   0.0039812200   -0.0017558500   -0.0000000000
   0.0051183400   -0.0008346500   -0.0000000000
   0.0061206600   -0.0008080100   -0.0000000000
   0.0533334400    0.0828147400   -0.0000000000
   0.0003133100    0.0035710800   -0.0000000000
  -0.0005564500    0.0029172800   -0.0000000000
   0.0007388500    0.0037292200   -0.0000000000
  -0.0001818800    0.0048085100   -0.0000000000
  -0.0014466400    0.0025290500   -0.0000000000
   0.0016988900    0.0031180000   -0.0000000000
   0.0008384500    0.0025369200   -0.0000000000
   0.0010310800   -0.0008992800   -0.0000000000
  -0.0068263000   -0.0001954000   -0.0000000000
  -0.0011476900   -0.0029771000   -0.0000000000
  -0.0020667500   -0.0019698900   -0.0000000000
  -0.0022827700    0.0064857000   -0.0000000000
   0.0001321700   -0.0044957600   -0.0000000000
  -0.0007706800   -0.0037616400   -0.0000000000
   0.0006945900   -0.0027327300   -0.0000000000
  -0.0010176500   -0.0033078500   -0.0000000000
  -0.0034205900    0.0004083500   -0.0000000000
   0.0138530700    0.0150196700   -0.0000000000
   0.0039791500   -0.0004435700   -0.0000000000
   0.0121168300    0.0011675800   -0.0000000000
   0.0078567800    0.0020640300   -0.0000000000
   0.0074142000    0.0041118300   -0.0000000000
   0.0086298800    0.0021698900   -0.0000000000
   0.0055491100    0.0013284600   -0.0000000000
   0.0075043700    0.0030091000   -0.0000000000
   0.0081263700    0.0020396600   -0.0000000000
  -0.0042109000   -0.0015592500   -0.0000000000
  -0.0101067500   -0.0013234600   -0.0000000000
  -0.0057556800   -0.0022372700   -0.0000000000
  -0.0094115400   -0.0015008900   -0.0000000000
  -0.0063410200   -0.0062395700   -0.0000000000
  -0.0077394000   -0.0019228100   -0.0000000000
  -0.0116762800   -0.0013037400   -0.0000000000
  -0.0039135100    0.0004932000   -0.0000000000
  -0.0074372700   -0.0022585300   -0.0000000000
   0.0144677300    0.0040704500    0.0122284600
  -0.0013935500   -0.0018596400    0.0031513000
  -0.0080209300   -0.0023101700   -0.0003164600
  -0.0046873000   -0.0055288400    0.0000931000
  -0.0047569900   -0.0023983000    0.0006122400
  -0.0050547100   -0.0017849900    0.0010114600
  -0.0009179800   -0.0009069800    0.0011048200
  -0.0064346000   -0.0041252400    0.0021483100
  -0.0040460300   -0.0037116900    0.0015881900
   0.0116323700    0.0124835100   -0.0012941700
   0.0061468200    0.0043760200   -0.0023860500
   0.0008514400    0.0007176500   -0.0013223900
   0.0057971400    0.0011128700   -0.0010254500
   0.0055527900    0.0027597400   -0.0006229800
   0.0044816900    0.0053820200   -0.0002251000
   0.0077497400    0.0024870000    0.0005065300
   0.0014629100    0.0018512700   -0.0028947900
   0.0039683500    0.0035495700   -0.0007922200
   0.0144677300    0.0040704500   -0.0122284600
  -0.0013935500   -0.0018596400   -0.0031513000
  -0.0080209300   -0.0023101700    0.0003164600
  -0.0046873000   -0.0055288400   -0.0000931000
  -0.0047569900   -0.0023983000   -0.0006122400
  -0.0050547100   -0.0017849900   -0.0010114600
  -0.0009179800   -0.0009069800   -0.0011048200
  -0.0064346000   -0.0041252400   -0.0021483100
  -0.0040460300   -0.0037116900   -0.0015881900
   0.0116323700    0.0124835100    0.0012941700
   0.0061468200    0.0043760200    0.0023860500
   0.0008514400    0.0007176500    0.0013223900
   0.0057971400    0.0011128700    0.0010254500
   0.0055527900    0.0027597400    0.0006229800
   0.0044816900    0.0053820200    0.0002251000
   0.0077497400    0.0024870000   -0.0005065300
   0.0014629100    0.0018512700    0.0028947900
   0.0039683500    0.0035495700    0.0007922200
   0.0823960000    0.0523993800   -0.0000000000
   0.0030534300    0.0063139200   -0.0000000000
  -0.0006372700    0.0017302600   -0.0000000000
  -0.0022267600    0.0001909200   -0.0000000000
   0.0056070400   -0.0024722500   -0.0000000000
   0.0046926100    0.0037163600   -0.0000000000
   0.0005295200    0.0049525500   -0.0000000000
   0.0018257600    0.0024476800   -0.0000000000
   0.0050756500    0.0010994900   -0.0000000000
  -0.0477813800    0.0204997400   -0.0000000000
  -0.0020018700   -0.0027846400   -0.0000000000
  -0.0016983000   -0.0053539300   -0.0000000000
  -0.0048821500   -0.0038775800   -0.0000000000
  -0.0054635200    0.0023646500   -0.0000000000
   0.0017332900    0.0004874200   -0.0000000000
   0.0008319100   -0.0020660600   -0.0000000000
  -0.0042092100   -0.0042746500   -0.0000000000
  -0.0020451600    0.0008950100   -0.0000000000
   0.0000011500   -0.0086093700    0.0090838500
   0.0003150500    0.0001885000    0.0022685700
   0.0002521700    0.0001548800    0.0022697300
   0.0003010000    0.0003157000    0.0022920700
  -0.0001607100   -0.0001325500    0.0023088800
   0.0000148300    0.0000254200    0.0022802500
   0.0001706400    0.0001714300    0.0022828300
  -0.0000982300   -0.0001722700    0.0023287700
   0.0001501100    0.0000939500    0.0022907500
   0.0000011500   -0.0086093700   -0.0090838500
   0.0003150500    0.0001885000   -0.0022685700
   0.0002521700    0.0001548800   -0.0022697300
   0.0003010000    0.0003157000   -0.0022920700
  -0.0001607100   -0.0001325500   -0.0023088800
   0.0000148300    0.0000254200   -0.0022802500
   0.0001706400    0.0001714300   -0.0022828300
  -0.0000982300   -0.0001722700   -0.0023287700
   0.0001501100    0.0000939500   -0.0022907500

1    
  0.0000676731765341  -0.0099997710144372   0.0000000000000000
   0.1591229300    0.2119802300    0.0000000000
  -0.0036293000    0.0077404300    0.0000000000
  -0.0040774800    0.0063804700    0.0000000000
   0.0004069900    0.0076524600    0.0000000000
   0.0008893500    0.0066668300    0.0000000000
   0.0015618000    0.0102419300    0.0000000000
   0.0030254400    0.0060648400    0.0000000000
  -0.0018747800    0.0060774100    0.0000000000
   0.0011799100    0.0082458600    0.0000000000
  -0.0125046500   -0.0231633900    0.0000000000
   0.0002773700   -0.0092656900    0.0000000000
  -0.0027074600   -0.0067517900    0.0000000000
  -0.0017759700   -0.0098192200    0.0000000000
  -0.0013873300   -0.0073392400    0.0000000000
  -0.0007102900   -0.0079589700    0.0000000000
   0.0036897900   -0.0056629800    0.0000000000
   0.0021745700   -0.0065266800    0.0000000000
  -0.0012706800   -0.0068436300    0.0000000000
  -0.0122397700    0.0090115200    0.0000000000
  -0.0062024900    0.0017488200    0.0000000000
  -0.0014433800    0.0065866500    0.0000000000
  -0.0089106800    0.0055787900    0.0000000000
  -0.0046186900    0.0019878400    0.0000000000
  -0.0064843200    0.0023801900    0.0000000000
  -0.0056504500    0.0004643900    0.0000000000
  -0.0050831800    0.0041838700    0.0000000000
  -0.0048914300    0.0022269900    0.0000000000
   0.0116705200   -0.0077108900    0.0000000000
  -0.0041490700   -0.0090181100    0.0000000000
   0.0054582800   -0.0005806200    0.0000000000
   0.0062672400   -0.0013299500    0.0000000000
   0.0049608900   -0.0009158600    0.0000000000
   0.0087903500   -0.0055701100    0.0000000000
   0.0035931100   -0.0017356900    0.0000000000
   0.0060527500   -0.0011340900    0.0000000000
   0.0055643900   -0.0005830800    0.0000000000
  -0.0437785800   -0.0785121400    0.0000000000
   0.0019241600    0.0029798500    0.0000000000
  -0.0009195300    0.0027382600    0.0000000000
   0.0009874700    0.0035647400    0.0000000000
  -0.0001351300    0.0049726300    0.0000000000
  -0.0013458100    0.0024919900    0.0000000000
   0.0024184000    0.0008000400    0.0000000000
   0.0000446300    0.0031150600    0.0000000000
   0.0011404300   -0.0002917300    0.0000000000
   0.0048214700    0.0016769200    0.0000000000
   0.0002805700   -0.0026657500    0.0000000000
  -0.0020409000   -0.0019721500    0.0000000000
   0.0049791300   -0.0114917100    0.0000000000
   0.0001969500   -0.0052841800    0.0000000000
  -0.0009443000   -0.0035222900    0.0000000000
   0.0007817000   -0.0029059800    0.0000000000
  -0.0012148000   -0.0032306000    0.0000000000
  -0.0033006600    0.0003074200    0.0000000000
   0.0012187100   -0.0102878800    0.0000000000
   0.0042329100   -0.0005658900    0.0000000000
   0.0112666600    0.0016489000    0.0000000000
   0.0078662100    0.0018968500    0.0000000000
   0.0072762400    0.0042690000    0.0000000000
   0.0084530300    0.0018868800    0.0000000000
   0.0058335300    0.0034212800    0.0000000000
   0.0076664200    0.0026756800    0.0000000000
   0.0102917600    0.0012177700    0.0000000000
  -0.0143179600   -0.0017626100    0.0000000000
  -0.0050475000   -0.0043617500    0.0000000000
  -0.0056139600   -0.0025053000    0.0000000000
  -0.0076703100   -0.0025486100    0.0000000000
  -0.0083611900   -0.0021434800    0.0000000000
  -0.0079743500   -0.0020213000    0.0000000000
  -0.0117399600   -0.0014939900    0.0000000000
  -0.0042790200    0.0005287200    0.0000000000
  -0.0073225200   -0.0023559600    0.0000000000
  -0.0227367100   -0.0115799600   -0.0110195900
  -0.0012328500   -0.0017213700    0.0027161500
  -0.0076243400   -0.0028936600   -0.0008413500
  -0.0043498900   -0.0052803500    0.0001682300
  -0.0050587600   -0.0026424800    0.0004563400
  -0.0050980400   -0.0015757500    0.0010779000
  -0.0009846500   -0.0006091400    0.0012605500
  -0.0066493100   -0.0043824600    0.0019452300
  -0.0038868100   -0.0038733500    0.0015028600
  -0.0038502500   -0.0050347000   -0.0017866300
   0.0069524200    0.0041333800   -0.0017070600
   0.0010594200    0.0007986800   -0.0010484900
   0.0043722100    0.0022335600   -0.0010879000
   0.0042737400    0.0022897900   -0.0004502900
   0.0045637900    0.0054296000   -0.0000383300
   0.0079121700    0.0027236100    0.0006455400
   0.0011794400    0.0017384000   -0.0029700600
   0.0040879600    0.0036350200   -0.0006977600
  -0.0227367100   -0.0115799600    0.0110195900
  -0.0012328500   -0.0017213700   -0.0027161500
  -0.0076243400   -0.0028936600    0.0008413500
  -0.0043498900   -0.0052803500   -0.0001682300
  -0.0050587600   -0.0026424800   -0.0004563400
  -0.0050980400   -0.0015757500   -0.0010779000
  -0.0009846500   -0.0006091400   -0.0012605500
  -0.0066493100   -0.0043824600   -0.0019452300
  -0.0038868100   -0.0038733500   -0.0015028600
  -0.0038502500   -0.0050347000    0.0017866300
   0.0069524200    0.0041333800    0.0017070600
   0.0010594200    0.0007986800    0.0010484900
   0.0043722100    0.0022335600    0.0010879000
   0.0042737400    0.0022897900    0.0004502900
   0.0045637900    0.0054296000    0.0000383300
   0.0079121700    0.0027236100   -0.0006455400
   0.0011794400    0.0017384000    0.0029700600
   0.0040879600    0.0036350200    0.0006977600
  -0.0800559000   -0.0540844000    0.0000000000
   0.0048859200    0.0029711800    0.0000000000
   0.0005210300    0.0014800700    0.0000000000
  -0.0016424300   -0.0012197200    0.0000000000
   0.0054574900   -0.0020411800    0.0000000000
   0.0045780000    0.0040381900    0.0000000000
   0.0005538200    0.0051392300    0.0000000000
   0.0013162300    0.0025590000    0.0000000000
   0.0053951000    0.0011791400    0.0000000000
   0.0383414700   -0.0233265700    0.0000000000
  -0.0011288900   -0.0022040200    0.0000000000
   0.0006083600   -0.0047398900    0.0000000000
  -0.0043825200   -0.0038545900    0.0000000000
  -0.0055971200    0.0021642100    0.0000000000
   0.0022118900    0.0005327000    0.0000000000
  -0.0007015300   -0.0011357900    0.0000000000
  -0.0037505600   -0.0049479800    0.0000000000
  -0.0018064900    0.0007153500    0.0000000000
   0.0001353200    0.0088674200   -0.0044414400
  -0.0003435800   -0.0001257500    0.0024048800
  -0.0002399700   -0.0000354600    0.0023241400
  -0.0002009900   -0.0002373300    0.0022678200
   0.0001700600    0.0001402000    0.0023174700
  -0.0000924300   -0.0000832200    0.0022795700
  -0.0001605900   -0.0002716600    0.0023098800
   0.0001387600    0.0001160200    0.0023460100
  -0.0001121800   -0.0001606400    0.0023155400
   0.0001353200    0.0088674200    0.0044414400
  -0.0003435800   -0.0001257500   -0.0024048800
  -0.0002399700   -0.0000354600   -0.0023241400
  -0.0002009900   -0.0002373300   -0.0022678200
   0.0001700600    0.0001402000   -0.0023174700
  -0.0000924300   -0.0000832200   -0.0022795700
  -0.0001605900   -0.0002716600   -0.0023098800
   0.0001387600    0.0001160200   -0.0023460100
  -0.0001121800   -0.0001606400   -0.0023155400

19   
  0.0054881943647764  -0.0000346318977818   0.0083593374884672
   0.0164309900    0.0103344800    0.0052414700
   0.0079628600    0.0055487300   -0.0030151200
  -0.0028033300    0.0056978100    0.0021291000
   0.0005837600    0.0076146100    0.0009256700
   0.0011929700    0.0066925000    0.0005424900
   0.0016145900    0.0104634400   -0.0000969600
   0.0028424800    0.0063172600   -0.0001032200
  -0.0019175800    0.0061729600   -0.0010616900
   0.0013317500    0.0080775300    0.0004087900
  -0.0001859500   -0.0120093300    0.0090592200
   0.0041497200   -0.0012835600    0.0055063700
  -0.0023077900   -0.0059741800    0.0001174100
  -0.0016611300   -0.0102837000    0.0000029400
  -0.0014574300   -0.0067314000    0.0006737600
  -0.0005886400   -0.0078790500    0.0008243000
   0.0037075000   -0.0052956200    0.0022991400
   0.0019549900   -0.0070388400   -0.0019051100
  -0.0010573500   -0.0066037100    0.0002437400
  -0.1666740500    0.0405524600   -0.0479048100
  -0.0037714300   -0.0000255200   -0.0006483800
  -0.0019641200    0.0013097500    0.0011556400
  -0.0088747200    0.0053164000    0.0013372900
  -0.0047545400    0.0021951500   -0.0007639300
  -0.0061008500    0.0023832900    0.0000343700
  -0.0061188000    0.0005137800    0.0012179000
  -0.0045019800    0.0037962000    0.0017467200
  -0.0046716800    0.0022934300   -0.0017728800
   0.0056962300   -0.0040852000   -0.0004318100
   0.0031752100   -0.0142908300   -0.0013968500
   0.0070419300   -0.0009942700    0.0007352300
   0.0070283300   -0.0025607200    0.0006693600
   0.0047432200   -0.0018836900   -0.0005994000
   0.0086582400   -0.0054282900    0.0014176300
   0.0038246900   -0.0016614200    0.0009028500
   0.0053376900   -0.0009889900   -0.0009004800
   0.0063845400   -0.0008706600    0.0003076600
   0.0054887800   -0.0059465700   -0.0013421100
  -0.0010241500    0.0026274100   -0.0022808500
  -0.0011515200    0.0027070200   -0.0015692000
   0.0009116800    0.0035788000   -0.0004431100
  -0.0000555200    0.0048237300   -0.0010060300
  -0.0014447300    0.0024888500    0.0004785600
   0.0019267800    0.0026332500    0.0010570600
   0.0011128300    0.0029149500   -0.0026109900
   0.0010730800   -0.0008184000    0.0002733800
  -0.0030589100    0.0011886000   -0.0000572500
  -0.0010288200   -0.0031971300    0.0018301700
  -0.0025149900   -0.0020550000    0.0009761700
   0.0031661000   -0.0017680400    0.0010935500
  -0.0000315900   -0.0039802700   -0.0010341400
  -0.0008636500   -0.0037790900   -0.0004872400
   0.0007859800   -0.0028814000   -0.0013300300
  -0.0010620900   -0.0033543200   -0.0012385100
  -0.0035099700    0.0003545400   -0.0001373800
   0.0234845100   -0.0112441100   -0.0053325000
   0.0036528500   -0.0003959000    0.0038103600
   0.0112768500    0.0016320700    0.0007213600
   0.0078083800    0.0018666100    0.0003009200
   0.0073080800    0.0041419000    0.0001907400
   0.0083956600    0.0020693700    0.0006194100
   0.0052123300    0.0020542200   -0.0009155800
   0.0075106800    0.0029551800   -0.0001053800
   0.0093337200    0.0020426200   -0.0009866000
  -0.0092744600   -0.0011695300   -0.0026803200
  -0.0071621800   -0.0015487200    0.0020802600
  -0.0059053500   -0.0022014300   -0.0009451200
  -0.0082022600   -0.0024219000    0.0005986000
  -0.0083531400   -0.0029287400    0.0017484400
  -0.0075750700   -0.0015817800    0.0004445600
  -0.0117314800   -0.0014238700    0.0006594100
  -0.0041121500    0.0003884200    0.0036217300
  -0.0075382300   -0.0022586100   -0.0025407300
  -0.0026252300   -0.0082673700    0.0099005400
  -0.0006683500   -0.0029051400    0.0021260700
  -0.0080999100   -0.0034877400   -0.0010349000
  -0.0047339000   -0.0056958600    0.0010939300
  -0.0050805700   -0.0030329800    0.0002647700
  -0.0053752400   -0.0008052600    0.0013619900
   0.0001402300    0.0009878900    0.0019086100
  -0.0062106900   -0.0037135200    0.0007782500
  -0.0036704600   -0.0033884700    0.0015956000
   0.0034451700    0.0040514800   -0.0029910900
  -0.0004934200    0.0110390100   -0.0041016800
   0.0014916800    0.0023660100   -0.0006839400
   0.0048945500    0.0024968600   -0.0007917700
   0.0046473200    0.0018857200   -0.0008483100
   0.0041820500    0.0049333600    0.0007500000
   0.0078157900    0.0017732100    0.0001351200
   0.0024127700    0.0020383700   -0.0036137900
   0.0033392900    0.0028140800    0.0001091100
   0.0308520000   -0.0159227500    0.0292929400
  -0.0032552200   -0.0017650300   -0.0036927400
  -0.0082445200   -0.0018073900    0.0001799400
  -0.0040724000   -0.0049324000    0.0006941600
  -0.0046488600   -0.0019698200   -0.0007982300
  -0.0049964300   -0.0026571200   -0.0006960000
  -0.0017775300   -0.0025639400   -0.0005570800
  -0.0065743300   -0.0042061000   -0.0037880300
  -0.0044401700   -0.0043724800   -0.0015373000
   0.0021561400    0.0015904800    0.0005948200
   0.0144751800   -0.0082461700    0.0023672100
  -0.0002032000   -0.0011836200    0.0019610600
   0.0053136500    0.0016738800    0.0011615500
   0.0053177100    0.0033324100    0.0002935700
   0.0047418200    0.0057060200    0.0010265700
   0.0079038900    0.0034297600   -0.0009816400
   0.0005400800    0.0017937700    0.0021236600
   0.0044188300    0.0042080500    0.0017254100
   0.0025216400   -0.0018715100   -0.0004118400
   0.0410580600   -0.0161566200    0.0081161500
  -0.0012266400    0.0014943500   -0.0017481000
  -0.0025577900   -0.0001469300    0.0005273900
   0.0060967500   -0.0020731900    0.0008295200
   0.0043778700    0.0037656000    0.0009536700
   0.0005374800    0.0050952000    0.0003753200
   0.0016804300    0.0025871300   -0.0015654500
   0.0048580600    0.0010996000   -0.0012341800
   0.0356240200    0.0269279600   -0.0117016400
  -0.0030261400   -0.0027491000   -0.0007795900
  -0.0013918700   -0.0050811600    0.0003989200
  -0.0045483500   -0.0038038600    0.0009549100
  -0.0055166000    0.0023443200    0.0008819400
   0.0017468700    0.0004519100    0.0005181300
   0.0005288400   -0.0015729300   -0.0017773500
  -0.0047642900   -0.0040037400   -0.0004810900
  -0.0022933600    0.0007122000    0.0010507300
   0.0035639500   -0.0025300900    0.0017911500
   0.0016921800    0.0014701900    0.0015797900
   0.0004656200    0.0004777900    0.0022725000
  -0.0001068100   -0.0001851700    0.0022907200
  -0.0001292100   -0.0000777700    0.0023758400
   0.0000587200    0.0000650000    0.0022997500
  -0.0000824000   -0.0001134400    0.0022794000
  -0.0002037400   -0.0002750200    0.0023759600
   0.0001635900    0.0000763900    0.0022936700
   0.0000863100    0.0037709900   -0.0021795100
   0.0004353300    0.0002898600   -0.0020523100
   0.0004784900    0.0004575100   -0.0022652800
  -0.0001138500   -0.0001892600   -0.0022650700
  -0.0001048500   -0.0001141600   -0.0023019700
   0.0001196200    0.0000756800   -0.0022534000
  -0.0000558800   -0.0000956600   -0.0022647300
  -0.0001994900   -0.0003591500   -0.0022797400
   0.0002113700    0.0001363100   -0.0022925400

19   
 -0.0054881943647764   0.0000346318977818  -0.0083593374884672
  -0.0141700900    0.0031621400   -0.0045734700
  -0.0119830300    0.0079399000   -0.0007096600
  -0.0046649800    0.0050333200    0.0024895600
   0.0006931000    0.0079858700    0.0009164600
   0.0012853000    0.0064889200    0.0008136600
   0.0014907700    0.0103314600   -0.0002076200
   0.0029765600    0.0061231500   -0.0001153900
  -0.0019438800    0.0062830400   -0.0006395800
   0.0010221600    0.0082614000    0.0002371000
  -0.0021096700   -0.0043395800   -0.0084718500
  -0.0002782500   -0.0111838000   -0.0071752900
  -0.0034949700   -0.0065012000   -0.0003345600
  -0.0014257900   -0.0105461600   -0.0003082800
  -0.0010041900   -0.0064853300    0.0006829300
  -0.0006726400   -0.0077578100    0.0010170400
   0.0037719100   -0.0054721000    0.0023197200
   0.0020642800   -0.0064880700   -0.0018106600
  -0.0013425100   -0.0068755200    0.0003750100
   0.1557942700   -0.0365568500    0.0486548800
  -0.0073906000    0.0019777700   -0.0011493900
  -0.0055904200    0.0021751900    0.0006546900
  -0.0085340300    0.0053688500    0.0014742200
  -0.0047504300    0.0019855800   -0.0006927500
  -0.0069573300    0.0025858000    0.0005339300
  -0.0057785200    0.0005037800    0.0013548300
  -0.0053562600    0.0043420400    0.0022463100
  -0.0046655400    0.0024093200   -0.0017016800
   0.0036482200   -0.0006421700   -0.0030457200
   0.0064698600    0.0064662500    0.0052236300
   0.0048761900   -0.0000524300    0.0018299800
   0.0060534400   -0.0024415800   -0.0001070300
   0.0047771900   -0.0023287000   -0.0008567500
   0.0087674500   -0.0052906200    0.0013930000
   0.0037513800   -0.0018541400    0.0009123800
   0.0058409600   -0.0010016800   -0.0009065700
   0.0052960800   -0.0005409000   -0.0001256500
   0.0011192300    0.0053217800    0.0012605700
   0.0032750400    0.0039132400   -0.0001711700
  -0.0003145200    0.0029295200   -0.0010493100
   0.0008208300    0.0036933400   -0.0005458200
  -0.0002574400    0.0049385800   -0.0009325200
  -0.0013511300    0.0025124500    0.0002943900
   0.0021877300    0.0012982200    0.0006004000
  -0.0002313700    0.0027076600    0.0007779000
   0.0010977400   -0.0003900500    0.0002763800
   0.0008992700   -0.0000260600    0.0005921600
   0.0002293200   -0.0025142500   -0.0036590400
  -0.0015792900   -0.0019058500    0.0006845000
  -0.0003468800   -0.0032657900   -0.0003128300
   0.0003713600   -0.0058037900   -0.0009050300
  -0.0008491300   -0.0035236100   -0.0005013400
   0.0006991400   -0.0027839100   -0.0012906700
  -0.0011656900   -0.0032072300   -0.0011980200
  -0.0032019600    0.0003356300    0.0000261600
  -0.0085292700    0.0154661700    0.0002472900
   0.0045702100   -0.0006277700    0.0034155400
   0.0121620500    0.0011648800    0.0006396700
   0.0079198600    0.0020705900    0.0003614900
   0.0073863600    0.0042183600    0.0001482400
   0.0086780400    0.0019717400    0.0007054900
   0.0061769500    0.0026789900   -0.0006637700
   0.0076662800    0.0027090800   -0.0000140300
   0.0090805800    0.0011829500   -0.0007668500
  -0.0091324600   -0.0021050600    0.0009258900
  -0.0080180100   -0.0041251200   -0.0022441600
  -0.0054628000   -0.0025667700   -0.0006416600
  -0.0088561200   -0.0016487900    0.0007267900
  -0.0063308200   -0.0054981800   -0.0014246100
  -0.0081353400   -0.0023863100    0.0002181500
  -0.0116880900   -0.0014003100    0.0007010100
  -0.0040870700    0.0006091700    0.0036079000
  -0.0072219400   -0.0023797200   -0.0026014300
  -0.0061088800   -0.0004252600   -0.0068092000
  -0.0001391900   -0.0004404800    0.0022357700
  -0.0076478700   -0.0033916900   -0.0009543600
  -0.0048325200   -0.0059237900    0.0009493200
  -0.0051127700   -0.0030251600    0.0002374700
  -0.0049974200   -0.0007401600    0.0013696600
  -0.0001238200    0.0010192800    0.0017480900
  -0.0063643900   -0.0051434000    0.0000798700
  -0.0034778400   -0.0031528400    0.0015221900
   0.0052879600    0.0045525300   -0.0000429200
   0.0140504800   -0.0028395800   -0.0032072700
   0.0023356200    0.0026716600   -0.0004024200
   0.0050628400    0.0026925100   -0.0006495100
   0.0048013000    0.0021402900   -0.0007951300
   0.0043184000    0.0050557800    0.0007581800
   0.0077481600    0.0017717300    0.0001792400
   0.0020611100    0.0018052200   -0.0037547600
   0.0035414000    0.0029630900    0.0002688700
  -0.0403125700    0.0110358000   -0.0303512100
  -0.0012086300   -0.0021084000   -0.0036687200
  -0.0072982100   -0.0017709500    0.0001355300
  -0.0044097200   -0.0050884900    0.0008137900
  -0.0047786000   -0.0020892700   -0.0008437000
  -0.0049407700   -0.0025593300   -0.0007501300
  -0.0020326900   -0.0025055000   -0.0005295000
  -0.0070135800   -0.0039916200   -0.0035415100
  -0.0042583400   -0.0042838800   -0.0015351300
   0.0050192900    0.0049449600    0.0024952000
  -0.0018633100    0.0170982000   -0.0015031600
   0.0002074200   -0.0008565700    0.0016961400
   0.0050738900   -0.0001621100    0.0015689300
   0.0048968200    0.0026946000    0.0002098800
   0.0048443100    0.0058797400    0.0010170200
   0.0078637400    0.0034149800   -0.0010061700
   0.0002756700    0.0015048800    0.0022429200
   0.0048265800    0.0043528000    0.0016326600
   0.0013223200    0.0002830900    0.0025980400
  -0.0321808600    0.0248650200   -0.0093952200
   0.0011326200    0.0016979600   -0.0017915400
  -0.0013568500   -0.0008678800    0.0005229900
   0.0049812700   -0.0024537600    0.0010071500
   0.0048980700    0.0039660500    0.0009892300
   0.0005464500    0.0049851800    0.0003477400
   0.0014596800    0.0024058900   -0.0015205500
   0.0056163300    0.0011686400   -0.0012650000
  -0.0466233200   -0.0299753300    0.0095904400
  -0.0000547600   -0.0022883200   -0.0022996600
   0.0003285100   -0.0050251600    0.0003219600
  -0.0047049500   -0.0039473800    0.0009883300
  -0.0055375200    0.0021640100    0.0009540300
   0.0021811500    0.0005477800    0.0005312700
  -0.0004079400   -0.0016422900   -0.0017650300
  -0.0031877800   -0.0052464200   -0.0004327300
  -0.0015489800    0.0008810200    0.0010864300
  -0.0036565800    0.0025727000    0.0028618500
  -0.0017197100   -0.0014004700    0.0031587100
  -0.0004606000   -0.0003801400    0.0023325300
   0.0002335100    0.0002084600    0.0023072500
   0.0001379000    0.0000610900    0.0023283700
  -0.0001661000   -0.0001198700    0.0022980800
   0.0000962200   -0.0000159700    0.0023250000
   0.0002501900    0.0001708800    0.0023590900
  -0.0001333900   -0.0001763300    0.0023278100
  -0.0001375600   -0.0037576300   -0.0024446500
  -0.0004326500   -0.0002772800   -0.0025713200
  -0.0004631600   -0.0003665000   -0.0023173300
   0.0001643900    0.0002472800   -0.0022603300
   0.0001133400    0.0000977700   -0.0022490300
  -0.0001507300   -0.0001662000   -0.0022719200
   0.0000588300   -0.0000276100   -0.0023175500
   0.0002365400    0.0003077200   -0.0023357400
  -0.0001745000   -0.0002244700   -0.0022997200

19   
 -0.0000676731765341   0.0099997710144372   0.0000000000000000
  -0.0021336300   -0.0015226600   -0.0000000000
   0.0000831300    0.0019844800   -0.0000000000
  -0.0044631000    0.0045897200   -0.0000000000
   0.0005635400    0.0078594700   -0.0000000000
   0.0006750200    0.0067230800   -0.0000000000
   0.0013911400    0.0102858200   -0.0000000000
   0.0030802800    0.0059922200   -0.0000000000
  -0.0020586300    0.0063425400   -0.0000000000
   0.0011678000    0.0082815600   -0.0000000000
  -0.0092419900   -0.0028478400   -0.0000000000
   0.0068740300   -0.0013609100   -0.0000000000
  -0.0037320200   -0.0061834500   -0.0000000000
  -0.0012370800   -0.0115738700   -0.0000000000
  -0.0016950600   -0.0077960000   -0.0000000000
  -0.0008288000   -0.0075965100   -0.0000000000
   0.0038306700   -0.0053928000   -0.0000000000
   0.0019180100   -0.0066098000   -0.0000000000
  -0.0012325600   -0.0068536300   -0.0000000000
   0.0614807100   -0.2613048200   -0.0000000000
  -0.0063687200    0.0009033600   -0.0000000000
  -0.0056063000    0.0016503100   -0.0000000000
  -0.0086704500    0.0052702600   -0.0000000000
  -0.0048277900    0.0020891100   -0.0000000000
  -0.0070102700    0.0025332900   -0.0000000000
  -0.0059687900    0.0004319200   -0.0000000000
  -0.0050918600    0.0041189800   -0.0000000000
  -0.0044503200    0.0023560500   -0.0000000000
   0.0015658600   -0.0016293200   -0.0000000000
  -0.0133711800    0.0457966300   -0.0000000000
   0.0051197700    0.0006138900   -0.0000000000
   0.0064626800   -0.0013041200   -0.0000000000
   0.0051918400   -0.0014241800   -0.0000000000
   0.0086231400   -0.0051967100   -0.0000000000
   0.0039923500   -0.0019511200   -0.0000000000
   0.0056342200   -0.0008035600   -0.0000000000
   0.0055637000   -0.0004349800   -0.0000000000
  -0.0066737200    0.0112089600   -0.0000000000
   0.0011043900    0.0032550300   -0.0000000000
  -0.0002181600    0.0030164200   -0.0000000000
   0.0009292600    0.0037175500   -0.0000000000
   0.0000327800    0.0050960500   -0.0000000000
  -0.0012973900    0.0024585800   -0.0000000000
   0.0024471600    0.0011560100   -0.0000000000
   0.0011669600    0.0037483700   -0.0000000000
   0.0010457600   -0.0003963100   -0.0000000000
   0.0023033700    0.0018005000   -0.0000000000
  -0.0038118200   -0.0005988500   -0.0000000000
  -0.0016188300   -0.0019340500   -0.0000000000
   0.0005148000   -0.0043487600   -0.0000000000
   0.0006362000   -0.0051501000   -0.0000000000
  -0.0008414500   -0.0036504000   -0.0000000000
   0.0006107900   -0.0027908700   -0.0000000000
  -0.0011234500   -0.0032568600   -0.0000000000
  -0.0032715800    0.0003305200   -0.0000000000
  -0.0232416900    0.0826652800   -0.0000000000
   0.0038983900   -0.0010912000   -0.0000000000
   0.0123511500    0.0013248300   -0.0000000000
   0.0079040900    0.0020049600   -0.0000000000
   0.0073771200    0.0042083000   -0.0000000000
   0.0087187400    0.0019142600   -0.0000000000
   0.0065181400    0.0033389900   -0.0000000000
   0.0077357000    0.0024498100   -0.0000000000
   0.0087916700    0.0010524900   -0.0000000000
  -0.0097236700   -0.0009273800   -0.0000000000
  -0.0041883600   -0.0067841500   -0.0000000000
  -0.0056210500   -0.0024892200   -0.0000000000
  -0.0082642800   -0.0020800800   -0.0000000000
  -0.0056813500    0.0065282000   -0.0000000000
  -0.0080824000   -0.0022504000   -0.0000000000
  -0.0116925400   -0.0013281200   -0.0000000000
  -0.0040753800    0.0005634800   -0.0000000000
  -0.0072917900   -0.0023264200   -0.0000000000
  -0.0212903500    0.0118460800    0.0070830300
  -0.0002965600   -0.0012424300    0.0034053100
  -0.0075234600   -0.0024554200   -0.0003868100
  -0.0045100200   -0.0054278100    0.0001214800
  -0.0050451600   -0.0026426100    0.0004384300
  -0.0050490700   -0.0015917500    0.0011134000
  -0.0011388300   -0.0008325700    0.0011110200
  -0.0064779700   -0.0043139400    0.0020996300
  -0.0038685500   -0.0036960100    0.0015610300
   0.0041377900    0.0055180400   -0.0016950900
   0.0005125900    0.0102990900   -0.0023163600
   0.0012763000    0.0008593800   -0.0011494800
   0.0042754600    0.0019883400   -0.0012079800
   0.0041077200    0.0023767400   -0.0002330500
   0.0045458400    0.0054403300   -0.0002237500
   0.0076841300    0.0025154700    0.0005359700
   0.0012731300    0.0016954800   -0.0029805100
   0.0041717700    0.0036454200   -0.0007198600
  -0.0212903500    0.0118460800   -0.0070830300
  -0.0002965600   -0.0012424300   -0.0034053100
  -0.0075234600   -0.0024554200    0.0003868100
  -0.0045100200   -0.0054278100   -0.0001214800
  -0.0050451600   -0.0026426100   -0.0004384300
  -0.0050490700   -0.0015917500   -0.0011134000
  -0.0011388300   -0.0008325700   -0.0011110200
  -0.0064779700   -0.0043139400   -0.0020996300
  -0.0038685500   -0.0036960100   -0.0015610300
   0.0041377900    0.0055180400    0.0016950900
   0.0005125900    0.0102990900    0.0023163600
   0.0012763000    0.0008593800    0.0011494800
   0.0042754600    0.0019883400    0.0012079800
   0.0041077200    0.0023767400    0.0002330500
   0.0045458400    0.0054403300    0.0002237500
   0.0076841300    0.0025154700   -0.0005359700
   0.0012731300    0.0016954800    0.0029805100
   0.0041717700    0.0036454200    0.0007198600
   0.0027481300    0.0027773600   -0.0000000000
  -0.0296017500    0.0319985000   -0.0000000000
   0.0011238600    0.0017135100   -0.0000000000
  -0.0016557900   -0.0011449200   -0.0000000000
   0.0059202700   -0.0014446700   -0.0000000000
   0.0050789200    0.0038043200   -0.0000000000
   0.0004092000    0.0048711800   -0.0000000000
   0.0016185500    0.0024251500   -0.0000000000
   0.0054832500    0.0011631200   -0.0000000000
   0.0660412300    0.0466335200   -0.0000000000
   0.0009631700   -0.0027512100   -0.0000000000
   0.0006751900   -0.0051935500   -0.0000000000
  -0.0046197400   -0.0038528400   -0.0000000000
  -0.0052250500    0.0021377900   -0.0000000000
   0.0023368600    0.0004503000   -0.0000000000
  -0.0005778900   -0.0018474900   -0.0000000000
  -0.0037467600   -0.0046120100   -0.0000000000
  -0.0017494500    0.0009675900   -0.0000000000
   0.0009919800   -0.0048357400    0.0017142600
  -0.0017164200   -0.0012020700    0.0027604200
  -0.0004256100   -0.0003381400    0.0022889800
   0.0000922200    0.0000061200    0.0022695100
   0.0002130000    0.0001542500    0.0023338200
  -0.0000881100   -0.0000783000    0.0022693900
   0.0002454200    0.0001323000    0.0023137100
   0.0001240300    0.0000830200    0.0023305900
  -0.0001308200   -0.0001870400    0.0022991600
   0.0009919800   -0.0048357400   -0.0017142600
  -0.0017164200   -0.0012020700   -0.0027604200
  -0.0004256100   -0.0003381400   -0.0022889800
   0.0000922200    0.0000061200   -0.0022695100
   0.0002130000    0.0001542500   -0.0023338200
  -0.0000881100   -0.0000783000   -0.0022693900
   0.0002454200    0.0001323000   -0.0023137100
   0.0001240300    0.0000830200   -0.0023305900
  -0.0001308200   -0.0001870400   -0.0022991600

19   
  0.0000676731765341  -0.0099997710144372   0.0000000000000000
   0.0045774200    0.0150837400   -0.0000000000
  -0.0041083000    0.0115851300   -0.0000000000
  -0.0029648700    0.0061650700   -0.0000000000
   0.0007500900    0.0077708300   -0.0000000000
   0.0018485300    0.0064881100   -0.0000000000
   0.0017531800    0.0105324300   -0.0000000000
   0.0027784600    0.0064773400   -0.0000000000
  -0.0017625300    0.0061405800   -0.0000000000
   0.0012267300    0.0080848200   -0.0000000000
   0.0069598000   -0.0134681400   -0.0000000000
  -0.0030333300   -0.0111103500   -0.0000000000
  -0.0020390100   -0.0062639300   -0.0000000000
  -0.0018161300   -0.0092169400   -0.0000000000
  -0.0007342900   -0.0054040400   -0.0000000000
  -0.0003983600   -0.0080072800   -0.0000000000
   0.0036841900   -0.0053426400   -0.0000000000
   0.0021363900   -0.0068857500   -0.0000000000
  -0.0011325700   -0.0065959600   -0.0000000000
  -0.0769564600    0.2605299200   -0.0000000000
  -0.0047647400    0.0010876600   -0.0000000000
  -0.0019291500    0.0018487700   -0.0000000000
  -0.0087103100    0.0054518300   -0.0000000000
  -0.0046355000    0.0021139100   -0.0000000000
  -0.0060244400    0.0024651400   -0.0000000000
  -0.0058951000    0.0006146200   -0.0000000000
  -0.0047317900    0.0040465900   -0.0000000000
  -0.0048509700    0.0023767800   -0.0000000000
   0.0078359700   -0.0030691300   -0.0000000000
   0.0237574100   -0.0577347100   -0.0000000000
   0.0068292900   -0.0016356900   -0.0000000000
   0.0066574800   -0.0036676700   -0.0000000000
   0.0043531900   -0.0027698200   -0.0000000000
   0.0088512100   -0.0054943400   -0.0000000000
   0.0036254100   -0.0015356200   -0.0000000000
   0.0055833900   -0.0011567400   -0.0000000000
   0.0061554300   -0.0009466300   -0.0000000000
   0.0132461800   -0.0118409100   -0.0000000000
   0.0012170500    0.0033102100   -0.0000000000
  -0.0012053100    0.0026471700   -0.0000000000
   0.0008444500    0.0035820500   -0.0000000000
  -0.0003100700    0.0046964600   -0.0000000000
  -0.0014565000    0.0025695700   -0.0000000000
   0.0017038400    0.0027941200   -0.0000000000
  -0.0002370700    0.0019021300   -0.0000000000
   0.0011670500   -0.0007855900   -0.0000000000
  -0.0044198600   -0.0005861900   -0.0000000000
   0.0030268900   -0.0051332600   -0.0000000000
  -0.0024400300   -0.0019948500   -0.0000000000
   0.0023566200   -0.0006630100   -0.0000000000
  -0.0002552600   -0.0046179100   -0.0000000000
  -0.0008334400   -0.0036226600   -0.0000000000
   0.0009071500   -0.0028416200   -0.0000000000
  -0.0010699400   -0.0032716000   -0.0000000000
  -0.0034059300    0.0003906000   -0.0000000000
   0.0359844700   -0.0728167000   -0.0000000000
   0.0043539100    0.0000934800   -0.0000000000
   0.0111290700    0.0014920700   -0.0000000000
   0.0078620500    0.0019609100   -0.0000000000
   0.0073539100    0.0041817300   -0.0000000000
   0.0083959500    0.0021532300   -0.0000000000
   0.0048984100    0.0014294800   -0.0000000000
   0.0074739500    0.0032401900   -0.0000000000
   0.0096574800    0.0022018800   -0.0000000000
  -0.0086341900   -0.0022983000   -0.0000000000
  -0.0108587900    0.0012251000   -0.0000000000
  -0.0057006100   -0.0022492600   -0.0000000000
  -0.0087571900   -0.0019706000   -0.0000000000
  -0.0088943300   -0.0148058500   -0.0000000000
  -0.0075887700   -0.0016894900   -0.0000000000
  -0.0116844400   -0.0014643800   -0.0000000000
  -0.0040798400    0.0004659100   -0.0000000000
  -0.0074236900   -0.0022797800   -0.0000000000
   0.0132267100   -0.0192694000   -0.0056940600
  -0.0022933000   -0.0023280600    0.0024580400
  -0.0080871500   -0.0027413300   -0.0007654800
  -0.0044763400   -0.0053677200    0.0001431000
  -0.0047351300   -0.0023935700    0.0006280800
  -0.0050665500   -0.0017610400    0.0009738500
  -0.0007208900   -0.0006714800    0.0012580900
  -0.0065656500   -0.0041869400    0.0019901700
  -0.0040190500   -0.0038761300    0.0015309300
   0.0038282500    0.0020633300   -0.0014078000
   0.0126976400   -0.0018652200   -0.0017824200
   0.0006784500    0.0006673200   -0.0012202800
   0.0059362500    0.0013889900   -0.0008849800
   0.0057540600    0.0026707900   -0.0008484100
   0.0045357100    0.0053769600   -0.0000418100
   0.0080184600    0.0027049800    0.0006165900
   0.0014093100    0.0019012200   -0.0028853200
   0.0039284600    0.0035497700   -0.0007684100
   0.0132267100   -0.0192694000    0.0056940600
  -0.0022933000   -0.0023280600   -0.0024580400
  -0.0080871500   -0.0027413300    0.0007654800
  -0.0044763400   -0.0053677200   -0.0001431000
  -0.0047351300   -0.0023935700   -0.0006280800
  -0.0050665500   -0.0017610400   -0.0009738500
  -0.0007208900   -0.0006714800   -0.0012580900
  -0.0065656500   -0.0041869400   -0.0019901700
  -0.0040190500   -0.0038761300   -0.0015309300
   0.0038282500    0.0020633300    0.0014078000
   0.0126976400   -0.0018652200    0.0017824200
   0.0006784500    0.0006673200    0.0012202800
   0.0059362500    0.0013889900    0.0008849800
   0.0057540600    0.0026707900    0.0008484100
   0.0045357100    0.0053769600    0.0000418100
   0.0080184600    0.0027049800   -0.0006165900
   0.0014093100    0.0019012200    0.0028853200
   0.0039284600    0.0035497700    0.0007684100
   0.0011762700   -0.0042972500   -0.0000000000
   0.0378706800   -0.0226408600   -0.0000000000
  -0.0011799800    0.0015055000   -0.0000000000
  -0.0022006100    0.0001438800   -0.0000000000
   0.0051804800   -0.0030672200   -0.0000000000
   0.0042346000    0.0039543400   -0.0000000000
   0.0007137000    0.0052303900   -0.0000000000
   0.0015621500    0.0025896700   -0.0000000000
   0.0050303900    0.0011265800   -0.0000000000
  -0.0779984300   -0.0497372100   -0.0000000000
  -0.0040298500   -0.0022224600   -0.0000000000
  -0.0016946900   -0.0048733700   -0.0000000000
  -0.0045935900   -0.0038681000   -0.0000000000
  -0.0057958400    0.0023935000   -0.0000000000
   0.0016358400    0.0005789800   -0.0000000000
   0.0007402900   -0.0013403000   -0.0000000000
  -0.0041641400   -0.0046087900   -0.0000000000
  -0.0020550800    0.0006554000   -0.0000000000
  -0.0009667000    0.0049314800    0.0028909000
   0.0017226500    0.0012675500    0.0019165500
   0.0004743500    0.0004608100    0.0023036400
   0.0000362400    0.0000666300    0.0022909700
  -0.0001563000   -0.0001336500    0.0022928000
   0.0000561700    0.0000331000    0.0022910000
  -0.0001952500   -0.0002259800    0.0022788300
  -0.0000413500   -0.0001293200    0.0023441100
   0.0002054400    0.0001244800    0.0023069300
  -0.0009667000    0.0049314800   -0.0028909000
   0.0017226500    0.0012675500   -0.0019165500
   0.0004743500    0.0004608100   -0.0023036400
   0.0000362400    0.0000666300   -0.0022909700
  -0.0001563000   -0.0001336500   -0.0022928000
   0.0000561700    0.0000331000   -0.0022910000
  -0.0001952500   -0.0002259800   -0.0022788300
  -0.0000413500   -0.0001293200   -0.0023441100
   0.0002054400    0.0001244800   -0.0023069300

37   
  0.0054881943647764  -0.0000346318977818   0.0083593374884672
   0.0196018300    0.0333304200   -0.0091108700
  -0.0027044100    0.0068304500   -0.0016480000
  -0.0043583000    0.0049121200    0.0024038500
   0.0003637500    0.0075955700    0.0013389200
   0.0011623000    0.0065537800    0.0005807900
   0.0015640000    0.0106078300   -0.0001288700
   0.0029300800    0.0061459100   -0.0001841100
  -0.0019341700    0.0061928600   -0.0008468500
   0.0011227600    0.0081495400    0.0001865300
  -0.0020299000   -0.0113677200   -0.0006734100
   0.0014083900   -0.0066477300   -0.0020750300
  -0.0035658800   -0.0062561200   -0.0003122000
  -0.0017655600   -0.0124607900    0.0017656100
  -0.0010028500   -0.0066316200    0.0006911800
  -0.0004885800   -0.0077758900    0.0009657100
   0.0037477000   -0.0054143000    0.0023022500
   0.0020056800   -0.0067155500   -0.0018558300
  -0.0012766400   -0.0067797100    0.0003939100
  -0.0036009700   -0.0048741400   -0.0013226200
  -0.0059999200    0.0012522900   -0.0011621200
  -0.0059286900    0.0016990700   -0.0001442400
  -0.0088353300    0.0055530600    0.0016361200
  -0.0047655100    0.0020627700   -0.0007265400
  -0.0058636700    0.0028812900   -0.0014051400
  -0.0059032000    0.0005385300    0.0013399600
  -0.0049767400    0.0041174000    0.0020922000
  -0.0045678000    0.0024525300   -0.0017718000
   0.0027092300   -0.0005354900   -0.0020574000
   0.0042954700   -0.0059664000    0.0047560700
   0.0054895100   -0.0002965100    0.0014357800
   0.0082759700   -0.0029750100    0.0009842000
   0.0045572900   -0.0018546300   -0.0007913200
   0.0087053000   -0.0053552900    0.0014139000
   0.0038300700   -0.0018322700    0.0008901300
   0.0056409900   -0.0010034100   -0.0009214400
   0.0056859700   -0.0006634300    0.0000106900
  -0.1610528200    0.0692551400   -0.0635981200
   0.0014912000    0.0031578800   -0.0008901700
  -0.0003645300    0.0027350700   -0.0009816200
   0.0009720500    0.0036173400   -0.0007597000
  -0.0001507300    0.0049172500   -0.0010552100
  -0.0014172100    0.0024264600    0.0004209000
   0.0021631200    0.0016944200    0.0005643500
   0.0004212200    0.0029525700   -0.0008812400
   0.0010913000   -0.0006452300    0.0001901400
  -0.0009144500    0.0005617600    0.0015683200
  -0.0001401000   -0.0027990500   -0.0017255400
  -0.0017388700   -0.0019394300    0.0007647600
   0.0490944100   -0.0453367200    0.0166042600
   0.0002215300   -0.0044666700   -0.0010908900
  -0.0010291900   -0.0035617500   -0.0005054400
   0.0007609900   -0.0028860800   -0.0012844600
  -0.0011368900   -0.0032536800   -0.0011884800
  -0.0033162500    0.0002846500    0.0000424900
   0.0641716800   -0.0007321400    0.0003404600
   0.0041173500   -0.0005668300    0.0035764100
   0.0118155600    0.0012590700    0.0009243600
   0.0078787700    0.0018997300    0.0000680000
   0.0073197400    0.0041911500    0.0001724400
   0.0081737000    0.0021592500    0.0005173200
   0.0057986700    0.0026291500   -0.0007209600
   0.0075383600    0.0027103800   -0.0000478500
   0.0087926900    0.0015599000   -0.0013523100
  -0.0079664200   -0.0017053300    0.0017289500
  -0.0065612700   -0.0031640300    0.0007934100
  -0.0055948700   -0.0024705400   -0.0006937200
  -0.0046168600   -0.0057731300    0.0016858900
  -0.0030627200   -0.0031479500    0.0011687900
  -0.0077734300   -0.0020516600    0.0002979900
  -0.0117619900   -0.0014925500    0.0006577000
  -0.0041602700    0.0004674900    0.0036193000
  -0.0073497200   -0.0023007800   -0.0025851300
   0.0191547100   -0.0461880200    0.0258482600
  -0.0004935500   -0.0013739500    0.0021763200
  -0.0078619400   -0.0032509800   -0.0007896100
  -0.0046143800   -0.0057713400    0.0008767000
  -0.0051280100   -0.0031010100    0.0002476200
  -0.0051301100   -0.0009818800    0.0013640700
  -0.0000504400    0.0010870900    0.0018188700
  -0.0062972200   -0.0045362800    0.0003858800
  -0.0035441500   -0.0031059200    0.0016101200
   0.0080674600    0.0055659300   -0.0015812900
   0.0076502400    0.0039548100   -0.0035419000
   0.0020206500    0.0025513500   -0.0005331300
   0.0090397500   -0.0007660900   -0.0011866500
   0.0045371700    0.0013693200   -0.0006463700
   0.0041475700    0.0048951900    0.0007039800
   0.0077456500    0.0018342000    0.0001909600
   0.0021915400    0.0019368300   -0.0036773000
   0.0034634400    0.0029693600    0.0002224200
  -0.0067453700   -0.0007986200    0.0153412700
  -0.0019503000   -0.0020943400   -0.0036544200
  -0.0076018200   -0.0017344100    0.0000391900
  -0.0041634800   -0.0048880700    0.0005992500
  -0.0047628000   -0.0019925200   -0.0007981300
  -0.0051685700   -0.0024463800   -0.0005924700
  -0.0019430900   -0.0024744700   -0.0005585000
  -0.0067956600   -0.0040142300   -0.0036546900
  -0.0043984100   -0.0043114300   -0.0015518500
   0.0022215100    0.0023743600    0.0019511300
   0.0055616900    0.0042967200   -0.0000093300
   0.0000517500   -0.0009449200    0.0018434300
   0.0016741000    0.0068554800    0.0005431100
   0.0051048700    0.0027818900    0.0001218100
   0.0046833100    0.0057457800    0.0010711700
   0.0079000200    0.0034603200   -0.0010072400
   0.0004181700    0.0016507800    0.0021850000
   0.0047089100    0.0043021500    0.0016381500
   0.0048570700    0.0035980400    0.0035725400
   0.0046129500    0.0034446200   -0.0013031300
   0.0004964900    0.0015784700   -0.0018281500
  -0.0039065100    0.0009636900    0.0006721800
   0.0054370300   -0.0023567300    0.0009479900
   0.0047290800    0.0037377400    0.0009780500
   0.0004771900    0.0050884200    0.0003291800
   0.0015750300    0.0025273000   -0.0015468700
   0.0052827000    0.0011979800   -0.0012797400
   0.0045497100   -0.0064398200    0.0075290500
  -0.0010192300   -0.0024720900   -0.0016750400
   0.0005316800   -0.0051252300    0.0001531400
  -0.0043260200   -0.0036599500    0.0015697700
  -0.0054865200    0.0022734400    0.0009265100
   0.0016622500    0.0005220200    0.0003637500
  -0.0000866600   -0.0015749300   -0.0017849700
  -0.0038424900   -0.0046562900   -0.0004582700
  -0.0018130400    0.0009530900    0.0010928400
  -0.0025810600    0.0079346400    0.0027003800
  -0.0002836700   -0.0003632700    0.0024281800
  -0.0001521200   -0.0000912600    0.0023005700
  -0.0000270800    0.0006490000    0.0021261000
   0.0000495800    0.0000752700    0.0023497500
   0.0000693000    0.0000851700    0.0023121900
  -0.0000120300   -0.0000914300    0.0023108200
   0.0000190200   -0.0000470400    0.0023682900
  -0.0000826900   -0.0001207200    0.0023245300
   0.0010637100   -0.0047779900   -0.0023293900
  -0.0002658300    0.0000643400   -0.0022883100
  -0.0001910800   -0.0001162500   -0.0022323200
  -0.0002552200   -0.0010907900   -0.0025481900
   0.0000515100    0.0000042600   -0.0022879900
   0.0000650600    0.0000687700   -0.0022878700
  -0.0000488400   -0.0001205800   -0.0022937800
   0.0000056300   -0.0000139400   -0.0023154200
  -0.0000900000   -0.0001591500   -0.0022875700

37   
 -0.0054881943647764   0.0000346318977818  -0.0083593374884672
  -0.0170748900   -0.0196377800    0.0099036100
  -0.0013024200    0.0066432200   -0.0020661800
  -0.0031115900    0.0058087000    0.0022155700
   0.0009133000    0.0080041800    0.0004957100
   0.0013134300    0.0066145500    0.0007667700
   0.0015346100    0.0101717800   -0.0001821100
   0.0028850800    0.0062844000   -0.0000405900
  -0.0019291000    0.0062502100   -0.0008596500
   0.0012279500    0.0081771700    0.0004538900
  -0.0002742300   -0.0049675800    0.0013159300
   0.0024592900   -0.0058562000    0.0003605900
  -0.0022393000   -0.0062313100    0.0000866500
  -0.0012994900   -0.0084104500   -0.0020637600
  -0.0014611900   -0.0065946400    0.0006695000
  -0.0007801400   -0.0078721400    0.0008718600
   0.0037274800   -0.0053642600    0.0023116800
   0.0020104400   -0.0068221900   -0.0018650200
  -0.0011271700   -0.0067107900    0.0002200300
  -0.0079737200    0.0060837300    0.0012719900
  -0.0051696000    0.0006935200   -0.0006520700
  -0.0016386800    0.0017660300    0.0019557100
  -0.0085701800    0.0051172200    0.0011695700
  -0.0047449400    0.0021067900   -0.0007334100
  -0.0072136500    0.0020842400    0.0019738300
  -0.0059968800    0.0004678700    0.0012274100
  -0.0048857000    0.0040063200    0.0018981700
  -0.0047734400    0.0022403500   -0.0017081400
   0.0066499100   -0.0042142400   -0.0014178700
   0.0055725800   -0.0022118300   -0.0007431900
   0.0064192400   -0.0007645000    0.0011342700
   0.0047766100   -0.0020243600   -0.0004320400
   0.0049667300   -0.0023666900   -0.0006718900
   0.0087161100   -0.0053747400    0.0013899400
   0.0037415600   -0.0016938800    0.0009196400
   0.0055345600   -0.0009985400   -0.0008908200
   0.0059915100   -0.0007591200    0.0001643800
   0.1641124300   -0.0650041100    0.0615473600
   0.0007500000    0.0033618500   -0.0015511400
  -0.0011061000    0.0028918800   -0.0016425700
   0.0007543800    0.0036467100   -0.0002360300
  -0.0001665200    0.0048334400   -0.0008909100
  -0.0013802300    0.0025646500    0.0003453200
   0.0019486900    0.0022241500    0.0010880600
   0.0004555300    0.0026661700   -0.0009568200
   0.0010765100   -0.0005755200    0.0003544300
  -0.0012385500    0.0006159400   -0.0010261200
  -0.0007152800   -0.0028711200   -0.0001273700
  -0.0023605700   -0.0020331500    0.0008862300
  -0.0464290300    0.0407805600   -0.0152528300
   0.0001166700   -0.0053371700   -0.0008506800
  -0.0006843100   -0.0037530300   -0.0004876200
   0.0007197900   -0.0027890700   -0.0013410100
  -0.0010944900   -0.0033192100   -0.0012527300
  -0.0034005000    0.0003955200   -0.0001581900
  -0.0475890000    0.0051332900   -0.0058138800
   0.0040991600   -0.0004745100    0.0036440600
   0.0116203900    0.0015171500    0.0004237200
   0.0078464400    0.0020286000    0.0005891200
   0.0073726000    0.0041577600    0.0001623800
   0.0089001500    0.0018696400    0.0008024400
   0.0055855800    0.0020982300   -0.0008677100
   0.0076323900    0.0029429700   -0.0000772000
   0.0096195700    0.0016567100   -0.0004101300
  -0.0104486000   -0.0015782500   -0.0035135700
  -0.0085999200   -0.0025315300   -0.0009158200
  -0.0057744500   -0.0023089100   -0.0008964000
  -0.0124656000    0.0016962500   -0.0003479400
  -0.0116160800   -0.0052779300   -0.0008432900
  -0.0079418200   -0.0019296300    0.0003586100
  -0.0116597600   -0.0013419700    0.0006975700
  -0.0040405200    0.0005204600    0.0036053000
  -0.0074137600   -0.0023485300   -0.0025625600
  -0.0274100000    0.0358303800   -0.0215784200
  -0.0003035300   -0.0019649900    0.0021859000
  -0.0078952300   -0.0036394700   -0.0012044200
  -0.0049604000   -0.0058636900    0.0011597600
  -0.0050663400   -0.0029699100    0.0002493200
  -0.0052420900   -0.0005754100    0.0013630200
   0.0000631700    0.0009087900    0.0018332900
  -0.0062814600   -0.0043370100    0.0004674600
  -0.0036087400   -0.0034485700    0.0015030100
   0.0006752800    0.0030561100   -0.0015047800
   0.0059762100    0.0041825900   -0.0037991600
   0.0018079900    0.0024728800   -0.0005594200
   0.0008889000    0.0059860900   -0.0002647600
   0.0049079800    0.0026410900   -0.0010035100
   0.0043511100    0.0050842700    0.0007990600
   0.0078143000    0.0016979200    0.0001176200
   0.0022774700    0.0018941300   -0.0036969700
   0.0034125400    0.0027950600    0.0001495300
  -0.0001424300   -0.0047046000   -0.0146424700
  -0.0025025100   -0.0017923600   -0.0037200300
  -0.0079446000   -0.0018542700    0.0002699300
  -0.0043287600   -0.0051475400    0.0009049900
  -0.0046704300   -0.0020778500   -0.0008493100
  -0.0047699900   -0.0027806400   -0.0008598800
  -0.0018713000   -0.0026085900   -0.0005339100
  -0.0067936600   -0.0041940200   -0.0036820000
  -0.0043044400   -0.0043571200   -0.0015253900
   0.0049125400    0.0041141100    0.0011183600
   0.0070323300    0.0045139300    0.0008621600
  -0.0000533000   -0.0011072100    0.0018092300
   0.0087021000   -0.0053990600    0.0021692400
   0.0050994500    0.0032371500    0.0003749300
   0.0049017500    0.0058302500    0.0009670900
   0.0078640300    0.0033711100   -0.0009852600
   0.0003935700    0.0016348600    0.0021769100
   0.0045329700    0.0042457500    0.0017153200
  -0.0010122300   -0.0052349300   -0.0013428600
   0.0033568600    0.0057814800    0.0003825100
  -0.0005994900    0.0016058600   -0.0017176900
   0.0000010600   -0.0019959200    0.0003631000
   0.0056333500   -0.0021823000    0.0008799100
   0.0045462200    0.0039836300    0.0009591500
   0.0006044900    0.0049783500    0.0003883600
   0.0015610300    0.0024527200   -0.0015450000
   0.0051886100    0.0010566600   -0.0012242100
  -0.0149357100    0.0041206200   -0.0099563400
  -0.0020978900   -0.0025524200   -0.0014140200
  -0.0015976200   -0.0049865400    0.0005678000
  -0.0049333200   -0.0041037500    0.0003651200
  -0.0055702200    0.0022234600    0.0009066300
   0.0022715100    0.0004632900    0.0006812400
   0.0002053600   -0.0016516800   -0.0017629300
  -0.0041141100   -0.0046031100   -0.0004605400
  -0.0020336100    0.0006274700    0.0010390900
   0.0024598600   -0.0079545300    0.0019114000
   0.0002449900    0.0004184700    0.0023010500
   0.0001522600    0.0001761900    0.0022982700
   0.0001599100   -0.0006315100    0.0024658900
  -0.0000431200   -0.0001021500    0.0023483000
  -0.0001827700   -0.0001540700    0.0022798400
   0.0000239400   -0.0000474700    0.0022883200
   0.0000257600   -0.0000668000    0.0023613900
   0.0001107400    0.0000105700    0.0022916800
  -0.0010602100    0.0048512500   -0.0022835100
   0.0002391200   -0.0000602800   -0.0023330500
   0.0002028400    0.0001964500   -0.0023559400
   0.0003133800    0.0011393600   -0.0019814700
  -0.0000465200   -0.0000328400   -0.0022688000
  -0.0001027800   -0.0001738800   -0.0022424600
   0.0000497300   -0.0000125800   -0.0022936300
   0.0000297200   -0.0000477900   -0.0023052400
   0.0001251700    0.0000612300   -0.0023098700

37   
 -0.0000676731765341   0.0099997710144372   0.0000000000000000
   0.0305763400    0.0847020900   -0.0000000000
  -0.0017564100    0.0068143600   -0.0000000000
  -0.0037717000    0.0056524300   -0.0000000000
   0.0008790800    0.0089688900   -0.0000000000
   0.0014653400    0.0062708900   -0.0000000000
   0.0010874700    0.0100760800   -0.0000000000
   0.0029227900    0.0062862800   -0.0000000000
  -0.0019361100    0.0062270300   -0.0000000000
   0.0012070600    0.0080699100   -0.0000000000
  -0.0050955100   -0.0090392200   -0.0000000000
   0.0020595400   -0.0064196100   -0.0000000000
  -0.0027564600   -0.0062547300   -0.0000000000
  -0.0036955600   -0.0014974100   -0.0000000000
  -0.0002971700   -0.0062227900   -0.0000000000
  -0.0009736700   -0.0079563400   -0.0000000000
   0.0036929100   -0.0053128100   -0.0000000000
   0.0020241200   -0.0068192000   -0.0000000000
  -0.0012547500   -0.0067062900   -0.0000000000
  -0.0160647900    0.0122116900   -0.0000000000
  -0.0057434700    0.0011564500   -0.0000000000
  -0.0048725200    0.0017007200   -0.0000000000
  -0.0074423600    0.0045287300   -0.0000000000
  -0.0051045200    0.0022778200   -0.0000000000
  -0.0063272100    0.0034172900   -0.0000000000
  -0.0060170200    0.0005726200   -0.0000000000
  -0.0049140400    0.0040093900   -0.0000000000
  -0.0047366500    0.0025464900   -0.0000000000
   0.0058717700   -0.0012046400   -0.0000000000
   0.0043206900   -0.0018562400   -0.0000000000
   0.0058658400   -0.0005013400   -0.0000000000
   0.0079051300   -0.0043221700   -0.0000000000
   0.0064842900   -0.0023505700   -0.0000000000
   0.0085213100   -0.0053775100   -0.0000000000
   0.0037385800   -0.0017347600   -0.0000000000
   0.0054933400   -0.0009908300   -0.0000000000
   0.0058981600   -0.0007383500   -0.0000000000
   0.1259460500   -0.3097564400   -0.0000000000
   0.0009894300    0.0030429000   -0.0000000000
  -0.0009187900    0.0025968700   -0.0000000000
   0.0003878700    0.0035603700   -0.0000000000
  -0.0002138100    0.0048348500   -0.0000000000
  -0.0011245900    0.0026657200   -0.0000000000
   0.0020364100    0.0018921700   -0.0000000000
   0.0003254500    0.0029770200   -0.0000000000
   0.0011709400   -0.0006501000   -0.0000000000
  -0.0011075100    0.0019736700   -0.0000000000
  -0.0003529800   -0.0021113000   -0.0000000000
  -0.0019624700   -0.0020766100   -0.0000000000
  -0.0786939500    0.0817513900   -0.0000000000
   0.0009710900   -0.0031555500   -0.0000000000
  -0.0006691200   -0.0035510400   -0.0000000000
   0.0006587000   -0.0026390600   -0.0000000000
  -0.0010480000   -0.0033475700   -0.0000000000
  -0.0034530200    0.0004016900   -0.0000000000
   0.0064931800    0.0310924400   -0.0000000000
   0.0041400900   -0.0006493300   -0.0000000000
   0.0112882500    0.0011527600   -0.0000000000
   0.0077152600    0.0021302100   -0.0000000000
   0.0075191100    0.0041312900   -0.0000000000
   0.0085760300    0.0022061500   -0.0000000000
   0.0057343200    0.0022051900   -0.0000000000
   0.0076204600    0.0028386200   -0.0000000000
   0.0093787100    0.0018917400   -0.0000000000
  -0.0082461900   -0.0016514500   -0.0000000000
  -0.0085042300   -0.0025621500   -0.0000000000
  -0.0056275700   -0.0023914400   -0.0000000000
  -0.0102511600   -0.0051185200   -0.0000000000
  -0.0007250200   -0.0066337100   -0.0000000000
  -0.0078663300   -0.0020880600   -0.0000000000
  -0.0116433800   -0.0013620000   -0.0000000000
  -0.0038147000    0.0006543700   -0.0000000000
  -0.0074286500   -0.0023046700   -0.0000000000
  -0.0369740800    0.0359587500   -0.0185631100
  -0.0012551000   -0.0018303300    0.0028896200
  -0.0076447400   -0.0024303900   -0.0004832000
  -0.0052137200   -0.0058785900    0.0000499800
  -0.0047563600   -0.0024768200    0.0005609500
  -0.0046413300   -0.0018482800    0.0010545800
  -0.0009747100   -0.0009055500    0.0011486600
  -0.0065587800   -0.0043437800    0.0020577400
  -0.0040726600   -0.0039317100    0.0015613200
   0.0031831600    0.0023464600   -0.0024263800
   0.0071116600    0.0041724600   -0.0026248100
   0.0010660300    0.0008177700   -0.0011570700
   0.0064121200    0.0025394500    0.0000100100
   0.0048811400    0.0021057400   -0.0003994000
   0.0047012600    0.0055403400   -0.0000372900
   0.0078290300    0.0024565800    0.0005303600
   0.0013076200    0.0017110300   -0.0029534400
   0.0039931100    0.0034746900   -0.0008007700
  -0.0369740800    0.0359587500    0.0185631100
  -0.0012551000   -0.0018303300   -0.0028896200
  -0.0076447400   -0.0024303900    0.0004832000
  -0.0052137200   -0.0058785900   -0.0000499800
  -0.0047563600   -0.0024768200   -0.0005609500
  -0.0046413300   -0.0018482800   -0.0010545800
  -0.0009747100   -0.0009055500   -0.0011486600
  -0.0065587800   -0.0043437800   -0.0020577400
  -0.0040726600   -0.0039317100   -0.0015613200
   0.0031831600    0.0023464600    0.0024263800
   0.0071116600    0.0041724600    0.0026248100
   0.0010660300    0.0008177700    0.0011570700
   0.0064121200    0.0025394500   -0.0000100100
   0.0048811400    0.0021057400    0.0003994000
   0.0047012600    0.0055403400    0.0000372900
   0.0078290300    0.0024565800   -0.0005303600
   0.0013076200    0.0017110300    0.0029534400
   0.0039931100    0.0034746900    0.0008007700
   0.0053939200    0.0005772700   -0.0000000000
   0.0038872100    0.0050077900   -0.0000000000
   0.0000459600    0.0016751400   -0.0000000000
  -0.0031895700    0.0017232000   -0.0000000000
   0.0048323600   -0.0021441500   -0.0000000000
   0.0048322900    0.0040323800   -0.0000000000
   0.0006940700    0.0048744500   -0.0000000000
   0.0015515700    0.0023681200   -0.0000000000
   0.0053361200    0.0009864000   -0.0000000000
  -0.0108287200    0.0102648600   -0.0000000000
  -0.0013309100   -0.0026771900   -0.0000000000
  -0.0003355900   -0.0049558500   -0.0000000000
  -0.0062238200   -0.0048175100   -0.0000000000
  -0.0053521500    0.0025514800   -0.0000000000
   0.0025777200   -0.0000770100   -0.0000000000
   0.0002197900   -0.0017693900   -0.0000000000
  -0.0039491000   -0.0046971000   -0.0000000000
  -0.0019226000    0.0007181800   -0.0000000000
   0.0005067800    0.0042312400    0.0025773000
  -0.0001738400   -0.0000527300    0.0022888700
  -0.0000785100   -0.0000745300    0.0022863200
   0.0009012300    0.0007948600    0.0022988400
  -0.0000774800   -0.0001743700    0.0023248400
  -0.0002994400   -0.0002874900    0.0022577900
   0.0001450700    0.0000786400    0.0022902400
   0.0001221500    0.0000371800    0.0023313300
   0.0001642600    0.0000814800    0.0023037700
   0.0005067800    0.0042312400   -0.0025773000
  -0.0001738400   -0.0000527300   -0.0022888700
  -0.0000785100   -0.0000745300   -0.0022863200
   0.0009012300    0.0007948600   -0.0022988400
  -0.0000774800   -0.0001743700   -0.0023248400
  -0.0002994400   -0.0002874900   -0.0022577900
   0.0001450700    0.0000786400   -0.0022902400
   0.0001221500    0.0000371800   -0.0023313300
   0.0001642600    0.0000814800   -0.0023037700

37   
  0.0000676731765341  -0.0099997710144372   0.0000000000000000
  -0.0301044200   -0.0763602100    0.0000000000
  -0.0022374200    0.0066597800    0.0000000000
  -0.0036620700    0.0050760800    0.0000000000
   0.0004209500    0.0066677200    0.0000000000
   0.0010443500    0.0069000400    0.0000000000
   0.0020274100    0.0106914800    0.0000000000
   0.0029199700    0.0061453900    0.0000000000
  -0.0019010200    0.0062147100    0.0000000000
   0.0011716200    0.0082586400    0.0000000000
   0.0028580000   -0.0071666300    0.0000000000
   0.0018368200   -0.0060944100    0.0000000000
  -0.0030184600   -0.0062335200    0.0000000000
   0.0006940900   -0.0194675300    0.0000000000
  -0.0021459100   -0.0069992000    0.0000000000
  -0.0002806600   -0.0076860600    0.0000000000
   0.0038047100   -0.0054607600    0.0000000000
   0.0020142100   -0.0067154600    0.0000000000
  -0.0011257800   -0.0067818600    0.0000000000
   0.0043205600   -0.0108333900    0.0000000000
  -0.0054060500    0.0007928700    0.0000000000
  -0.0026368800    0.0017675400    0.0000000000
  -0.0099234900    0.0061519300    0.0000000000
  -0.0043820300    0.0018895300    0.0000000000
  -0.0067549300    0.0015744200    0.0000000000
  -0.0058635500    0.0004356200    0.0000000000
  -0.0049269400    0.0041182700    0.0000000000
  -0.0045828600    0.0021471900    0.0000000000
   0.0035395700   -0.0035646800    0.0000000000
   0.0054655000   -0.0064323200    0.0000000000
   0.0060707300   -0.0005581900    0.0000000000
   0.0051879200   -0.0006714500    0.0000000000
   0.0031046700   -0.0018388700    0.0000000000
   0.0089318300   -0.0053503000    0.0000000000
   0.0038618600   -0.0017898300    0.0000000000
   0.0057074000   -0.0010076600    0.0000000000
   0.0058052500   -0.0006811700    0.0000000000
  -0.1197749900    0.3193476800    0.0000000000
   0.0012941700    0.0034739400    0.0000000000
  -0.0005279100    0.0030285400    0.0000000000
   0.0013639500    0.0037019800    0.0000000000
  -0.0000788300    0.0049162500    0.0000000000
  -0.0016417900    0.0023298700    0.0000000000
   0.0021006900    0.0020275200    0.0000000000
   0.0005819500    0.0026463800    0.0000000000
   0.0010262100   -0.0005706200    0.0000000000
  -0.0010143900   -0.0007863400    0.0000000000
  -0.0004785900   -0.0035620800    0.0000000000
  -0.0021168000   -0.0018924700    0.0000000000
   0.0783782100   -0.0850389800    0.0000000000
  -0.0006283600   -0.0066690200    0.0000000000
  -0.0010158300   -0.0037611900    0.0000000000
   0.0008411700   -0.0030293800    0.0000000000
  -0.0011595400   -0.0032207000    0.0000000000
  -0.0032431500    0.0002819600    0.0000000000
   0.0072855600   -0.0263509300    0.0000000000
   0.0040969100   -0.0003938300    0.0000000000
   0.0121593700    0.0016249800    0.0000000000
   0.0080341800    0.0018004100    0.0000000000
   0.0071974200    0.0042186700    0.0000000000
   0.0085283700    0.0018220400    0.0000000000
   0.0056770600    0.0025308100    0.0000000000
   0.0075761200    0.0028113500    0.0000000000
   0.0090598100    0.0013242000    0.0000000000
  -0.0101453800   -0.0016132700    0.0000000000
  -0.0065778200   -0.0031648800    0.0000000000
  -0.0057115300   -0.0023850200    0.0000000000
  -0.0067889900    0.0009710200    0.0000000000
  -0.0139691900   -0.0017350800    0.0000000000
  -0.0078241400   -0.0018919600    0.0000000000
  -0.0117482400   -0.0014655100    0.0000000000
  -0.0043523600    0.0003390800    0.0000000000
  -0.0073044300   -0.0023413800    0.0000000000
   0.0298073800   -0.0445704300    0.0210427800
  -0.0013416900   -0.0017774900    0.0029767300
  -0.0079784000   -0.0028062500   -0.0006717300
  -0.0038037900   -0.0049649700    0.0002107000
  -0.0050343500   -0.0025948000    0.0005080700
  -0.0054816700   -0.0015438100    0.0010327400
  -0.0009026300   -0.0006416500    0.0012189500
  -0.0065020700   -0.0041967900    0.0020330800
  -0.0038312800   -0.0036810500    0.0015295700
   0.0047539500    0.0052019500   -0.0006757300
   0.0060153500    0.0043172500   -0.0014555700
   0.0008747900    0.0006709700   -0.0012110900
   0.0037483400    0.0008134200   -0.0020646000
   0.0049664400    0.0029158400   -0.0006761000
   0.0043692500    0.0052414500   -0.0002267100
   0.0078567200    0.0027221000    0.0006214000
   0.0013579800    0.0018455800   -0.0029126300
   0.0040907000    0.0036800200   -0.0006884800
   0.0298073800   -0.0445704300   -0.0210427800
  -0.0013416900   -0.0017774900   -0.0029767300
  -0.0079784000   -0.0028062500    0.0006717300
  -0.0038037900   -0.0049649700   -0.0002107000
  -0.0050343500   -0.0025948000   -0.0005080700
  -0.0054816700   -0.0015438100   -0.0010327400
  -0.0009026300   -0.0006416500   -0.0012189500
  -0.0065020700   -0.0041967900   -0.0020330800
  -0.0038312800   -0.0036810500   -0.0015295700
   0.0047539500    0.0052019500    0.0006757300
   0.0060153500    0.0043172500    0.0014555700
   0.0008747900    0.0006709700    0.0012110900
   0.0037483400    0.0008134200    0.0020646000
   0.0049664400    0.0029158400    0.0006761000
   0.0043692500    0.0052414500    0.0002267100
   0.0078567200    0.0027221000   -0.0006214000
   0.0013579800    0.0018455800    0.0029126300
   0.0040907000    0.0036800200    0.0006884800
  -0.0015607600   -0.0022233700    0.0000000000
   0.0041377100    0.0042340500    0.0000000000
  -0.0001232700    0.0015076500    0.0000000000
  -0.0007083200   -0.0027038200    0.0000000000
   0.0062493600   -0.0023975500    0.0000000000
   0.0044688200    0.0036931100    0.0000000000
   0.0004148400    0.0051855600    0.0000000000
   0.0016121200    0.0026065800    0.0000000000
   0.0051645000    0.0012614200    0.0000000000
   0.0009539300   -0.0131924600    0.0000000000
  -0.0017554700   -0.0023364600    0.0000000000
  -0.0007183400   -0.0051472500    0.0000000000
  -0.0030093700   -0.0029337000    0.0000000000
  -0.0056835400    0.0019464900    0.0000000000
   0.0014023300    0.0010533500    0.0000000000
  -0.0000731200   -0.0014587800    0.0000000000
  -0.0039783100   -0.0045632300    0.0000000000
  -0.0018985200    0.0008625900    0.0000000000
  -0.0004764800   -0.0042141100    0.0020206000
   0.0001625400    0.0000770200    0.0023877300
   0.0001095600    0.0001566600    0.0023072200
  -0.0007665700   -0.0007474100    0.0022594200
   0.0001123800    0.0001509500    0.0023014800
   0.0002445700    0.0001974000    0.0023019100
  -0.0001078000   -0.0002079500    0.0023024000
  -0.0000537000   -0.0001210100    0.0023433300
  -0.0001037400   -0.0001808900    0.0023024400
  -0.0004764800   -0.0042141100   -0.0020206000
   0.0001625400    0.0000770200   -0.0023877300
   0.0001095600    0.0001566600   -0.0023072200
  -0.0007665700   -0.0007474100   -0.0022594200
   0.0001123800    0.0001509500   -0.0023014800
   0.0002445700    0.0001974000   -0.0023019100
  -0.0001078000   -0.0002079500   -0.0023024000
  -0.0000537000   -0.0001210100   -0.0023433300
  -0.0001037400   -0.0001808900   -0.0023024400

55   
  0.0054881943647764  -0.0000346318977818   0.0083593374884672
   0.0048246800    0.0100999000    0.0050773800
  -0.0035307200    0.0069551700   -0.0025009700
  -0.0039530500    0.0052865500    0.0019879700
   0.0004873400    0.0077148800    0.0010153400
   0.0012841500    0.0059900800   -0.0010393100
   0.0014743500    0.0103431200   -0.0001557000
   0.0028767700    0.0062090000   -0.0001491800
  -0.0020021000    0.0062667500   -0.0008913600
   0.0010925100    0.0081979400    0.0003514200
  -0.0013969600   -0.0054211600    0.0009554300
   0.0004453400   -0.0076605000   -0.0005257700
  -0.0030026800   -0.0062867200   -0.0000945300
  -0.0014964600   -0.0108988700   -0.0003052900
   0.0003488400   -0.0060413700    0.0006714600
  -0.0006245000   -0.0077624000    0.0009002500
   0.0036825700   -0.0053756700    0.0022827200
   0.0019555500   -0.0066717800   -0.0018888000
  -0.0012818000   -0.0067806500    0.0002430200
   0.0100757500   -0.0155666400   -0.0027340000
  -0.0060524400    0.0013149800   -0.0008833100
  -0.0042662400    0.0016182000    0.0010811000
  -0.0092167200    0.0057871900    0.0012624900
  -0.0046567100    0.0018568600   -0.0008565300
  -0.0066376000    0.0025602900    0.0002205900
  -0.0060332000    0.0005240000    0.0012377000
  -0.0050998400    0.0041599600    0.0019366500
  -0.0047375100    0.0023615900   -0.0017345000
   0.0045731400   -0.0026657500   -0.0035410200
   0.0053320300   -0.0022342800    0.0041282500
   0.0057059700   -0.0005013300    0.0011169900
   0.0068401700   -0.0023611200    0.0001973000
   0.0037072000   -0.0012800100    0.0008383600
   0.0089633200   -0.0054901100    0.0015001100
   0.0037364100   -0.0017560000    0.0008680600
   0.0055478800   -0.0009906100   -0.0009152700
   0.0056525200   -0.0006665000    0.0001016600
   0.0583289800   -0.0003150100    0.0031722200
   0.0011903400    0.0030188300   -0.0009875000
  -0.0007551600    0.0028243100   -0.0013660100
   0.0009408100    0.0036475000   -0.0004445300
  -0.0006015100    0.0049593200   -0.0014646900
  -0.0014754300    0.0025065300    0.0003772500
   0.0020430800    0.0018710000    0.0005454300
   0.0000460900    0.0028181300   -0.0010807500
   0.0010290800   -0.0005221200    0.0002562500
   0.0001397400    0.0011149100    0.0028547700
   0.0005587100   -0.0033603600   -0.0000942900
  -0.0019891900   -0.0019627100    0.0009063900
   0.0053170700   -0.0034549600    0.0013838600
   0.0044352100   -0.0012334600    0.0000032000
  -0.0008029100   -0.0036682200   -0.0005478200
   0.0006612200   -0.0028101700   -0.0013535300
  -0.0012039700   -0.0031392300   -0.0012342700
  -0.0033550200    0.0003052100   -0.0000898900
  -0.1425343400   -0.0598482700   -0.0585661200
   0.0042773900   -0.0004202100    0.0038413000
   0.0118882200    0.0013990300    0.0009059000
   0.0079166000    0.0019471700    0.0002259400
   0.0074243700    0.0043325300    0.0003344800
   0.0085679700    0.0019924800    0.0006119800
   0.0057452500    0.0024365600   -0.0008971500
   0.0076178400    0.0028388500   -0.0001104000
   0.0092834700    0.0015840300   -0.0007126700
  -0.0096706200   -0.0010481700   -0.0040376300
  -0.0076578200   -0.0028954100   -0.0001076300
  -0.0056677500   -0.0024128600   -0.0008249300
  -0.0087623200   -0.0025595900    0.0004894200
   0.0345191400    0.0357249400    0.0196951600
  -0.0080432600   -0.0020972700    0.0003075900
  -0.0117449600   -0.0014004000    0.0006476800
  -0.0040925100    0.0005377200    0.0035820100
  -0.0073418000   -0.0022341000   -0.0025031800
  -0.0108562000   -0.0058615500    0.0149068400
  -0.0003299000   -0.0015624000    0.0021376000
  -0.0077815300   -0.0033709700   -0.0009911100
  -0.0048394500   -0.0057095200    0.0010395900
  -0.0058148500   -0.0037109800    0.0006197500
  -0.0052436000   -0.0007893700    0.0013638400
  -0.0000713400    0.0009764900    0.0018118100
  -0.0064117000   -0.0045189200    0.0003249000
  -0.0036652100   -0.0033881200    0.0015563400
   0.0039361900    0.0052851100   -0.0041496000
   0.0066386400    0.0048536400   -0.0029717700
   0.0018545600    0.0025959800   -0.0005303400
   0.0050167500    0.0029584800   -0.0007959900
   0.0019696400   -0.0024515100   -0.0014929900
   0.0041652800    0.0050025100    0.0007219600
   0.0077178700    0.0017391800    0.0001120700
   0.0021613600    0.0018289000   -0.0037404000
   0.0033910600    0.0028438100    0.0001544000
   0.0243316700    0.0303913900    0.0211261600
  -0.0021545400   -0.0017641300   -0.0035800300
  -0.0079731800   -0.0018068700    0.0001137400
  -0.0040302500   -0.0050358800    0.0006631600
  -0.0044287900   -0.0016442300   -0.0004239000
  -0.0049914900   -0.0026054300   -0.0007609500
  -0.0019632600   -0.0026363600   -0.0005449300
  -0.0068992200   -0.0042735300   -0.0035856800
  -0.0043818700   -0.0043027500   -0.0015235700
   0.0024283700    0.0021957600   -0.0002056700
   0.0076670600    0.0039867900   -0.0000007400
   0.0000359300   -0.0010526600    0.0017935800
   0.0049412700    0.0014420000    0.0014426300
   0.0080238800    0.0045892700   -0.0005405000
   0.0046935200    0.0058848700    0.0009986500
   0.0078131200    0.0033709000   -0.0009800900
   0.0003194600    0.0015696500    0.0022034900
   0.0045647900    0.0042650800    0.0016479700
   0.0019119700    0.0002220700    0.0021915900
   0.0080237200    0.0003833300   -0.0007993900
   0.0001199200    0.0016665400   -0.0018860800
  -0.0021555600   -0.0003600200    0.0005739200
   0.0038019500   -0.0036894600    0.0005624700
   0.0045244000    0.0039450600    0.0009750200
   0.0005667700    0.0049640100    0.0003365700
   0.0015707100    0.0023960000   -0.0015687800
   0.0052578800    0.0010828900   -0.0012592800
  -0.0018680500    0.0042613200   -0.0006947500
  -0.0011846500   -0.0023546500   -0.0017526500
  -0.0003897500   -0.0050211400    0.0000767600
  -0.0042826800   -0.0039128700    0.0012525600
  -0.0056462700    0.0019744800    0.0002863700
   0.0020053400    0.0003992500    0.0005096200
   0.0000169900   -0.0016481000   -0.0018064500
  -0.0037573300   -0.0048785600   -0.0004810700
  -0.0018747000    0.0007298100    0.0010324000
  -0.0049818500   -0.0053170200    0.0024366200
  -0.0002649300   -0.0002781600    0.0025416000
  -0.0000742800    0.0000565000    0.0023136300
  -0.0001231000   -0.0001682300    0.0022653400
  -0.0001434000    0.0002863600    0.0021279200
  -0.0000844100   -0.0000237700    0.0022674000
   0.0000219400   -0.0000036800    0.0022799400
   0.0000787200    0.0000770000    0.0023496900
  -0.0000166600   -0.0000482700    0.0022796700
   0.0077572700    0.0046939300   -0.0014140200
  -0.0003002900   -0.0002671600   -0.0023482300
  -0.0000781700   -0.0000306500   -0.0022964500
  -0.0001054100   -0.0001445600   -0.0022242400
   0.0008978400    0.0003362100   -0.0022889900
  -0.0000424400   -0.0000427800   -0.0022814200
   0.0000208700   -0.0000054700   -0.0023061200
   0.0000730800    0.0000860700   -0.0023286400
   0.0000405900    0.0000276000   -0.0023192800

55   
 -0.0054881943647764   0.0000346318977818  -0.0083593374884672
  -0.0026031200    0.0032329000   -0.0043039400
  -0.0004938000    0.0065358700   -0.0012468700
  -0.0035453700    0.0054575600    0.0026033800
   0.0007539200    0.0078942300    0.0007966700
   0.0011596500    0.0072090100    0.0023594400
   0.0015988400    0.0104627500   -0.0001805600
   0.0029069700    0.0062436200   -0.0001016900
  -0.0018922400    0.0062001100   -0.0008403400
   0.0012270300    0.0081512300    0.0002630400
  -0.0009580000   -0.0109352900   -0.0003337300
   0.0033946000   -0.0048242600   -0.0012249600
  -0.0028314600   -0.0061780900   -0.0001582800
  -0.0016255000   -0.0099122000   -0.0000294000
  -0.0028291200   -0.0071572800    0.0006647600
  -0.0006689400   -0.0078626900    0.0009120500
   0.0037620400   -0.0053807600    0.0023057100
   0.0020296700   -0.0068433000   -0.0018575400
  -0.0011524300   -0.0066877800    0.0003458400
  -0.0218706000    0.0172304200    0.0028507500
  -0.0051434200    0.0006526300   -0.0009587600
  -0.0033206800    0.0018732200    0.0006925400
  -0.0082364800    0.0049143800    0.0015206000
  -0.0048762700    0.0023293100   -0.0006305600
  -0.0064563100    0.0024179100    0.0003182100
  -0.0058980300    0.0005048000    0.0013044900
  -0.0047929000    0.0039868500    0.0020289600
  -0.0046347100    0.0023524300   -0.0017707700
   0.0047498200   -0.0020588600    0.0000711600
   0.0044942900   -0.0059260200   -0.0001899200
   0.0061755700   -0.0005395200    0.0014266400
   0.0062047300   -0.0026333500    0.0003316400
   0.0057596700   -0.0029527700   -0.0023285200
   0.0084348100   -0.0052216900    0.0012799100
   0.0038046600   -0.0017475500    0.0009158900
   0.0055965700   -0.0009893500   -0.0009228500
   0.0059941400   -0.0007336600    0.0000471800
  -0.0534158200   -0.0004126500   -0.0029882300
   0.0010233200    0.0035170600   -0.0014720400
  -0.0007472600    0.0028226500   -0.0012822700
   0.0007576500    0.0036366500   -0.0005752100
   0.0002504100    0.0048149500   -0.0005064500
  -0.0013561800    0.0025059700    0.0003639700
   0.0020378700    0.0020701000    0.0010825600
   0.0008010900    0.0028213700   -0.0007795000
   0.0011078600   -0.0006755800    0.0002622800
  -0.0023228000    0.0000783700   -0.0023718000
  -0.0014500800   -0.0022919400   -0.0017874700
  -0.0021429600   -0.0019872000    0.0007197700
  -0.0025412100   -0.0016064500   -0.0006344200
  -0.0041238000   -0.0085542100   -0.0019930800
  -0.0009447800   -0.0036240800   -0.0004711000
   0.0007892900   -0.0028438200   -0.0012975700
  -0.0010592900   -0.0034095700   -0.0012321800
  -0.0033911900    0.0003959200   -0.0000512300
   0.1637028800    0.0657969700    0.0578853700
   0.0039067000   -0.0005964200    0.0033577900
   0.0115187000    0.0014074200    0.0004223900
   0.0077794600    0.0020007600    0.0004054100
   0.0072375100    0.0040437200   -0.0000290300
   0.0084727900    0.0020594600    0.0006822300
   0.0056070200    0.0023127300   -0.0007176800
   0.0075222300    0.0028369200   -0.0000401600
   0.0090988600    0.0016554300   -0.0010761000
  -0.0087788200   -0.0022125200    0.0022641800
  -0.0075320100   -0.0027768200   -0.0000408000
  -0.0057329100   -0.0023436000   -0.0007898000
  -0.0083424300   -0.0014924800    0.0008053100
  -0.0492041800   -0.0437113300   -0.0199016300
  -0.0077034200   -0.0018598100    0.0003229300
  -0.0117087500   -0.0014128100    0.0006817100
  -0.0041404100    0.0004715800    0.0036164700
  -0.0074514800   -0.0023913900   -0.0026697100
   0.0018333500   -0.0023686400   -0.0118196700
  -0.0005005300   -0.0017514300    0.0021991600
  -0.0080027900   -0.0034976500   -0.0010293000
  -0.0047592300   -0.0058998200    0.0009733300
  -0.0044161900   -0.0023408700   -0.0001508700
  -0.0051629400   -0.0007460400    0.0013369000
   0.0000540300    0.0010419600    0.0018150300
  -0.0061978700   -0.0043329700    0.0005022800
  -0.0035181400   -0.0031439500    0.0015305900
   0.0047688300    0.0033363000    0.0010764500
   0.0069663600    0.0032953600   -0.0043914400
   0.0019413200    0.0024510400   -0.0005878600
   0.0049106900    0.0022422900   -0.0006789600
   0.0074525700    0.0064624700   -0.0001610600
   0.0043007000    0.0049976600    0.0007553500
   0.0078113100    0.0018163500    0.0001711300
   0.0022770200    0.0020244300   -0.0036593400
   0.0034536200    0.0029430400    0.0001923400
  -0.0322562700   -0.0376291700   -0.0215815800
  -0.0023276000   -0.0021020400   -0.0038202300
  -0.0076052100   -0.0017614000    0.0001710800
  -0.0044844300   -0.0049751900    0.0008134700
  -0.0050380300   -0.0024063000   -0.0012490000
  -0.0049806700   -0.0026002300   -0.0007161900
  -0.0018821000   -0.0024230900   -0.0005729100
  -0.0067216500   -0.0039109400   -0.0037766600
  -0.0043526100   -0.0043439200   -0.0015796500
   0.0046793300    0.0043248100    0.0032755000
   0.0048762600    0.0048644000    0.0008307600
  -0.0000693400   -0.0009783900    0.0018335400
   0.0054158400    0.0000735100    0.0012592800
   0.0021769600    0.0014976800    0.0010106100
   0.0048583500    0.0057136400    0.0010138900
   0.0079204800    0.0034835300   -0.0010381700
   0.0004619500    0.0017382400    0.0021328200
   0.0046460500    0.0043052000    0.0016796700
   0.0019017600   -0.0018328300   -0.0000656400
  -0.0000863300    0.0088792300   -0.0001728300
  -0.0002570000    0.0015389200   -0.0016874000
  -0.0017883900   -0.0006457400    0.0004459300
   0.0072351900   -0.0008339800    0.0012451200
   0.0047128000    0.0037987800    0.0009368600
   0.0004839200    0.0051261100    0.0003552300
   0.0015353000    0.0026064800   -0.0015487700
   0.0051808000    0.0011945500   -0.0012703000
  -0.0086129100   -0.0065800500   -0.0019229500
  -0.0019680800   -0.0026445800   -0.0013666100
  -0.0007125600   -0.0050713700    0.0006135000
  -0.0050052400   -0.0038232600    0.0006625000
  -0.0054453800    0.0025374100    0.0015224200
   0.0018869200    0.0006116600    0.0005098200
   0.0000713400   -0.0015556800   -0.0017668100
  -0.0042305200   -0.0043588200   -0.0004632500
  -0.0020030800    0.0008727400    0.0010741000
   0.0049403500    0.0053862100    0.0021724600
   0.0001962600    0.0003518900    0.0021635600
   0.0000454400    0.0000526700    0.0022604900
   0.0002133400    0.0002004500    0.0023013000
   0.0001311300   -0.0002753300    0.0025439700
  -0.0000568500   -0.0000198400    0.0022993500
  -0.0000418500   -0.0001138100    0.0022937200
  -0.0000648700   -0.0001685600    0.0023545200
   0.0000143700   -0.0000389300    0.0023110400
  -0.0078718000   -0.0046386600   -0.0032446000
   0.0002438900    0.0002958100   -0.0022982100
   0.0000605700    0.0001343200   -0.0023169600
   0.0001196100    0.0002131500   -0.0023314700
  -0.0009192300   -0.0003369300   -0.0022919800
  -0.0000229900   -0.0000371600   -0.0022749200
  -0.0000517800   -0.0001062600   -0.0023069400
  -0.0000687900   -0.0001253200   -0.0023178000
  -0.0000362400   -0.0001032700   -0.0023038500

55   
 -0.0000676731765341   0.0099997710144372   0.0000000000000000
   0.0075465100    0.0193732600   -0.0000000000
   0.0004060500    0.0065043500   -0.0000000000
  -0.0034740400    0.0054164500   -0.0000000000
  -0.0000295500    0.0067406400   -0.0000000000
   0.0000130400    0.0069956600   -0.0000000000
   0.0019499700    0.0105526300   -0.0000000000
   0.0028519900    0.0062921100   -0.0000000000
  -0.0019809000    0.0063555700   -0.0000000000
   0.0011731000    0.0080770800   -0.0000000000
  -0.0029838000   -0.0082102700   -0.0000000000
   0.0028604500   -0.0047146200   -0.0000000000
  -0.0027208800   -0.0061141700   -0.0000000000
  -0.0027968900   -0.0098831300   -0.0000000000
  -0.0028587300   -0.0086831400   -0.0000000000
  -0.0003216100   -0.0077767700   -0.0000000000
   0.0036692500   -0.0052996200   -0.0000000000
   0.0019188900   -0.0067939800   -0.0000000000
  -0.0012415900   -0.0067021700   -0.0000000000
  -0.0291425800    0.0757893300   -0.0000000000
  -0.0051615000    0.0008950100   -0.0000000000
  -0.0035721000    0.0011449500   -0.0000000000
  -0.0092743100    0.0063004500   -0.0000000000
  -0.0039753400    0.0015170000   -0.0000000000
  -0.0063194700    0.0020915500   -0.0000000000
  -0.0061458300    0.0005314200   -0.0000000000
  -0.0048497600    0.0039503300   -0.0000000000
  -0.0047476900    0.0023665800   -0.0000000000
   0.0055291700   -0.0016804000   -0.0000000000
   0.0072281600   -0.0080270400   -0.0000000000
   0.0062853200   -0.0006417400   -0.0000000000
   0.0058256600   -0.0025593900   -0.0000000000
   0.0071544300    0.0085636100   -0.0000000000
   0.0094438700   -0.0056340900   -0.0000000000
   0.0037601200   -0.0016871600   -0.0000000000
   0.0053789800   -0.0009451800   -0.0000000000
   0.0059446800   -0.0007266500   -0.0000000000
  -0.0019938600    0.0283940900   -0.0000000000
   0.0008528700    0.0030272400   -0.0000000000
  -0.0008577000    0.0026880700   -0.0000000000
   0.0013088400    0.0034749300   -0.0000000000
  -0.0002808600    0.0051640800   -0.0000000000
  -0.0016486300    0.0025119700   -0.0000000000
   0.0019010200    0.0021359400   -0.0000000000
   0.0006709200    0.0030058600   -0.0000000000
   0.0010772200   -0.0006512900   -0.0000000000
  -0.0012685200    0.0005678600   -0.0000000000
  -0.0010546900   -0.0025292000   -0.0000000000
  -0.0022389400   -0.0019836800   -0.0000000000
  -0.0054960600   -0.0055868400   -0.0000000000
   0.0019795300   -0.0074283900   -0.0000000000
  -0.0010104300   -0.0037502700   -0.0000000000
   0.0005635600   -0.0027796100   -0.0000000000
  -0.0012028300   -0.0031212400   -0.0000000000
  -0.0033547500    0.0003653900   -0.0000000000
  -0.1073344400   -0.2776486100   -0.0000000000
   0.0040818400   -0.0006520500   -0.0000000000
   0.0118588500    0.0012582400   -0.0000000000
   0.0079588300    0.0018328100   -0.0000000000
   0.0072691500    0.0046124600   -0.0000000000
   0.0085237100    0.0020762600   -0.0000000000
   0.0056272400    0.0022297000   -0.0000000000
   0.0075088500    0.0028876200   -0.0000000000
   0.0094544800    0.0020458900   -0.0000000000
  -0.0081481700   -0.0009280700   -0.0000000000
  -0.0076916400   -0.0014464700   -0.0000000000
  -0.0057594600   -0.0022965700   -0.0000000000
  -0.0095002000   -0.0000597900   -0.0000000000
   0.0666091500    0.0816556100   -0.0000000000
  -0.0080863800   -0.0018735900   -0.0000000000
  -0.0117119500   -0.0014277400   -0.0000000000
  -0.0040519900    0.0004869800   -0.0000000000
  -0.0072474400   -0.0021064600   -0.0000000000
   0.0267832900    0.0221983800   -0.0101631800
  -0.0013394700   -0.0015058200    0.0031563500
  -0.0080464900   -0.0026049900   -0.0005576900
  -0.0039993200   -0.0052167600    0.0003901100
  -0.0054811600   -0.0029989100    0.0003536000
  -0.0052589700   -0.0017450700    0.0010072800
  -0.0009563400   -0.0008675100    0.0011780700
  -0.0065092200   -0.0043036500    0.0020998500
  -0.0041314700   -0.0039437400    0.0015747900
   0.0032219100    0.0022929200   -0.0022443600
   0.0068657000    0.0030637900   -0.0027145600
   0.0007928800    0.0006669600   -0.0012615600
   0.0053569100    0.0013063900   -0.0008231300
   0.0027519200    0.0030041100    0.0000965700
   0.0043869000    0.0054139800   -0.0001514900
   0.0077534700    0.0024969600    0.0005057300
   0.0013202100    0.0016979900   -0.0029583300
   0.0038684400    0.0034420500   -0.0007906600
   0.0267832900    0.0221983800    0.0101631800
  -0.0013394700   -0.0015058200   -0.0031563500
  -0.0080464900   -0.0026049900    0.0005576900
  -0.0039993200   -0.0052167600   -0.0003901100
  -0.0054811600   -0.0029989100   -0.0003536000
  -0.0052589700   -0.0017450700   -0.0010072800
  -0.0009563400   -0.0008675100   -0.0011780700
  -0.0065092200   -0.0043036500   -0.0020998500
  -0.0041314700   -0.0039437400   -0.0015747900
   0.0032219100    0.0022929200    0.0022443600
   0.0068657000    0.0030637900    0.0027145600
   0.0007928800    0.0006669600    0.0012615600
   0.0053569100    0.0013063900    0.0008231300
   0.0027519200    0.0030041100   -0.0000965700
   0.0043869000    0.0054139800    0.0001514900
   0.0077534700    0.0024969600   -0.0005057300
   0.0013202100    0.0016979900    0.0029583300
   0.0038684400    0.0034420500    0.0007906600
   0.0016812300   -0.0013261100   -0.0000000000
  -0.0032406600    0.0096386200   -0.0000000000
  -0.0004325500    0.0015897000   -0.0000000000
  -0.0016957900   -0.0003334300   -0.0000000000
   0.0060985000   -0.0010065800   -0.0000000000
   0.0040902000    0.0038653900   -0.0000000000
   0.0006345700    0.0048682200   -0.0000000000
   0.0016979300    0.0023700300   -0.0000000000
   0.0050055800    0.0009785600   -0.0000000000
   0.0091784700    0.0108921100   -0.0000000000
  -0.0022951300   -0.0022247400   -0.0000000000
  -0.0009721400   -0.0050350800   -0.0000000000
  -0.0026889400   -0.0044946000   -0.0000000000
  -0.0060502600    0.0011741600   -0.0000000000
   0.0014653100    0.0006921400   -0.0000000000
   0.0002472800   -0.0017517600   -0.0000000000
  -0.0041597300   -0.0045031800   -0.0000000000
  -0.0020680700    0.0006610300   -0.0000000000
   0.0015889200    0.0050849300    0.0025735000
  -0.0004380600   -0.0003008300    0.0021576500
   0.0001826400    0.0002132600    0.0022835300
  -0.0004982800   -0.0004307500    0.0022226500
   0.0008166900    0.0009342000    0.0021405800
   0.0000998300    0.0000929400    0.0022740300
   0.0000550000    0.0000476100    0.0022813200
   0.0000358200    0.0000107800    0.0023334900
   0.0002052800    0.0001587200    0.0022945900
   0.0015889200    0.0050849300   -0.0025735000
  -0.0004380600   -0.0003008300   -0.0021576500
   0.0001826400    0.0002132600   -0.0022835300
  -0.0004982800   -0.0004307500   -0.0022226500
   0.0008166900    0.0009342000   -0.0021405800
   0.0000998300    0.0000929400   -0.0022740300
   0.0000550000    0.0000476100   -0.0022813200
   0.0000358200    0.0000107800   -0.0023334900
   0.0002052800    0.0001587200   -0.0022945900

55   
  0.0000676731765341  -0.0099997710144372   0.0000000000000000
  -0.0050759300   -0.0058920500   -0.0000000000
  -0.0044572500    0.0070000500   -0.0000000000
  -0.0040139400    0.0053300600   -0.0000000000
   0.0012675300    0.0088821000   -0.0000000000
   0.0024325800    0.0062171400   -0.0000000000
   0.0011307300    0.0102541300   -0.0000000000
   0.0029363900    0.0061671300   -0.0000000000
  -0.0019081300    0.0061157800   -0.0000000000
   0.0011518000    0.0082765500   -0.0000000000
   0.0006579300   -0.0082792300   -0.0000000000
   0.0009614600   -0.0077587200   -0.0000000000
  -0.0031111200   -0.0063440300   -0.0000000000
  -0.0003500600   -0.0108851400   -0.0000000000
   0.0003638700   -0.0045096200   -0.0000000000
  -0.0009700700   -0.0078366200   -0.0000000000
   0.0037755300   -0.0054471800   -0.0000000000
   0.0020659000   -0.0067133600   -0.0000000000
  -0.0011916800   -0.0067584000   -0.0000000000
   0.0189592000   -0.0797585100   -0.0000000000
  -0.0060360600    0.0010778400   -0.0000000000
  -0.0040118600    0.0023369300   -0.0000000000
  -0.0081728200    0.0044218600   -0.0000000000
  -0.0055451800    0.0026633900   -0.0000000000
  -0.0067781600    0.0028940300   -0.0000000000
  -0.0057892000    0.0005033000   -0.0000000000
  -0.0050431200    0.0042034400   -0.0000000000
  -0.0046229700    0.0023543900   -0.0000000000
   0.0038009900   -0.0030570200   -0.0000000000
   0.0025834600    0.0000101700   -0.0000000000
   0.0056024800   -0.0003926400   -0.0000000000
   0.0072301600   -0.0024237800   -0.0000000000
   0.0023007600   -0.0127695600   -0.0000000000
   0.0079749200   -0.0050732800   -0.0000000000
   0.0037885400   -0.0018100900   -0.0000000000
   0.0057672500   -0.0010269100   -0.0000000000
   0.0057073400   -0.0006674600   -0.0000000000
   0.0097515900   -0.0289639100   -0.0000000000
   0.0013776900    0.0035138100   -0.0000000000
  -0.0006381900    0.0029616300   -0.0000000000
   0.0003954300    0.0038111500   -0.0000000000
  -0.0000682500    0.0046166400   -0.0000000000
  -0.0011766300    0.0025045900   -0.0000000000
   0.0021835100    0.0018222800   -0.0000000000
   0.0001811700    0.0026350000   -0.0000000000
   0.0010657400   -0.0005455100   -0.0000000000
  -0.0009562500    0.0006375600   -0.0000000000
   0.0001685600   -0.0031204200   -0.0000000000
  -0.0018925200   -0.0019579900   -0.0000000000
   0.0083001200    0.0005886900   -0.0000000000
  -0.0017155100   -0.0024490200   -0.0000000000
  -0.0007351200   -0.0035362200   -0.0000000000
   0.0008856200   -0.0028637200   -0.0000000000
  -0.0010602600   -0.0034156000   -0.0000000000
  -0.0033916800    0.0003439800   -0.0000000000
   0.1212774200    0.2874838900   -0.0000000000
   0.0041039900   -0.0003586300   -0.0000000000
   0.0115444700    0.0015493500   -0.0000000000
   0.0077370300    0.0021231500   -0.0000000000
   0.0073963200    0.0037766900   -0.0000000000
   0.0085210300    0.0019806400   -0.0000000000
   0.0057286700    0.0025221400   -0.0000000000
   0.0076317300    0.0027928500   -0.0000000000
   0.0089253700    0.0012056000   -0.0000000000
  -0.0102882400   -0.0023111800   -0.0000000000
  -0.0074944100   -0.0042236600   -0.0000000000
  -0.0056328800   -0.0024519200   -0.0000000000
  -0.0075852600   -0.0040081500   -0.0000000000
  -0.0781747700   -0.0879054100   -0.0000000000
  -0.0076585400   -0.0020771000   -0.0000000000
  -0.0117340200   -0.0013761100   -0.0000000000
  -0.0041710800    0.0005293400   -0.0000000000
  -0.0075346300   -0.0025082600   -0.0000000000
  -0.0356319200   -0.0302996700    0.0123334200
  -0.0013113900   -0.0020745600    0.0027099500
  -0.0076336700   -0.0026035000   -0.0005952700
  -0.0050526600   -0.0055934200   -0.0001246000
  -0.0043727500   -0.0020542500    0.0007134500
  -0.0049266600   -0.0016202300    0.0010799900
  -0.0009716700   -0.0006509800    0.0011903700
  -0.0066036200   -0.0042104200    0.0019909900
  -0.0038272300   -0.0036420500    0.0015163800
   0.0046869600    0.0052810600   -0.0008425300
   0.0062141900    0.0054523200   -0.0013712900
   0.0010921600    0.0008469800   -0.0011082300
   0.0047895400    0.0020635600   -0.0012680900
   0.0070685400    0.0020630900   -0.0011315400
   0.0046248100    0.0053918000   -0.0001146100
   0.0078803200    0.0027107200    0.0006465300
   0.0012939200    0.0018857400   -0.0029077400
   0.0041606100    0.0037388700   -0.0006982700
  -0.0356319200   -0.0302996700   -0.0123334200
  -0.0013113900   -0.0020745600   -0.0027099500
  -0.0076336700   -0.0026035000    0.0005952700
  -0.0050526600   -0.0055934200    0.0001246000
  -0.0043727500   -0.0020542500   -0.0007134500
  -0.0049266600   -0.0016202300   -0.0010799900
  -0.0009716700   -0.0006509800   -0.0011903700
  -0.0066036200   -0.0042104200   -0.0019909900
  -0.0038272300   -0.0036420500   -0.0015163800
   0.0046869600    0.0052810600    0.0008425300
   0.0062141900    0.0054523200    0.0013712900
   0.0010921600    0.0008469800    0.0011082300
   0.0047895400    0.0020635600    0.0012680900
   0.0070685400    0.0020630900    0.0011315400
   0.0046248100    0.0053918000    0.0001146100
   0.0078803200    0.0027107200   -0.0006465300
   0.0012939200    0.0018857400    0.0029077400
   0.0041606100    0.0037388700    0.0006982700
   0.0021471300   -0.0002438700   -0.0000000000
   0.0112574100   -0.0004212100   -0.0000000000
   0.0002991200    0.0016201800   -0.0000000000
  -0.0022341700   -0.0006739000   -0.0000000000
   0.0049440300   -0.0034871600   -0.0000000000
   0.0051446500    0.0038821100   -0.0000000000
   0.0004207700    0.0052209300   -0.0000000000
   0.0014162700    0.0026315700   -0.0000000000
   0.0054363100    0.0012961700   -0.0000000000
  -0.0201266700   -0.0136774400   -0.0000000000
  -0.0008466700   -0.0027611700   -0.0000000000
  -0.0001274900   -0.0050426800   -0.0000000000
  -0.0066037100   -0.0032227400   -0.0000000000
  -0.0050489100    0.0033251400   -0.0000000000
   0.0024340700    0.0003252900   -0.0000000000
  -0.0001496500   -0.0014483200   -0.0000000000
  -0.0038215200   -0.0047284800   -0.0000000000
  -0.0018080900    0.0009467700   -0.0000000000
  -0.0015906200   -0.0050065500    0.0020416000
   0.0003738900    0.0003522700    0.0025197000
  -0.0002014200   -0.0001011700    0.0023094300
   0.0005541400    0.0004896000    0.0023382000
  -0.0008172800   -0.0009065300    0.0024810300
  -0.0001985200   -0.0001483600    0.0022861500
  -0.0000732000   -0.0001523500    0.0023112300
  -0.0000213600   -0.0000683800    0.0023413200
  -0.0001957900   -0.0002295900    0.0023116200
  -0.0015906200   -0.0050065500   -0.0020416000
   0.0003738900    0.0003522700   -0.0025197000
  -0.0002014200   -0.0001011700   -0.0023094300
   0.0005541400    0.0004896000   -0.0023382000
  -0.0008172800   -0.0009065300   -0.0024810300
  -0.0001985200   -0.0001483600   -0.0022861500
  -0.0000732000   -0.0001523500   -0.0023112300
  -0.0000213600   -0.0000683800   -0.0023413200
  -0.0001957900   -0.0002295900   -0.0023116200

73   
  0.0099998009094486  -0.0000631012788389   0.0000000000000000
   0.0650994500    0.0252897800    0.0439764700
  -0.0024320900    0.0065651800   -0.0022089400
  -0.0041949900    0.0053019200    0.0021667300
   0.0007580400    0.0078551400    0.0009230100
   0.0015290400    0.0065324200    0.0007165100
   0.0016274300    0.0105215100   -0.0001476000
   0.0030249100    0.0060719300   -0.0000752000
  -0.0019343900    0.0062671300   -0.0008434900
   0.0011032500    0.0083366000    0.0004656500
   0.0031664400   -0.0004515400    0.0096145900
   0.0017183800   -0.0066323100   -0.0005148400
  -0.0032786300   -0.0063262600   -0.0000161400
  -0.0015780000   -0.0096812200    0.0000791700
  -0.0011028200   -0.0059509900    0.0008055800
  -0.0005841900   -0.0078402600    0.0009224800
   0.0037694700   -0.0054456700    0.0023021700
   0.0020418500   -0.0066033500   -0.0018790400
  -0.0012314800   -0.0067811700    0.0002787900
   0.0291277700   -0.0168583900   -0.0210139800
  -0.0062298000    0.0012972400   -0.0007520400
  -0.0049443600    0.0027692100    0.0013777900
  -0.0084845000    0.0051785500    0.0014121100
  -0.0049353800    0.0022041100   -0.0007276900
  -0.0062801400    0.0025731900    0.0001991900
  -0.0057665000    0.0005351300    0.0012183000
  -0.0051413700    0.0041160600    0.0019055600
  -0.0046120500    0.0022404300   -0.0017619100
   0.0025440100   -0.0021923900   -0.0014628500
   0.0057622500   -0.0101788900   -0.0072891600
   0.0053736000   -0.0001898500    0.0011611400
   0.0065485000   -0.0032902700    0.0001679800
   0.0048617300   -0.0028884800   -0.0008954800
   0.0085907300   -0.0053143600    0.0013993200
   0.0038201700   -0.0018817700    0.0009194900
   0.0058523900   -0.0010195500   -0.0008734800
   0.0055490600   -0.0005448200    0.0001552300
   0.0215129200   -0.0336540100    0.0158601100
   0.0012821200    0.0034551200   -0.0013051400
  -0.0005856800    0.0028858100   -0.0015317300
   0.0007636100    0.0036240800   -0.0005026800
  -0.0001892000    0.0047849600   -0.0009186700
  -0.0014225400    0.0024962200    0.0003871800
   0.0022677800    0.0012878600    0.0008876400
   0.0002958500    0.0032559300   -0.0007555800
   0.0010004500   -0.0004427500    0.0002887100
   0.0010456800   -0.0001463200    0.0032955100
  -0.0003450000   -0.0022538100    0.0000156200
  -0.0019211400   -0.0018608700    0.0008649900
   0.0019039600   -0.0011371900    0.0049511400
  -0.0000185300   -0.0049216400   -0.0010763900
  -0.0010639400   -0.0034643100   -0.0004856300
   0.0007096600   -0.0028219400   -0.0013379700
  -0.0011597200   -0.0032818500   -0.0012471700
  -0.0032716000    0.0003215700   -0.0000897200
   0.0274945000    0.0337893400   -0.0233600800
   0.0040473500   -0.0006767000    0.0037929900
   0.0118779900    0.0014266200    0.0006846100
   0.0077784800    0.0020212500    0.0003213700
   0.0072737900    0.0040738300    0.0001385400
   0.0083686200    0.0021112300    0.0006548600
   0.0058731800    0.0029395000   -0.0009482100
   0.0075509600    0.0027114300   -0.0000770600
   0.0088553300    0.0011041100   -0.0014666700
  -0.0105942500   -0.0023181200   -0.0004785900
  -0.0064515100   -0.0024584900   -0.0009911300
  -0.0056674000   -0.0024883500   -0.0008473100
  -0.0086890700   -0.0017124300    0.0008407000
  -0.0071640000   -0.0062849000   -0.0032001400
  -0.0079851000   -0.0020592100    0.0003439000
  -0.0117929700   -0.0014305400    0.0006879900
  -0.0042078000    0.0005566500    0.0036265900
  -0.0074377400   -0.0024194300   -0.0025615600
  -0.1563317300   -0.0027285700   -0.0168152600
   0.0000407900   -0.0014895100    0.0024304000
  -0.0074352300   -0.0036044600   -0.0010351200
  -0.0049413900   -0.0057927600    0.0010194300
  -0.0048729000   -0.0027759500    0.0003079100
  -0.0051727500   -0.0007702300    0.0013438100
  -0.0001479700    0.0011873800    0.0018996300
  -0.0062742600   -0.0044402800    0.0004220500
  -0.0033502600   -0.0030735400    0.0016002900
   0.0057822200    0.0090746900   -0.0001960200
   0.0071381900    0.0029774700   -0.0031879200
   0.0020829700    0.0026622400   -0.0004748400
   0.0057073700    0.0021759700   -0.0007812500
   0.0052390400    0.0023101600   -0.0006237400
   0.0043296700    0.0050135000    0.0007773800
   0.0077730800    0.0018665800    0.0001850700
   0.0021411200    0.0019452900   -0.0037038200
   0.0036730000    0.0030597500    0.0002484600
  -0.0032792400    0.0009652800   -0.0030516200
  -0.0020230600   -0.0015765600   -0.0037811000
  -0.0075722400   -0.0018559100    0.0001783600
  -0.0043677200   -0.0049905400    0.0007798200
  -0.0045700600   -0.0018580100   -0.0009481700
  -0.0049434300   -0.0025523400   -0.0006834900
  -0.0020312700   -0.0024102200   -0.0005571100
  -0.0067701200   -0.0042304700   -0.0036399000
  -0.0042048900   -0.0040489800   -0.0015412900
   0.0046001900    0.0019092100    0.0008019200
   0.0070048800    0.0044154700    0.0011557200
   0.0002116300   -0.0009492600    0.0017741000
   0.0053819000    0.0005916400    0.0010891000
   0.0055522100    0.0034924900    0.0005555100
   0.0048451800    0.0058322600    0.0010127200
   0.0078282700    0.0035372500   -0.0010201900
   0.0002951500    0.0016848300    0.0022160400
   0.0047561100    0.0044838800    0.0016081300
   0.0014322300    0.0017728600    0.0027074000
   0.0029134000    0.0039487200   -0.0028509700
   0.0004033900    0.0016496800   -0.0017861100
  -0.0023097600   -0.0000120300    0.0005351100
   0.0054627400   -0.0023005800    0.0008872400
   0.0046903100    0.0038971200    0.0009673000
   0.0003892400    0.0051407000    0.0003839700
   0.0013636300    0.0025744500   -0.0015362800
   0.0053757600    0.0013658800   -0.0011831800
   0.0091228900   -0.0025460800    0.0019002500
  -0.0013302000   -0.0023011200   -0.0016216400
  -0.0001003800   -0.0051118800    0.0004237200
  -0.0049133800   -0.0038224300    0.0009579100
  -0.0055567300    0.0025133700    0.0010006700
   0.0017315400    0.0006443600    0.0005188800
  -0.0005065700   -0.0014358000   -0.0017743600
  -0.0037900200   -0.0046801000   -0.0004652300
  -0.0016995600    0.0010385200    0.0010557400
   0.0004355000   -0.0001683300   -0.0016186800
  -0.0007593000   -0.0003128500    0.0024638000
  -0.0003403400   -0.0001464500    0.0023064400
   0.0001341600    0.0001952300    0.0023008200
  -0.0002184800   -0.0001902600    0.0023769800
  -0.0001473200   -0.0000521800    0.0023155200
  -0.0000457500   -0.0001075400    0.0023110900
   0.0000457200    0.0000560800    0.0023668500
  -0.0003347400   -0.0003293100    0.0022991700
  -0.0049086400   -0.0105925900   -0.0046430900
  -0.0006673800   -0.0005715200   -0.0021536200
  -0.0003456500   -0.0001706900   -0.0022922200
   0.0001206700    0.0001306800   -0.0022714100
  -0.0004450000   -0.0003690500   -0.0022741700
  -0.0001139300   -0.0000636200   -0.0022671100
  -0.0000254700   -0.0000817500   -0.0022919100
   0.0000471600    0.0000754100   -0.0022888800
  -0.0002770000   -0.0002713000   -0.0022914700

73   
 -0.0099998009094486   0.0000631012788389   0.0000000000000000
  -0.0652808100   -0.0127068800   -0.0457742300
  -0.0016242300    0.0069677900   -0.0014850500
  -0.0033103500    0.0054645700    0.0024609600
   0.0004753500    0.0077813800    0.0009293800
   0.0009075700    0.0066852900    0.0006517200
   0.0014343000    0.0103039000   -0.0001463900
   0.0027503100    0.0064026300   -0.0001333000
  -0.0019664900    0.0062191500   -0.0008460500
   0.0012092200    0.0080338900    0.0001940200
  -0.0056327900   -0.0158855200   -0.0088995200
   0.0020950500   -0.0058257000   -0.0012120200
  -0.0025669800   -0.0061171600   -0.0001902600
  -0.0015551400   -0.0111163700   -0.0003752600
  -0.0014061300   -0.0072324100    0.0005589900
  -0.0007215900   -0.0077625000    0.0009303900
   0.0036657400   -0.0052886000    0.0023275100
   0.0019344900   -0.0068899700   -0.0018261100
  -0.0012118200   -0.0066651200    0.0003489600
  -0.0388486400    0.0173517000    0.0195298000
  -0.0049718800    0.0006936900   -0.0010450500
  -0.0026346600    0.0007452100    0.0004622500
  -0.0089674400    0.0055422000    0.0014097200
  -0.0046089800    0.0020069300   -0.0007190100
  -0.0068258500    0.0024309800    0.0003791000
  -0.0061732100    0.0005157600    0.0013641400
  -0.0047595000    0.0040522300    0.0021011700
  -0.0047689700    0.0024977400   -0.0017012300
   0.0067945900   -0.0025020400   -0.0020597100
   0.0041293700    0.0020211300    0.0113324500
   0.0064973100   -0.0008288900    0.0014231900
   0.0064915500   -0.0016762500    0.0004071500
   0.0046191600   -0.0012957300   -0.0005522100
   0.0087947700   -0.0053728300    0.0014225900
   0.0037123400   -0.0015994600    0.0009058000
   0.0052831600   -0.0009386500   -0.0009230700
   0.0060895700   -0.0008339700    0.0000350300
  -0.0149169100    0.0333666100   -0.0162597900
   0.0009317400    0.0031075200   -0.0011162400
  -0.0009229500    0.0027827900   -0.0010815500
   0.0009264400    0.0036816500   -0.0004747300
  -0.0001670300    0.0050108900   -0.0010095900
  -0.0014144400    0.0025381000    0.0003967900
   0.0018047500    0.0026749000    0.0007816900
   0.0005428100    0.0024014600   -0.0010609300
   0.0011304700   -0.0007330900    0.0002723900
  -0.0032320400    0.0013631800   -0.0027163800
  -0.0005482800   -0.0033663700   -0.0018624300
  -0.0022189300   -0.0020670200    0.0008031100
   0.0008879300   -0.0038115800   -0.0041973200
   0.0002965800   -0.0048532100   -0.0008515500
  -0.0006916100   -0.0038056800   -0.0004921600
   0.0007324600   -0.0028096600   -0.0012723800
  -0.0011115700   -0.0032458600   -0.0011781600
  -0.0034847400    0.0004025300   -0.0000116600
  -0.0125735100   -0.0286135500    0.0178077000
   0.0041265300   -0.0003191600    0.0034440800
   0.0115104800    0.0014000400    0.0006883500
   0.0079073600    0.0019495200    0.0003512300
   0.0073775600    0.0043209600    0.0002108100
   0.0086638600    0.0019623600    0.0006800900
   0.0054690800    0.0018300100   -0.0006247200
   0.0075785400    0.0029872400   -0.0000326200
   0.0095204600    0.0021550500   -0.0002706900
  -0.0078346100   -0.0009092800   -0.0013086000
  -0.0087535900   -0.0031959100    0.0008858400
  -0.0057395500   -0.0022465100   -0.0007287900
  -0.0084024400   -0.0023383000    0.0004937900
  -0.0075593200   -0.0020202500    0.0035346500
  -0.0077666200   -0.0018754700    0.0003285200
  -0.0116678700   -0.0013600300    0.0006826300
  -0.0040324900    0.0004746200    0.0036132900
  -0.0073632400   -0.0021844900   -0.0025701000
   0.1523672300   -0.0079845400    0.0221695100
  -0.0008833800   -0.0018048800    0.0019466200
  -0.0083549100   -0.0032378500   -0.0009425500
  -0.0046690400   -0.0057953800    0.0010339000
  -0.0053660900   -0.0032510800    0.0002042100
  -0.0052423100   -0.0007423300    0.0013989500
   0.0001222800    0.0008540700    0.0017688200
  -0.0063436100   -0.0043903000    0.0004463400
  -0.0038427900   -0.0034409500    0.0015284400
   0.0028316600   -0.0004748300   -0.0029113800
   0.0064831800    0.0051637800   -0.0041463900
   0.0017032000    0.0024079700   -0.0006027200
   0.0041979800    0.0030525800   -0.0006571400
   0.0041685100    0.0017585000   -0.0010113600
   0.0041286400    0.0050076600    0.0007402200
   0.0077484800    0.0017104800    0.0001389100
   0.0022892800    0.0019302900   -0.0036550300
   0.0031637200    0.0027475400    0.0001386900
  -0.0036053700   -0.0067060600    0.0037295400
  -0.0024727100   -0.0022692200   -0.0035772400
  -0.0080163000   -0.0016887600    0.0001452400
  -0.0041570100   -0.0049994800    0.0007390100
  -0.0049022800   -0.0021705900   -0.0006829800
  -0.0050341600   -0.0026311800   -0.0007533000
  -0.0018219300   -0.0026281300   -0.0005208400
  -0.0068584000   -0.0039308100   -0.0036819000
  -0.0045384300   -0.0045736600   -0.0015215100
   0.0025280300    0.0046130100    0.0022889400
   0.0055218600    0.0044584000   -0.0002904200
  -0.0002527000   -0.0010608600    0.0018950200
   0.0049680300    0.0009513600    0.0016513800
   0.0046158200    0.0025631600   -0.0000442700
   0.0046984200    0.0057880500    0.0010413900
   0.0078968400    0.0033390500   -0.0009568500
   0.0004778800    0.0016452700    0.0021613600
   0.0044448900    0.0041083800    0.0017613100
   0.0023685700   -0.0034295700   -0.0007058900
   0.0050240100    0.0052648300    0.0018471900
  -0.0005457100    0.0015751000   -0.0017452100
  -0.0016407800   -0.0009738000    0.0005257900
   0.0055708500   -0.0021963500    0.0009591400
   0.0045426500    0.0038675800    0.0009857900
   0.0006539900    0.0049709400    0.0003493900
   0.0017342100    0.0024498200   -0.0015399700
   0.0050554300    0.0009320400   -0.0013038000
  -0.0195927000    0.0007949400   -0.0041520300
  -0.0018274500   -0.0026792900   -0.0014540000
  -0.0010084100   -0.0049564200    0.0003106400
  -0.0043826800   -0.0038971100    0.0009946000
  -0.0055430900    0.0020247400    0.0008447700
   0.0021582200    0.0003873700    0.0005424900
   0.0005889000   -0.0017455200   -0.0017580500
  -0.0042062500   -0.0045338300   -0.0004378000
  -0.0021874000    0.0005861700    0.0010910000
  -0.0005828700    0.0001948200    0.0062328100
   0.0006784500    0.0004152100    0.0022803600
   0.0003037100    0.0002773600    0.0023075600
  -0.0000488900   -0.0001389600    0.0023070000
   0.0001871800    0.0002086000    0.0023371700
  -0.0000032100    0.0000295700    0.0022920000
   0.0000175300    0.0000118900    0.0023032900
  -0.0000405000   -0.0001263200    0.0023782100
   0.0003246800    0.0002641600    0.0023320000
   0.0048761600    0.0108721300    0.0001379100
   0.0006039100    0.0006271600   -0.0024510500
   0.0003197400    0.0002949200   -0.0022797500
  -0.0001107500   -0.0000364300   -0.0022435800
   0.0004156400    0.0003900700   -0.0022660100
   0.0000394800    0.0000049800   -0.0022476200
  -0.0000139500   -0.0000079100   -0.0022797800
  -0.0000513900   -0.0000932500   -0.0023162800
   0.0002744800    0.0002195200   -0.0022906100

73   
 -0.0000676731765341   0.0099997710144372   0.0000000000000000
   0.0291169300    0.0147194200    0.0225173700
  -0.0022726700    0.0070142100   -0.0021557200
  -0.0041123500    0.0052721500    0.0024490600
   0.0005518200    0.0076318000    0.0008055100
   0.0012763100    0.0066512500    0.0008912200
   0.0016112400    0.0105030700   -0.0002280100
   0.0029797800    0.0060772900   -0.0001390000
  -0.0018639100    0.0061002900   -0.0008842100
   0.0011470200    0.0082678100    0.0002484300
   0.0057423200    0.0004791900    0.0103438300
   0.0012619100   -0.0061449100   -0.0012324200
  -0.0031650400   -0.0063004000   -0.0002606200
  -0.0016766300   -0.0110092900   -0.0008666600
  -0.0015944800   -0.0063988900    0.0003950200
  -0.0005756200   -0.0078625700    0.0009461800
   0.0037667800   -0.0055218300    0.0022983500
   0.0020669700   -0.0067295000   -0.0018699300
  -0.0011822600   -0.0068027900    0.0003661000
  -0.0218787800    0.0163663700    0.0059761000
  -0.0056263400    0.0011090900   -0.0009290500
  -0.0047277400    0.0022552900    0.0000526000
  -0.0087380600    0.0052555500    0.0014071600
  -0.0048904600    0.0021712800   -0.0007784800
  -0.0059735000    0.0024180000    0.0007697900
  -0.0057684400    0.0004727500    0.0013018700
  -0.0049927500    0.0041447400    0.0020014700
  -0.0046119000    0.0022214000   -0.0017813600
   0.0029561800   -0.0006700100   -0.0008864700
  -0.0002526600    0.0019413200    0.0137299700
   0.0056850300   -0.0004429200    0.0012865100
   0.0072955300   -0.0021977500   -0.0003300000
   0.0049411100   -0.0022603500   -0.0010009700
   0.0085872300   -0.0053363300    0.0014143600
   0.0038024900   -0.0018582200    0.0008969500
   0.0058311500   -0.0011034000   -0.0009267600
   0.0057184600   -0.0006677400    0.0000822200
  -0.0327007600    0.0405862300   -0.0266048900
   0.0013297200    0.0034461900   -0.0011433700
  -0.0006280100    0.0027825500   -0.0010464800
   0.0009843900    0.0034969300   -0.0004870700
  -0.0000044800    0.0047481600   -0.0008871800
  -0.0014303800    0.0024180100    0.0002672400
   0.0021888900    0.0015088100    0.0007686000
   0.0003868700    0.0026478100   -0.0011468400
   0.0010425100   -0.0005567800    0.0002033000
  -0.0007783600   -0.0008375500    0.0015110200
  -0.0006626600   -0.0029178800   -0.0009248100
  -0.0019638800   -0.0019162000    0.0007977200
   0.0038829000   -0.0016428700   -0.0053609600
  -0.0006477400   -0.0053161900   -0.0012207500
  -0.0010018400   -0.0035137500   -0.0005318300
   0.0008204400   -0.0029730800   -0.0013022600
  -0.0011110900   -0.0033565700   -0.0012160200
  -0.0032770300    0.0002351700   -0.0000262900
   0.0373547800    0.0289709100   -0.0243331800
   0.0041474900   -0.0005135900    0.0036598200
   0.0119613600    0.0016804700    0.0006295400
   0.0077376200    0.0018592300    0.0003692300
   0.0072555200    0.0040291000    0.0000778300
   0.0082896600    0.0019709000    0.0007086400
   0.0057516900    0.0025531100   -0.0007242000
   0.0075655700    0.0027699000   -0.0000778300
   0.0089313500    0.0011451800   -0.0015174700
  -0.0092802800   -0.0031068800    0.0003305500
  -0.0072737200   -0.0040509800    0.0006709400
  -0.0056506800   -0.0024725000   -0.0007324100
  -0.0075780100   -0.0024134800    0.0004579500
  -0.0099820000   -0.0037292300   -0.0034409000
  -0.0077725700   -0.0019716600    0.0002749200
  -0.0117947900   -0.0015191800    0.0006842200
  -0.0042633500    0.0004032700    0.0036002200
  -0.0074430200   -0.0024670400   -0.0025954500
   0.0010927000   -0.1528282100   -0.0020052400
  -0.0006134500   -0.0019392900    0.0020844300
  -0.0077498600   -0.0037086100   -0.0010392100
  -0.0046422400   -0.0056161400    0.0011276700
  -0.0049396000   -0.0028058000    0.0002666900
  -0.0052382900   -0.0007200300    0.0013243100
  -0.0000144400    0.0011970700    0.0018912900
  -0.0063285900   -0.0043758600    0.0004404200
  -0.0033647900   -0.0030482800    0.0016068700
   0.0091138800    0.0084154100   -0.0007680500
   0.0056866300    0.0053656300   -0.0040126400
   0.0020129000    0.0025048100   -0.0004986200
   0.0045117000    0.0044074700   -0.0001041700
   0.0049797800    0.0026862300   -0.0005187800
   0.0042254700    0.0049111300    0.0007515600
   0.0078337100    0.0019211700    0.0002193900
   0.0022187200    0.0020005600   -0.0036722300
   0.0035675000    0.0030510500    0.0002407700
   0.0003749400   -0.0057045000   -0.0046689400
  -0.0023416700   -0.0022114900   -0.0035050800
  -0.0074583300   -0.0020585400    0.0002463300
  -0.0041578500   -0.0048349300    0.0007207300
  -0.0044795100   -0.0019014500   -0.0009322900
  -0.0051440100   -0.0025711300   -0.0007267700
  -0.0019253800   -0.0023600500   -0.0006299700
  -0.0067807000   -0.0040586600   -0.0036640200
  -0.0042210700   -0.0042007700   -0.0015294900
   0.0021504500    0.0021126400    0.0002766200
   0.0062350700    0.0035805100    0.0000388200
   0.0000279900   -0.0009401600    0.0017846100
   0.0049889900    0.0006522000    0.0016311400
   0.0055435700    0.0033791800    0.0005477500
   0.0047872400    0.0056902600    0.0010239800
   0.0079571500    0.0035692600   -0.0010525200
   0.0004023900    0.0017227300    0.0021739300
   0.0047827000    0.0044139400    0.0016065000
  -0.0001368500    0.0021076300    0.0024005300
   0.0061151400    0.0060071600   -0.0008553400
   0.0002040400    0.0015545300   -0.0017878000
  -0.0030602100   -0.0001253700    0.0005152100
   0.0061195700   -0.0019634800    0.0010292100
   0.0046768000    0.0037955300    0.0009847300
   0.0004347600    0.0052159400    0.0003377300
   0.0014254100    0.0026286400   -0.0015557900
   0.0052945200    0.0013322400   -0.0012644000
  -0.0114628500    0.0423634900    0.0233254100
  -0.0011420900   -0.0026223200   -0.0016451800
  -0.0004287600   -0.0051755500    0.0002686500
  -0.0047061300   -0.0036232300    0.0008841300
  -0.0054937200    0.0024664600    0.0008856900
   0.0017707700    0.0005423300    0.0005008400
  -0.0002615700   -0.0013704600   -0.0017821000
  -0.0039576300   -0.0046267200   -0.0004619500
  -0.0017348700    0.0009674100    0.0010823200
  -0.0037032200    0.0006399800   -0.0029516400
   0.0002167100    0.0003957300    0.0024564400
  -0.0001496500   -0.0000648200    0.0023210500
  -0.0001228700   -0.0004619400    0.0024178600
  -0.0002677600   -0.0002906700    0.0024243300
   0.0000072900    0.0000329000    0.0023062800
  -0.0001496600   -0.0002703800    0.0023010900
  -0.0000429100   -0.0001281100    0.0023613600
  -0.0002504300   -0.0003044400    0.0023079800
  -0.0060747400   -0.0055683100   -0.0069250800
   0.0001490900    0.0004216000   -0.0022466800
  -0.0001273600   -0.0000393000   -0.0022877000
  -0.0002092300   -0.0001752000   -0.0021875700
  -0.0004395200   -0.0003974300   -0.0022737200
   0.0000398000    0.0000000800   -0.0022800000
  -0.0001654400   -0.0002782700   -0.0022941300
  -0.0000486200   -0.0001142100   -0.0023040200
  -0.0002322400   -0.0003107100   -0.0022854900

73   
  0.0000676731765341  -0.0099997710144372   0.0000000000000000
  -0.0263376100   -0.0010086100   -0.0216546400
  -0.0017754700    0.0064714400   -0.0015616900
  -0.0033967600    0.0054541800    0.0021726800
   0.0006776000    0.0079707400    0.0010390700
   0.0011560000    0.0065275100    0.0004701500
   0.0014440900    0.0102860700   -0.0000728900
   0.0027885300    0.0063619500   -0.0000782900
  -0.0020444700    0.0063484900   -0.0008143300
   0.0011589900    0.0080656500    0.0003996500
  -0.0080759800   -0.0169860500   -0.0098798100
   0.0025778500   -0.0063440200   -0.0004599200
  -0.0026835000   -0.0061774600    0.0000422800
  -0.0014595500   -0.0098375800    0.0005627200
  -0.0009162200   -0.0068155000    0.0009669100
  -0.0007367600   -0.0077764600    0.0008989400
   0.0036620000   -0.0052469400    0.0023241400
   0.0019018800   -0.0068014500   -0.0018426100
  -0.0012672300   -0.0066786300    0.0002565000
   0.0100108900   -0.0147490300   -0.0056995500
  -0.0055806600    0.0008389800   -0.0008754000
  -0.0028822700    0.0012076500    0.0017544300
  -0.0087164300    0.0054252800    0.0014070100
  -0.0046630400    0.0020052500   -0.0006746200
  -0.0071407000    0.0025491200   -0.0001988900
  -0.0061797000    0.0005413800    0.0012739200
  -0.0049125700    0.0039876700    0.0019965600
  -0.0047754400    0.0024786900   -0.0016896800
   0.0063527000   -0.0040876600   -0.0025731800
   0.0100627000   -0.0102224500   -0.0098397200
   0.0061870500   -0.0006155000    0.0012879200
   0.0057326400   -0.0028070500    0.0008993600
   0.0045303000   -0.0019681600   -0.0004536300
   0.0087899600   -0.0053862900    0.0013995300
   0.0037244100   -0.0016596400    0.0009209800
   0.0052955300   -0.0008903600   -0.0008771000
   0.0059165000   -0.0007484900    0.0001015700
   0.0381791900   -0.0399009200    0.0250242300
   0.0008643400    0.0030847200   -0.0012893400
  -0.0008910800    0.0028497400   -0.0015676800
   0.0006979700    0.0037736400   -0.0004977200
  -0.0003591400    0.0050100700   -0.0010481700
  -0.0014141300    0.0025800400    0.0005098900
   0.0018751800    0.0024258300    0.0008853600
   0.0004504500    0.0029738500   -0.0006857200
   0.0010802400   -0.0006571900    0.0003488800
  -0.0014348500    0.0020167800   -0.0009738100
  -0.0002567400   -0.0027484600   -0.0008902200
  -0.0021839800   -0.0020489100    0.0008642700
  -0.0011360300   -0.0033693900    0.0060844100
   0.0009267800   -0.0044816600   -0.0007179600
  -0.0007589900   -0.0037943500   -0.0004532500
   0.0006146100   -0.0026948900   -0.0013148500
  -0.0011658500   -0.0032084600   -0.0012165000
  -0.0034863400    0.0004526300   -0.0000813200
  -0.0215514300   -0.0235053000    0.0181833000
   0.0040217300   -0.0005170800    0.0035751500
   0.0114289700    0.0011068700    0.0007345000
   0.0079407700    0.0020758500    0.0002966500
   0.0073903600    0.0043282600    0.0002640200
   0.0087366600    0.0020665000    0.0006188500
   0.0055826900    0.0021811500   -0.0008604800
   0.0075591100    0.0028911600   -0.0000393500
   0.0094356100    0.0020841900   -0.0002343500
  -0.0091674300   -0.0001305300   -0.0020862700
  -0.0079149600   -0.0016640600   -0.0007826000
  -0.0057651400   -0.0022971600   -0.0008483500
  -0.0095260600   -0.0016671800    0.0008663100
  -0.0047327000   -0.0046653100    0.0037102700
  -0.0079863100   -0.0019986600    0.0003905100
  -0.0116730600   -0.0013073000    0.0006790100
  -0.0039834100    0.0005912900    0.0036323800
  -0.0073664300   -0.0021735600   -0.0025440200
  -0.0049441000    0.1466955400    0.0078769500
  -0.0002330000   -0.0013963200    0.0022860500
  -0.0080512800   -0.0031703500   -0.0009441200
  -0.0049757600   -0.0060092700    0.0009186600
  -0.0053023500   -0.0032560000    0.0002380600
  -0.0051844000   -0.0008291500    0.0014111300
  -0.0000172600    0.0008062300    0.0017701300
  -0.0062968000   -0.0044852000    0.0004224000
  -0.0038352900   -0.0034992600    0.0015154000
  -0.0004638800    0.0001521100   -0.0023507600
   0.0078661800    0.0028005600   -0.0033146200
   0.0017657600    0.0025274100   -0.0005868600
   0.0053798800    0.0007816800   -0.0013424200
   0.0044311700    0.0013446200   -0.0011212500
   0.0042263500    0.0050737700    0.0007588200
   0.0076801600    0.0016185000    0.0000970000
   0.0022060000    0.0018389400   -0.0036932800
   0.0032610100    0.0027204600    0.0001390000
  -0.0072549400   -0.0000951400    0.0053370600
  -0.0021637600   -0.0016688200   -0.0038612800
  -0.0081402000   -0.0015218100    0.0000691000
  -0.0043751800   -0.0051923000    0.0007915800
  -0.0049992100   -0.0021624700   -0.0007074900
  -0.0048400400   -0.0026493700   -0.0007169100
  -0.0019338000   -0.0027160400   -0.0004536800
  -0.0068552000   -0.0041394700   -0.0036650800
  -0.0045287700   -0.0044603800   -0.0015403700
   0.0048880600    0.0043603200    0.0028408600
   0.0063028900    0.0052382000    0.0008220600
  -0.0000769900   -0.0011062700    0.0018779800
   0.0053572600    0.0008530500    0.0011018800
   0.0046204000    0.0026431100   -0.0000428300
   0.0047497600    0.0058930100    0.0010232800
   0.0077610500    0.0032694200   -0.0009311000
   0.0003650500    0.0015714100    0.0021959800
   0.0044120200    0.0041409500    0.0017558800
   0.0039387800   -0.0036812900   -0.0001959400
   0.0017944400    0.0032589300   -0.0000498300
  -0.0003601800    0.0016366100   -0.0017529200
  -0.0008953500   -0.0008979900    0.0005386100
   0.0049082900   -0.0025678500    0.0008103000
   0.0045488600    0.0039324900    0.0009608400
   0.0006008400    0.0048594200    0.0003881900
   0.0016663000    0.0023602600   -0.0015277700
   0.0051284100    0.0009299100   -0.0012313700
   0.0011030900   -0.0469905900   -0.0277354300
  -0.0020318300   -0.0023932300   -0.0014400900
  -0.0006842300   -0.0049266900    0.0004524000
  -0.0045978600   -0.0041301700    0.0010605800
  -0.0056113700    0.0020366200    0.0009547700
   0.0021113900    0.0004521600    0.0005535900
   0.0003396300   -0.0018491600   -0.0017574400
  -0.0040491900   -0.0046222100   -0.0004484000
  -0.0021598800    0.0006205800    0.0010585100
   0.0036091800   -0.0006332600    0.0075654900
  -0.0002873800   -0.0003238100    0.0022817700
   0.0001084700    0.0001619200    0.0022863200
   0.0002028900    0.0004807300    0.0021827100
   0.0002289900    0.0002722500    0.0022826600
  -0.0001645200   -0.0000919500    0.0022940700
   0.0001153300    0.0001395800    0.0023059700
   0.0000400600    0.0000199400    0.0023765900
   0.0002346300    0.0002040400    0.0023162300
   0.0061507300    0.0057177000    0.0024283900
  -0.0002126500   -0.0004029600   -0.0023644400
   0.0000967100    0.0001296100   -0.0022905100
   0.0002126600    0.0002344900   -0.0023339100
   0.0003989800    0.0003791600   -0.0022738400
  -0.0001208700   -0.0000950300   -0.0022418500
   0.0001204400    0.0001531300   -0.0022844300
   0.0000362800    0.0000578000   -0.0023081400
   0.0002233000    0.0002222600   -0.0023032700

73   
  0.0000000000000000   0.0000000000000000   0.0100000000000000
   0.0358110200    0.0184221800    0.0209317000
  -0.0025727100    0.0070076500   -0.0017697600
  -0.0039159500    0.0055884300    0.0022545900
   0.0005283400    0.0077289200    0.0009414600
   0.0010257200    0.0066398700    0.0007838700
   0.0016202500    0.0105070100   -0.0001423200
   0.0028808200    0.0061898700   -0.0001220500
  -0.0019333200    0.0062017300   -0.0008222900
   0.0011188800    0.0082537200    0.0003362500
   0.0025113000   -0.0079026700    0.0018546100
   0.0011589600   -0.0065815700   -0.0011706200
  -0.0028294500   -0.0063668200   -0.0001131000
  -0.0013831300   -0.0103775000   -0.0001097000
  -0.0010856500   -0.0066875100    0.0006360700
  -0.0005225300   -0.0079028500    0.0009490200
   0.0037672200   -0.0054456800    0.0023256100
   0.0020615700   -0.0067175300   -0.0018423100
  -0.0011967100   -0.0067794400    0.0002969700
  -0.0249950600    0.0067764500    0.0227731400
  -0.0056495500    0.0011743600   -0.0009085700
  -0.0038233700    0.0022197900    0.0008695500
  -0.0086316500    0.0052776600    0.0014503600
  -0.0047286600    0.0021122900   -0.0007019000
  -0.0061103200    0.0025483100    0.0004257100
  -0.0058388600    0.0005062200    0.0012990200
  -0.0049680600    0.0041440500    0.0020166300
  -0.0046891200    0.0022642700   -0.0017102500
   0.0041710100   -0.0025043700   -0.0031764100
   0.0027283100   -0.0043316400    0.0028894600
   0.0056949300   -0.0004837000    0.0012864800
   0.0066482600   -0.0026528100    0.0001226900
   0.0046861700   -0.0017942100   -0.0007142500
   0.0086914600   -0.0054430900    0.0014112800
   0.0037432200   -0.0017902700    0.0009069700
   0.0056950800   -0.0010345700   -0.0008918500
   0.0057128500   -0.0006743600    0.0000758000
   0.0109186400   -0.0197063300    0.0229477300
   0.0014037300    0.0033692500   -0.0011638400
  -0.0007802300    0.0027827400   -0.0012940500
   0.0008582100    0.0036092300   -0.0005060900
  -0.0001088600    0.0049057000   -0.0009458100
  -0.0014603400    0.0025206000    0.0003697700
   0.0020555200    0.0018912900    0.0006532700
   0.0003068400    0.0028338800   -0.0008359700
   0.0010492900   -0.0005701100    0.0002890100
  -0.0014953100   -0.0002743000    0.0004835600
   0.0000689300   -0.0033998400   -0.0011008300
  -0.0020630200   -0.0019467700    0.0008466300
   0.0017312300   -0.0014842800   -0.0004004400
   0.0004336500   -0.0047500800   -0.0009389700
  -0.0009583100   -0.0035504500   -0.0004919400
   0.0007743800   -0.0028713200   -0.0012954700
  -0.0011205600   -0.0032942300   -0.0012101900
  -0.0032995900    0.0002963700   -0.0000573200
   0.0002023700   -0.0087248400    0.0180500500
   0.0041418600   -0.0004877000    0.0036176100
   0.0115740900    0.0016286000    0.0007421800
   0.0078385700    0.0019702300    0.0003477300
   0.0073223900    0.0042174800    0.0002027600
   0.0083584800    0.0020814800    0.0006756000
   0.0057820700    0.0026352600   -0.0008091000
   0.0076078200    0.0028041000   -0.0000563500
   0.0091712900    0.0014436300   -0.0003935800
  -0.0100208100   -0.0023309100   -0.0034343800
  -0.0065723000   -0.0034969300    0.0001208700
  -0.0056520900   -0.0024533600   -0.0007782800
  -0.0086755400   -0.0018066400    0.0006901000
  -0.0072458100   -0.0035774400   -0.0006845800
  -0.0078765900   -0.0019958900    0.0003255600
  -0.0117766500   -0.0014759400    0.0006888400
  -0.0041819800    0.0004800100    0.0036206100
  -0.0073962500   -0.0023579500   -0.0025827700
  -0.0229159000   -0.0103323700   -0.1515821600
  -0.0004538700   -0.0016968000    0.0019496000
  -0.0076434500   -0.0035228700   -0.0012286400
  -0.0047280900   -0.0057331300    0.0009677700
  -0.0050718400   -0.0029680300    0.0001994200
  -0.0052096800   -0.0007481100    0.0012727800
  -0.0000092600    0.0011239000    0.0017749000
  -0.0063258100   -0.0044584200    0.0003364000
  -0.0035331200   -0.0032411600    0.0015076500
   0.0057081700    0.0051121100   -0.0023653300
   0.0072811900    0.0037364700   -0.0034490700
   0.0019685400    0.0025780700   -0.0004406600
   0.0049043300    0.0032323000   -0.0002879000
   0.0049092600    0.0023308000   -0.0005773100
   0.0042581800    0.0050058900    0.0008084400
   0.0077947200    0.0018491200    0.0002019400
   0.0022014000    0.0019471700   -0.0036803700
   0.0034844100    0.0029546500    0.0002388500
  -0.0000735600    0.0020441200    0.0558758900
  -0.0022560300   -0.0020256600   -0.0035470700
  -0.0076846000   -0.0019667600    0.0002957800
  -0.0042352800   -0.0049225600    0.0007623400
  -0.0047179100   -0.0020355300   -0.0007834900
  -0.0050030600   -0.0026090600   -0.0006732500
  -0.0019392700   -0.0024992500   -0.0005352500
  -0.0068410600   -0.0040938500   -0.0036158700
  -0.0042307700   -0.0042157700   -0.0014994900
   0.0043198800    0.0045468200   -0.0030979300
   0.0055695000    0.0047986300   -0.0005190100
   0.0000486200   -0.0009745300    0.0017153400
   0.0054611800    0.0004925000    0.0006921800
   0.0047919300    0.0027152300   -0.0003750900
   0.0047940500    0.0057925300    0.0009238200
   0.0079024800    0.0034826400   -0.0010599100
   0.0003670600    0.0016593300    0.0021433100
   0.0046860800    0.0043547200    0.0016100500
   0.0000441400   -0.0010235100    0.0032509500
   0.0054951700    0.0043974900   -0.0013598600
   0.0000662600    0.0016123000   -0.0017524600
  -0.0028318500    0.0003118800    0.0004958200
   0.0058046700   -0.0017936300    0.0009563300
   0.0045542800    0.0039346000    0.0009840000
   0.0004884500    0.0051343900    0.0003619900
   0.0014792800    0.0025592500   -0.0015344500
   0.0052669800    0.0012344800   -0.0012526400
  -0.0047541600    0.0123963400    0.0087470700
  -0.0011615500   -0.0025263900   -0.0015249000
  -0.0008203400   -0.0051653800    0.0003260700
  -0.0046759800   -0.0038196300    0.0009595600
  -0.0054997900    0.0022924700    0.0009157700
   0.0017506100    0.0005509200    0.0005427800
  -0.0001235100   -0.0015494200   -0.0017684500
  -0.0038895900   -0.0047400500   -0.0004487800
  -0.0018373000    0.0008174800    0.0010719800
  -0.0122323900   -0.0122922300    0.0057901900
   0.0000698300    0.0000779400    0.0024275500
  -0.0000986800    0.0000183500    0.0023539600
  -0.0000475300   -0.0001293700    0.0023247000
  -0.0000859500   -0.0000988900    0.0023795400
  -0.0000568200   -0.0000095100    0.0023146900
  -0.0000534300   -0.0001217200    0.0023178700
   0.0000309200   -0.0000256700    0.0023699100
  -0.0001020900   -0.0001566200    0.0023188500
   0.0095600600    0.0095381000    0.0030129800
   0.0000090200    0.0001435800   -0.0025043400
  -0.0001102400   -0.0000422900   -0.0023640300
  -0.0000171400   -0.0000535700   -0.0023726800
   0.0000608900    0.0001099000   -0.0023321100
  -0.0000166200   -0.0000283400   -0.0023085800
  -0.0000736800   -0.0001479200   -0.0023278300
   0.0000256700    0.0000052400   -0.0023378100
  -0.0000924400   -0.0001303600   -0.0023261100

73   
  0.0000000000000000   0.0000000000000000  -0.0100000000000000
  -0.0346294500   -0.0052959600   -0.0206837900
  -0.0014431900    0.0064954400   -0.0019414800
  -0.0035661100    0.0051606000    0.0023712100
   0.0007321800    0.0078913700    0.0009048700
   0.0014376400    0.0065624700    0.0005779700
   0.0014691000    0.0103080800   -0.0001571600
   0.0029219800    0.0062705500   -0.0000916400
  -0.0019420400    0.0062734300   -0.0008734500
   0.0012196500    0.0081037800    0.0003152300
  -0.0048831100   -0.0084396900   -0.0012361600
   0.0027109800   -0.0058864400   -0.0005292200
  -0.0029887300   -0.0060883500   -0.0001009600
  -0.0017198100   -0.0104374600   -0.0001964900
  -0.0013909400   -0.0065114700    0.0007257700
  -0.0007529100   -0.0077123600    0.0008984800
   0.0036981200   -0.0053018300    0.0022990500
   0.0019440800   -0.0067882000   -0.0018679500
  -0.0012178200   -0.0066797100    0.0003278900
   0.0140400700   -0.0057359700   -0.0228862700
  -0.0055287800    0.0008016500   -0.0008921000
  -0.0037426700    0.0012785700    0.0009444300
  -0.0087930500    0.0054288600    0.0013657000
  -0.0047886800    0.0020870400   -0.0007496900
  -0.0069631000    0.0024384900    0.0001503100
  -0.0060704900    0.0005315700    0.0012788900
  -0.0049036500    0.0040102500    0.0019836900
  -0.0046623900    0.0024593900   -0.0017589200
   0.0051361100   -0.0022053000   -0.0002817600
   0.0070829000   -0.0037627300    0.0011034900
   0.0062019100   -0.0005456900    0.0012912200
   0.0064184300   -0.0023260600    0.0004462300
   0.0048168500   -0.0024037800   -0.0007376200
   0.0087184400   -0.0052556700    0.0014052700
   0.0038160200   -0.0017038600    0.0009135100
   0.0054683600   -0.0009356900   -0.0009099800
   0.0059522200   -0.0007159700    0.0001107300
  -0.0047131700    0.0197899700   -0.0233419600
   0.0008237100    0.0031820900   -0.0012673200
  -0.0007016600    0.0028756400   -0.0013209300
   0.0008588500    0.0036846100   -0.0004761400
  -0.0002212100    0.0048782500   -0.0009874300
  -0.0013517500    0.0025017500    0.0004088500
   0.0020455300    0.0020569200    0.0010120400
   0.0005590700    0.0028188000   -0.0009899200
   0.0011067300   -0.0006176300    0.0002660300
  -0.0006464400    0.0014872000    0.0000377600
  -0.0009431500   -0.0022321100   -0.0007267800
  -0.0020469200   -0.0019953600    0.0008170800
   0.0010836800   -0.0035567300    0.0011300200
  -0.0001151600   -0.0050249900   -0.0009945700
  -0.0007689000   -0.0037330400   -0.0004907200
   0.0006971700   -0.0027752300   -0.0013195300
  -0.0011217300   -0.0032478800   -0.0012201700
  -0.0034264400    0.0004132800   -0.0000481400
   0.0149234600    0.0138760900   -0.0234940600
   0.0040637800   -0.0005206100    0.0036165800
   0.0118553500    0.0011892000    0.0006227900
   0.0078761300    0.0019878900    0.0003204200
   0.0073586800    0.0041643700    0.0001413200
   0.0087025700    0.0019800100    0.0006549700
   0.0055905000    0.0021242500   -0.0007713100
   0.0075519700    0.0028814600   -0.0000581800
   0.0092322500    0.0018090300   -0.0013606800
  -0.0084123400   -0.0009132000    0.0017618900
  -0.0086050500   -0.0021620100   -0.0002435700
  -0.0057304500   -0.0022951200   -0.0008013000
  -0.0083950500   -0.0022443200    0.0006379400
  -0.0074430500   -0.0048021600    0.0010261400
  -0.0078501900   -0.0019532200    0.0003421500
  -0.0116593400   -0.0013288100    0.0006769100
  -0.0040338200    0.0005371800    0.0036143100
  -0.0073804000   -0.0022600100   -0.0025536000
   0.0151357200    0.0013007400    0.1557561400
  -0.0003542300   -0.0016115800    0.0024265500
  -0.0081193800   -0.0033349900   -0.0007516800
  -0.0048531900   -0.0058656900    0.0010828800
  -0.0051377400   -0.0030704900    0.0003086000
  -0.0051789800   -0.0007764100    0.0014657800
   0.0000104800    0.0009045700    0.0018899600
  -0.0062635300   -0.0043815800    0.0005293400
  -0.0036303700   -0.0032808500    0.0016168500
   0.0029894600    0.0034993700   -0.0005718600
   0.0063335600    0.0044179800   -0.0038834500
   0.0018466400    0.0024786400   -0.0006419500
   0.0050270300    0.0019844900   -0.0011524300
   0.0045243400    0.0017151600   -0.0010628300
   0.0042276300    0.0050024900    0.0007041900
   0.0077544200    0.0017160600    0.0001175100
   0.0022566400    0.0019160800   -0.0036831100
   0.0033806400    0.0028418100    0.0001440100
  -0.0069066800   -0.0079886300   -0.0565568700
  -0.0022097700   -0.0018272400   -0.0038183600
  -0.0078740800   -0.0015908900    0.0000244700
  -0.0042606200   -0.0050780700    0.0007509300
  -0.0047255500   -0.0020037800   -0.0008532400
  -0.0049489900   -0.0025866600   -0.0007683500
  -0.0018867900   -0.0025486400   -0.0005466200
  -0.0067591800   -0.0040820600   -0.0037109500
  -0.0044852800   -0.0044213400   -0.0015692900
   0.0028287600    0.0019930800    0.0062101600
   0.0070231200    0.0040462700    0.0013967600
  -0.0000608300   -0.0010475400    0.0019492900
   0.0049143000    0.0010388500    0.0020532200
   0.0054075800    0.0033309800    0.0008902000
   0.0047774700    0.0058141600    0.0011268600
   0.0078505500    0.0033819200   -0.0009216800
   0.0004337400    0.0016588300    0.0022299700
   0.0045441300    0.0042254600    0.0017546800
   0.0038174500   -0.0005803300   -0.0011767000
   0.0024536500    0.0048685300    0.0004327700
  -0.0001822900    0.0016044900   -0.0017844500
  -0.0010936200   -0.0013108700    0.0005603100
   0.0052527100   -0.0027157800    0.0008845500
   0.0047066600    0.0038189100    0.0009641200
   0.0005803500    0.0049682600    0.0003666100
   0.0016449200    0.0024557100   -0.0015466100
   0.0051911500    0.0010549100   -0.0012403000
  -0.0056369600   -0.0154262100   -0.0115459100
  -0.0019718100   -0.0024693600   -0.0015565400
  -0.0002547800   -0.0049236300    0.0004013900
  -0.0045916100   -0.0039126300    0.0009879700
  -0.0055699200    0.0022329600    0.0009256300
   0.0021637600    0.0004674300    0.0005131300
   0.0002296700   -0.0016460800   -0.0017683000
  -0.0040797400   -0.0044874400   -0.0004593100
  -0.0020212400    0.0007944800    0.0010706600
   0.0124032500    0.0125961500   -0.0012218900
  -0.0001214600    0.0000112200    0.0023134500
   0.0000878900    0.0000989100    0.0022567800
   0.0001589300    0.0001688200    0.0022798000
   0.0000813000    0.0001039800    0.0023305500
  -0.0000655000   -0.0000249900    0.0022890000
   0.0000518900    0.0000122400    0.0022926100
   0.0000013700   -0.0000574900    0.0023710900
   0.0001184500    0.0000780700    0.0023088500
  -0.0097164300   -0.0095979300   -0.0076549200
  -0.0000492700   -0.0001080600   -0.0021042400
   0.0001103100    0.0001544200   -0.0022129000
   0.0000512900    0.0001328700   -0.0021461000
  -0.0000670100   -0.0001060100   -0.0022131200
  -0.0000296200   -0.0000422100   -0.0022113200
   0.0000617700    0.0000448000   -0.0022490900
  -0.0000028200   -0.0000363300   -0.0022722300
   0.0001150000    0.0000627700   -0.0022611300

109  
  0.0054881943647764  -0.0000346318977818   0.0083593374884672
   0.0660723900    0.0518678200    0.0055826100
  -0.0029297600    0.0064018300   -0.0017715700
  -0.0056792500    0.0048123700    0.0020520300
   0.0006205800    0.0077776300    0.0008990400
   0.0010975700    0.0064858300    0.0006502200
   0.0015818400    0.0105208000   -0.0001489300
   0.0031501000    0.0060478900   -0.0000425200
  -0.0021728500    0.0062398500   -0.0008746700
   0.0010359300    0.0081943700    0.0002299900
   0.0084268600   -0.0319794300   -0.0183055700
   0.0011655200   -0.0064984500   -0.0007999900
  -0.0046950600   -0.0068882900    0.0001298300
  -0.0014436000   -0.0105653200   -0.0000634200
  -0.0012924900   -0.0065860600    0.0008035300
  -0.0006703000   -0.0079647900    0.0009090000
   0.0039809700   -0.0049740800    0.0023091300
   0.0017297200   -0.0069070600   -0.0018553100
  -0.0013323700   -0.0068205100    0.0003693900
  -0.0051896100    0.0010940200   -0.0014235600
  -0.0067439600    0.0015980000   -0.0008740300
   0.0325030000   -0.0164300300    0.0097961500
  -0.0086955000    0.0052563200    0.0014281800
  -0.0051171800    0.0022089800   -0.0007035600
  -0.0064070800    0.0024981100    0.0002697600
  -0.0065382300    0.0006513800    0.0012954300
  -0.0051737700    0.0042950500    0.0019882700
  -0.0040955600    0.0025531700   -0.0018172500
   0.0455673600    0.0368915800   -0.0122235900
   0.0034884700   -0.0027145600    0.0027649500
   0.0051204500    0.0001185500    0.0013326100
   0.0066362500   -0.0025116800    0.0002748600
   0.0047917300   -0.0019529200   -0.0007558200
   0.0085160600   -0.0051707700    0.0014070800
   0.0042731900   -0.0021179900    0.0009103000
   0.0048158700   -0.0008878800   -0.0009171900
   0.0054884600   -0.0006271300    0.0000819100
   0.0062816200    0.0015317400    0.0024197900
   0.0016882400    0.0033020900   -0.0012692500
  -0.0000768600    0.0027454000   -0.0021428300
   0.0008194100    0.0036987400   -0.0005197300
  -0.0000927800    0.0049144500   -0.0009933000
  -0.0013737600    0.0024697500    0.0003897100
   0.0001049500    0.0012538500    0.0009762600
   0.0005513000    0.0028986700   -0.0009032500
   0.0010001600   -0.0010093100    0.0003133000
   0.0086748300   -0.0026259500    0.0090330200
   0.0001213400   -0.0027176000   -0.0010439900
  -0.0009676100   -0.0018794300    0.0006249600
   0.0017177500   -0.0034014600    0.0009961300
   0.0002212500   -0.0048175500   -0.0009552700
  -0.0011463500   -0.0033412800   -0.0006479800
   0.0006096000   -0.0027634200   -0.0013174700
  -0.0009638800   -0.0032822500   -0.0012131600
  -0.0032338900    0.0003287800   -0.0000250500
   0.0074227800    0.0021749500   -0.0014440100
   0.0043235800   -0.0007165400    0.0035270800
   0.0158009500   -0.0025684600    0.0003822600
   0.0079335400    0.0020259100    0.0003338700
   0.0074122200    0.0040598300    0.0001869100
   0.0085830000    0.0020960900    0.0006644100
   0.0055370200    0.0025114000   -0.0007169400
   0.0075177300    0.0025404100   -0.0000291800
   0.0075230100    0.0019084700   -0.0012051400
  -0.0057761800    0.0063895200   -0.0001735700
  -0.0071634800   -0.0032416600   -0.0002420800
  -0.0054935700   -0.0026138300   -0.0010459100
  -0.0081291700   -0.0009559300    0.0009660800
  -0.0074127500   -0.0044699400   -0.0004391500
  -0.0077666700   -0.0022493400    0.0003428600
  -0.0117051300   -0.0013023000    0.0006724600
  -0.0038313800    0.0004081700    0.0036181300
  -0.0072855500   -0.0023890200   -0.0025796100
  -0.0033500900   -0.0043051300    0.0024832300
  -0.0001393400   -0.0015324700    0.0022733100
  -0.0103737000   -0.0026181000   -0.0009046300
  -0.0048288000   -0.0058869000    0.0010021500
  -0.0049447000   -0.0030059700    0.0002746200
  -0.0052731400   -0.0008606900    0.0013336000
  -0.0001614000    0.0003887500    0.0013306200
  -0.0062404900   -0.0043927700    0.0004043000
  -0.0036167400   -0.0028578100    0.0017459100
   0.0148283100    0.0219375700    0.0070684000
   0.0068838100    0.0042317500   -0.0034192000
   0.0022247300    0.0025049400   -0.0007187900
   0.0048294900    0.0024768500   -0.0007481200
   0.0047990600    0.0020084000   -0.0007956000
   0.0041364000    0.0048698600    0.0006635700
   0.0074866100    0.0015850900    0.0000705700
   0.0023545300    0.0019332500   -0.0036166700
   0.0035738800    0.0030065900    0.0002508300
  -0.0051191700   -0.0051615900    0.0030766700
  -0.0019367300   -0.0017883400   -0.0037337600
  -0.0063930900   -0.0002793300   -0.0014055900
  -0.0043172300   -0.0050587700    0.0007833600
  -0.0046649200   -0.0019924600   -0.0008410000
  -0.0050600700   -0.0026856800   -0.0006667700
  -0.0020832900   -0.0031498800   -0.0000839400
  -0.0067323700   -0.0040941400   -0.0036101000
  -0.0043355300   -0.0041086100   -0.0016499400
   0.0088199200   -0.0219951500    0.0099186300
   0.0065187100    0.0047230700    0.0002237400
   0.0002144100   -0.0008932300    0.0019562100
   0.0050776200    0.0007760100    0.0013812300
   0.0050496200    0.0030525500    0.0002316700
   0.0046969600    0.0056989200    0.0011509400
   0.0075996500    0.0032426000   -0.0008937200
   0.0005462900    0.0016591000    0.0021382000
   0.0047829000    0.0043661200    0.0016323300
  -0.2080487800   -0.0402871400   -0.0230174500
   0.0058914300    0.0049037100   -0.0005288600
   0.0018467500    0.0015559300   -0.0018408900
  -0.0022249800   -0.0005383800    0.0005153300
   0.0057835100   -0.0021728300    0.0008944500
   0.0050985000    0.0035126200    0.0009681500
   0.0002700600    0.0048784900    0.0003516100
   0.0020327700    0.0024305000   -0.0015464300
   0.0054809800    0.0012221300   -0.0012719500
   0.0039114300   -0.0039410700    0.0026303300
  -0.0001905900   -0.0024568300   -0.0014285600
   0.0128801700   -0.0032482900    0.0026882300
  -0.0046125800   -0.0039914300    0.0009871300
  -0.0052130500    0.0022310900    0.0009748900
   0.0019115500    0.0004553200    0.0005199900
   0.0012930900   -0.0026366900   -0.0018522400
  -0.0034220900   -0.0046382600   -0.0004593500
  -0.0016426700    0.0012959600    0.0010967700
  -0.0087356100   -0.0100555500    0.0024016700
  -0.0004563500   -0.0003503400    0.0024147500
  -0.0007336000   -0.0002360200    0.0018177900
   0.0001927400    0.0001306700    0.0022963200
  -0.0000814100   -0.0001019100    0.0023503400
   0.0000633600    0.0000947600    0.0023076100
   0.0003768600    0.0003282000    0.0023248500
  -0.0001170400   -0.0001829600    0.0023870200
  -0.0001613700   -0.0002234800    0.0023186000
   0.0107216200    0.0158254300    0.0002276600
  -0.0004169000   -0.0004502800   -0.0023620800
  -0.0000955300   -0.0000277700   -0.0022569300
   0.0001437200    0.0000872400   -0.0022574100
  -0.0001140500   -0.0001240800   -0.0022735800
   0.0000981400    0.0000809400   -0.0022495500
   0.0003831300    0.0004228300   -0.0023076500
  -0.0001222000   -0.0001629200   -0.0023054300
  -0.0001541000   -0.0002535600   -0.0022690700

109  
 -0.0054881943647764   0.0000346318977818  -0.0083593374884672
  -0.0627878300   -0.0377763600   -0.0055925600
  -0.0010802000    0.0070688100   -0.0019302600
  -0.0018282500    0.0058733300    0.0025938700
   0.0006526800    0.0078082000    0.0009560300
   0.0013780400    0.0066805200    0.0007182100
   0.0015195300    0.0102582000   -0.0001434200
   0.0026611300    0.0063884500   -0.0001661300
  -0.0016914400    0.0061969000   -0.0008138200
   0.0013132600    0.0081304600    0.0004315500
  -0.0103869500    0.0153403100    0.0186138200
   0.0027039000   -0.0059952900   -0.0008873100
  -0.0011174000   -0.0055852700   -0.0003448500
  -0.0016542900   -0.0102770000   -0.0002276200
  -0.0011805600   -0.0066423500    0.0005674500
  -0.0006003800   -0.0076860700    0.0009454500
   0.0034901100   -0.0058066300    0.0023218900
   0.0022800100   -0.0066336900   -0.0018484600
  -0.0010748400   -0.0066716100    0.0002605800
  -0.0064450600    0.0002388800    0.0015811400
  -0.0044303100    0.0003413700   -0.0009227500
  -0.0408188200    0.0203041700   -0.0077187800
  -0.0087213800    0.0054133500    0.0013952900
  -0.0043975300    0.0019567800   -0.0007396400
  -0.0066634300    0.0024561200    0.0003093800
  -0.0053712400    0.0003471800    0.0012857500
  -0.0046943400    0.0038257700    0.0020185500
  -0.0052476400    0.0021361700   -0.0016449000
  -0.0368704300   -0.0423769500    0.0090664000
   0.0063976100   -0.0054454200    0.0012395200
   0.0067901300   -0.0011811800    0.0012503400
   0.0064388900   -0.0025079200    0.0003029800
   0.0047281200   -0.0022769900   -0.0006889700
   0.0089054200   -0.0055627000    0.0014149600
   0.0032996700   -0.0014123700    0.0009173700
   0.0063570900   -0.0011159500   -0.0008742000
   0.0061889100   -0.0007984600    0.0001123400
   0.0004044300   -0.0023026900   -0.0024908500
   0.0005524000    0.0032147600   -0.0011543200
  -0.0013860000    0.0028891500   -0.0004522600
   0.0009074100    0.0035576200   -0.0004560100
  -0.0002256300    0.0048311000   -0.0009332200
  -0.0014261200    0.0025144400    0.0003961000
   0.0040010900    0.0026702200    0.0006719200
   0.0003266800    0.0027115100   -0.0009175900
   0.0011613500   -0.0002170500    0.0002497300
  -0.0108717600    0.0037980700   -0.0084460000
  -0.0009939700   -0.0029503200   -0.0007784900
  -0.0031345700   -0.0020947500    0.0010441600
   0.0010888400   -0.0016393100   -0.0002040300
   0.0001012100   -0.0049891700   -0.0009706000
  -0.0005764200   -0.0039770900   -0.0003260100
   0.0008655400   -0.0029144500   -0.0012909100
  -0.0012715800   -0.0032917000   -0.0012109000
  -0.0034878600    0.0003487900   -0.0000742700
   0.0073649800    0.0024153100   -0.0037120300
   0.0038873800   -0.0003287900    0.0037142800
   0.0076252300    0.0053574700    0.0009979700
   0.0077862600    0.0018955200    0.0003410500
   0.0072732800    0.0042833700    0.0001644300
   0.0084826300    0.0019291800    0.0006729100
   0.0058414100    0.0022083000   -0.0008564700
   0.0076479700    0.0031089400   -0.0000788800
   0.0108724500    0.0012949400   -0.0005337400
  -0.0126215500   -0.0096663300   -0.0014119900
  -0.0080058900   -0.0024642800    0.0001324900
  -0.0058791000   -0.0021667900   -0.0005205900
  -0.0089316900   -0.0031277500    0.0003645100
  -0.0072778600   -0.0039406300    0.0007854600
  -0.0079489300   -0.0017313500    0.0003315600
  -0.0117185700   -0.0015348200    0.0007006200
  -0.0043724800    0.0005772500    0.0036244500
  -0.0074798100   -0.0022623600   -0.0025493700
  -0.0057077900   -0.0042315600    0.0008478800
  -0.0006627000   -0.0018138600    0.0021052300
  -0.0053376100   -0.0042692500   -0.0010821400
  -0.0047459600   -0.0057486500    0.0010520800
  -0.0052551900   -0.0030671500    0.0002389900
  -0.0051064300   -0.0006998500    0.0014097700
   0.0001739900    0.0016044000    0.0023390300
  -0.0063414800   -0.0044810500    0.0004666700
  -0.0035379900   -0.0036999200    0.0013813500
  -0.0062647900   -0.0136554500   -0.0102907400
   0.0067154300    0.0039155700   -0.0038977700
   0.0015965000    0.0025158300   -0.0003537300
   0.0051180300    0.0026902600   -0.0006850500
   0.0046429400    0.0020047500   -0.0008330800
   0.0043577000    0.0051053500    0.0008584000
   0.0080697400    0.0019440500    0.0002576000
   0.0021132800    0.0018953700   -0.0037379700
   0.0033006000    0.0027554900    0.0001413500
  -0.0017355700   -0.0006827800   -0.0026903400
  -0.0025241400   -0.0021020700   -0.0036212100
  -0.0092156600   -0.0033045700    0.0017664100
  -0.0041724800   -0.0049780800    0.0007390600
  -0.0047694600   -0.0020810700   -0.0007870000
  -0.0048828500   -0.0025453000   -0.0007654000
  -0.0017277800   -0.0019464400   -0.0009866700
  -0.0068594400   -0.0041162900   -0.0037079100
  -0.0043699900   -0.0045590700   -0.0014075400
  -0.0016035900    0.0278274000   -0.0066458000
   0.0060724700    0.0040885100    0.0006474400
  -0.0002219900   -0.0011617200    0.0017149800
   0.0053075800    0.0007203100    0.0013635700
   0.0051580500    0.0029614800    0.0002835400
   0.0048828600    0.0058724100    0.0009044700
   0.0081599000    0.0035865300   -0.0010825600
   0.0002636800    0.0016246300    0.0022398600
   0.0044555500    0.0041808200    0.0017373900
   0.2120448900    0.0437533500    0.0225227200
   0.0020823000    0.0043103800   -0.0003729800
  -0.0019582600    0.0016257900   -0.0016849900
  -0.0016906500   -0.0004982200    0.0005476700
   0.0052870400   -0.0023724700    0.0009533200
   0.0041703700    0.0042010600    0.0009869400
   0.0008062500    0.0051823200    0.0003839700
   0.0011009900    0.0025452200   -0.0015276400
   0.0049844900    0.0010291900   -0.0012130300
  -0.0142893200    0.0016565700   -0.0051086700
  -0.0029324200   -0.0025709600   -0.0016445500
  -0.0140655000   -0.0069180000   -0.0018905000
  -0.0046477800   -0.0037727700    0.0009685700
  -0.0058480000    0.0022651200    0.0008739800
   0.0020108500    0.0005330700    0.0005428600
  -0.0011692700   -0.0005924700   -0.0016773900
  -0.0045391900   -0.0046195300   -0.0004417200
  -0.0022067200    0.0002837200    0.0010516100
   0.0086429700    0.0100807100    0.0022651400
   0.0004212800    0.0004082100    0.0023328000
   0.0007407700    0.0003221000    0.0027993700
  -0.0000713200   -0.0001202500    0.0023134600
   0.0000833100    0.0000710600    0.0023657600
  -0.0001779500   -0.0001647800    0.0023021800
  -0.0003689400   -0.0004681100    0.0022922700
   0.0001563600    0.0000637300    0.0023601200
   0.0001841300    0.0001083100    0.0023144800
  -0.0110408600   -0.0156135400   -0.0049143600
   0.0003902800    0.0004546600   -0.0022408100
   0.0001028200    0.0000959400   -0.0023129200
  -0.0000992100   -0.0000412500   -0.0022547400
   0.0001149900    0.0000923500   -0.0022644100
  -0.0001368400   -0.0001867300   -0.0022624200
  -0.0003856800   -0.0005578700   -0.0022615000
   0.0001520900    0.0000957300   -0.0022968400
   0.0001834200    0.0001502700   -0.0023102300

109  
 -0.0000676731765341   0.0099997710144372   0.0000000000000000
   0.0846056000    0.0599745800   -0.0000000000
  -0.0023470100    0.0068435700   -0.0000000000
  -0.0025194100    0.0070462100   -0.0000000000
   0.0007668500    0.0076811400   -0.0000000000
   0.0013405000    0.0065242700   -0.0000000000
   0.0016045200    0.0103124200   -0.0000000000
   0.0027554200    0.0069139200   -0.0000000000
  -0.0016839900    0.0060391600   -0.0000000000
   0.0009609100    0.0079237000   -0.0000000000
  -0.0072202100    0.0136928000   -0.0000000000
   0.0018365500   -0.0065627200   -0.0000000000
  -0.0026756700   -0.0065787300   -0.0000000000
  -0.0014073000   -0.0104485900   -0.0000000000
  -0.0011948200   -0.0065352500   -0.0000000000
  -0.0005631700   -0.0078644400   -0.0000000000
   0.0036355900   -0.0058815000   -0.0000000000
   0.0022272200   -0.0064510700   -0.0000000000
  -0.0015665800   -0.0066783300   -0.0000000000
  -0.0077921000    0.0042036900   -0.0000000000
  -0.0057528600    0.0010621100   -0.0000000000
  -0.0417778100    0.0290096800   -0.0000000000
  -0.0086019000    0.0051502100   -0.0000000000
  -0.0048092800    0.0020933600   -0.0000000000
  -0.0063665200    0.0023910000   -0.0000000000
  -0.0052916600   -0.0001472000   -0.0000000000
  -0.0051051800    0.0039747200   -0.0000000000
  -0.0043192400    0.0031507700   -0.0000000000
   0.0555637400    0.0451207100   -0.0000000000
   0.0045376000   -0.0043979800   -0.0000000000
   0.0059192600   -0.0007097600   -0.0000000000
   0.0066761600   -0.0025052500   -0.0000000000
   0.0049305600   -0.0022476700   -0.0000000000
   0.0086333500   -0.0054405900   -0.0000000000
   0.0038498200   -0.0020182700   -0.0000000000
   0.0067338100   -0.0010030200   -0.0000000000
   0.0057005300   -0.0005662400   -0.0000000000
   0.0113972100    0.0010968900   -0.0000000000
   0.0010653000    0.0033332000   -0.0000000000
  -0.0029325700    0.0031827500   -0.0000000000
   0.0009388100    0.0034656300   -0.0000000000
  -0.0000559700    0.0047285900   -0.0000000000
  -0.0013566700    0.0023664200   -0.0000000000
   0.0047543400    0.0041913100   -0.0000000000
   0.0001911500    0.0029637900   -0.0000000000
   0.0009035400   -0.0004928900   -0.0000000000
  -0.0107065700    0.0120287900   -0.0000000000
  -0.0003935800   -0.0030152000   -0.0000000000
  -0.0022135300   -0.0019040700   -0.0000000000
   0.0017754000   -0.0034469400   -0.0000000000
   0.0001854600   -0.0046084700   -0.0000000000
  -0.0008253600   -0.0042336700   -0.0000000000
   0.0007836400   -0.0030012400   -0.0000000000
  -0.0011921900   -0.0033626200   -0.0000000000
  -0.0030924900    0.0002616900   -0.0000000000
   0.0092906700    0.0017894900   -0.0000000000
   0.0042213000   -0.0005335100   -0.0000000000
   0.0039576000    0.0064518400   -0.0000000000
   0.0077111800    0.0017834700   -0.0000000000
   0.0072410800    0.0040153000   -0.0000000000
   0.0083411800    0.0018808700   -0.0000000000
   0.0059544500    0.0025285200   -0.0000000000
   0.0077163400    0.0028199000   -0.0000000000
   0.0066388300    0.0028163100   -0.0000000000
   0.0006291400    0.0104362600   -0.0000000000
  -0.0073194200   -0.0025816900   -0.0000000000
  -0.0056452000   -0.0023845900   -0.0000000000
  -0.0086180500   -0.0026761400   -0.0000000000
  -0.0078613400   -0.0052800000   -0.0000000000
  -0.0080513000   -0.0018058900   -0.0000000000
  -0.0117952300   -0.0015706900   -0.0000000000
  -0.0045764300    0.0006039100   -0.0000000000
  -0.0075139600   -0.0024667700   -0.0000000000
  -0.0014404500   -0.0006676100    0.0005135600
  -0.0013090800   -0.0018522500    0.0029379700
  -0.0085042700   -0.0012610400   -0.0008260800
  -0.0044575600   -0.0052402000    0.0002174600
  -0.0047195600   -0.0023359000    0.0006262500
  -0.0050439000   -0.0015636000    0.0010975800
  -0.0004913800   -0.0003814700    0.0020023800
  -0.0065571000   -0.0043392200    0.0021069900
  -0.0040450800   -0.0035125600    0.0020061000
   0.0025337600    0.0474142200    0.0117321000
   0.0067051000    0.0041259700   -0.0020731900
   0.0008503500    0.0006190000   -0.0012988200
   0.0050953800    0.0019198100   -0.0009937200
   0.0051294100    0.0027205000   -0.0005022300
   0.0046222600    0.0054323800   -0.0000867700
   0.0079617600    0.0028296200    0.0006288500
   0.0012184300    0.0017739900   -0.0030561800
   0.0042246700    0.0037479700   -0.0007302500
  -0.0014404500   -0.0006676100   -0.0005135600
  -0.0013090800   -0.0018522500   -0.0029379700
  -0.0085042700   -0.0012610400    0.0008260800
  -0.0044575600   -0.0052402000   -0.0002174600
  -0.0047195600   -0.0023359000   -0.0006262500
  -0.0050439000   -0.0015636000   -0.0010975800
  -0.0004913800   -0.0003814700   -0.0020023800
  -0.0065571000   -0.0043392200   -0.0021069900
  -0.0040450800   -0.0035125600   -0.0020061000
   0.0025337600    0.0474142200   -0.0117321000
   0.0067051000    0.0041259700    0.0020731900
   0.0008503500    0.0006190000    0.0012988200
   0.0050953800    0.0019198100    0.0009937200
   0.0051294100    0.0027205000    0.0005022300
   0.0046222600    0.0054323800    0.0000867700
   0.0079617600    0.0028296200   -0.0006288500
   0.0012184300    0.0017739900    0.0030561800
   0.0042246700    0.0037479700    0.0007302500
  -0.0726871300   -0.2749841900   -0.0000000000
   0.0038896000    0.0042713200   -0.0000000000
   0.0004560000    0.0012613500   -0.0000000000
  -0.0022390000   -0.0004941000   -0.0000000000
   0.0057014300   -0.0020008400   -0.0000000000
   0.0045177800    0.0040125300   -0.0000000000
   0.0004994800    0.0050566700   -0.0000000000
   0.0009281800    0.0026405100   -0.0000000000
   0.0054040900    0.0013950900   -0.0000000000
  -0.0104680500   -0.0005337300   -0.0000000000
  -0.0014863700   -0.0025771700   -0.0000000000
   0.0026886200   -0.0055202800   -0.0000000000
  -0.0048409700   -0.0036550300   -0.0000000000
  -0.0055753500    0.0026185000   -0.0000000000
   0.0018803600    0.0006695200   -0.0000000000
  -0.0018112000   -0.0000980100   -0.0000000000
  -0.0040182200   -0.0047266600   -0.0000000000
  -0.0010203800    0.0016529000   -0.0000000000
  -0.0072736600   -0.0037656100    0.0020089000
  -0.0000111300    0.0000073700    0.0023213600
   0.0002972400    0.0000996000    0.0019948600
  -0.0001324700   -0.0001991500    0.0022690500
  -0.0003372300   -0.0003581300    0.0023257100
  -0.0001736800   -0.0001992300    0.0022788100
  -0.0002414600   -0.0004014300    0.0022236200
   0.0000841100    0.0000148400    0.0022887000
  -0.0003089000   -0.0003480000    0.0022393400
  -0.0072736600   -0.0037656100   -0.0020089000
  -0.0000111300    0.0000073700   -0.0023213600
   0.0002972400    0.0000996000   -0.0019948600
  -0.0001324700   -0.0001991500   -0.0022690500
  -0.0003372300   -0.0003581300   -0.0023257100
  -0.0001736800   -0.0001992300   -0.0022788100
  -0.0002414600   -0.0004014300   -0.0022236200
   0.0000841100    0.0000148400   -0.0022887000
  -0.0003089000   -0.0003480000   -0.0022393400

109  
  0.0000676731765341  -0.0099997710144372   0.0000000000000000
  -0.0803672700   -0.0465159300   -0.0000000000
  -0.0016714500    0.0065993300   -0.0000000000
  -0.0049266700    0.0036844700   -0.0000000000
   0.0005005000    0.0078751700   -0.0000000000
   0.0011261800    0.0066096300   -0.0000000000
   0.0014887700    0.0104356800   -0.0000000000
   0.0030324200    0.0055100000   -0.0000000000
  -0.0021869800    0.0063678400   -0.0000000000
   0.0013866200    0.0083680900   -0.0000000000
   0.0053704300   -0.0306347400   -0.0000000000
   0.0020268900   -0.0059769100   -0.0000000000
  -0.0031295500   -0.0059742500   -0.0000000000
  -0.0017020800   -0.0104216300   -0.0000000000
  -0.0012836600   -0.0067259100   -0.0000000000
  -0.0007148500   -0.0078139900   -0.0000000000
   0.0038283600   -0.0049301500   -0.0000000000
   0.0017772600   -0.0071211500   -0.0000000000
  -0.0008457400   -0.0068453000   -0.0000000000
  -0.0039162300   -0.0028534300   -0.0000000000
  -0.0054325800    0.0008529600   -0.0000000000
   0.0335143700   -0.0256228200   -0.0000000000
  -0.0088207700    0.0054869100   -0.0000000000
  -0.0047135200    0.0020416100   -0.0000000000
  -0.0067134300    0.0025346500   -0.0000000000
  -0.0066325200    0.0011174800   -0.0000000000
  -0.0047659200    0.0041139100   -0.0000000000
  -0.0050293300    0.0015096100   -0.0000000000
  -0.0477691800   -0.0509846500   -0.0000000000
   0.0053235800   -0.0038490000   -0.0000000000
   0.0059817700   -0.0003917700   -0.0000000000
   0.0063961800   -0.0025414500   -0.0000000000
   0.0045834500   -0.0020094900   -0.0000000000
   0.0087831100   -0.0053250700   -0.0000000000
   0.0037177100   -0.0015400800   -0.0000000000
   0.0044293200   -0.0010315800   -0.0000000000
   0.0059762700   -0.0008933000   -0.0000000000
  -0.0046011500   -0.0017812700   -0.0000000000
   0.0011697000    0.0031518000   -0.0000000000
   0.0013799800    0.0024215700   -0.0000000000
   0.0007808100    0.0037617300   -0.0000000000
  -0.0002684200    0.0049874800   -0.0000000000
  -0.0014487800    0.0025881000   -0.0000000000
  -0.0006733300   -0.0003060700   -0.0000000000
   0.0006813000    0.0026146900   -0.0000000000
   0.0012593400   -0.0007689400   -0.0000000000
   0.0086721700   -0.0113922200   -0.0000000000
  -0.0004822600   -0.0026878600   -0.0000000000
  -0.0018933500   -0.0021062200   -0.0000000000
   0.0010282600   -0.0016057300   -0.0000000000
   0.0001339900   -0.0052273800   -0.0000000000
  -0.0008903300   -0.0031120000   -0.0000000000
   0.0006846100   -0.0027053700   -0.0000000000
  -0.0010486000   -0.0032434400   -0.0000000000
  -0.0036395800    0.0003861800   -0.0000000000
   0.0055454500    0.0028110000   -0.0000000000
   0.0039866100   -0.0005417000   -0.0000000000
   0.0194666500   -0.0036337500   -0.0000000000
   0.0080028500    0.0021074900   -0.0000000000
   0.0074404400    0.0042991300   -0.0000000000
   0.0087198400    0.0021147300   -0.0000000000
   0.0054201500    0.0021563700   -0.0000000000
   0.0074406400    0.0027956100   -0.0000000000
   0.0117782200    0.0003455100   -0.0000000000
  -0.0192045600   -0.0141013400   -0.0000000000
  -0.0078479900   -0.0031633400   -0.0000000000
  -0.0057393100   -0.0024306900   -0.0000000000
  -0.0084442000   -0.0014087800   -0.0000000000
  -0.0068311900   -0.0031612800   -0.0000000000
  -0.0076717300   -0.0022087700   -0.0000000000
  -0.0116321900   -0.0012958400   -0.0000000000
  -0.0036316600    0.0003505400   -0.0000000000
  -0.0072568700   -0.0022134800   -0.0000000000
  -0.0066376700   -0.0065504600    0.0009247600
  -0.0013281300   -0.0017977700    0.0029268900
  -0.0071715500   -0.0040013700   -0.0003393600
  -0.0045827600   -0.0056299000    0.0000459900
  -0.0051051500   -0.0027710200    0.0004423200
  -0.0051241500   -0.0018654100    0.0009882000
  -0.0014142500   -0.0012065500    0.0003633100
  -0.0065361400   -0.0042325400    0.0019856000
  -0.0038966400   -0.0041390500    0.0010833300
   0.0055606700   -0.0420462000   -0.0161218400
   0.0063803700    0.0043288800   -0.0020162200
   0.0010622300    0.0008410800   -0.0010665600
   0.0050625200    0.0013819100   -0.0010930000
   0.0046866400    0.0022585400   -0.0005671500
   0.0044103300    0.0053085200   -0.0001789000
   0.0076901400    0.0023150700    0.0005236800
   0.0014161400    0.0017505900   -0.0028082400
   0.0038220800    0.0033713800   -0.0007581500
  -0.0066376700   -0.0065504600   -0.0009247600
  -0.0013281300   -0.0017977700   -0.0029268900
  -0.0071715500   -0.0040013700    0.0003393600
  -0.0045827600   -0.0056299000   -0.0000459900
  -0.0051051500   -0.0027710200   -0.0004423200
  -0.0051241500   -0.0018654100   -0.0009882000
  -0.0014142500   -0.0012065500   -0.0003633100
  -0.0065361400   -0.0042325400   -0.0019856000
  -0.0038966400   -0.0041390500   -0.0010833300
   0.0055606700   -0.0420462000    0.0161218400
   0.0063803700    0.0043288800    0.0020162200
   0.0010622300    0.0008410800    0.0010665600
   0.0050625200    0.0013819100    0.0010930000
   0.0046866400    0.0022585400    0.0005671500
   0.0044103300    0.0053085200    0.0001789000
   0.0076901400    0.0023150700   -0.0005236800
   0.0014161400    0.0017505900    0.0028082400
   0.0038220800    0.0033713800    0.0007581500
   0.0766097300    0.2887526100   -0.0000000000
   0.0040779800    0.0049146700   -0.0000000000
  -0.0005630300    0.0018961400   -0.0000000000
  -0.0016818600   -0.0005804900   -0.0000000000
   0.0053630900   -0.0025764200   -0.0000000000
   0.0047466200    0.0036689900   -0.0000000000
   0.0005759700    0.0049670600   -0.0000000000
   0.0022023400    0.0023039700   -0.0000000000
   0.0050534600    0.0008195700   -0.0000000000
  -0.0000303700   -0.0017909900   -0.0000000000
  -0.0016401500   -0.0024784100   -0.0000000000
  -0.0036364200   -0.0045887900   -0.0000000000
  -0.0044254100   -0.0041440600   -0.0000000000
  -0.0054906700    0.0018436200   -0.0000000000
   0.0020381900    0.0002843300   -0.0000000000
   0.0019441800   -0.0031757400   -0.0000000000
  -0.0039495300   -0.0045620600   -0.0000000000
  -0.0028489100   -0.0001141100   -0.0000000000
   0.0072051600    0.0036993200    0.0026043400
  -0.0000256800   -0.0000086800    0.0023531300
  -0.0003112200   -0.0000665600    0.0025951000
   0.0002130200    0.0001996700    0.0022914900
   0.0003354800    0.0002983000    0.0023011400
   0.0000931700    0.0000822500    0.0022819700
   0.0002396100    0.0002355400    0.0023692900
  -0.0000564300   -0.0001404400    0.0023861100
   0.0003361300    0.0002143200    0.0023675700
   0.0072051600    0.0036993200   -0.0026043400
  -0.0000256800   -0.0000086800   -0.0023531300
  -0.0003112200   -0.0000665600   -0.0025951000
   0.0002130200    0.0001996700   -0.0022914900
   0.0003354800    0.0002983000   -0.0023011400
   0.0000931700    0.0000822500   -0.0022819700
   0.0002396100    0.0002355400   -0.0023692900
  -0.0000564300   -0.0001404400   -0.0023861100
   0.0003361300    0.0002143200   -0.0023675700

127  
  0.0054881943647764  -0.0000346318977818   0.0083593374884672
  -0.0042077400    0.0124695800    0.0069832700
  -0.0015593900    0.0068607300   -0.0018534000
  -0.0034236600    0.0054905100    0.0023664900
   0.0005988200    0.0078784000    0.0009269000
   0.0012212600    0.0066510300    0.0006876100
   0.0015257500    0.0103243000   -0.0001474300
   0.0028054700    0.0063658800   -0.0000715600
  -0.0019397800    0.0062554400   -0.0008382700
   0.0012341300    0.0080741200    0.0003090600
  -0.0089941900   -0.0140211800   -0.0090530100
   0.0023277800   -0.0060041900   -0.0009496400
  -0.0026625300   -0.0060796100   -0.0000766000
  -0.0016741400   -0.0102903200   -0.0001790600
  -0.0012113900   -0.0066956000    0.0006454300
  -0.0006697400   -0.0077902800    0.0009255700
   0.0036590900   -0.0052835500    0.0023258000
   0.0019474200   -0.0068218800   -0.0018543800
  -0.0012257500   -0.0066583400    0.0003480400
  -0.0044789600    0.0007958800    0.0010718000
  -0.0051557500    0.0007407300   -0.0009068800
  -0.0035086400    0.0011652500    0.0010598900
  -0.0088103200    0.0054890200    0.0013981800
  -0.0045950800    0.0020084900   -0.0007483500
  -0.0067625100    0.0025343500    0.0002996300
  -0.0061023800    0.0005265500    0.0012720500
  -0.0048083700    0.0040322700    0.0019964300
  -0.0047476000    0.0024822100   -0.0017453500
   0.0070526900   -0.0013008000   -0.0030827600
   0.0068105400   -0.0053597900    0.0013138600
   0.0064683900   -0.0007509500    0.0012880300
   0.0063951600   -0.0024661400    0.0002894600
   0.0046060200   -0.0020136600   -0.0007206100
   0.0088462300   -0.0053774900    0.0014192300
   0.0037564000   -0.0016395200    0.0009209900
   0.0053877200   -0.0009344700   -0.0008810000
   0.0060304200   -0.0007814500    0.0000994100
   0.0029404400    0.0001104500   -0.0011073200
   0.0009045600    0.0032064900   -0.0011751900
  -0.0009575500    0.0026845900   -0.0012744800
   0.0008446700    0.0037017700   -0.0004820900
  -0.0002507100    0.0049560500   -0.0009557400
  -0.0013956700    0.0025455200    0.0003850700
   0.0019632800    0.0024372200    0.0006592500
   0.0005780700    0.0026478400   -0.0009099300
   0.0011446600   -0.0006440600    0.0002659200
  -0.0021240700    0.0006098100    0.0016366500
  -0.0007201300   -0.0028770700   -0.0008751500
  -0.0021741900   -0.0020215400    0.0008421100
   0.0011370300   -0.0020771700    0.0000988200
   0.0002075000   -0.0049541300   -0.0009764800
  -0.0007803800   -0.0037783100   -0.0005148000
   0.0007038000   -0.0027565700   -0.0013185300
  -0.0011255000   -0.0032254900   -0.0012252200
  -0.0034593000    0.0004197100   -0.0000488500
   0.0082522400    0.0033876300   -0.0061868700
   0.0040738600   -0.0004065500    0.0036404300
   0.0116467800    0.0010370300    0.0007795400
   0.0079085900    0.0020047100    0.0003308300
   0.0073690300    0.0042961800    0.0001445300
   0.0086263100    0.0020467400    0.0006630100
   0.0055116100    0.0020445500   -0.0007887300
   0.0075815500    0.0029226200   -0.0000666600
   0.0094504800    0.0019319900   -0.0013184700
  -0.0071449400   -0.0009548000    0.0038372100
  -0.0079765800   -0.0029045700    0.0000132700
  -0.0057425700   -0.0022543900   -0.0007727800
  -0.0085971900   -0.0022611800    0.0007030700
  -0.0067720400   -0.0035906500    0.0004113500
  -0.0078395500   -0.0018830500    0.0003272100
  -0.0116535000   -0.0013505400    0.0006826700
  -0.0040146600    0.0005321100    0.0036149200
  -0.0073456300   -0.0021880700   -0.0025608600
  -0.0076661000   -0.0107527600   -0.0020731500
  -0.0005743200   -0.0017170400    0.0021747100
  -0.0081890500   -0.0032252000   -0.0008912600
  -0.0047963200   -0.0058781400    0.0010053800
  -0.0052899800   -0.0031602700    0.0001969800
  -0.0051663000   -0.0007954800    0.0013753800
   0.0000576000    0.0010211200    0.0017939300
  -0.0063153500   -0.0043715400    0.0004446200
  -0.0036676400   -0.0033426000    0.0015358900
  -0.0003641700   -0.0029597500    0.0081308300
   0.0065836800    0.0042320100   -0.0038175700
   0.0017285400    0.0024628600   -0.0006660000
   0.0050303000    0.0025440500   -0.0008353000
   0.0044859600    0.0017890600   -0.0008350100
   0.0042022500    0.0050279300    0.0007184200
   0.0077753000    0.0016968000    0.0000889100
   0.0022764400    0.0019068800   -0.0037023700
   0.0032895300    0.0027762600    0.0001064800
  -0.0040088600   -0.0022663500   -0.0005600800
  -0.0024054300   -0.0020095000   -0.0036909800
  -0.0082446900   -0.0017500900   -0.0000293400
  -0.0042401900   -0.0050916200    0.0007544800
  -0.0048657600   -0.0021695600   -0.0007950200
  -0.0049537600   -0.0026399000   -0.0007618400
  -0.0018322000   -0.0027172000   -0.0006237600
  -0.0068271900   -0.0040448500   -0.0037137800
  -0.0045840700   -0.0045663600   -0.0016250100
   0.0071239500    0.0056339400    0.0112082000
   0.0058257300    0.0044647100    0.0004231800
  -0.0001763700   -0.0011146400    0.0019178700
   0.0052458000    0.0005632400    0.0014380300
   0.0049773300    0.0028093000    0.0003141500
   0.0047434700    0.0058276500    0.0010269800
   0.0078626700    0.0033449500   -0.0009578800
   0.0004353200    0.0016261400    0.0021715700
   0.0044543700    0.0041427900    0.0017404600
   0.0010567300   -0.0050223700   -0.0040139400
   0.0031499100    0.0045320200   -0.0009013900
  -0.0004084800    0.0015963800   -0.0017942200
  -0.0015642600   -0.0006884200    0.0005171200
   0.0053377300   -0.0024841500    0.0009264700
   0.0044995200    0.0038737700    0.0009746500
   0.0006471700    0.0049489800    0.0003585400
   0.0016691700    0.0024346400   -0.0015390400
   0.0051195000    0.0009708400   -0.0012462700
  -0.0022718400   -0.0048232500    0.0063637900
  -0.0020732800   -0.0024809500   -0.0015426300
  -0.0005653800   -0.0046220900    0.0003385300
  -0.0045119100   -0.0039477900    0.0009617900
  -0.0056405300    0.0020712000    0.0008998000
   0.0020691700    0.0004412100    0.0005273400
   0.0003913100   -0.0016622500   -0.0017722900
  -0.0041437600   -0.0045326700   -0.0004537000
  -0.0020948600    0.0006846900    0.0010798200
   0.0166520600    0.0212991800   -0.0228720500
   0.0002487400    0.0002366700    0.0023080200
   0.0002928200    0.0003031700    0.0022250100
   0.0000796600    0.0000815700    0.0022716600
   0.0002622400    0.0002666900    0.0023212900
  -0.0000422600   -0.0000072700    0.0022675100
   0.0000628000    0.0000347900    0.0022489800
   0.0000109400   -0.0000613400    0.0023518100
   0.0002667000    0.0002268800    0.0022848300
  -0.0063411600   -0.0052832400    0.0088135200
   0.0002552400    0.0002886300   -0.0022496200
   0.0002039800    0.0002534100   -0.0022778700
   0.0000633300    0.0001350300   -0.0022541000
   0.0002385400    0.0002305100   -0.0022597400
  -0.0000029400   -0.0000256400   -0.0022551800
   0.0000175300    0.0000262700   -0.0022965500
   0.0000038200   -0.0000338500   -0.0023182500
   0.0002258500    0.0001714900   -0.0022982500

127  
 -0.0054881943647764   0.0000346318977818  -0.0083593374884672
   0.0065990900    0.0012627000   -0.0063059800
  -0.0024501300    0.0066478200   -0.0018694500
  -0.0040485800    0.0052568900    0.0022453900
   0.0006696200    0.0077383100    0.0009067800
   0.0012481700    0.0065459300    0.0006609300
   0.0015704400    0.0104851500   -0.0001655900
   0.0030030800    0.0060904700   -0.0001563300
  -0.0019278700    0.0062134600   -0.0008714400
   0.0011118100    0.0082781300    0.0003289200
   0.0064618300   -0.0025754800    0.0097835600
   0.0015383600   -0.0064666200   -0.0007596000
  -0.0031490100   -0.0063804700   -0.0001510800
  -0.0014254600   -0.0105245100   -0.0001336200
  -0.0012617300   -0.0065051700    0.0007023800
  -0.0006025200   -0.0078304100    0.0009081000
   0.0038089500   -0.0054679900    0.0022850300
   0.0020617100   -0.0066890600   -0.0018697200
  -0.0011847500   -0.0068044700    0.0002624700
  -0.0071936400    0.0006431300   -0.0008595300
  -0.0060129800    0.0012295800   -0.0009087000
  -0.0040497700    0.0023263700    0.0007485700
  -0.0086080000    0.0052119500    0.0014045300
  -0.0049189900    0.0021875000   -0.0007168600
  -0.0063087900    0.0024499700    0.0002585700
  -0.0058039700    0.0005068200    0.0012921900
  -0.0050582700    0.0041187100    0.0019902200
  -0.0046011300    0.0022385900   -0.0017373400
   0.0022905500   -0.0034331700   -0.0003682000
   0.0030822400   -0.0028092900    0.0026636200
   0.0054401100   -0.0002873400    0.0012759500
   0.0066752300   -0.0025214600    0.0002686800
   0.0049056400   -0.0021872100   -0.0007450800
   0.0085702500   -0.0053269200    0.0013833500
   0.0038089900   -0.0018589200    0.0008855000
   0.0057815000   -0.0010414300   -0.0009347300
   0.0056433100   -0.0006153800    0.0000729900
   0.0037609800   -0.0008473700    0.0009248200
   0.0013295000    0.0033410300   -0.0012685300
  -0.0005194300    0.0029659400   -0.0013556000
   0.0008778100    0.0035861200   -0.0005147100
  -0.0000720700    0.0048217600   -0.0009913500
  -0.0014092300    0.0024712000    0.0003799000
   0.0021435300    0.0015072400    0.0009933400
   0.0002969200    0.0029914000   -0.0009321500
   0.0010191800   -0.0005496200    0.0002757500
  -0.0000255400    0.0005901400   -0.0011402700
  -0.0001568800   -0.0027608600   -0.0009680700
  -0.0019336000   -0.0019240300    0.0008073700
   0.0016641600   -0.0029395000    0.0006690100
   0.0001143500   -0.0048212500   -0.0009707300
  -0.0009428900   -0.0035085100   -0.0004816800
   0.0007719400   -0.0028930800   -0.0013103700
  -0.0011125500   -0.0033204700   -0.0012189500
  -0.0032639400    0.0002869300   -0.0000705700
   0.0065312300    0.0012106700    0.0010942300
   0.0041343500   -0.0006056400    0.0035805800
   0.0117822600    0.0017723700    0.0005710500
   0.0078096600    0.0019478800    0.0003230900
   0.0073152000    0.0040798500    0.0001859200
   0.0084380900    0.0020094300    0.0006532100
   0.0058611500    0.0027063600   -0.0008050000
   0.0075812700    0.0027583500   -0.0000618800
   0.0089560700    0.0013112000   -0.0004425200
  -0.0112458200   -0.0022597800   -0.0055740600
  -0.0071929900   -0.0027706400   -0.0001404400
  -0.0056327600   -0.0024968100   -0.0008208300
  -0.0084671000   -0.0017943900    0.0006137300
  -0.0079083600   -0.0047850300   -0.0000854900
  -0.0078788700   -0.0020682000    0.0003266400
  -0.0117750900   -0.0014578500    0.0006691000
  -0.0041939300    0.0004813500    0.0036061400
  -0.0074240500   -0.0024334300   -0.0025897100
  -0.0015942500    0.0021009000    0.0054870000
  -0.0002336800   -0.0015993400    0.0021837400
  -0.0075716600   -0.0036376400   -0.0011033900
  -0.0047806800   -0.0057264200    0.0010297000
  -0.0049140400   -0.0028828700    0.0002970100
  -0.0052161900   -0.0007345600    0.0013483700
  -0.0000497600    0.0010028400    0.0018567600
  -0.0062699400   -0.0044718200    0.0004065100
  -0.0034917700   -0.0031855800    0.0015741200
   0.0090047300    0.0115980000   -0.0113124300
   0.0070137400    0.0039442500   -0.0035262800
   0.0020902900    0.0025888200   -0.0004312200
   0.0049148200    0.0026544400   -0.0006209700
   0.0049523000    0.0022530300   -0.0008169900
   0.0042891200    0.0049759600    0.0007807000
   0.0077795200    0.0018637400    0.0002165000
   0.0021872600    0.0019522200   -0.0036749400
   0.0035796900    0.0030149400    0.0002620700
  -0.0027263400   -0.0033766100    0.0010311600
  -0.0020597700   -0.0018525700   -0.0036867800
  -0.0073114700   -0.0018111500    0.0003346400
  -0.0042516600   -0.0049145700    0.0007448700
  -0.0045722200   -0.0018747400   -0.0008556300
  -0.0049923800   -0.0025608900   -0.0006933000
  -0.0019880000   -0.0023359800   -0.0004729500
  -0.0067686400   -0.0041344200   -0.0036271100
  -0.0041266200   -0.0040757700   -0.0014578100
  -0.0000390500    0.0008427700   -0.0080885900
   0.0067566100    0.0043726300    0.0004308700
   0.0001675200   -0.0009126300    0.0017327900
   0.0051353800    0.0009643100    0.0012865300
   0.0052259900    0.0032297800    0.0001803900
   0.0048331300    0.0057743100    0.0010085100
   0.0078960900    0.0035148200   -0.0010380700
   0.0003710300    0.0016876800    0.0021869500
   0.0047801300    0.0044322700    0.0016101400
   0.0027850900    0.0034000800    0.0060855700
   0.0047968300    0.0047044600   -0.0000263800
   0.0002952200    0.0016124600   -0.0017568600
  -0.0023524100   -0.0003174300    0.0005253600
   0.0057292000   -0.0020294200    0.0009008800
   0.0047659700    0.0038731400    0.0009595500
   0.0004283500    0.0051472100    0.0003560800
   0.0014603600    0.0025740800   -0.0015560100
   0.0053433100    0.0013114700   -0.0012607000
  -0.0081736600    0.0025505100   -0.0090220400
  -0.0010586200   -0.0025170600   -0.0015521000
  -0.0005037100   -0.0054651500    0.0003775900
  -0.0047514100   -0.0037883100    0.0009726900
  -0.0054244400    0.0024516900    0.0009274300
   0.0018506800    0.0005741400    0.0005145700
  -0.0002768600   -0.0015351200   -0.0017784000
  -0.0038227000   -0.0046969300   -0.0004682800
  -0.0017595600    0.0009234400    0.0010487200
  -0.0164722400   -0.0213179700    0.0274444000
  -0.0002846500   -0.0001465100    0.0024170200
  -0.0002963300   -0.0001887000    0.0023701400
   0.0000373100   -0.0000422100    0.0023168300
  -0.0002627500   -0.0002670600    0.0023737400
  -0.0000750600   -0.0000321700    0.0023212800
  -0.0000596200   -0.0001490700    0.0023464900
   0.0000260300   -0.0000274300    0.0023743700
  -0.0002438800   -0.0003089500    0.0023278100
   0.0063571100    0.0054316900   -0.0133843700
  -0.0002812600   -0.0002506500   -0.0023729800
  -0.0001961300   -0.0001441100   -0.0023122900
  -0.0000223600   -0.0000595600   -0.0022793600
  -0.0002384800   -0.0002302200   -0.0022993800
  -0.0000383000   -0.0000498200   -0.0022783400
  -0.0000251000   -0.0001345800   -0.0022936800
   0.0000236600   -0.0000029300   -0.0023054000
  -0.0001966900   -0.0002421400   -0.0023023100

127  
 -0.0000676731765341   0.0099997710144372   0.0000000000000000
  -0.0116545300   -0.0021388800    0.0006767100
  -0.0014141200    0.0068407300   -0.0019782100
  -0.0029685600    0.0055246400    0.0024392500
   0.0005815600    0.0080198700    0.0009045500
   0.0012168300    0.0067156300    0.0006877300
   0.0014514300    0.0102516600   -0.0001605500
   0.0027489100    0.0064932200    0.0000000600
  -0.0020042400    0.0062789300   -0.0008543800
   0.0012425000    0.0080320200    0.0003684100
  -0.0139974400   -0.0169758400   -0.0002740600
   0.0027022700   -0.0060849800   -0.0009890000
  -0.0023131100   -0.0061408300    0.0000034600
  -0.0017026500   -0.0101422000   -0.0002714100
  -0.0011664000   -0.0067434900    0.0006259900
  -0.0007064500   -0.0077661200    0.0009168800
   0.0036809400   -0.0051651100    0.0023180100
   0.0019085100   -0.0069083600   -0.0018579500
  -0.0012236600   -0.0066141500    0.0002922400
  -0.0047618800   -0.0042073900   -0.0037379800
  -0.0048102400    0.0005993500   -0.0008974700
  -0.0022148000    0.0005350600    0.0015943600
  -0.0087641200    0.0055319700    0.0013928400
  -0.0044637600    0.0019506100   -0.0007646200
  -0.0070223600    0.0025996000    0.0003460600
  -0.0063115500    0.0004894100    0.0012946500
  -0.0047235100    0.0040267700    0.0019763800
  -0.0048143400    0.0025079300   -0.0017196400
   0.0057346300   -0.0072136800    0.0020173500
   0.0064894300   -0.0052797700    0.0013168800
   0.0067280200   -0.0009040400    0.0012717800
   0.0061750900   -0.0025225300    0.0002659400
   0.0046168600   -0.0019542300   -0.0007548100
   0.0089175600   -0.0054005700    0.0014183500
   0.0037261200   -0.0015666700    0.0009121600
   0.0050988600   -0.0008802100   -0.0009729700
   0.0061301400   -0.0008458700    0.0001185900
   0.0062610000    0.0039216000    0.0076769200
   0.0008409000    0.0031609300   -0.0012084800
  -0.0010507100    0.0027632700   -0.0015848800
   0.0007787700    0.0037897100   -0.0004793100
  -0.0003336400    0.0050214900   -0.0009469400
  -0.0013915900    0.0025908000    0.0003782000
   0.0016141100    0.0027447300    0.0018647700
   0.0006393100    0.0025850200   -0.0009223600
   0.0011634100   -0.0007551500    0.0003123000
   0.0017645400    0.0048079200   -0.0072854500
  -0.0007465000   -0.0028816300   -0.0006494700
  -0.0023301500   -0.0020863800    0.0008118300
   0.0009620600   -0.0017472300   -0.0006757800
   0.0002428900   -0.0050458400   -0.0010159700
  -0.0006585900   -0.0038794100   -0.0004973100
   0.0006560400   -0.0026796300   -0.0013335000
  -0.0011078700   -0.0031913000   -0.0012179900
  -0.0035335800    0.0004857900   -0.0000863200
   0.0067684900    0.0073704500   -0.0084898600
   0.0040432400   -0.0003390300    0.0036612000
   0.0111840100    0.0010884700    0.0006573500
   0.0079658700    0.0020885600    0.0003299300
   0.0074092400    0.0043929000    0.0001235300
   0.0087504400    0.0020807800    0.0006685500
   0.0053680900    0.0019283200   -0.0008000400
   0.0075887200    0.0029717700   -0.0000637800
   0.0097756000    0.0025527100   -0.0009178200
  -0.0097847100    0.0034051700    0.0050835300
  -0.0081153600   -0.0031544800   -0.0000423800
  -0.0057489600   -0.0022087700   -0.0008470200
  -0.0088564900   -0.0024734700    0.0006610700
  -0.0067689600   -0.0032593200    0.0001880700
  -0.0078526700   -0.0018447500    0.0003264100
  -0.0116076400   -0.0012923800    0.0006732300
  -0.0038867000    0.0005594000    0.0036005300
  -0.0073182800   -0.0021061000   -0.0025335000
  -0.0048434500   -0.0035863000   -0.0107050800
  -0.0006312300   -0.0017607200    0.0021420900
  -0.0082540600   -0.0030640200   -0.0009625200
  -0.0048671600   -0.0059961700    0.0009532100
  -0.0054148900   -0.0032650200    0.0001328300
  -0.0051177900   -0.0008272300    0.0013801700
   0.0001497800    0.0005562300    0.0016797400
  -0.0063501300   -0.0043495300    0.0004356200
  -0.0037963500   -0.0035343500    0.0014567300
  -0.0063084400   -0.0013374400    0.0079442800
   0.0061895600    0.0045084000   -0.0035419500
   0.0016611900    0.0024517900   -0.0006429500
   0.0050367200    0.0024077400   -0.0008178900
   0.0043235500    0.0016441700   -0.0007149700
   0.0041950800    0.0050596800    0.0007593600
   0.0077221200    0.0015760700    0.0000597100
   0.0022980000    0.0018551700   -0.0036652500
   0.0031724200    0.0026398100    0.0000911100
  -0.0142754000   -0.0085673200   -0.0093389800
  -0.0024803000   -0.0020052700   -0.0035932700
  -0.0083888200   -0.0013653400    0.0000244200
  -0.0043020500   -0.0052075400    0.0008434900
  -0.0049813100   -0.0022775900   -0.0007319800
  -0.0049067900   -0.0026747600   -0.0007507100
  -0.0018458500   -0.0027199400   -0.0004577700
  -0.0068488300   -0.0040322700   -0.0036796400
  -0.0047523000   -0.0046978400   -0.0016507100
   0.0034067400    0.0039027200    0.0138895200
   0.0059186700    0.0047864300    0.0003901900
  -0.0002316700   -0.0011169000    0.0018621200
   0.0053371500    0.0003030600    0.0015080900
   0.0048846900    0.0027504500    0.0003453500
   0.0047313000    0.0058736900    0.0010071500
   0.0078013300    0.0032362300   -0.0009341600
   0.0004760000    0.0015944700    0.0021607500
   0.0043036000    0.0040436800    0.0017890200
   0.0070346500   -0.0044641300   -0.0143045700
   0.0036774100    0.0046975400   -0.0005877100
  -0.0008091400    0.0016040000   -0.0017319300
  -0.0011556900   -0.0008177700    0.0004657100
   0.0051984000   -0.0025411700    0.0009354400
   0.0044043600    0.0039452900    0.0009708100
   0.0007072500    0.0048466500    0.0003938600
   0.0018017400    0.0023619700   -0.0015498100
   0.0050526500    0.0008097100   -0.0012399800
  -0.0001147800   -0.0047758500    0.0140663900
  -0.0023165000   -0.0025012700   -0.0015918700
  -0.0008413800   -0.0049701400    0.0004852200
  -0.0044626800   -0.0040700100    0.0009305600
  -0.0057110000    0.0019302800    0.0009012100
   0.0021974700    0.0003648600    0.0005235800
   0.0008583800   -0.0019153500   -0.0017205800
  -0.0042112800   -0.0045444100   -0.0004644300
  -0.0022621800    0.0005179000    0.0010430200
   0.0388821800    0.0380412200    0.0024764200
   0.0003780800    0.0003489700    0.0023956700
   0.0003950600    0.0003626900    0.0022655100
   0.0001999200    0.0002307800    0.0023122800
   0.0004864600    0.0004785200    0.0023484000
  -0.0000633000   -0.0000292100    0.0022770000
   0.0001425500    0.0001536500    0.0022799800
   0.0000144700   -0.0000532200    0.0023806500
   0.0004980400    0.0004377800    0.0023057300
  -0.0097702800   -0.0116019600   -0.0022493900
   0.0004132200    0.0004166300   -0.0022700600
   0.0004286500    0.0004520300   -0.0023376200
   0.0001845600    0.0003035100   -0.0022569300
   0.0003971800    0.0003863600   -0.0022659200
  -0.0000242100   -0.0000500400   -0.0022505100
   0.0001589500    0.0002108200   -0.0023053100
   0.0000107400   -0.0000300700   -0.0023283000
   0.0004126700    0.0003517600   -0.0023144600
