162  
18   

1    
  0.0054845699938995   0.0000000000000000   0.0083617876068468
  -0.1763705400    0.0105784200   -0.0524196700
  -0.0326662900    0.0381370700   -0.0002306100
  -0.0335805700    0.0368966500    0.0006876400
  -0.0320532700    0.0369670000    0.0003304900
  -0.0316373100    0.0392441400    0.0002118600
  -0.0332407400    0.0368283900    0.0004123100
  -0.0320666300    0.0362284900    0.0003279200
  -0.0323025800    0.0390447200   -0.0004922100
  -0.0325985100    0.0361328400    0.0011179500
   0.0233371000   -0.0214829500   -0.0067230400
   0.0317588900   -0.0385365600    0.0020376200
   0.0316958900   -0.0373934000    0.0003944400
   0.0330992000   -0.0354802800   -0.0004683600
   0.0316272300   -0.0383690100   -0.0008956800
   0.0325124500   -0.0366748300    0.0003888000
   0.0329289700   -0.0368463400    0.0006196700
   0.0321526900   -0.0390643100    0.0000278300
   0.0319540200   -0.0369257200   -0.0000822900
   0.0436673900    0.0429363000   -0.0071336800
   0.0338406900    0.0358984900    0.0008164000
   0.0351730500    0.0377589800    0.0018704100
   0.0325157400    0.0367498800    0.0006168400
   0.0328909200    0.0366493400    0.0006643700
   0.0321831800    0.0391116000    0.0004277300
   0.0325169000    0.0371614000    0.0006193200
   0.0328883200    0.0367143900    0.0006578700
   0.0322075600    0.0401894500    0.0004186800
  -0.0391257200   -0.0376575700    0.0016625400
  -0.0398111200   -0.0345773300    0.0025304300
  -0.0302875300   -0.0368800100   -0.0003113300
  -0.0320701400   -0.0385437800   -0.0007544800
  -0.0330259200   -0.0370646300    0.0001513000
  -0.0322388000   -0.0368832000    0.0002633300
  -0.0321968500   -0.0389087800   -0.0002554200
  -0.0331403300   -0.0365438000    0.0006451800
  -0.0320408400   -0.0366741200    0.0009819700
  -0.0156016300    0.0287296500   -0.0019303600
  -0.0269199700    0.0154472600   -0.0006017800
  -0.0243289200    0.0152709900   -0.0025480000
  -0.0215106700    0.0148978100    0.0010170200
  -0.0264248000    0.0147270000   -0.0006242500
  -0.0242685300    0.0154161400   -0.0020993200
  -0.0218538600    0.0153843800    0.0012873800
  -0.0264561900    0.0154575500   -0.0017496700
  -0.0234673900    0.0155781200   -0.0024990500
   0.0254772300   -0.0147853200    0.0054942900
   0.0271243900   -0.0150505800    0.0009674200
   0.0206717600   -0.0150162900    0.0016985400
   0.0250411500   -0.0171960200   -0.0022651700
   0.0261226500   -0.0153232600   -0.0012636500
   0.0215601500   -0.0149378700    0.0010794800
   0.0244655000   -0.0155138000   -0.0021033600
   0.0263644500   -0.0150621200   -0.0008278400
   0.0215383900   -0.0145397600    0.0008277000
   0.0283488200    0.0170446700    0.0028155500
   0.0241517900    0.0156171700   -0.0024649700
   0.0283625200    0.0143885800   -0.0000846000
   0.0215715500    0.0149251500    0.0013706600
   0.0246232700    0.0158561500   -0.0019078100
   0.0262738300    0.0151097900   -0.0007108800
   0.0210018600    0.0147337100    0.0012872300
   0.0245619300    0.0154960900   -0.0018683400
   0.0245184000    0.0145351200   -0.0007150800
  -0.0225560200   -0.0150366500   -0.0039844300
  -0.0222626600   -0.0149072400   -0.0053455700
  -0.0217075400   -0.0149421000    0.0005805300
  -0.0262269500   -0.0150654300   -0.0002074400
  -0.0240374800   -0.0149087400   -0.0028504700
  -0.0212893900   -0.0148254900    0.0013160400
  -0.0264307100   -0.0150747000   -0.0009123100
  -0.0244474700   -0.0157493300   -0.0023910000
  -0.0217449300   -0.0151773500    0.0010461200
   0.0175698800    0.0029357500    0.0061621500
   0.0012570100   -0.0033741600   -0.0228099100
  -0.0018133800   -0.0024192100   -0.0232345900
   0.0001070700   -0.0023344000   -0.0227280400
   0.0014772400   -0.0030388600   -0.0229458900
  -0.0013996200   -0.0029247800   -0.0229450700
   0.0004215900   -0.0025422000   -0.0227872000
   0.0019384700   -0.0031560600   -0.0227608100
  -0.0013953900   -0.0033616200   -0.0233594300
   0.0029002300    0.0151218700    0.0216294200
  -0.0016631900   -0.0010594600    0.0184177100
  -0.0003359900    0.0002208700    0.0264036800
  -0.0015964500    0.0021087500    0.0193680000
   0.0018739600    0.0020657200    0.0199775500
  -0.0000251800   -0.0001231900    0.0262313700
  -0.0017710400    0.0015884000    0.0188996300
   0.0017665400    0.0013083700    0.0188735300
   0.0003281300   -0.0003942300    0.0261903100
   0.0017211900   -0.0010593400    0.0446944600
  -0.0012879600   -0.0012726900    0.0184966000
  -0.0000414300   -0.0010738000    0.0181717500
  -0.0002632300    0.0002482700    0.0262247900
  -0.0017737600   -0.0018427800    0.0186681600
   0.0017074100   -0.0016530900    0.0189130900
  -0.0001360000    0.0001848800    0.0260191000
  -0.0019180400   -0.0016175000    0.0190472200
   0.0016262700   -0.0013833800    0.0187576100
   0.0020166400   -0.0038254000   -0.0194808600
   0.0009310500    0.0036893200   -0.0229781700
   0.0006678000    0.0022690000   -0.0223470200
   0.0011781900    0.0024864900   -0.0224259400
  -0.0017716800    0.0029116500   -0.0224574800
  -0.0001097000    0.0022679100   -0.0226336800
   0.0017476100    0.0030438700   -0.0228014400
  -0.0014249000    0.0033372300   -0.0229545400
  -0.0002232400    0.0026953100   -0.0226703200
   0.0459272100    0.0739863000    0.0035433100
   0.0090018600    0.0615848300    0.0046530400
  -0.0010823400    0.0541754000   -0.0021231500
  -0.0045049200    0.0603449500    0.0022645100
   0.0051225700    0.0606341600    0.0018199700
   0.0000279000    0.0541945600   -0.0019629500
  -0.0042396500    0.0608068500    0.0026206400
   0.0043487900    0.0609563400    0.0028636500
  -0.0000681000    0.0538050100   -0.0016058800
   0.0530613100   -0.0904653600    0.0012220800
  -0.0055292200   -0.0604582800    0.0028973500
   0.0077696200   -0.0612163900    0.0025808300
  -0.0001146100   -0.0545181400   -0.0018944600
  -0.0044010200   -0.0604966900    0.0026228800
   0.0045982800   -0.0610714800    0.0022685500
  -0.0003876600   -0.0540321600   -0.0015261400
  -0.0043603000   -0.0607258900    0.0026380600
   0.0039586900   -0.0605699600    0.0027497700
  -0.0052973800   -0.0097872600    0.0000256100
   0.0000161300   -0.0080124700   -0.0015344600
   0.0000723400   -0.0082451500   -0.0014874200
   0.0000509400   -0.0080197900   -0.0015299400
   0.0000853300   -0.0080502000   -0.0015519500
   0.0000206600   -0.0081471500   -0.0015431900
  -0.0000425500   -0.0080091100   -0.0015132600
  -0.0000446900   -0.0081023900   -0.0015430900
  -0.0001066500   -0.0082839700   -0.0015366000
  -0.0014275300    0.0065101300   -0.0019097100
   0.0000031400    0.0084902500   -0.0015161000
   0.0000311300    0.0079909700   -0.0015301700
   0.0000887900    0.0081579500   -0.0015331700
   0.0000977800    0.0082359100   -0.0016120400
   0.0000585000    0.0080178800   -0.0015223300
  -0.0000499900    0.0081056400   -0.0015409500
  -0.0000066400    0.0081687400   -0.0015326200
  -0.0000728500    0.0079699200   -0.0015413700
   0.0068781800   -0.0055475500    0.0033510000
   0.0000199500   -0.0080402800    0.0024440500
   0.0000442100   -0.0083035500    0.0024486700
   0.0000493600   -0.0080990700    0.0026134200
   0.0000770200   -0.0080455100    0.0024901400
   0.0000251600   -0.0081734300    0.0024704600
  -0.0000615600   -0.0080833700    0.0026111400
  -0.0000714400   -0.0081098500    0.0024641800
  -0.0000521800   -0.0082473700    0.0024909600
  -0.0006930800    0.0072808900    0.0025387400
  -0.0000566700    0.0082526200    0.0024267100
   0.0000277600    0.0080690800    0.0026109000
   0.0000545000    0.0081144800    0.0024554500
   0.0001560900    0.0083189000    0.0024555500
   0.0000671300    0.0080967200    0.0026131300
  -0.0000641000    0.0081102900    0.0024680600
   0.0000122100    0.0081682400    0.0024643300
  -0.0000445300    0.0080631000    0.0026293700

1    
 -0.0054845699938995   0.0000000000000000  -0.0083617876068468
   0.1071552700    0.0577676800    0.0522672000
  -0.0311570500    0.0399863500   -0.0001614800
  -0.0320740600    0.0365394900    0.0007566900
  -0.0321043300    0.0367454100    0.0004351600
  -0.0321479900    0.0388760800   -0.0006097300
  -0.0324686700    0.0366135200    0.0010121300
  -0.0321162100    0.0374680300    0.0004325100
  -0.0315304700    0.0390737900    0.0001075300
  -0.0331092200    0.0373160500    0.0002963500
   0.0428616100   -0.0516899300    0.0083512600
   0.0321319500   -0.0395442100   -0.0023554100
   0.0325193400   -0.0362415200    0.0003695300
   0.0326391200   -0.0379285500    0.0018810800
   0.0322070700   -0.0396978800    0.0005419500
   0.0317156000   -0.0369534000    0.0003718500
   0.0328270400   -0.0365253500    0.0008082200
   0.0317141600   -0.0389828100   -0.0003989700
   0.0322406300   -0.0367055400    0.0008585100
   0.0204556800    0.0307684800    0.0077099000
   0.0318903200    0.0375345600    0.0006090600
   0.0286386700    0.0403693900   -0.0022777700
   0.0316981100    0.0369562400    0.0001435300
   0.0328644300    0.0367909500    0.0007699800
   0.0316604600    0.0390220900   -0.0007966700
   0.0316992300    0.0365297500    0.0001460700
   0.0328632800    0.0367045100    0.0007635100
   0.0316812400    0.0379264200   -0.0008057600
  -0.0249807800   -0.0404854200   -0.0019733700
  -0.0256642800   -0.0388144400   -0.0011075600
  -0.0339028600   -0.0367513600    0.0010766500
  -0.0317369800   -0.0395273500    0.0003747100
  -0.0326885400   -0.0363186000    0.0012804400
  -0.0319520600   -0.0367352500    0.0004996500
  -0.0316195500   -0.0391479100   -0.0001159800
  -0.0325646400   -0.0368329700    0.0007844100
  -0.0321231500   -0.0369706700   -0.0002117000
  -0.0273619900    0.0005916600    0.0037883300
  -0.0256986700    0.0145990800   -0.0012328500
  -0.0243311300    0.0157255400   -0.0017643400
  -0.0212895800    0.0147694500    0.0011593800
  -0.0261995200    0.0153344800   -0.0012075800
  -0.0243992600    0.0155894900   -0.0022219700
  -0.0209582800    0.0142656400    0.0008738000
  -0.0261539500    0.0145713200   -0.0000939400
  -0.0252078400    0.0154239000   -0.0018253900
   0.0232148000   -0.0160857400   -0.0098160000
   0.0255074300   -0.0148920900   -0.0027893600
   0.0221648100   -0.0145693300    0.0004627000
   0.0236300900   -0.0137292800   -0.0020371200
   0.0265516700   -0.0146573500   -0.0005570500
   0.0212805500   -0.0146457500    0.0010803600
   0.0242319000   -0.0154249600   -0.0022219000
   0.0263042700   -0.0149270400   -0.0010004000
   0.0213019200   -0.0150567000    0.0013451900
   0.0145081900    0.0126198900   -0.0008424900
   0.0245627600    0.0153833100   -0.0018647900
   0.0242903900    0.0156662600   -0.0017754400
   0.0212693200    0.0147349700    0.0007971100
   0.0240736600    0.0151377300   -0.0024175500
   0.0263944900    0.0149425000   -0.0011114200
   0.0218475200    0.0149364600    0.0008817400
   0.0241375500    0.0155167500   -0.0024516400
   0.0281027300    0.0155041000   -0.0011514900
  -0.0299929800   -0.0148896100    0.0021982600
  -0.0264458500   -0.0160349500    0.0009728300
  -0.0210972500   -0.0146516700    0.0015758700
  -0.0264144300   -0.0149054800   -0.0016109500
  -0.0246106900   -0.0159029100   -0.0014085600
  -0.0215094600   -0.0147614900    0.0008549100
  -0.0261914100   -0.0149117300   -0.0009117300
  -0.0242141600   -0.0151788500   -0.0019304900
  -0.0210453500   -0.0144005000    0.0011256000
  -0.0156203400   -0.0070449300   -0.0500270800
   0.0019379700   -0.0029968000   -0.0230528700
  -0.0013589900   -0.0039776000   -0.0226347300
  -0.0000938000   -0.0026095400   -0.0229580300
   0.0017171100   -0.0033286100   -0.0229136000
  -0.0017466100   -0.0034368400   -0.0229185200
  -0.0004076300   -0.0024042500   -0.0229108700
   0.0012530100   -0.0031963800   -0.0230952700
  -0.0017557900   -0.0029848900   -0.0224905800
  -0.0064913400   -0.0120248800    0.0162732600
   0.0052972900    0.0042169500    0.0195302800
   0.0003554200   -0.0007421800    0.0262088500
  -0.0020318000    0.0010572100    0.0185810400
   0.0017932900    0.0010775600    0.0179481500
   0.0000511300   -0.0003877600    0.0263904300
  -0.0018726000    0.0015715800    0.0190368800
   0.0019159400    0.0018492000    0.0190578200
  -0.0003109000   -0.0001037600    0.0264262500
  -0.0016549100    0.0018259400    0.0083278500
  -0.0023584700   -0.0018042200    0.0194446800
   0.0037584500   -0.0019976900    0.0197715000
   0.0002828900    0.0003218500    0.0264012400
  -0.0018806600   -0.0012494900    0.0192738600
   0.0019813900   -0.0014415700    0.0190218200
   0.0001508000    0.0003944800    0.0266116500
  -0.0017326600   -0.0014707300    0.0188933500
   0.0020593600   -0.0017035100    0.0191895300
   0.0012200000    0.0102400200   -0.0264824900
  -0.0040649700    0.0028223400   -0.0229326100
  -0.0006412600    0.0027682500   -0.0233401900
   0.0020120600    0.0039505300   -0.0234375300
  -0.0013857300    0.0035199000   -0.0234361200
   0.0001281200    0.0027446800   -0.0230475000
   0.0014464500    0.0033924600   -0.0230646100
  -0.0017350800    0.0030975700   -0.0229072600
   0.0002440400    0.0023337900   -0.0230204400
  -0.0556613900    0.0468769400    0.0022089100
  -0.0001624400    0.0595497700    0.0006857900
   0.0010930800    0.0536995400   -0.0011453400
  -0.0042940900    0.0608488800    0.0029817600
   0.0037331800    0.0605727400    0.0034431900
  -0.0000079000    0.0536928100   -0.0013353300
  -0.0045753200    0.0604161800    0.0026245500
   0.0045092500    0.0602682400    0.0023839400
   0.0000938800    0.0540629600   -0.0016897400
  -0.0525084300   -0.0182968100   -0.0049839600
  -0.0032691000   -0.0606716400    0.0023676100
   0.0010821500   -0.0599104200    0.0027125600
   0.0001367700   -0.0532668900   -0.0014144500
  -0.0044220900   -0.0606284100    0.0026168300
   0.0042578700   -0.0600683800    0.0029722200
   0.0004112600   -0.0537653100   -0.0017644200
  -0.0044469800   -0.0604105900    0.0026056600
   0.0049012200   -0.0605621200    0.0024911800
   0.0052281200   -0.0062949200   -0.0031590500
  -0.0000116000   -0.0081796400   -0.0015779900
  -0.0000358100   -0.0079443400   -0.0016269200
  -0.0000288400   -0.0079680300   -0.0015600000
  -0.0000784700   -0.0081399300   -0.0015606800
   0.0000139600   -0.0080437400   -0.0015693400
   0.0000653400   -0.0079836600   -0.0015767000
   0.0000494200   -0.0080923500   -0.0015677100
   0.0001469300   -0.0079061900   -0.0015754300
   0.0014501400    0.0097928600   -0.0011944800
   0.0000354000    0.0077714700   -0.0015981800
  -0.0000119800    0.0080687600   -0.0015579500
  -0.0000871700    0.0081018100   -0.0015801600
  -0.0000603100    0.0080286700   -0.0015003500
  -0.0000394300    0.0080469100   -0.0015666200
   0.0000533100    0.0081582300   -0.0015717600
   0.0000463000    0.0080949000   -0.0015786400
   0.0000944500    0.0080901900   -0.0015477800
  -0.0068213400   -0.0105929700    0.0019852700
  -0.0000578000   -0.0081563900    0.0025250300
   0.0000350000   -0.0078889300    0.0025226700
  -0.0000275500   -0.0080581900    0.0026593100
  -0.0001125400   -0.0081501000    0.0024791000
   0.0000503400   -0.0080226600    0.0024991800
   0.0000842800   -0.0080785800    0.0026620000
   0.0000347600   -0.0080898900    0.0025035700
   0.0001330700   -0.0079479600    0.0024777100
   0.0006806800    0.0090432000    0.0024285500
   0.0001353500    0.0080107500    0.0025454000
  -0.0000087600    0.0081594500    0.0026607100
  -0.0000940900    0.0081499800    0.0025143300
  -0.0000803800    0.0079490100    0.0025143500
  -0.0000478600    0.0081377400    0.0026588600
   0.0000257900    0.0081586300    0.0025019800
   0.0000687500    0.0081005500    0.0025042700
   0.0000658000    0.0081664700    0.0026432300

1    
  0.0000000000000000   0.0100000000000000   0.0000000000000000
  -0.0815277800   -0.2795807100   -0.0000000000
  -0.0315584900    0.0387031200   -0.0000000000
  -0.0345357000    0.0363524000   -0.0000000000
  -0.0331835400    0.0368374200   -0.0000000000
  -0.0329620000    0.0385275500   -0.0000000000
  -0.0328542300    0.0366465100   -0.0000000000
  -0.0318569300    0.0368493700   -0.0000000000
  -0.0316973600    0.0389886000   -0.0000000000
  -0.0324976600    0.0361981900   -0.0000000000
   0.0600718100    0.0752082800   -0.0000000000
   0.0328807800   -0.0348728800   -0.0000000000
   0.0310418700   -0.0371702600   -0.0000000000
   0.0351322900   -0.0332222400   -0.0000000000
   0.0331550400   -0.0373675800   -0.0000000000
   0.0323792900   -0.0367316200   -0.0000000000
   0.0325946000   -0.0368500800   -0.0000000000
   0.0318757300   -0.0393913800   -0.0000000000
   0.0319164200   -0.0371636500   -0.0000000000
   0.0209615200    0.0382279100   -0.0000000000
   0.0343350000    0.0367217500   -0.0000000000
   0.0342861300    0.0352633600   -0.0000000000
   0.0314891200    0.0370528700   -0.0000000000
   0.0328347100    0.0364281000   -0.0000000000
   0.0298083400    0.0387422000   -0.0000000000
   0.0322498100    0.0370537100   -0.0000000000
   0.0329603900    0.0364204500   -0.0000000000
   0.0318171900    0.0387356700   -0.0000000000
  -0.0357604700   -0.0317642800   -0.0000000000
  -0.0354521400   -0.0294179400   -0.0000000000
  -0.0319915000   -0.0376728100   -0.0000000000
  -0.0312513400   -0.0372841300   -0.0000000000
  -0.0337843600   -0.0348815300   -0.0000000000
  -0.0319958600   -0.0370518400   -0.0000000000
  -0.0322096300   -0.0390096200   -0.0000000000
  -0.0330970700   -0.0366716400   -0.0000000000
  -0.0323841100   -0.0367543700   -0.0000000000
   0.0155178100    0.1234624900   -0.0000000000
  -0.0269013300    0.0145933200   -0.0000000000
  -0.0244933500    0.0158260300   -0.0000000000
  -0.0210057800    0.0147345600   -0.0000000000
  -0.0261418700    0.0151468900   -0.0000000000
  -0.0241243700    0.0152953600   -0.0000000000
  -0.0232232500    0.0162555600   -0.0000000000
  -0.0261412600    0.0155398100   -0.0000000000
  -0.0246369900    0.0161419800   -0.0000000000
   0.0255711800   -0.0284436400   -0.0000000000
   0.0247162600   -0.0172733300   -0.0000000000
   0.0218901800   -0.0149317900   -0.0000000000
   0.0229559400   -0.0088996500   -0.0000000000
   0.0254509400   -0.0147589100   -0.0000000000
   0.0216831800   -0.0150535200   -0.0000000000
   0.0246842500   -0.0153750800   -0.0000000000
   0.0265489500   -0.0147064200   -0.0000000000
   0.0214840900   -0.0145381800   -0.0000000000
   0.0332780500    0.0290102300   -0.0000000000
   0.0241524900    0.0156114200   -0.0000000000
   0.0265257400    0.0146626800   -0.0000000000
   0.0214965000    0.0148391100   -0.0000000000
   0.0244088900    0.0158251200   -0.0000000000
   0.0264948500    0.0145633200   -0.0000000000
   0.0221660300    0.0157154900   -0.0000000000
   0.0243170000    0.0155465300   -0.0000000000
   0.0274466800    0.0147321300   -0.0000000000
  -0.0271923900   -0.0139656600   -0.0000000000
  -0.0223154400   -0.0183735200   -0.0000000000
  -0.0213737800   -0.0145641100   -0.0000000000
  -0.0252451000   -0.0151538300   -0.0000000000
  -0.0234173900   -0.0197760200   -0.0000000000
  -0.0219067100   -0.0148193700   -0.0000000000
  -0.0266042000   -0.0149167000   -0.0000000000
  -0.0248020500   -0.0155909700   -0.0000000000
  -0.0214288900   -0.0147221800   -0.0000000000
   0.0063302200    0.0072938100   -0.0227033600
  -0.0000768100   -0.0024327000   -0.0209295400
  -0.0001207300   -0.0021255500   -0.0207485400
   0.0001948000   -0.0010077600   -0.0244701500
   0.0001006100   -0.0022027700   -0.0208107900
   0.0001269700   -0.0025413800   -0.0208591800
   0.0000875700   -0.0015530700   -0.0241314000
  -0.0001483800   -0.0023866700   -0.0208489200
   0.0001752400   -0.0025094000   -0.0206994100
   0.0033480500    0.0106428300    0.0211431900
   0.0005478800    0.0034139300    0.0207059400
  -0.0000484300    0.0011666200    0.0246866100
   0.0000736400    0.0013365400    0.0213572100
   0.0010235500    0.0025950100    0.0209497300
  -0.0000784000    0.0010460300    0.0243370400
   0.0000265500    0.0022465700    0.0208884700
   0.0001811400    0.0022652700    0.0208889700
   0.0001013400    0.0010207400    0.0244716100
   0.0063302200    0.0072938100    0.0227033600
  -0.0000768100   -0.0024327000    0.0209295400
  -0.0001207300   -0.0021255500    0.0207485400
   0.0001948000   -0.0010077600    0.0244701500
   0.0001006100   -0.0022027700    0.0208107900
   0.0001269700   -0.0025413800    0.0208591800
   0.0000875700   -0.0015530700    0.0241314000
  -0.0001483800   -0.0023866700    0.0208489200
   0.0001752400   -0.0025094000    0.0206994100
   0.0033480500    0.0106428300   -0.0211431900
   0.0005478800    0.0034139300   -0.0207059400
  -0.0000484300    0.0011666200   -0.0246866100
   0.0000736400    0.0013365400   -0.0213572100
   0.0010235500    0.0025950100   -0.0209497300
  -0.0000784000    0.0010460300   -0.0243370400
   0.0000265500    0.0022465700   -0.0208884700
   0.0001811400    0.0022652700   -0.0208889700
   0.0001013400    0.0010207400   -0.0244716100
   0.0156112600    0.0762470100   -0.0000000000
   0.0102686800    0.0560657700   -0.0000000000
   0.0002004400    0.0551371000   -0.0000000000
  -0.0046098400    0.0589444600   -0.0000000000
   0.0049277700    0.0604282800   -0.0000000000
  -0.0001031900    0.0541533800   -0.0000000000
  -0.0043225400    0.0606298400   -0.0000000000
   0.0043776400    0.0608554400   -0.0000000000
   0.0000186400    0.0540620400   -0.0000000000
  -0.0563895700   -0.0205614500   -0.0000000000
  -0.0060789700   -0.0613696200   -0.0000000000
   0.0040716900   -0.0631334500   -0.0000000000
   0.0004450400   -0.0548258000   -0.0000000000
  -0.0042201000   -0.0610839600   -0.0000000000
   0.0051436300   -0.0597858400   -0.0000000000
  -0.0001155600   -0.0540588500   -0.0000000000
  -0.0044581200   -0.0604792000   -0.0000000000
   0.0042240200   -0.0603720600   -0.0000000000
  -0.0008596200   -0.0072194700   -0.0017997700
   0.0001765300   -0.0081386300   -0.0020082200
  -0.0000071500   -0.0081679600   -0.0019857900
  -0.0000850000   -0.0081245600   -0.0020657100
  -0.0001287500   -0.0081978300   -0.0019775200
  -0.0001515800   -0.0079964000   -0.0020364700
  -0.0000218400   -0.0079053500   -0.0020376200
  -0.0000104600   -0.0081089100   -0.0020072600
   0.0000324100   -0.0080743600   -0.0019939900
  -0.0004552100    0.0066039200   -0.0022193900
  -0.0001748800    0.0076764100   -0.0020653200
   0.0000037600    0.0081438800   -0.0020826400
   0.0000590900    0.0083689900   -0.0020208400
  -0.0000599400    0.0081389400   -0.0020101800
   0.0000246500    0.0080363600   -0.0020602800
  -0.0000802700    0.0081783700   -0.0019932300
  -0.0000298600    0.0081526800   -0.0019975500
  -0.0000845200    0.0080703100   -0.0020798900
  -0.0008596200   -0.0072194700    0.0017997700
   0.0001765300   -0.0081386300    0.0020082200
  -0.0000071500   -0.0081679600    0.0019857900
  -0.0000850000   -0.0081245600    0.0020657100
  -0.0001287500   -0.0081978300    0.0019775200
  -0.0001515800   -0.0079964000    0.0020364700
  -0.0000218400   -0.0079053500    0.0020376200
  -0.0000104600   -0.0081089100    0.0020072600
   0.0000324100   -0.0080743600    0.0019939900
  -0.0004552100    0.0066039200    0.0022193900
  -0.0001748800    0.0076764100    0.0020653200
   0.0000037600    0.0081438800    0.0020826400
   0.0000590900    0.0083689900    0.0020208400
  -0.0000599400    0.0081389400    0.0020101800
   0.0000246500    0.0080363600    0.0020602800
  -0.0000802700    0.0081783700    0.0019932300
  -0.0000298600    0.0081526800    0.0019975500
  -0.0000845200    0.0080703100    0.0020798900

1    
  0.0000000000000000  -0.0100000000000000   0.0000000000000000
   0.0104275800    0.3469201500   -0.0000000000
  -0.0322488600    0.0394420800   -0.0000000000
  -0.0312012600    0.0370917200   -0.0000000000
  -0.0309582100    0.0368957100   -0.0000000000
  -0.0308408200    0.0395889400   -0.0000000000
  -0.0328382200    0.0367980100   -0.0000000000
  -0.0323006500    0.0369056400   -0.0000000000
  -0.0321265300    0.0391408700   -0.0000000000
  -0.0332015600    0.0372636100   -0.0000000000
   0.0049408100   -0.1542602800   -0.0000000000
   0.0310091000   -0.0431897200   -0.0000000000
   0.0331078800   -0.0364735800   -0.0000000000
   0.0306295900   -0.0401910700   -0.0000000000
   0.0306914600   -0.0407291800   -0.0000000000
   0.0318359900   -0.0369099000   -0.0000000000
   0.0331466600   -0.0365119500   -0.0000000000
   0.0319881700   -0.0386427700   -0.0000000000
   0.0322797500   -0.0364754300   -0.0000000000
   0.0432139000    0.0355891400   -0.0000000000
   0.0314246600    0.0367330200   -0.0000000000
   0.0295967800    0.0429355900   -0.0000000000
   0.0327088300    0.0366714700   -0.0000000000
   0.0329215200    0.0370180800   -0.0000000000
   0.0340103300    0.0393797100   -0.0000000000
   0.0319472100    0.0366696100   -0.0000000000
   0.0327751000    0.0370103600   -0.0000000000
   0.0320483800    0.0393777400   -0.0000000000
  -0.0279588300   -0.0463161500   -0.0000000000
  -0.0302293700   -0.0439681800   -0.0000000000
  -0.0321553600   -0.0359776300   -0.0000000000
  -0.0325422800   -0.0408514600   -0.0000000000
  -0.0319137400   -0.0384517200   -0.0000000000
  -0.0321953600   -0.0365733700   -0.0000000000
  -0.0316084800   -0.0390367800   -0.0000000000
  -0.0325945900   -0.0366965400   -0.0000000000
  -0.0317737500   -0.0368880200   -0.0000000000
  -0.0561804600   -0.0872095200   -0.0000000000
  -0.0257285200    0.0154497200   -0.0000000000
  -0.0241633600    0.0151624800   -0.0000000000
  -0.0217940100    0.0149271700   -0.0000000000
  -0.0264782500    0.0149314900   -0.0000000000
  -0.0245302300    0.0157066500   -0.0000000000
  -0.0195516800    0.0133633700   -0.0000000000
  -0.0264741300    0.0144827600   -0.0000000000
  -0.0240650700    0.0148664600   -0.0000000000
   0.0230088200   -0.0025155100   -0.0000000000
   0.0279684000   -0.0126671200   -0.0000000000
   0.0209596200   -0.0146514700   -0.0000000000
   0.0256175500   -0.0219481300   -0.0000000000
   0.0272334100   -0.0152199200   -0.0000000000
   0.0211380700   -0.0145112100   -0.0000000000
   0.0240135800   -0.0155549700   -0.0000000000
   0.0261179300   -0.0152800000   -0.0000000000
   0.0213449700   -0.0150405900   -0.0000000000
   0.0097531900    0.0005316400   -0.0000000000
   0.0245342300    0.0153863900   -0.0000000000
   0.0261456200    0.0153755500   -0.0000000000
   0.0213504400    0.0148171400   -0.0000000000
   0.0242826200    0.0151688300   -0.0000000000
   0.0261653200    0.0154984300   -0.0000000000
   0.0206756000    0.0139420800   -0.0000000000
   0.0243903700    0.0154651800   -0.0000000000
   0.0252449100    0.0153035000   -0.0000000000
  -0.0254626700   -0.0160517000   -0.0000000000
  -0.0263738300   -0.0125996100   -0.0000000000
  -0.0214158500   -0.0150206500   -0.0000000000
  -0.0274265200   -0.0147857700   -0.0000000000
  -0.0252959400   -0.0110451100   -0.0000000000
  -0.0208826500   -0.0147563400   -0.0000000000
  -0.0260132800   -0.0150611000   -0.0000000000
  -0.0238627300   -0.0153312400   -0.0000000000
  -0.0213544800   -0.0148408000   -0.0000000000
  -0.0058598000   -0.0095613200   -0.0265767800
  -0.0001435800   -0.0022849600   -0.0209859100
   0.0003988200   -0.0026064300   -0.0211714700
  -0.0001781900   -0.0011828200   -0.0246958900
  -0.0003312700   -0.0025232200   -0.0210908000
   0.0001465100   -0.0021910000   -0.0210493800
  -0.0000778100   -0.0006315900   -0.0250397900
  -0.0000821600   -0.0023264200   -0.0210534900
   0.0000934900   -0.0022051700   -0.0211997700
  -0.0036498000   -0.0059394300    0.0207698900
  -0.0003020700    0.0014248300    0.0212323000
   0.0000656600    0.0011047200    0.0244697100
  -0.0002972500    0.0034606500    0.0205406400
  -0.0007664600    0.0022005300    0.0209505100
   0.0001029500    0.0012072000    0.0248198800
  -0.0002498900    0.0025594300    0.0210173700
   0.0000783500    0.0025385200    0.0210097800
  -0.0000801300    0.0012470600    0.0246885600
  -0.0058598000   -0.0095613200    0.0265767800
  -0.0001435800   -0.0022849600    0.0209859100
   0.0003988200   -0.0026064300    0.0211714700
  -0.0001781900   -0.0011828200    0.0246958900
  -0.0003312700   -0.0025232200    0.0210908000
   0.0001465100   -0.0021910000    0.0210493800
  -0.0000778100   -0.0006315900    0.0250397900
  -0.0000821600   -0.0023264200    0.0210534900
   0.0000934900   -0.0022051700    0.0211997700
  -0.0036498000   -0.0059394300   -0.0207698900
  -0.0003020700    0.0014248300   -0.0212323000
   0.0000656600    0.0011047200   -0.0244697100
  -0.0002972500    0.0034606500   -0.0205406400
  -0.0007664600    0.0022005300   -0.0209505100
   0.0001029500    0.0012072000   -0.0248198800
  -0.0002498900    0.0025594300   -0.0210173700
   0.0000783500    0.0025385200   -0.0210097800
  -0.0000801300    0.0012470600   -0.0246885600
  -0.0246538700    0.0451974400   -0.0000000000
  -0.0013894600    0.0651172400   -0.0000000000
  -0.0001540300    0.0527540700   -0.0000000000
  -0.0041355600    0.0622221900   -0.0000000000
   0.0038899300    0.0607816300   -0.0000000000
   0.0001238100    0.0537372800   -0.0000000000
  -0.0044926200    0.0605755700   -0.0000000000
   0.0044778600    0.0603526600   -0.0000000000
   0.0000021700    0.0538078700   -0.0000000000
   0.0583134700   -0.0882430800   -0.0000000000
  -0.0027861100   -0.0597608700   -0.0000000000
   0.0048450700   -0.0579455200   -0.0000000000
  -0.0004024100   -0.0529164600   -0.0000000000
  -0.0045985500   -0.0600465800   -0.0000000000
   0.0037090000   -0.0613210400   -0.0000000000
   0.0001399700   -0.0537291400   -0.0000000000
  -0.0043511800   -0.0606487100   -0.0000000000
   0.0046419000   -0.0607602900   -0.0000000000
   0.0006972700   -0.0088514100   -0.0023571800
  -0.0001929000   -0.0080522300   -0.0020319300
   0.0000593800   -0.0080142300   -0.0020562400
   0.0001063400   -0.0079415200   -0.0021137500
   0.0001116200   -0.0079918300   -0.0020592300
   0.0002075000   -0.0081909100   -0.0020016100
   0.0000468800   -0.0081658100   -0.0021423700
  -0.0000064200   -0.0080824700   -0.0020310600
   0.0000296100   -0.0081104800   -0.0020451100
   0.0004952800    0.0097132200   -0.0018106300
   0.0002257500    0.0085956300   -0.0019743700
   0.0000161600    0.0080055600   -0.0020973400
  -0.0000706400    0.0078868800   -0.0020176900
   0.0001125900    0.0081248400   -0.0020281500
  -0.0000080100    0.0081193400   -0.0021168900
   0.0000615700    0.0080925300   -0.0020458200
   0.0000916600    0.0081171800   -0.0020410000
   0.0001058800    0.0080801200   -0.0020997100
   0.0006972700   -0.0088514100    0.0023571800
  -0.0001929000   -0.0080522300    0.0020319300
   0.0000593800   -0.0080142300    0.0020562400
   0.0001063400   -0.0079415200    0.0021137500
   0.0001116200   -0.0079918300    0.0020592300
   0.0002075000   -0.0081909100    0.0020016100
   0.0000468800   -0.0081658100    0.0021423700
  -0.0000064200   -0.0080824700    0.0020310600
   0.0000296100   -0.0081104800    0.0020451100
   0.0004952800    0.0097132200    0.0018106300
   0.0002257500    0.0085956300    0.0019743700
   0.0000161600    0.0080055600    0.0020973400
  -0.0000706400    0.0078868800    0.0020176900
   0.0001125900    0.0081248400    0.0020281500
  -0.0000080100    0.0081193400    0.0021168900
   0.0000615700    0.0080925300    0.0020458200
   0.0000916600    0.0081171800    0.0020410000
   0.0001058800    0.0080801200    0.0020997100

37   
  0.0054845699938995   0.0000000000000000   0.0083617876068468
  -0.0261303000    0.0566895000   -0.0023756400
  -0.0319284900    0.0389510500   -0.0005757000
  -0.0334746500    0.0363774400    0.0010376900
  -0.0325191200    0.0358447800    0.0005861800
  -0.0310391000    0.0388916000   -0.0005276200
  -0.0330068700    0.0367958800   -0.0001174100
  -0.0322080100    0.0370553400    0.0003127300
  -0.0318650300    0.0391573300   -0.0001246500
  -0.0329790400    0.0367923000    0.0010078300
   0.0339993900   -0.0361038200    0.0084300000
   0.0327167400   -0.0399387600    0.0017149300
   0.0313407100   -0.0365786900    0.0010055400
   0.0335810900   -0.0374403000    0.0005811600
   0.0316944100   -0.0395298900   -0.0005337600
   0.0322399100   -0.0366889100    0.0003832700
   0.0329802500   -0.0365185500    0.0007756600
   0.0319577500   -0.0389207400   -0.0000960100
   0.0322148300   -0.0367968800    0.0001254800
   0.0390435800    0.0303774200    0.0021924200
   0.0326647300    0.0367949900    0.0004121600
   0.0339516000    0.0389323600    0.0006716200
   0.0316823000    0.0364272900    0.0005884000
   0.0330728800    0.0367131500    0.0010130400
   0.0301361000    0.0384292000    0.0000438900
   0.0322490500    0.0367895900    0.0006748900
   0.0331376800    0.0366530400    0.0009679100
   0.0318681900    0.0389455700    0.0000181100
  -0.0298311400   -0.0401725500   -0.0033725300
  -0.0290801000   -0.0362700100   -0.0024007900
  -0.0323956400   -0.0368538600   -0.0001191500
  -0.0316587800   -0.0395961800   -0.0009115100
  -0.0327764900   -0.0372919300    0.0014155500
  -0.0319921000   -0.0365622300    0.0006156200
  -0.0320397100   -0.0387960200   -0.0004186400
  -0.0329815000   -0.0365506400    0.0007149000
  -0.0324403600   -0.0368287900    0.0003501900
  -0.1614902800    0.0680036200   -0.0785305600
  -0.0267576100    0.0155798800    0.0000964000
  -0.0247745800    0.0154784900   -0.0011524500
  -0.0211821000    0.0147832600    0.0011620400
  -0.0266280400    0.0150204200   -0.0009454800
  -0.0245444100    0.0153183200   -0.0018461300
  -0.0211742500    0.0146184300    0.0011622700
  -0.0265157900    0.0151368900   -0.0006066200
  -0.0246512000    0.0155569300   -0.0021939000
   0.0252173900   -0.0153817200    0.0003004100
   0.0276596100   -0.0146455200   -0.0026965900
   0.0217574400   -0.0150441600    0.0013438400
   0.0681670200   -0.0538212900    0.0202726100
   0.0279512900   -0.0147436500   -0.0015936300
   0.0211179700   -0.0150393500    0.0007505700
   0.0242227100   -0.0155423100   -0.0018028400
   0.0263144500   -0.0152007600   -0.0009458300
   0.0213158800   -0.0149017800    0.0007256500
   0.0713600200    0.0093136900   -0.0083445700
   0.0239947700    0.0154148400   -0.0032546000
   0.0261763000    0.0153339500   -0.0011661900
   0.0213571400    0.0149986700    0.0010660300
   0.0242072500    0.0152895300   -0.0018457200
   0.0271708500    0.0147624700   -0.0000519200
   0.0213492300    0.0144818400    0.0010657100
   0.0242072100    0.0153818100   -0.0018456200
   0.0271607700    0.0149880800   -0.0000534100
  -0.0285560900   -0.0140992000   -0.0018853600
  -0.0265791000   -0.0138800200   -0.0031413800
  -0.0209312900   -0.0148481800    0.0011336100
  -0.0245400800   -0.0165859100    0.0005458500
  -0.0225552500   -0.0140649200   -0.0007315200
  -0.0211943000   -0.0147703200    0.0016591700
  -0.0263193700   -0.0151485500   -0.0009621400
  -0.0243373100   -0.0155988300   -0.0022125600
  -0.0211360500   -0.0147674500    0.0007868300
   0.0188220300   -0.0293507100    0.0178085500
   0.0009855800   -0.0028700500   -0.0226120400
  -0.0023244100   -0.0029104100   -0.0230607900
   0.0001118800   -0.0022454900   -0.0227236500
   0.0017628800   -0.0031259400   -0.0229264600
  -0.0010329900   -0.0029149300   -0.0230222700
   0.0001423600   -0.0024749800   -0.0228017400
   0.0017101600   -0.0032219400   -0.0231198300
  -0.0016376700   -0.0033392100   -0.0230872300
  -0.0038238700    0.0038296500    0.0197265600
   0.0015588400    0.0005369400    0.0196571500
  -0.0003844400    0.0000364300    0.0262651600
   0.0017176000   -0.0010629000    0.0177998300
   0.0018635500    0.0012208500    0.0191042500
   0.0003144500   -0.0003243200    0.0261295700
  -0.0019314900    0.0017699200    0.0189379100
   0.0018640800    0.0015631500    0.0188899300
   0.0000754600   -0.0004116700    0.0264472600
  -0.0002676000    0.0045832800    0.0538092600
  -0.0007364900   -0.0018667600    0.0192476100
   0.0026629600   -0.0016068100    0.0187199300
   0.0001012100    0.0005144800    0.0261191600
  -0.0020013800   -0.0017174600    0.0188822900
   0.0010361200   -0.0020725000    0.0188067600
  -0.0001806100    0.0004269800    0.0263313500
  -0.0019238900   -0.0015430400    0.0187034000
   0.0019290600   -0.0015168700    0.0186815200
   0.0033340200    0.0009595900   -0.0227538400
  -0.0006803300    0.0033422500   -0.0226802300
   0.0000967200    0.0023178200   -0.0227711000
   0.0003994300    0.0046333100   -0.0230885900
  -0.0027607900    0.0029405600   -0.0230742400
  -0.0004098200    0.0023577800   -0.0228225100
   0.0016770600    0.0030501300   -0.0228742500
  -0.0015524700    0.0033417000   -0.0229372100
  -0.0000319000    0.0025809700   -0.0226649900
  -0.0057994600    0.0627032000   -0.0021565300
   0.0043325500    0.0589561500    0.0050247000
   0.0009041700    0.0540394200   -0.0020046200
  -0.0051551200    0.0615887600    0.0011290100
   0.0043789200    0.0606599100    0.0023311600
   0.0000425300    0.0539522200   -0.0016574500
  -0.0045400800    0.0604617100    0.0025694200
   0.0044063900    0.0604958300    0.0027755900
   0.0000213000    0.0541753000   -0.0016366200
   0.0034984500   -0.0554516200   -0.0052661000
  -0.0050196000   -0.0606611700    0.0021200600
   0.0041022100   -0.0606821300    0.0022508800
   0.0003604800   -0.0536323800   -0.0015980200
  -0.0047646500   -0.0602922800    0.0026343300
   0.0049121200   -0.0598292200    0.0019449500
   0.0000634500   -0.0541314100   -0.0018337500
  -0.0044391600   -0.0608403000    0.0027899800
   0.0044661500   -0.0607892700    0.0027071900
  -0.0029708400   -0.0028376800   -0.0005776900
  -0.0000443900   -0.0081210000   -0.0015651400
   0.0000498600   -0.0080837400   -0.0015321000
  -0.0000259900   -0.0080156300   -0.0015301100
   0.0000368600   -0.0080730200   -0.0015547700
  -0.0000762800   -0.0080218500   -0.0015706000
   0.0000202100   -0.0080659700   -0.0015472700
   0.0000346500   -0.0081607100   -0.0015417400
  -0.0000030800   -0.0081190400   -0.0015456400
   0.0000759700    0.0081493700   -0.0015993600
   0.0003322100    0.0081616400   -0.0016420500
   0.0000229500    0.0079978600   -0.0015378900
  -0.0001889700    0.0084616200   -0.0016481200
   0.0000752500    0.0080688200   -0.0015592800
  -0.0000109000    0.0080418900   -0.0015292900
  -0.0000122900    0.0081167300   -0.0015471800
   0.0000100500    0.0080850000   -0.0015488900
  -0.0000134200    0.0080609900   -0.0015403800
   0.0037961900   -0.0113144400    0.0027834800
  -0.0000895800   -0.0081486400    0.0024600900
   0.0000462400   -0.0080784400    0.0024651100
  -0.0000457400   -0.0081037300    0.0026205800
   0.0000104900   -0.0080710600    0.0024898900
  -0.0000972200   -0.0080377300    0.0024936000
   0.0000129600   -0.0082091700    0.0026216100
  -0.0000068300   -0.0081384300    0.0024852800
   0.0000420000   -0.0080974000    0.0024824200
  -0.0001841300    0.0083658000    0.0024638200
   0.0001394400    0.0082174700    0.0024633200
  -0.0000099200    0.0081002900    0.0026266800
  -0.0003424200    0.0085405000    0.0024713600
   0.0001534200    0.0081354900    0.0024869100
   0.0000074600    0.0081282200    0.0026234600
  -0.0000287300    0.0081038800    0.0024732100
   0.0000149500    0.0080894000    0.0024818900
  -0.0000113900    0.0081639500    0.0026263100

37   
 -0.0054845699938995   0.0000000000000000  -0.0083617876068468
  -0.0379016000    0.0174000000    0.0033560600
  -0.0319456800    0.0391242800    0.0002221900
  -0.0322688500    0.0370141100    0.0004208500
  -0.0316389700    0.0378507300    0.0001863900
  -0.0328020000    0.0391964300    0.0001601200
  -0.0327198200    0.0366089300    0.0015524700
  -0.0320032100    0.0366145000    0.0004691000
  -0.0320094400    0.0389288800   -0.0002333600
  -0.0327739600    0.0365988200    0.0004385600
   0.0317194100   -0.0375116800   -0.0068666800
   0.0310797500   -0.0381626000   -0.0020276100
   0.0328167700   -0.0370953900   -0.0002162600
   0.0321482700   -0.0359888300    0.0008244200
   0.0321121900   -0.0385557400    0.0001868100
   0.0319438400   -0.0369957900    0.0003981300
   0.0327304700   -0.0368913700    0.0006712700
   0.0318787000   -0.0391640700   -0.0002545000
   0.0319621400   -0.0368803800    0.0006569800
   0.0251850400    0.0432897000   -0.0014535400
   0.0330596700    0.0365983900    0.0010262100
   0.0298614400    0.0391530800   -0.0010051800
   0.0325126100    0.0372563700    0.0001969200
   0.0326344800    0.0366840500    0.0004437300
   0.0337024200    0.0396501600   -0.0003786800
   0.0319303000    0.0368805100    0.0001154400
   0.0325686600    0.0367351600    0.0004721700
   0.0319742900    0.0391363900   -0.0003683700
  -0.0340308600   -0.0379334100    0.0029598400
  -0.0365311600   -0.0372052300    0.0037975200
  -0.0318038500   -0.0368187600    0.0008902700
  -0.0322472600   -0.0385541100    0.0005452400
  -0.0329835200   -0.0360796600    0.0000263500
  -0.0322307900   -0.0371125700    0.0001685900
  -0.0318238400   -0.0392987000    0.0000558900
  -0.0327586700   -0.0368626000    0.0007294600
  -0.0317563800   -0.0368562100    0.0004437000
   0.1180301100   -0.0372607400    0.0768110200
  -0.0259020700    0.0144321300   -0.0018832600
  -0.0239187700    0.0154970200   -0.0031320100
  -0.0216715600    0.0148403200    0.0010309600
  -0.0260290600    0.0150000800   -0.0008653600
  -0.0241628000    0.0156567000   -0.0024582000
  -0.0216631800    0.0150161000    0.0010311800
  -0.0261343300    0.0148519500   -0.0012187400
  -0.0240516500    0.0154179600   -0.0021138500
   0.0234026300   -0.0155942600   -0.0045317600
   0.0249454400   -0.0153391100    0.0009001400
   0.0210563900   -0.0145786600    0.0008438900
  -0.0195806900    0.0232799700   -0.0240634800
   0.0246673900   -0.0152906400   -0.0002250200
   0.0216899800   -0.0145855400    0.0014232000
   0.0244471100   -0.0154293400   -0.0025000100
   0.0263134000   -0.0148173300   -0.0008609000
   0.0215005900   -0.0147150700    0.0014642100
  -0.0269172300    0.0202009600    0.0100316900
   0.0246747400    0.0155481400   -0.0010665700
   0.0264142800    0.0146407800   -0.0006562500
   0.0214596500    0.0146139900    0.0011286600
   0.0244659700    0.0156840300   -0.0024571400
   0.0254597700    0.0152726900   -0.0017535200
   0.0214518600    0.0151497200    0.0011283300
   0.0244631100    0.0156011200   -0.0024569800
   0.0254516100    0.0150139900   -0.0017545600
  -0.0240769600   -0.0158818100    0.0000745300
  -0.0220991200   -0.0171104600   -0.0011809000
  -0.0219170500   -0.0147829600    0.0010495600
  -0.0281429300   -0.0133916000   -0.0022934300
  -0.0261608800   -0.0168721700   -0.0035704400
  -0.0216438600   -0.0148428500    0.0005399900
  -0.0263409200   -0.0148605900   -0.0008466100
  -0.0243586600   -0.0153644300   -0.0020970200
  -0.0217113100   -0.0148541700    0.0014031700
  -0.0175287400    0.0226079700   -0.0618044500
   0.0021532100   -0.0035159700   -0.0232313900
  -0.0008704600   -0.0034842500   -0.0227971500
  -0.0001359800   -0.0027428700   -0.0229504100
   0.0013959800   -0.0032766400   -0.0229175500
  -0.0021556600   -0.0034860400   -0.0228288700
  -0.0001546700   -0.0025134800   -0.0228785500
   0.0014450600   -0.0031696900   -0.0227210800
  -0.0015488700   -0.0030503700   -0.0227557200
   0.0001364700   -0.0006407300    0.0182447700
   0.0020438500    0.0026112700    0.0183023800
   0.0003652700   -0.0005716700    0.0263697200
  -0.0054147900    0.0042659100    0.0201373100
   0.0017950500    0.0019073800    0.0188509700
  -0.0003203300   -0.0002124900    0.0265107000
  -0.0017526900    0.0013590100    0.0190189800
   0.0017788400    0.0015570400    0.0190634500
  -0.0000898000   -0.0001272100    0.0261836800
   0.0004560100   -0.0041626200   -0.0010242400
  -0.0029257300   -0.0012559100    0.0187002300
   0.0010071900   -0.0015087600    0.0192240200
  -0.0001299900    0.0000035400    0.0265257100
  -0.0016902800   -0.0014141800    0.0190679300
   0.0026085000   -0.0010622600    0.0191502700
   0.0001614000    0.0001087800    0.0263064500
  -0.0017593400   -0.0015838700    0.0192535000
   0.0017220600   -0.0016032000    0.0192677600
  -0.0001047800    0.0053799700   -0.0230988200
  -0.0025129400    0.0030949400   -0.0231755400
  -0.0001054700    0.0026699200   -0.0228892700
   0.0026931600    0.0017399900   -0.0227496100
  -0.0004225800    0.0034538000   -0.0227767800
   0.0003863100    0.0026257000   -0.0228463600
   0.0014859500    0.0033426400   -0.0229708300
  -0.0016413700    0.0030561400   -0.0229118000
   0.0000114000    0.0024084700   -0.0230048100
  -0.0029679100    0.0585750700    0.0073351700
   0.0044854500    0.0622027300    0.0002670500
  -0.0009212600    0.0538046500   -0.0012795900
  -0.0036290100    0.0595713400    0.0041341700
   0.0044243900    0.0605022400    0.0029265300
  -0.0000552200    0.0538898400   -0.0016289700
  -0.0043083800    0.0607285200    0.0026873200
   0.0044138100    0.0606967000    0.0024898400
  -0.0000400300    0.0536690700   -0.0016398800
  -0.0037202000   -0.0522419400    0.0018672300
  -0.0038366200   -0.0605038300    0.0031437900
   0.0047048900   -0.0604778600    0.0030263800
  -0.0003672000   -0.0541714700   -0.0016951900
  -0.0040769800   -0.0608766600    0.0026286300
   0.0038909800   -0.0613567200    0.0033077600
  -0.0000783400   -0.0536970000   -0.0014401000
  -0.0043971400   -0.0603334500    0.0024678200
   0.0043478700   -0.0603901400    0.0025526900
   0.0029583100   -0.0130927100   -0.0025401100
   0.0000131300   -0.0081070600   -0.0015275000
  -0.0000497500   -0.0081452300   -0.0015609100
   0.0000146900   -0.0080069900   -0.0015406500
  -0.0000672400   -0.0081528200   -0.0015377600
   0.0000822300   -0.0082081700   -0.0015207600
  -0.0000356400   -0.0079589000   -0.0015209200
  -0.0000673500   -0.0080684600   -0.0015499100
   0.0000033800   -0.0081114300   -0.0015467800
  -0.0001076900    0.0080814200   -0.0014938700
  -0.0003266400    0.0080630100   -0.0014503400
  -0.0000403900    0.0080258600   -0.0015314400
   0.0001659700    0.0077463700   -0.0014418900
  -0.0000783100    0.0081572800   -0.0015336300
  -0.0000058400    0.0079835900   -0.0015403400
  -0.0000208700    0.0081119400   -0.0015454300
  -0.0000065200    0.0081451200   -0.0015425400
  -0.0000009000    0.0079626000   -0.0015305500
  -0.0038214900   -0.0049334400    0.0025512700
   0.0000172300   -0.0080856000    0.0025249300
  -0.0000057600   -0.0081551700    0.0025207400
   0.0000341500   -0.0080881100    0.0026687600
  -0.0000827500   -0.0081599100    0.0024952600
   0.0001436500   -0.0081980200    0.0024903200
  -0.0000288200   -0.0079846400    0.0026652600
  -0.0000668800   -0.0080963200    0.0024988600
  -0.0000004700   -0.0081380800    0.0025026400
   0.0001073800    0.0078722100    0.0025210600
  -0.0000967700    0.0080096700    0.0025211300
  -0.0000078300    0.0080929000    0.0026613100
   0.0002853500    0.0076694400    0.0025113400
  -0.0001169700    0.0080970100    0.0024991000
  -0.0000237100    0.0080667600    0.0026648800
  -0.0000461500    0.0081301400    0.0025120300
   0.0000298700    0.0081459700    0.0025024400
  -0.0000024900    0.0080290800    0.0026637100

37   
  0.0000000000000000   0.0100000000000000   0.0000000000000000
  -0.0074280200    0.1387720100    0.0000000000
  -0.0323153300    0.0394237800    0.0000000000
  -0.0320601400    0.0363102300    0.0000000000
  -0.0310218400    0.0383416900    0.0000000000
  -0.0317384400    0.0397173900    0.0000000000
  -0.0320207900    0.0372729100    0.0000000000
  -0.0319538600    0.0367743600    0.0000000000
  -0.0320575700    0.0388668400    0.0000000000
  -0.0333976300    0.0368433700    0.0000000000
   0.0340983000   -0.0496880900    0.0000000000
   0.0317660100   -0.0413235700    0.0000000000
   0.0317092500   -0.0369446800    0.0000000000
   0.0297304600   -0.0301628100    0.0000000000
   0.0313179800   -0.0387823700    0.0000000000
   0.0318690000   -0.0370811000    0.0000000000
   0.0328073600   -0.0365772600    0.0000000000
   0.0318259400   -0.0387189200    0.0000000000
   0.0325946600   -0.0365522900    0.0000000000
   0.0281189900    0.0511243000    0.0000000000
   0.0326305700    0.0368480000    0.0000000000
   0.0330443000    0.0387282700    0.0000000000
   0.0322698700    0.0377635400    0.0000000000
   0.0328532400    0.0367751800    0.0000000000
   0.0327791500    0.0387953000    0.0000000000
   0.0318920600    0.0368847000    0.0000000000
   0.0321704500    0.0370627500    0.0000000000
   0.0317373200    0.0386110500    0.0000000000
  -0.0330157900   -0.0419230300    0.0000000000
  -0.0327485800   -0.0356357300    0.0000000000
  -0.0318547600   -0.0365701100    0.0000000000
  -0.0328696900   -0.0434257900    0.0000000000
  -0.0327474100   -0.0368511700    0.0000000000
  -0.0320796300   -0.0368330400    0.0000000000
  -0.0314253200   -0.0391393400    0.0000000000
  -0.0327424900   -0.0365964300    0.0000000000
  -0.0314042300   -0.0367434700    0.0000000000
   0.0768484900   -0.2844621600    0.0000000000
  -0.0263369100    0.0160139600    0.0000000000
  -0.0232822000    0.0164902700    0.0000000000
  -0.0217795300    0.0153344000    0.0000000000
  -0.0261929300    0.0147139700    0.0000000000
  -0.0240855700    0.0150977300    0.0000000000
  -0.0214614800    0.0153328200    0.0000000000
  -0.0266406200    0.0146182300    0.0000000000
  -0.0243223900    0.0151922700    0.0000000000
   0.0245278500   -0.0132541200    0.0000000000
   0.0269684500   -0.0134833300    0.0000000000
   0.0209824800   -0.0146056300    0.0000000000
  -0.0476732700    0.0787885100    0.0000000000
   0.0267965900   -0.0159616000    0.0000000000
   0.0209934100   -0.0150028700    0.0000000000
   0.0242386900   -0.0156905200    0.0000000000
   0.0259731500   -0.0150281000    0.0000000000
   0.0212416300   -0.0144981400    0.0000000000
   0.0307954000    0.0295080000    0.0000000000
   0.0244699400    0.0151163400    0.0000000000
   0.0256759900    0.0136210000    0.0000000000
   0.0220241600    0.0142850400    0.0000000000
   0.0245459800    0.0154800000    0.0000000000
   0.0263406600    0.0156333700    0.0000000000
   0.0210550800    0.0142847100    0.0000000000
   0.0247046200    0.0154816200    0.0000000000
   0.0267794200    0.0156076600    0.0000000000
  -0.0292681200   -0.0140226000    0.0000000000
  -0.0259769600   -0.0145403600    0.0000000000
  -0.0213630500   -0.0149762200    0.0000000000
  -0.0288814000   -0.0131734300    0.0000000000
  -0.0213861200   -0.0135134200    0.0000000000
  -0.0214844200   -0.0145298700    0.0000000000
  -0.0261155800   -0.0148030100    0.0000000000
  -0.0240831400   -0.0152749400    0.0000000000
  -0.0214971600   -0.0150248900    0.0000000000
  -0.0178330100    0.0184000100   -0.0364375100
  -0.0000705000   -0.0024800700   -0.0211597800
   0.0003024500   -0.0022730300   -0.0210926800
  -0.0004462300   -0.0016683700   -0.0250386200
  -0.0003179500   -0.0023817500   -0.0210818900
   0.0000517900   -0.0024952200   -0.0213380800
   0.0001582100   -0.0010359100   -0.0247662400
  -0.0000323100   -0.0023926700   -0.0209719900
   0.0000867900   -0.0022454600   -0.0208913200
   0.0006431000    0.0005676600    0.0210205300
  -0.0001987800    0.0021613000    0.0208902900
   0.0001449200    0.0013170100    0.0246918600
  -0.0011412000    0.0040471600    0.0206547600
  -0.0002858800    0.0024450100    0.0212840200
   0.0000919400    0.0012330700    0.0248270400
  -0.0003075700    0.0025850100    0.0210432600
   0.0000838500    0.0024029700    0.0210516500
  -0.0000930500    0.0011575800    0.0246810100
  -0.0178330100    0.0184000100    0.0364375100
  -0.0000705000   -0.0024800700    0.0211597800
   0.0003024500   -0.0022730300    0.0210926800
  -0.0004462300   -0.0016683700    0.0250386200
  -0.0003179500   -0.0023817500    0.0210818900
   0.0000517900   -0.0024952200    0.0213380800
   0.0001582100   -0.0010359100    0.0247662400
  -0.0000323100   -0.0023926700    0.0209719900
   0.0000867900   -0.0022454600    0.0208913200
   0.0006431000    0.0005676600   -0.0210205300
  -0.0001987800    0.0021613000   -0.0208902900
   0.0001449200    0.0013170100   -0.0246918600
  -0.0011412000    0.0040471600   -0.0206547600
  -0.0002858800    0.0024450100   -0.0212840200
   0.0000919400    0.0012330700   -0.0248270400
  -0.0003075700    0.0025850100   -0.0210432600
   0.0000838500    0.0024029700   -0.0210516500
  -0.0000930500    0.0011575800   -0.0246810100
  -0.0006433800    0.0692494400    0.0000000000
   0.0051023700    0.0650891800    0.0000000000
  -0.0004183900    0.0532109400    0.0000000000
  -0.0006941100    0.0615523600    0.0000000000
   0.0050581500    0.0610284100    0.0000000000
  -0.0001673400    0.0534336800    0.0000000000
  -0.0046460100    0.0600878800    0.0000000000
   0.0045294600    0.0603389700    0.0000000000
  -0.0002923800    0.0537264200    0.0000000000
  -0.0267717600   -0.0335744100    0.0000000000
  -0.0041785500   -0.0599332600    0.0000000000
   0.0034440400   -0.0607785900    0.0000000000
   0.0006416700   -0.0519803600    0.0000000000
  -0.0039983800   -0.0603417600    0.0000000000
   0.0040713200   -0.0614602800    0.0000000000
   0.0000758000   -0.0535895100    0.0000000000
  -0.0043685000   -0.0602019500    0.0000000000
   0.0047363300   -0.0607155200    0.0000000000
   0.0009184000   -0.0073208700   -0.0030234100
  -0.0001330800   -0.0080429600   -0.0020517800
   0.0001830200   -0.0081559200   -0.0020365700
   0.0002031500   -0.0079579400   -0.0021526100
   0.0000613300   -0.0080524600   -0.0020465000
   0.0002841600   -0.0082706000   -0.0020032400
  -0.0000386200   -0.0080658100   -0.0021166400
  -0.0001094800   -0.0079945000   -0.0020369100
  -0.0000010300   -0.0081174100   -0.0020172500
  -0.0003772300    0.0086963600   -0.0020685900
  -0.0001607500    0.0085656400   -0.0019164700
  -0.0000695700    0.0080103800   -0.0021221800
   0.0006522400    0.0071918500   -0.0018228600
   0.0000570200    0.0081864400   -0.0020855000
   0.0000155000    0.0080254700   -0.0021280800
   0.0000417900    0.0080844500   -0.0020464400
   0.0000480400    0.0081815100   -0.0020356700
   0.0001161200    0.0080606800   -0.0020968100
   0.0009184000   -0.0073208700    0.0030234100
  -0.0001330800   -0.0080429600    0.0020517800
   0.0001830200   -0.0081559200    0.0020365700
   0.0002031500   -0.0079579400    0.0021526100
   0.0000613300   -0.0080524600    0.0020465000
   0.0002841600   -0.0082706000    0.0020032400
  -0.0000386200   -0.0080658100    0.0021166400
  -0.0001094800   -0.0079945000    0.0020369100
  -0.0000010300   -0.0081174100    0.0020172500
  -0.0003772300    0.0086963600    0.0020685900
  -0.0001607500    0.0085656400    0.0019164700
  -0.0000695700    0.0080103800    0.0021221800
   0.0006522400    0.0071918500    0.0018228600
   0.0000570200    0.0081864400    0.0020855000
   0.0000155000    0.0080254700    0.0021280800
   0.0000417900    0.0080844500    0.0020464400
   0.0000480400    0.0081815100    0.0020356700
   0.0001161200    0.0080606800    0.0020968100

37   
  0.0000000000000000  -0.0100000000000000   0.0000000000000000
  -0.0588254300   -0.0719166700    0.0000000000
  -0.0315334600    0.0386929400    0.0000000000
  -0.0336510700    0.0371003100    0.0000000000
  -0.0331069400    0.0353811000    0.0000000000
  -0.0320624500    0.0383775400    0.0000000000
  -0.0336844100    0.0361465600    0.0000000000
  -0.0322341800    0.0369018500    0.0000000000
  -0.0317915900    0.0392084100    0.0000000000
  -0.0323357100    0.0365606100    0.0000000000
   0.0316753200   -0.0238255000    0.0000000000
   0.0320071500   -0.0367827200    0.0000000000
   0.0324742200   -0.0367333300    0.0000000000
   0.0360060200   -0.0432751100    0.0000000000
   0.0324797900   -0.0393146900    0.0000000000
   0.0323513600   -0.0366065900    0.0000000000
   0.0329195900   -0.0368264300    0.0000000000
   0.0320256800   -0.0393588400    0.0000000000
   0.0316069200   -0.0371206700    0.0000000000
   0.0362490600    0.0225824100    0.0000000000
   0.0331138800    0.0365541300    0.0000000000
   0.0307750400    0.0393737900    0.0000000000
   0.0319569500    0.0359213900    0.0000000000
   0.0328745600    0.0366268900    0.0000000000
   0.0310710800    0.0393001200    0.0000000000
   0.0322987200    0.0367963200    0.0000000000
   0.0335406100    0.0363403700    0.0000000000
   0.0321023400    0.0394768100    0.0000000000
  -0.0308987300   -0.0362136800    0.0000000000
  -0.0329573600   -0.0377870000    0.0000000000
  -0.0323227600   -0.0370941400    0.0000000000
  -0.0309962500   -0.0347643000    0.0000000000
  -0.0329791300   -0.0365508800    0.0000000000
  -0.0321320300   -0.0368374100    0.0000000000
  -0.0324054600   -0.0389465300    0.0000000000
  -0.0329783500   -0.0368077000    0.0000000000
  -0.0327620100   -0.0369303300    0.0000000000
  -0.1152737600    0.3200077200    0.0000000000
  -0.0263009300    0.0140031700    0.0000000000
  -0.0253753400    0.0144796500    0.0000000000
  -0.0210521300    0.0142930400    0.0000000000
  -0.0264469800    0.0152937100    0.0000000000
  -0.0246007700    0.0158614400    0.0000000000
  -0.0213572800    0.0142912200    0.0000000000
  -0.0260197600    0.0153822900    0.0000000000
  -0.0243612300    0.0157726500    0.0000000000
   0.0241417300   -0.0176866900    0.0000000000
   0.0257019000   -0.0165326600    0.0000000000
   0.0218328300   -0.0150110300    0.0000000000
   0.0929527900   -0.1075184300    0.0000000000
   0.0258053300   -0.0140953400    0.0000000000
   0.0218219300   -0.0146147800    0.0000000000
   0.0244482900   -0.0152785700    0.0000000000
   0.0266721700   -0.0149903400    0.0000000000
   0.0215825000   -0.0151031200    0.0000000000
   0.0109589300   -0.0001106600    0.0000000000
   0.0242363200    0.0158413500    0.0000000000
   0.0269494900    0.0163491700    0.0000000000
   0.0208159000    0.0153217400    0.0000000000
   0.0241522400    0.0154908000    0.0000000000
   0.0263089300    0.0144231400    0.0000000000
   0.0217671900    0.0153205700    0.0000000000
   0.0240017100    0.0154942900    0.0000000000
   0.0258575900    0.0143975100    0.0000000000
  -0.0233632200   -0.0159557600    0.0000000000
  -0.0227169000   -0.0164734800    0.0000000000
  -0.0214690300   -0.0146512700    0.0000000000
  -0.0237574800   -0.0168801600    0.0000000000
  -0.0271962500   -0.0172188100    0.0000000000
  -0.0213406600   -0.0150852200    0.0000000000
  -0.0265290900   -0.0152128000    0.0000000000
  -0.0245956700   -0.0156857400    0.0000000000
  -0.0213312700   -0.0146044400    0.0000000000
   0.0186470500   -0.0213010500   -0.0120831000
  -0.0001808000   -0.0022820900   -0.0207485500
  -0.0000535800   -0.0024830800   -0.0208185200
   0.0004308400   -0.0005714100   -0.0241317300
   0.0000646400   -0.0023876100   -0.0208188500
   0.0001959800   -0.0022735800   -0.0205783900
  -0.0001530200   -0.0011841300   -0.0243931000
  -0.0002101300   -0.0023677400   -0.0209269600
   0.0001660600   -0.0025063900   -0.0210108100
  -0.0008485700    0.0041886700    0.0209014400
   0.0004607800    0.0026195900    0.0210297000
  -0.0001360900    0.0009092300    0.0244616800
   0.0008232200    0.0007794500    0.0212640000
   0.0005213600    0.0023123700    0.0206174700
  -0.0000847500    0.0009860300    0.0243313300
   0.0000643300    0.0021805300    0.0208574400
   0.0001601300    0.0023564600    0.0208474200
   0.0000951500    0.0010692600    0.0244752800
   0.0186470500   -0.0213010500    0.0120831000
  -0.0001808000   -0.0022820900    0.0207485500
  -0.0000535800   -0.0024830800    0.0208185200
   0.0004308400   -0.0005714100    0.0241317300
   0.0000646400   -0.0023876100    0.0208188500
   0.0001959800   -0.0022735800    0.0205783900
  -0.0001530200   -0.0011841300    0.0243931000
  -0.0002101300   -0.0023677400    0.0209269600
   0.0001660600   -0.0025063900    0.0210108100
  -0.0008485700    0.0041886700   -0.0209014400
   0.0004607800    0.0026195900   -0.0210297000
  -0.0001360900    0.0009092300   -0.0244616800
   0.0008232200    0.0007794500   -0.0212640000
   0.0005213600    0.0023123700   -0.0206174700
  -0.0000847500    0.0009860300   -0.0243313300
   0.0000643300    0.0021805300   -0.0208574400
   0.0001601300    0.0023564600   -0.0208474200
   0.0000951500    0.0010692600   -0.0244752800
  -0.0081249600    0.0520430700    0.0000000000
   0.0037601900    0.0561175600    0.0000000000
   0.0003902300    0.0546262100    0.0000000000
  -0.0080678300    0.0596170600    0.0000000000
   0.0037569500    0.0601156800    0.0000000000
   0.0001567000    0.0544189400    0.0000000000
  -0.0041873300    0.0610844900    0.0000000000
   0.0043067600    0.0608437300    0.0000000000
   0.0002836300    0.0541094800    0.0000000000
   0.0268632900   -0.0745663500    0.0000000000
  -0.0046362700   -0.0612178000    0.0000000000
   0.0054131500   -0.0603831100    0.0000000000
  -0.0005936000   -0.0557626400    0.0000000000
  -0.0048144800   -0.0608107700    0.0000000000
   0.0047537100   -0.0597343700    0.0000000000
  -0.0000720500   -0.0542441000    0.0000000000
  -0.0044575900   -0.0609640200    0.0000000000
   0.0041042700   -0.0604608500    0.0000000000
  -0.0010815000   -0.0087154300   -0.0011395800
   0.0001002700   -0.0081841400   -0.0019890900
  -0.0001426800   -0.0080755500   -0.0020043100
  -0.0001947100   -0.0081491000   -0.0020288200
  -0.0000901300   -0.0081727400   -0.0019939000
  -0.0002378300   -0.0079646900   -0.0020356300
   0.0000405300   -0.0080439900   -0.0020642800
   0.0000712200   -0.0082316900   -0.0020026000
   0.0000395200   -0.0081138800   -0.0020220700
   0.0003429500    0.0075496700   -0.0019715100
   0.0001868200    0.0076729800   -0.0021231500
   0.0000702000    0.0080990500   -0.0020574100
  -0.0006560900    0.0090043000   -0.0022124100
  -0.0000173800    0.0080476000   -0.0019557400
  -0.0000126700    0.0080878800   -0.0020524300
  -0.0000769600    0.0081460400   -0.0019936600
  -0.0000055300    0.0080522300   -0.0020037700
  -0.0001115300    0.0080492700   -0.0020827700
  -0.0010815000   -0.0087154300    0.0011395800
   0.0001002700   -0.0081841400    0.0019890900
  -0.0001426800   -0.0080755500    0.0020043100
  -0.0001947100   -0.0081491000    0.0020288200
  -0.0000901300   -0.0081727400    0.0019939000
  -0.0002378300   -0.0079646900    0.0020356300
   0.0000405300   -0.0080439900    0.0020642800
   0.0000712200   -0.0082316900    0.0020026000
   0.0000395200   -0.0081138800    0.0020220700
   0.0003429500    0.0075496700    0.0019715100
   0.0001868200    0.0076729800    0.0021231500
   0.0000702000    0.0080990500    0.0020574100
  -0.0006560900    0.0090043000    0.0022124100
  -0.0000173800    0.0080476000    0.0019557400
  -0.0000126700    0.0080878800    0.0020524300
  -0.0000769600    0.0081460400    0.0019936600
  -0.0000055300    0.0080522300    0.0020037700
  -0.0001115300    0.0080492700    0.0020827700

73   
  0.0068035693921587   0.0073288091478822   0.0000000000000000
  -0.0189998200    0.0470260000    0.0086351600
  -0.0323971000    0.0390783800    0.0006174500
  -0.0326884200    0.0366945500    0.0001449900
  -0.0320302800    0.0365849100    0.0006128500
  -0.0319461100    0.0389890600   -0.0002073600
  -0.0327303500    0.0366837000    0.0009214900
  -0.0321199600    0.0370604200    0.0005985200
  -0.0317870100    0.0389306700    0.0000847300
  -0.0329929000    0.0369935900    0.0008220400
   0.0404064200   -0.0282916300    0.0114698400
   0.0298283800   -0.0380077300   -0.0039853000
   0.0324401900   -0.0368287800    0.0002896500
   0.0326192800   -0.0373216600    0.0015172300
   0.0319673900   -0.0382697200    0.0002687800
   0.0319470000   -0.0369246500    0.0005663900
   0.0328904800   -0.0366942100    0.0007437800
   0.0318849000   -0.0390806500   -0.0004640400
   0.0321877900   -0.0368292500    0.0004553000
   0.0411873600    0.0387754600   -0.0030003900
   0.0329189500    0.0366367800    0.0008554800
   0.0297524000    0.0394130100   -0.0007498100
   0.0323415200    0.0364640700    0.0001574100
   0.0330282300    0.0367198400    0.0005713600
   0.0318845200    0.0389206700   -0.0005170400
   0.0318947000    0.0367952400    0.0002949000
   0.0329048200    0.0366868800    0.0009653100
   0.0318214800    0.0389346600   -0.0001694900
  -0.0310657600   -0.0385941500    0.0008860600
  -0.0341603200   -0.0329929600    0.0080651500
  -0.0320620900   -0.0367624300    0.0011034500
  -0.0321586600   -0.0394890500    0.0000641600
  -0.0328674800   -0.0375892500    0.0010120700
  -0.0321493200   -0.0368162800    0.0005014200
  -0.0317946900   -0.0391604500   -0.0002775400
  -0.0326504800   -0.0368931600    0.0008236100
  -0.0320920800   -0.0369651000    0.0000019500
  -0.0247852400    0.0168658000   -0.0046716800
  -0.0261116800    0.0152002300   -0.0014129000
  -0.0240210400    0.0154470600   -0.0025730500
  -0.0213189000    0.0149707300    0.0011431700
  -0.0263653100    0.0150816400   -0.0010744400
  -0.0243300600    0.0155387000   -0.0021066200
  -0.0209347200    0.0141086400    0.0010732300
  -0.0266292400    0.0148755300   -0.0000351800
  -0.0243940300    0.0153589400   -0.0019361000
   0.0241778900   -0.0163095500   -0.0017291100
   0.0261293600   -0.0153906400   -0.0018927200
   0.0213126200   -0.0145644100    0.0010884800
   0.0250118100   -0.0149384600   -0.0020361800
   0.0252022900   -0.0152272100   -0.0004735800
   0.0212164700   -0.0146558000    0.0013950300
   0.0243704300   -0.0154589500   -0.0020925600
   0.0264614900   -0.0150152200   -0.0009868700
   0.0213966200   -0.0148442100    0.0010187700
   0.0473150800    0.0424194000   -0.0206003000
   0.0246249100    0.0153687300   -0.0012108500
   0.0262152000    0.0149645400   -0.0001522600
   0.0212630800    0.0147561900    0.0008812300
   0.0243598700    0.0154109500   -0.0022851500
   0.0264099700    0.0151298200   -0.0009470800
   0.0212003600    0.0147002000    0.0010654000
   0.0244015500    0.0156162200   -0.0022117000
   0.0263180600    0.0149694400   -0.0011341600
  -0.0253267600   -0.0149494400   -0.0009392900
  -0.0245272000   -0.0173388600    0.0012953200
  -0.0216849800   -0.0147588200    0.0014747500
  -0.0266464200   -0.0146908300   -0.0014518000
  -0.0220136600   -0.0135912500   -0.0058807900
  -0.0213460500   -0.0147818000    0.0008154300
  -0.0263836000   -0.0149698900   -0.0009847300
  -0.0243951900   -0.0152124500   -0.0019423900
  -0.0213502500   -0.0147167600    0.0009334700
  -0.0735721600   -0.0786077400    0.0094474100
   0.0022997900   -0.0028801700   -0.0230534600
  -0.0008655600   -0.0028999300   -0.0225920100
  -0.0002018300   -0.0025083900   -0.0229418700
   0.0016513200   -0.0031904200   -0.0228582600
  -0.0016843800   -0.0032291300   -0.0229776200
  -0.0002038000   -0.0025095900   -0.0229460400
   0.0015435500   -0.0032761900   -0.0231788100
  -0.0015823300   -0.0031295600   -0.0230684700
  -0.0021447900    0.0017630300    0.0177117800
   0.0051766100    0.0051543800    0.0192085000
   0.0003428500   -0.0001584100    0.0261814400
  -0.0019968700    0.0013428600    0.0186630600
   0.0020275500    0.0016778900    0.0188100000
  -0.0001115500   -0.0003685400    0.0261983800
  -0.0019061100    0.0016335200    0.0189746200
   0.0018893900    0.0017536900    0.0190049500
  -0.0001739700   -0.0003129700    0.0264042300
   0.0014308500    0.0033064600    0.0291879900
  -0.0025888400   -0.0020976200    0.0189333500
   0.0016159400   -0.0025845100    0.0194797300
   0.0000620400    0.0004503400    0.0262035700
  -0.0018271100   -0.0014223400    0.0190753300
   0.0018238400   -0.0015633200    0.0189147400
   0.0000599800    0.0004537600    0.0264948600
  -0.0019078800   -0.0015017100    0.0187284200
   0.0019063800   -0.0014842500    0.0188521200
   0.0005446100    0.0026196900   -0.0241702800
  -0.0037240400    0.0016025600   -0.0228376700
  -0.0002252900    0.0022254600   -0.0230515000
   0.0019168600    0.0035352800   -0.0231583600
  -0.0017834900    0.0030536700   -0.0235478500
   0.0002224200    0.0025909200   -0.0230116100
   0.0015899800    0.0032246500   -0.0230037500
  -0.0017877300    0.0030391000   -0.0229258700
   0.0000987700    0.0025225200   -0.0228725400
  -0.0043399900    0.0635726900    0.0050328900
   0.0063570500    0.0584069200   -0.0042694100
  -0.0003902900    0.0541219200   -0.0020284600
  -0.0041563100    0.0609313000    0.0026099900
   0.0051286800    0.0608712300    0.0029147100
  -0.0001082100    0.0539559300   -0.0015225400
  -0.0044079500    0.0605531800    0.0026611000
   0.0044461800    0.0605357000    0.0024880400
  -0.0000004500    0.0540742300   -0.0015697400
   0.0044381400   -0.0548689400   -0.0101336600
  -0.0041234200   -0.0602708900    0.0019070200
   0.0044991600   -0.0597448600    0.0013435400
   0.0000148600   -0.0538097800   -0.0014378900
  -0.0044880300   -0.0604993400    0.0025552100
   0.0044235000   -0.0605232900    0.0027546200
   0.0001210500   -0.0537981300   -0.0018636200
  -0.0044754000   -0.0605075200    0.0026280100
   0.0046653200   -0.0605498800    0.0026830900
   0.0000885600   -0.0083897500   -0.0014445700
   0.0000195300   -0.0080315300   -0.0015688000
  -0.0001200800   -0.0079676400   -0.0016177900
   0.0000281900   -0.0080113500   -0.0015466300
  -0.0000038500   -0.0080999400   -0.0015748900
   0.0000365400   -0.0080954500   -0.0015657600
   0.0000218800   -0.0079949900   -0.0015811600
   0.0000097500   -0.0080890200   -0.0015687300
   0.0000159600   -0.0080714800   -0.0015704800
   0.0006436600    0.0084182400   -0.0014191800
  -0.0004057500    0.0077418400   -0.0015924500
  -0.0000157800    0.0080467400   -0.0015558300
  -0.0000653600    0.0080729100   -0.0015614000
   0.0000981100    0.0083326400   -0.0015886700
  -0.0000180500    0.0080625700   -0.0015572900
   0.0000056900    0.0081089100   -0.0015756400
   0.0000397700    0.0081133400   -0.0015774200
   0.0000340600    0.0080529000   -0.0015577900
   0.0135817100    0.0069716700   -0.0091196500
   0.0000091700   -0.0080386800    0.0024993400
  -0.0000828000   -0.0079845800    0.0025013300
   0.0000318000   -0.0081044000    0.0026320400
  -0.0000298000   -0.0081113500    0.0024769500
   0.0000577600   -0.0080920500    0.0024777200
   0.0000329600   -0.0081341700    0.0026412900
  -0.0000283000   -0.0080754500    0.0024841700
   0.0000454700   -0.0080632500    0.0024807900
   0.0005303000    0.0084223600    0.0024049000
  -0.0001634100    0.0079954800    0.0024906400
   0.0000024200    0.0081574500    0.0026305100
  -0.0000963900    0.0081412600    0.0024958600
   0.0001034900    0.0082872100    0.0025676500
  -0.0000334500    0.0081514700    0.0026324500
  -0.0000102200    0.0081095000    0.0024835800
   0.0000642900    0.0081140500    0.0024823400
   0.0000175400    0.0081341200    0.0026287800

73   
 -0.0068035693921587  -0.0073288091478822   0.0000000000000000
  -0.0464310200    0.0263209900   -0.0091134900
  -0.0314515300    0.0390247700   -0.0010058400
  -0.0330671800    0.0367025600    0.0012714300
  -0.0321654000    0.0370946400    0.0001430900
  -0.0318977000    0.0391018500   -0.0002089900
  -0.0330028500    0.0367186000    0.0005008400
  -0.0320742500    0.0366243100    0.0001575400
  -0.0320650300    0.0391483300   -0.0004694100
  -0.0327405900    0.0364105300    0.0005916700
   0.0253221800   -0.0452563200   -0.0100737100
   0.0339603400   -0.0400988600    0.0035865700
   0.0317125500   -0.0368526600    0.0004782500
   0.0331057100   -0.0360747800   -0.0000856600
   0.0318690600   -0.0398319000   -0.0006050100
   0.0322506900   -0.0367370500    0.0001915000
   0.0328281700   -0.0367073600    0.0006805000
   0.0319516000   -0.0390049900    0.0000806400
   0.0319975800   -0.0368438600    0.0003066600
   0.0233086700    0.0346870100    0.0035025900
   0.0328245100    0.0367594000    0.0005571000
   0.0340982300    0.0386772000    0.0003491100
   0.0318170300    0.0372216500    0.0005956500
   0.0326937500    0.0366866600    0.0008593200
   0.0319327100    0.0391704800    0.0001269300
   0.0322897600    0.0368907600    0.0004615900
   0.0328253500    0.0367175300    0.0004529400
   0.0320223800    0.0391462300   -0.0002183500
  -0.0327553000   -0.0395026100   -0.0012700800
  -0.0316965300   -0.0404165800   -0.0064830300
  -0.0320904900   -0.0369175500   -0.0003355000
  -0.0316662200   -0.0385948200   -0.0004300600
  -0.0328512800   -0.0358111600    0.0004416100
  -0.0320532000   -0.0368518900    0.0002578700
  -0.0320503000   -0.0389205100   -0.0001068100
  -0.0330764800   -0.0365089100    0.0005981500
  -0.0321034600   -0.0367077300    0.0007533800
  -0.0179917200    0.0125860000    0.0068604600
  -0.0265305700    0.0148059800   -0.0004266000
  -0.0246559200    0.0155215100   -0.0017426700
  -0.0215051800    0.0146518000    0.0010214000
  -0.0262818800    0.0149475900   -0.0007740600
  -0.0243593900    0.0154353800   -0.0022250000
  -0.0218812900    0.0155115300    0.0010879400
  -0.0260306900    0.0151357100   -0.0018085200
  -0.0243039900    0.0156162400   -0.0023952000
   0.0244936500   -0.0146722600   -0.0025993900
   0.0265350700   -0.0146034900    0.0000827400
   0.0215028100   -0.0150517900    0.0010705200
   0.0236577000   -0.0159928000   -0.0022519200
   0.0274350500   -0.0147727000   -0.0013609300
   0.0215916800   -0.0149557100    0.0007602200
   0.0243064200   -0.0154992500   -0.0022346300
   0.0261799400   -0.0149952000   -0.0008472400
   0.0214170200   -0.0147749800    0.0011498100
  -0.0035946200   -0.0114847000    0.0211009100
   0.0240434600    0.0155995500   -0.0031115800
   0.0264382700    0.0150636000   -0.0016961200
   0.0215575800    0.0148688000    0.0012793400
   0.0243184400    0.0155609700   -0.0020539800
   0.0262317500    0.0148940800   -0.0008873100
   0.0216069600    0.0149181800    0.0010937300
   0.0242927200    0.0153593700   -0.0021192300
   0.0263309600    0.0150441900   -0.0007151400
  -0.0273545900   -0.0150549800   -0.0008491300
  -0.0241407600   -0.0136597100   -0.0055954700
  -0.0211433500   -0.0148544800    0.0006823700
  -0.0260095000   -0.0153241300   -0.0003813600
  -0.0266088500   -0.0173125200    0.0015735300
  -0.0214694600   -0.0148323300    0.0013447400
  -0.0262650200   -0.0150439300   -0.0008482100
  -0.0242933700   -0.0157491800   -0.0023854800
  -0.0214696600   -0.0148970700    0.0012341900
   0.0742657500    0.0727412100   -0.0483091400
   0.0008717700   -0.0035090500   -0.0228228000
  -0.0023305900   -0.0034939800   -0.0232755600
   0.0002007400   -0.0024717300   -0.0227607000
   0.0015257600   -0.0032108100   -0.0230105100
  -0.0014910000   -0.0031664900   -0.0228903800
   0.0001991000   -0.0024716700   -0.0227580100
   0.0016228000   -0.0031081000   -0.0226896500
  -0.0015942400   -0.0032559000   -0.0227983000
  -0.0015494500    0.0013261500    0.0201778100
  -0.0014924600   -0.0020251300    0.0187073200
  -0.0003483700   -0.0003812900    0.0264258400
  -0.0016636900    0.0017780100    0.0192624300
   0.0016402000    0.0014428500    0.0190876900
   0.0001096000   -0.0001722500    0.0264097400
  -0.0017629900    0.0015016300    0.0189555900
   0.0017728500    0.0013816700    0.0189250100
   0.0001665700   -0.0002127700    0.0262065700
  -0.0015349500   -0.0027424100    0.0240077200
  -0.0010918100   -0.0010276400    0.0190065100
   0.0020605900   -0.0005371800    0.0184563800
  -0.0000603600    0.0000851900    0.0264145000
  -0.0018520000   -0.0016936800    0.0188638600
   0.0018421700   -0.0015605500    0.0190100400
  -0.0000620000    0.0000898400    0.0261253900
  -0.0017629100   -0.0016169400    0.0192007100
   0.0017543000   -0.0016381000    0.0190821400
   0.0026420600    0.0037992100   -0.0217734500
   0.0005297700    0.0047853000   -0.0230963400
   0.0002229300    0.0027837200   -0.0226564400
   0.0012506500    0.0028731500   -0.0227341600
  -0.0013885300    0.0033752400   -0.0223754500
  -0.0002301800    0.0023979100   -0.0226805300
   0.0015848600    0.0031772000   -0.0228721200
  -0.0013939100    0.0033629100   -0.0229493300
  -0.0001006800    0.0024663000   -0.0228256000
  -0.0045748500    0.0576075800    0.0002292100
   0.0025275000    0.0628471900    0.0095117800
   0.0003793400    0.0537332600   -0.0012617700
  -0.0046824700    0.0602396800    0.0026303900
   0.0036904400    0.0602988700    0.0023461700
   0.0001038000    0.0538971400   -0.0017797700
  -0.0044339700    0.0606300700    0.0025710000
   0.0043857300    0.0606472400    0.0027457500
  -0.0000021300    0.0537760100   -0.0017392500
  -0.0044861300   -0.0536136800    0.0063260400
  -0.0047335700   -0.0608661600    0.0033210300
   0.0043729100   -0.0614053000    0.0038888800
  -0.0000132000   -0.0540073500   -0.0018653100
  -0.0043510900   -0.0606687900    0.0026812100
   0.0044082500   -0.0606354100    0.0024814400
  -0.0001248600   -0.0540281400   -0.0014416200
  -0.0043659200   -0.0606626300    0.0026062400
   0.0041646100   -0.0606177300    0.0025484700
  -0.0000555400   -0.0076676600   -0.0016866600
  -0.0000383300   -0.0081888300   -0.0015495100
   0.0001316600   -0.0082530900   -0.0015010200
  -0.0000340000   -0.0080068100   -0.0015498400
  -0.0000169300   -0.0081229300   -0.0015439600
  -0.0000261000   -0.0081248800   -0.0015532700
  -0.0000264900   -0.0080253300   -0.0015145900
  -0.0000311800   -0.0081331100   -0.0015499100
  -0.0000015200   -0.0081499900   -0.0015468100
  -0.0006510400    0.0078253000   -0.0016989700
   0.0003978100    0.0085075100   -0.0015242500
   0.0000128400    0.0079833500   -0.0015393300
   0.0000453900    0.0081589000   -0.0015575900
  -0.0000863600    0.0078959200   -0.0015282500
   0.0000144500    0.0079698000   -0.0015379000
  -0.0000277900    0.0081246900   -0.0015419200
  -0.0000261600    0.0081195400   -0.0015418200
  -0.0000379200    0.0079776100   -0.0015381200
  -0.0134463300   -0.0229886100    0.0127496000
  -0.0000695300   -0.0081865400    0.0024607800
   0.0001367200   -0.0082398600    0.0024592100
  -0.0000381400   -0.0080834300    0.0026320900
  -0.0000336400   -0.0081169100    0.0024828800
  -0.0000058100   -0.0081335200    0.0024827800
  -0.0000374500   -0.0080557700    0.0026219400
  -0.0000343500   -0.0081522000    0.0024757600
   0.0000096100   -0.0081641700    0.0024776000
  -0.0005839300    0.0078241200    0.0025596500
   0.0002009700    0.0082590000    0.0024704900
  -0.0000056100    0.0080421800    0.0026327400
   0.0000356900    0.0080954400    0.0024657700
  -0.0000542800    0.0079433200    0.0023946800
   0.0000298600    0.0080508100    0.0026303300
  -0.0000537200    0.0081292900    0.0024755600
  -0.0000091100    0.0081241800    0.0024785200
  -0.0000216400    0.0080657900    0.0026349300

73   
  0.0000000000000000   0.0000000000000000   0.0100000000000000
  -0.0236467000    0.0386061200    0.0277807800
  -0.0314434500    0.0392459300   -0.0008268600
  -0.0323308700    0.0367128800    0.0005250900
  -0.0317655100    0.0372767100    0.0002638400
  -0.0321128700    0.0392741200   -0.0005604100
  -0.0327750600    0.0367865500    0.0008851900
  -0.0319056700    0.0369381600    0.0004213500
  -0.0318789700    0.0391127300   -0.0002067700
  -0.0326084100    0.0368266700    0.0005459200
   0.0322026700   -0.0365129900    0.0044578600
   0.0314249200   -0.0393225700   -0.0005038500
   0.0317313100   -0.0367507100    0.0007630100
   0.0327588800   -0.0363045200    0.0012826200
   0.0323926500   -0.0390677400    0.0007448800
   0.0318334100   -0.0370893200    0.0004832600
   0.0326793900   -0.0367792000    0.0007774800
   0.0318507300   -0.0391199900   -0.0002331100
   0.0318308800   -0.0369591400    0.0004414300
   0.0236467000    0.0386061200    0.0277807800
   0.0323308700    0.0367128800    0.0005250900
   0.0314434500    0.0392459300   -0.0008268600
   0.0317655100    0.0372767100    0.0002638400
   0.0327750600    0.0367865500    0.0008851900
   0.0321128700    0.0392741200   -0.0005604100
   0.0319056700    0.0369381600    0.0004213500
   0.0326084100    0.0368266700    0.0005459200
   0.0318789700    0.0391127300   -0.0002067700
  -0.0314249200   -0.0393225700   -0.0005038500
  -0.0322026700   -0.0365129900    0.0044578600
  -0.0317313100   -0.0367507100    0.0007630100
  -0.0323926500   -0.0390677400    0.0007448800
  -0.0327588800   -0.0363045200    0.0012826200
  -0.0318334100   -0.0370893200    0.0004832600
  -0.0318507300   -0.0391199900   -0.0002331100
  -0.0326793900   -0.0367792000    0.0007774800
  -0.0318308800   -0.0369591400    0.0004414300
  -0.0104991300    0.0031155900    0.0409032600
  -0.0262166900    0.0148582300   -0.0011110600
  -0.0243025900    0.0152619000   -0.0017793100
  -0.0213861200    0.0146102100    0.0011480100
  -0.0262039500    0.0150531700   -0.0011583000
  -0.0242733900    0.0154427800   -0.0024146200
  -0.0211184700    0.0143330800    0.0010613800
  -0.0262629800    0.0146192000   -0.0010465100
  -0.0242638800    0.0153365700   -0.0021860800
   0.0248590500   -0.0154596100   -0.0015809100
   0.0267159900   -0.0150975400   -0.0003222300
   0.0213096900   -0.0147072600    0.0011194600
   0.0234419400   -0.0157956900   -0.0029048400
   0.0265783100   -0.0146914500   -0.0008941700
   0.0212219100   -0.0145746300    0.0010085000
   0.0242608200   -0.0154039800   -0.0021237800
   0.0262554400   -0.0149198800   -0.0009410400
   0.0213705200   -0.0147233000    0.0012981800
   0.0104991300    0.0031155900    0.0409032600
   0.0243025900    0.0152619000   -0.0017793100
   0.0262166900    0.0148582300   -0.0011110600
   0.0213861200    0.0146102100    0.0011480100
   0.0242733900    0.0154427800   -0.0024146200
   0.0262039500    0.0150531700   -0.0011583000
   0.0211184700    0.0143330800    0.0010613800
   0.0242638800    0.0153365700   -0.0021860800
   0.0262629800    0.0146192000   -0.0010465100
  -0.0267159900   -0.0150975400   -0.0003222300
  -0.0248590500   -0.0154596100   -0.0015809100
  -0.0213096900   -0.0147072600    0.0011194600
  -0.0265783100   -0.0146914500   -0.0008941700
  -0.0234419400   -0.0157956900   -0.0029048400
  -0.0212219100   -0.0145746300    0.0010085000
  -0.0262554400   -0.0149198800   -0.0009410400
  -0.0242608200   -0.0154039800   -0.0021237800
  -0.0213705200   -0.0147233000    0.0012981800
   0.0000000000    0.0378239200   -0.4515362000
   0.0019223000   -0.0030526500   -0.0230576500
  -0.0019223000   -0.0030526500   -0.0230576500
   0.0000000000   -0.0026240000   -0.0232587500
   0.0016693200   -0.0034661700   -0.0230841500
  -0.0016693200   -0.0034661700   -0.0230841500
   0.0000000000   -0.0026207800   -0.0232594500
   0.0014984900   -0.0031783700   -0.0230811100
  -0.0014984900   -0.0031783700   -0.0230811100
  -0.0029348600    0.0008788800    0.0179084400
   0.0029348600    0.0008788800    0.0179084400
   0.0000000000   -0.0004427600    0.0261818600
  -0.0019455700    0.0012551700    0.0191438300
   0.0019455700    0.0012551700    0.0191438300
   0.0000000000   -0.0004192900    0.0265397200
  -0.0018568200    0.0015947000    0.0192025800
   0.0018568200    0.0015947000    0.0192025800
   0.0000000000   -0.0001365300    0.0264273900
   0.0000000000   -0.0032054200    0.0722336000
  -0.0022391400   -0.0019213500    0.0197137500
   0.0022391400   -0.0019213500    0.0197137500
   0.0000000000   -0.0000129100    0.0266154400
  -0.0019231800   -0.0013509100    0.0193477600
   0.0019231800   -0.0013509100    0.0193477600
   0.0000000000    0.0003882800    0.0266162200
  -0.0017223200   -0.0016292800    0.0193443700
   0.0017223200   -0.0016292800    0.0193443700
   0.0025496900    0.0038966300   -0.0260081400
  -0.0025496900    0.0038966300   -0.0260081400
   0.0000000000    0.0027374000   -0.0232867600
   0.0013156400    0.0037215100   -0.0246317100
  -0.0013156400    0.0037215100   -0.0246317100
   0.0000000000    0.0026942500   -0.0231412900
   0.0016449700    0.0032121600   -0.0231188600
  -0.0016449700    0.0032121600   -0.0231188600
   0.0000000000    0.0025002100   -0.0231348900
  -0.0045946400    0.0599448500    0.0028823000
   0.0045946400    0.0599448500    0.0028823000
   0.0000000000    0.0533670800   -0.0013034900
  -0.0044129000    0.0605946000    0.0032563200
   0.0044129000    0.0605946000    0.0032563200
   0.0000000000    0.0537153100   -0.0013835700
  -0.0044201900    0.0604221700    0.0025876600
   0.0044201900    0.0604221700    0.0025876600
   0.0000000000    0.0536086700   -0.0015055500
   0.0000000000   -0.0555918800    0.0082637600
  -0.0042625800   -0.0601635900    0.0020386200
   0.0042625800   -0.0601635900    0.0020386200
   0.0000000000   -0.0537470700   -0.0013563400
  -0.0044612100   -0.0606839900    0.0027923400
   0.0044612100   -0.0606839900    0.0027923400
   0.0000000000   -0.0536557200   -0.0014966200
  -0.0043909800   -0.0604513300    0.0025722900
   0.0043909800   -0.0604513300    0.0025722900
   0.0000000000   -0.0062333600    0.0018629100
  -0.0000159900   -0.0081067200   -0.0015807300
   0.0000159900   -0.0081067200   -0.0015807300
   0.0000000000   -0.0080064000   -0.0015619700
  -0.0000536200   -0.0081618700   -0.0015451100
   0.0000536200   -0.0081618700   -0.0015451100
   0.0000000000   -0.0080027400   -0.0015595500
  -0.0000435600   -0.0081058500   -0.0015584500
   0.0000435600   -0.0081058500   -0.0015584500
   0.0001155300    0.0081131800   -0.0015305800
  -0.0001155300    0.0081131800   -0.0015305800
   0.0000000000    0.0079383400   -0.0015389300
   0.0000306600    0.0080015600   -0.0015746000
  -0.0000306600    0.0080015600   -0.0015746000
   0.0000000000    0.0079945500   -0.0015486600
  -0.0000149100    0.0080889900   -0.0015537900
   0.0000149100    0.0080889900   -0.0015537900
   0.0000000000    0.0079569800   -0.0015384300
   0.0000000000   -0.0230246000    0.2345885700
  -0.0000655600   -0.0080894800    0.0026487700
   0.0000655600   -0.0080894800    0.0026487700
   0.0000000000   -0.0080860200    0.0027868200
  -0.0000872300   -0.0081639300    0.0025635100
   0.0000872300   -0.0081639300    0.0025635100
   0.0000000000   -0.0080878200    0.0027816500
  -0.0000464000   -0.0081223200    0.0025753900
   0.0000464000   -0.0081223200    0.0025753900
   0.0001170300    0.0083097500    0.0029084800
  -0.0001170300    0.0083097500    0.0029084800
   0.0000000000    0.0080376700    0.0027417200
   0.0001275800    0.0078991000    0.0028015200
  -0.0001275800    0.0078991000    0.0028015200
   0.0000000000    0.0080864200    0.0027371000
  -0.0000428000    0.0080951700    0.0025744600
   0.0000428000    0.0080951700    0.0025744600
   0.0000000000    0.0080249000    0.0027233700

73   
  0.0000000000000000   0.0000000000000000  -0.0100000000000000
  -0.0417100500    0.0347423100   -0.0275975000
  -0.0323576800    0.0388392000    0.0004439900
  -0.0334149100    0.0366708300    0.0009023800
  -0.0324175300    0.0363815000    0.0004998300
  -0.0317150100    0.0387914000    0.0001727800
  -0.0329450400    0.0365954800    0.0005487300
  -0.0322787700    0.0367290000    0.0003448800
  -0.0319580100    0.0389350400   -0.0001703700
  -0.0331331800    0.0365638700    0.0008828900
   0.0337105300   -0.0368733100   -0.0029766100
   0.0323998400   -0.0387791700    0.0001439100
   0.0324572600   -0.0369551500    0.0000080900
   0.0329679300   -0.0371076800    0.0001626600
   0.0314336200   -0.0390565300   -0.0010979800
   0.0323580300   -0.0365916400    0.0002865100
   0.0330449900   -0.0366367400    0.0006578100
   0.0319799100   -0.0389831800   -0.0001390100
   0.0323711100   -0.0367283300    0.0003288000
   0.0417100500    0.0347423100   -0.0275975000
   0.0334149100    0.0366708300    0.0009023800
   0.0323576800    0.0388392000    0.0004439900
   0.0324175300    0.0363815000    0.0004998300
   0.0329450400    0.0365954800    0.0005487300
   0.0317150100    0.0387914000    0.0001727800
   0.0322787700    0.0367290000    0.0003448800
   0.0331331800    0.0365638700    0.0008828900
   0.0319580100    0.0389350400   -0.0001703700
  -0.0323998400   -0.0387791700    0.0001439100
  -0.0337105300   -0.0368733100   -0.0029766100
  -0.0324572600   -0.0369551500    0.0000080900
  -0.0314336200   -0.0390565300   -0.0010979800
  -0.0329679300   -0.0371076800    0.0001626600
  -0.0323580300   -0.0365916400    0.0002865100
  -0.0319799100   -0.0389831800   -0.0001390100
  -0.0330449900   -0.0366367400    0.0006578100
  -0.0323711100   -0.0367283300    0.0003288000
  -0.0330709100    0.0274843800   -0.0395505500
  -0.0264327200    0.0151468600   -0.0007129500
  -0.0243669900    0.0156887200   -0.0025380800
  -0.0214326700    0.0149976600    0.0010261800
  -0.0264413500    0.0149493500   -0.0006705200
  -0.0244083800    0.0155026600   -0.0019084300
  -0.0216965200    0.0152554800    0.0011079000
  -0.0263974300    0.0153942100   -0.0007867000
  -0.0244321200    0.0156156900   -0.0021307500
   0.0238232700   -0.0155666000   -0.0027345100
   0.0259287300   -0.0149454700   -0.0014893800
   0.0215103200   -0.0149220900    0.0010502600
   0.0252582200   -0.0151705400   -0.0013645200
   0.0260829300   -0.0153452100   -0.0009286800
   0.0215929000   -0.0150583300    0.0011611300
   0.0244237000   -0.0155756500   -0.0021941400
   0.0263887200   -0.0151100600   -0.0008831300
   0.0214423700   -0.0149156600    0.0008764300
   0.0330709100    0.0274843800   -0.0395505500
   0.0243669900    0.0156887200   -0.0025380800
   0.0264327200    0.0151468600   -0.0007129500
   0.0214326700    0.0149976600    0.0010261800
   0.0244083800    0.0155026600   -0.0019084300
   0.0264413500    0.0149493500   -0.0006705200
   0.0216965200    0.0152554800    0.0011079000
   0.0244321200    0.0156156900   -0.0021307500
   0.0263974300    0.0153942100   -0.0007867000
  -0.0259287300   -0.0149454700   -0.0014893800
  -0.0238232700   -0.0155666000   -0.0027345100
  -0.0215103200   -0.0149220900    0.0010502600
  -0.0260829300   -0.0153452100   -0.0009286800
  -0.0252582200   -0.0151705400   -0.0013645200
  -0.0215929000   -0.0150583300    0.0011611300
  -0.0263887200   -0.0151100600   -0.0008831300
  -0.0244237000   -0.0155756500   -0.0021941400
  -0.0214423700   -0.0149156600    0.0008764300
   0.0000000000   -0.0399286600    0.3966882800
   0.0012486900   -0.0033688100   -0.0228057600
  -0.0012486900   -0.0033688100   -0.0228057600
   0.0000000000   -0.0023748000   -0.0224260900
   0.0015067600   -0.0029509900   -0.0227731100
  -0.0015067600   -0.0029509900   -0.0227731100
   0.0000000000   -0.0023771800   -0.0224268500
   0.0016767600   -0.0032266500   -0.0227709600
  -0.0016767600   -0.0032266500   -0.0227709600
  -0.0007512300    0.0022162300    0.0200133500
   0.0007512300    0.0022162300    0.0200133500
   0.0000000000   -0.0001166700    0.0264452900
  -0.0017111300    0.0018437200    0.0187723700
   0.0017111300    0.0018437200    0.0187723700
   0.0000000000   -0.0001385400    0.0260823800
  -0.0018119800    0.0015189300    0.0187350100
   0.0018119800    0.0015189300    0.0187350100
   0.0000000000   -0.0004186300    0.0261957900
   0.0000000000    0.0039009100   -0.0195318700
  -0.0014349000   -0.0012382700    0.0182367400
   0.0014349000   -0.0012382700    0.0182367400
   0.0000000000    0.0005260500    0.0260118200
  -0.0017465800   -0.0017907100    0.0185938900
   0.0017465800   -0.0017907100    0.0185938900
   0.0000000000    0.0001387300    0.0260126700
  -0.0019454700   -0.0015119300    0.0185913900
   0.0019454700   -0.0015119300    0.0185913900
   0.0006007000    0.0024765900   -0.0198766900
  -0.0006007000    0.0024765900   -0.0198766900
   0.0000000000    0.0022330000   -0.0224058900
   0.0018635900    0.0026646900   -0.0212363700
  -0.0018635900    0.0026646900   -0.0212363700
   0.0000000000    0.0022769600   -0.0225435300
   0.0015309800    0.0031722500   -0.0227440400
  -0.0015309800    0.0031722500   -0.0227440400
   0.0000000000    0.0024658400   -0.0225536500
  -0.0042796600    0.0613107000    0.0023967700
   0.0042796600    0.0613107000    0.0023967700
   0.0000000000    0.0544793600   -0.0019876800
  -0.0044016400    0.0605576300    0.0019989200
   0.0044016400    0.0605576300    0.0019989200
   0.0000000000    0.0541057000   -0.0019098600
  -0.0044183300    0.0607294000    0.0026593900
   0.0044183300    0.0607294000    0.0026593900
   0.0000000000    0.0542335700   -0.0017911900
   0.0000000000   -0.0530437000   -0.0118138800
  -0.0045996500   -0.0609936400    0.0032006500
   0.0045996500   -0.0609936400    0.0032006500
   0.0000000000   -0.0540903000   -0.0019438300
  -0.0043689000   -0.0604948100    0.0024539800
   0.0043689000   -0.0604948100    0.0024539800
   0.0000000000   -0.0541971300   -0.0018005000
  -0.0044582900   -0.0607365700    0.0026708800
   0.0044582900   -0.0607365700    0.0026708800
   0.0000000000   -0.0099191600   -0.0049976700
   0.0000021300   -0.0081326500   -0.0015303300
  -0.0000021300   -0.0081326500   -0.0015303300
   0.0000000000   -0.0080328400   -0.0015265700
   0.0000372700   -0.0080803700   -0.0015645500
  -0.0000372700   -0.0080803700   -0.0015645500
   0.0000000000   -0.0080382100   -0.0015276500
   0.0000258000   -0.0081350000   -0.0015511300
  -0.0000258000   -0.0081350000   -0.0015511300
  -0.0001070400    0.0081139800   -0.0015773500
   0.0001070400    0.0081139800   -0.0015773500
   0.0000000000    0.0080742400   -0.0015480900
  -0.0000480600    0.0082079600   -0.0015357700
   0.0000480600    0.0082079600   -0.0015357700
   0.0000000000    0.0080165700   -0.0015380500
  -0.0000019200    0.0081230300   -0.0015558400
   0.0000019200    0.0081230300   -0.0015558400
   0.0000000000    0.0080562700   -0.0015476100
   0.0000000000    0.0055465600   -0.2167872400
   0.0000096600   -0.0081549900    0.0023227600
  -0.0000096600   -0.0081549900    0.0023227600
   0.0000000000   -0.0081229400    0.0024885100
   0.0000290000   -0.0080835500    0.0024071400
  -0.0000290000   -0.0080835500    0.0024071400
   0.0000000000   -0.0081228100    0.0024922500
  -0.0000126600   -0.0081238100    0.0023952200
   0.0000126600   -0.0081238100    0.0023952200
  -0.0001480600    0.0079230900    0.0020608700
   0.0001480600    0.0079230900    0.0020608700
   0.0000000000    0.0081445900    0.0025326300
  -0.0001854800    0.0083153900    0.0021700900
   0.0001854800    0.0083153900    0.0021700900
   0.0000000000    0.0080945900    0.0025368500
  -0.0000156500    0.0081221400    0.0023966300
   0.0000156500    0.0081221400    0.0023966300
   0.0000000000    0.0081580800    0.0025502100

109  
  0.0047220410893314   0.0050865855755147   0.0071992343435696
   0.0251692500    0.0545062900    0.0006026400
  -0.0326068000    0.0397368500   -0.0006194600
  -0.0279191800    0.0371534500    0.0024128500
  -0.0317444000    0.0368958200    0.0003846500
  -0.0320839500    0.0391123000   -0.0001400700
  -0.0326015800    0.0368077800    0.0009287200
  -0.0324082600    0.0358933100    0.0000777000
  -0.0316573000    0.0390908700   -0.0004522900
  -0.0322094800    0.0368601500    0.0000188300
   0.0447121200   -0.0465233900    0.0034229800
   0.0310767800   -0.0402279100    0.0000555900
   0.0344050500   -0.0383404900    0.0003424500
   0.0321946200   -0.0369847200    0.0005164500
   0.0320080000   -0.0392153000   -0.0001793100
   0.0318079300   -0.0361021500    0.0000885500
   0.0324170200   -0.0368409800    0.0008268600
   0.0318296800   -0.0390245200   -0.0001670200
   0.0316951900   -0.0368345800    0.0005070700
   0.0349992800    0.0317401000    0.0021318700
   0.0316831300    0.0372190500    0.0003089800
   0.0632377400    0.0374026100    0.0004778900
   0.0317029800    0.0369843400    0.0005985800
   0.0328952000    0.0367529800    0.0007552600
   0.0318643000    0.0390150100   -0.0001821900
   0.0326450600    0.0364947700   -0.0003215600
   0.0326431600    0.0368463300    0.0004503800
   0.0320593600    0.0383270700   -0.0004996800
   0.0453686300    0.0042855700    0.0028754400
  -0.0293504100   -0.0378597700    0.0006599300
  -0.0331952600   -0.0364692700    0.0006136800
  -0.0314523000   -0.0397292000   -0.0003883800
  -0.0322699600   -0.0366471100    0.0004150400
  -0.0321551500   -0.0371929600    0.0003918700
  -0.0321448800   -0.0390727800   -0.0000794400
  -0.0332612500   -0.0365082500    0.0008383100
  -0.0319241500   -0.0367779500    0.0004002300
  -0.0207011100    0.0210278100   -0.0030704600
  -0.0254334200    0.0144321000   -0.0012181900
  -0.0258877900    0.0180593900   -0.0001200100
  -0.0216367000    0.0144264600    0.0010427100
  -0.0260561600    0.0147555800   -0.0008989300
  -0.0244443000    0.0153886400   -0.0020243600
  -0.0211005300    0.0169872400   -0.0002289200
  -0.0262482000    0.0146549000   -0.0009124000
  -0.0242795800    0.0159977800   -0.0023950600
   0.0259258200   -0.0175957300   -0.0052545000
   0.0257296600   -0.0145893300   -0.0013546900
   0.0210436800   -0.0153937900    0.0007632100
   0.0248834100   -0.0142330400   -0.0021045200
   0.0263002700   -0.0147210700   -0.0008913200
   0.0225599600   -0.0154182400    0.0005235500
   0.0241970500   -0.0153065800   -0.0023184700
   0.0260672800   -0.0148143800   -0.0007607300
   0.0212771900   -0.0147512400    0.0011668400
   0.0228448000    0.0167749900    0.0031486000
   0.0250262700    0.0152895600   -0.0024548800
   0.0231872900    0.0176419800   -0.0049735900
   0.0215011500    0.0146080600    0.0012200400
   0.0241225400    0.0154992700   -0.0021493300
   0.0263441100    0.0148380800   -0.0009514300
   0.0213098700    0.0147126300    0.0008322100
   0.0243491000    0.0152868500   -0.0021581500
   0.0246570700    0.0137110400   -0.0022049800
  -0.0216542500    0.0080419500   -0.0038511800
  -0.0245089200   -0.0151455400   -0.0024815300
  -0.0218526700   -0.0146179100    0.0006599300
  -0.0262556200   -0.0143599500   -0.0008591000
  -0.0246265900   -0.0157734200   -0.0027321800
  -0.0219849800   -0.0149120500    0.0010967300
  -0.0260594000   -0.0149050400   -0.0010721800
  -0.0241100500   -0.0157245300   -0.0020795200
  -0.0211993200   -0.0146627700    0.0012354000
   0.0076862700   -0.0050687800   -0.0230772000
   0.0013336700   -0.0034513400   -0.0229746100
  -0.0077227300   -0.0045809200   -0.0230454800
   0.0001196300   -0.0025866200   -0.0229536600
   0.0015913800   -0.0030330400   -0.0229951700
  -0.0016612500   -0.0032804700   -0.0230418800
   0.0002021100   -0.0022888900   -0.0223873800
   0.0015195100   -0.0030587300   -0.0228448200
  -0.0011096400   -0.0027009400   -0.0224725800
   0.0012421800   -0.0075192600    0.0252041900
   0.0020691100    0.0010465700    0.0188339300
   0.0000393800   -0.0009357200    0.0260185700
  -0.0018183100    0.0018325900    0.0192651200
   0.0017181200    0.0016107900    0.0190118600
   0.0000820300   -0.0001765600    0.0264002200
  -0.0017434000    0.0014207000    0.0192082000
   0.0018932100    0.0015339500    0.0190116200
   0.0000854400   -0.0001031300    0.0263212100
  -0.0022943500    0.0021707400    0.0269368700
  -0.0021021500   -0.0010848600    0.0194889100
   0.0054900800    0.0014346600    0.0194438900
  -0.0000676400    0.0002471700    0.0263484500
  -0.0018244800   -0.0015744200    0.0192144900
   0.0019452800   -0.0015768100    0.0190048700
   0.0005285100    0.0001852700    0.0267571500
  -0.0019010500   -0.0016936500    0.0192406100
   0.0020085300   -0.0013579400    0.0194017300
   0.0047550800    0.0107482500   -0.0152311100
  -0.0019652300    0.0046358200   -0.0236642600
   0.0006350100    0.0037447300   -0.0234074800
   0.0016076800    0.0030322900   -0.0228300700
  -0.0014847700    0.0031549700   -0.0227545500
  -0.0001282300    0.0025011400   -0.0227117800
   0.0016803300    0.0034603600   -0.0229742500
  -0.0014683400    0.0030755100   -0.0230692900
   0.0000315800    0.0025652600   -0.0229475900
  -0.2155014200   -0.0266122100   -0.0173136100
   0.0021951000    0.0621306100    0.0039246700
   0.0007096900    0.0527497100   -0.0003759600
  -0.0043324800    0.0605907300    0.0024577300
   0.0039598000    0.0603715200    0.0027131400
   0.0004074300    0.0537484900   -0.0015591000
  -0.0043299100    0.0606063300    0.0024577200
   0.0044143700    0.0607907600    0.0027138600
  -0.0000432700    0.0533197000   -0.0015594600
   0.0052367700   -0.0492013500    0.0019947300
  -0.0021879100   -0.0610554800    0.0032478500
   0.0069006200   -0.0582965900    0.0062458300
  -0.0001284700   -0.0535047300   -0.0016393300
  -0.0044992700   -0.0608155600    0.0022769500
   0.0041671400   -0.0602856000    0.0026307700
  -0.0002461500   -0.0537553100   -0.0015815100
  -0.0042131700   -0.0604987300    0.0024840500
   0.0045931100   -0.0600262800    0.0026900300
  -0.0006423600   -0.0077722600   -0.0015506500
  -0.0000317600   -0.0082578000   -0.0015782800
   0.0007772500   -0.0086176700   -0.0014517700
   0.0000096200   -0.0079792200   -0.0015609200
  -0.0000048600   -0.0081830500   -0.0015557600
   0.0000160300   -0.0081229700   -0.0015619600
  -0.0001127300   -0.0079267500   -0.0015720800
  -0.0000259100   -0.0081553700   -0.0015721600
   0.0000536200   -0.0081112500   -0.0015897600
   0.0005351700    0.0146016100   -0.0006977400
   0.0001349400    0.0080772300   -0.0016008300
  -0.0000761200    0.0078255400   -0.0015683700
   0.0000282800    0.0080755100   -0.0015763600
   0.0000157800    0.0080314700   -0.0015617500
   0.0000840000    0.0078572700   -0.0015492400
  -0.0000359800    0.0081318000   -0.0015752600
  -0.0000824700    0.0081711500   -0.0015436500
  -0.0000241700    0.0079362100   -0.0015608000
  -0.0009574200   -0.0075626900    0.0026808400
  -0.0000534000   -0.0082002400    0.0025174800
   0.0011091300   -0.0083316400    0.0024199900
   0.0000079800   -0.0080644000    0.0026704700
  -0.0000251400   -0.0082030300    0.0024882600
   0.0000383500   -0.0081258100    0.0025085000
  -0.0000696300   -0.0080093700    0.0026166000
  -0.0000466900   -0.0081546300    0.0025068600
   0.0000319200   -0.0081113400    0.0024712000
   0.0004915300    0.0043450100    0.0039806300
   0.0001792300    0.0080751800    0.0025527000
  -0.0001000700    0.0079062300    0.0026826400
   0.0000069900    0.0080000200    0.0025352500
   0.0000261300    0.0080318800    0.0025016600
   0.0000938200    0.0079400000    0.0026521000
  -0.0000568700    0.0081454100    0.0025037900
  -0.0000611600    0.0081613400    0.0024896100
  -0.0000247400    0.0080088600    0.0026696300

109  
 -0.0047220410893314  -0.0050865855755147  -0.0071992343435696
  -0.0874852700    0.0196790000   -0.0005427100
  -0.0312221300    0.0383395200    0.0002289300
  -0.0377418500    0.0362327700   -0.0009957200
  -0.0324428600    0.0367704900    0.0003942200
  -0.0317533400    0.0389565500   -0.0002060200
  -0.0331487200    0.0365817400    0.0005219900
  -0.0318103800    0.0377652300    0.0007015400
  -0.0322015300    0.0389691500    0.0000943500
  -0.0335073500    0.0365352200    0.0014223000
   0.0206971500   -0.0268060100   -0.0019176900
   0.0327758700   -0.0378741400   -0.0003944800
   0.0298114300   -0.0353541100    0.0004618900
   0.0335244000   -0.0364343900    0.0009361000
   0.0318205800   -0.0388838800   -0.0001782000
   0.0324000200   -0.0375777600    0.0007007000
   0.0333058100   -0.0365689700    0.0006278300
   0.0320021200   -0.0390771700   -0.0001886000
   0.0324633500   -0.0368561600    0.0002909000
   0.0290030200    0.0418487500   -0.0012766200
   0.0340051200    0.0361717800    0.0011572100
   0.0009209500    0.0406167600   -0.0006794600
   0.0324884900    0.0366776700    0.0001918800
   0.0328029900    0.0366313600    0.0006892100
   0.0319427500    0.0390671400   -0.0001726700
   0.0315135900    0.0371649100    0.0010821000
   0.0330844600    0.0365259100    0.0009970000
   0.0317823700    0.0397687200    0.0001240800
  -0.1125225800   -0.0843471800   -0.0024450100
  -0.0363129800   -0.0355883700    0.0007793600
  -0.0310417600   -0.0372056700    0.0001636300
  -0.0323888400   -0.0383614900    0.0000312200
  -0.0334876500   -0.0367505100    0.0010270500
  -0.0320432900   -0.0364902200    0.0003930200
  -0.0316964700   -0.0390261300   -0.0002783800
  -0.0324506600   -0.0369061100    0.0006219500
  -0.0322824100   -0.0369169100    0.0003785900
  -0.0220989700    0.0087632200    0.0050960300
  -0.0272307100    0.0155564000   -0.0005998900
  -0.0227485400    0.0128843000   -0.0042221100
  -0.0212000100    0.0151718600    0.0011383400
  -0.0265852900    0.0152424700   -0.0009076600
  -0.0242581400    0.0155600300   -0.0022762800
  -0.0216647100    0.0125440700    0.0023523700
  -0.0263995400    0.0153319200   -0.0008937400
  -0.0243981200    0.0149409700   -0.0018883500
   0.0226782600   -0.0130989900    0.0008824500
   0.0268863000   -0.0154375600   -0.0004788000
   0.0217428700   -0.0142413300    0.0014248000
   0.0237499600   -0.0167168800   -0.0021941600
   0.0263457100   -0.0153240000   -0.0009021600
   0.0202545100   -0.0141965600    0.0016910000
   0.0244693500   -0.0156880800   -0.0019854100
   0.0265646700   -0.0152224200   -0.0010438200
   0.0215390600   -0.0148971300    0.0010280600
   0.0199599700    0.0128725400   -0.0009528600
   0.0236689500    0.0156551800   -0.0018364400
   0.0294491000    0.0124518700    0.0031927200
   0.0213167000    0.0149972900    0.0009682000
   0.0245382400    0.0154479000   -0.0021579800
   0.0262923800    0.0151554300   -0.0008557000
   0.0214980600    0.0148925500    0.0013390400
   0.0243204500    0.0156641900   -0.0021394900
   0.0278370400    0.0162344900    0.0003756600
  -0.0308505700   -0.0381020600    0.0022875900
  -0.0241812000   -0.0158468900   -0.0018201300
  -0.0209814200   -0.0150274000    0.0015354500
  -0.0263844400   -0.0156724700   -0.0009488100
  -0.0240906000   -0.0151902700   -0.0015653400
  -0.0208588600   -0.0147383600    0.0010859100
  -0.0265877400   -0.0151404900   -0.0007391400
  -0.0245888200   -0.0152701300   -0.0022183800
  -0.0216323200   -0.0149792000    0.0009522500
  -0.0074717100   -0.0000287400   -0.0225544600
   0.0018443000   -0.0029629500   -0.0228700800
   0.0045670400   -0.0018563100   -0.0228193000
  -0.0001321100   -0.0024225500   -0.0227149000
   0.0015677700   -0.0033996500   -0.0228545900
  -0.0015185600   -0.0031395600   -0.0228063500
  -0.0002345000   -0.0026963200   -0.0232739400
   0.0016429600   -0.0033485900   -0.0229950300
  -0.0020840900   -0.0036973300   -0.0233717700
  -0.0049721900    0.0095086100    0.0120551100
   0.0015887600    0.0020586100    0.0191200800
  -0.0000378700    0.0003882900    0.0266233000
  -0.0018616100    0.0012792700    0.0186993000
   0.0019279400    0.0014944900    0.0189400700
  -0.0000909800   -0.0003914400    0.0262411600
  -0.0019385800    0.0016808700    0.0187455400
   0.0017600200    0.0015791900    0.0189366100
  -0.0000998200   -0.0004494600    0.0263124600
   0.0022127100   -0.0015779600    0.0257903100
  -0.0015915800   -0.0020716100    0.0184754300
  -0.0018854400   -0.0046286500    0.0185965100
   0.0000486600    0.0002772400    0.0262894500
  -0.0018480500   -0.0015774000    0.0187391400
   0.0017199100   -0.0015699600    0.0189490800
  -0.0005316300    0.0003464800    0.0259098400
  -0.0017775700   -0.0014476100    0.0187095400
   0.0016573600   -0.0017857200    0.0185673000
  -0.0014638400   -0.0045144800   -0.0309448100
  -0.0012481600    0.0017893100   -0.0222007800
  -0.0006393800    0.0012103700   -0.0222627100
   0.0015644400    0.0033496100   -0.0230335700
  -0.0016974600    0.0032138100   -0.0230932100
   0.0001211300    0.0024614400   -0.0229633800
   0.0014850900    0.0029220100   -0.0228726600
  -0.0017208900    0.0033049300   -0.0227758900
  -0.0000342800    0.0024031000   -0.0227203800
   0.2096951600    0.1531570600    0.0209457000
   0.0066053700    0.0589588900    0.0013817500
  -0.0007515300    0.0550273700   -0.0029185700
  -0.0045164300    0.0605253400    0.0028100700
   0.0048662500    0.0607838000    0.0025510400
  -0.0004258400    0.0540737100   -0.0017211600
  -0.0045133300    0.0605417300    0.0028100300
   0.0044042300    0.0603535300    0.0025517400
   0.0000391500    0.0544934400   -0.0017216100
  -0.0051141200   -0.0587169600   -0.0052367200
  -0.0066385300   -0.0601554200    0.0020099900
   0.0017859200   -0.0629526700   -0.0009852700
   0.0001160900   -0.0543659000   -0.0016343900
  -0.0043457900   -0.0603611700    0.0029925200
   0.0046589900   -0.0609150500    0.0026356600
   0.0002356300   -0.0540952700   -0.0017012400
  -0.0046289700   -0.0607032700    0.0027761200
   0.0042335000   -0.0611443400    0.0025702800
   0.0005773600   -0.0082850300   -0.0015168800
   0.0000049000   -0.0079894500   -0.0015136400
  -0.0007393600   -0.0076390900   -0.0016427700
  -0.0000172000   -0.0080659700   -0.0015082500
  -0.0000238900   -0.0080618800   -0.0015373900
  -0.0000142500   -0.0081237200   -0.0015310700
   0.0001009300   -0.0081217700   -0.0014978600
  -0.0000007100   -0.0080965800   -0.0015200400
  -0.0000468300   -0.0081380400   -0.0015039100
  -0.0005740800    0.0016335500   -0.0024436800
  -0.0001214200    0.0081235200   -0.0014929000
   0.0000620800    0.0081764800   -0.0015026100
  -0.0000549200    0.0081295000   -0.0015160800
  -0.0000126500    0.0081754000   -0.0015288600
  -0.0000925100    0.0081491900   -0.0015198000
   0.0000097400    0.0080748900   -0.0015176800
   0.0000911300    0.0080349300   -0.0015488000
   0.0000112500    0.0080675600   -0.0015101600
   0.0008843500   -0.0086574200    0.0026059200
  -0.0000167100   -0.0080521200    0.0024703800
  -0.0010295500   -0.0079350500    0.0025698200
  -0.0000157900   -0.0081506000    0.0026209800
  -0.0000442000   -0.0080471400    0.0025009300
   0.0000049500   -0.0081260300    0.0024808100
   0.0000600800   -0.0082091100    0.0026758100
  -0.0000215300   -0.0081023700    0.0024814200
   0.0000154700   -0.0081428600    0.0025187600
  -0.0006177800    0.0120168500    0.0010369900
  -0.0001247900    0.0081305800    0.0024384200
   0.0000857400    0.0082662800    0.0026105100
  -0.0000762200    0.0082087500    0.0024548100
   0.0000175900    0.0081798000    0.0024855100
  -0.0001026300    0.0082358700    0.0026394100
  -0.0000111900    0.0080664100    0.0024857500
   0.0001116700    0.0080496700    0.0024993800
   0.0000114000    0.0081648000    0.0026236800

127  
  0.0068035693921587   0.0073288091478822   0.0000000000000000
  -0.0306326200    0.0369351800   -0.0063903100
  -0.0321046000    0.0389799000   -0.0001391300
  -0.0327203300    0.0368099800    0.0007192300
  -0.0321689800    0.0369236300    0.0003886800
  -0.0322653200    0.0390715500   -0.0002144700
  -0.0329215300    0.0367023700    0.0007227700
  -0.0320619000    0.0367209800    0.0003840300
  -0.0319914300    0.0390067400   -0.0001679600
  -0.0326714500    0.0365589400    0.0007098800
   0.0299022700   -0.0381478400    0.0013520400
   0.0321935000   -0.0395019200   -0.0003226500
   0.0320851400   -0.0367752700    0.0003811900
   0.0329927900   -0.0364652000    0.0006923400
   0.0322548100   -0.0390852600   -0.0001348400
   0.0321616600   -0.0368397500    0.0003865200
   0.0327908600   -0.0367001000    0.0007214800
   0.0319517400   -0.0390547700   -0.0001869700
   0.0319559700   -0.0368877000    0.0004005900
   0.0325467800    0.0379543800    0.0034580500
   0.0327827600    0.0365466900    0.0007396300
   0.0321702500    0.0390162400   -0.0001795100
   0.0320051200    0.0369603000    0.0003739300
   0.0327933400    0.0366956500    0.0007172800
   0.0319898900    0.0390578400   -0.0001883500
   0.0321555500    0.0368375400    0.0003826300
   0.0328905900    0.0367086700    0.0007198500
   0.0319797900    0.0392375000   -0.0001806500
  -0.0323289600   -0.0392427900   -0.0002573300
  -0.0325142900   -0.0375187100    0.0007462100
  -0.0320380000   -0.0367796800    0.0003840900
  -0.0320111300   -0.0389733100   -0.0001652900
  -0.0327915200   -0.0365598100    0.0007021600
  -0.0320315200   -0.0368733500    0.0003792900
  -0.0320239500   -0.0389828300   -0.0001855000
  -0.0329113500   -0.0366167500    0.0007160300
  -0.0321334600   -0.0367708400    0.0003779300
  -0.0196049000    0.0159871100    0.0019915400
  -0.0262386300    0.0150751500   -0.0009040300
  -0.0244285500    0.0154432300   -0.0021366700
  -0.0215013800    0.0147636500    0.0011151300
  -0.0263099100    0.0149820500   -0.0009298500
  -0.0243486700    0.0154996500   -0.0021592400
  -0.0214650100    0.0150011800    0.0010965600
  -0.0263393400    0.0150601900   -0.0008875300
  -0.0242374700    0.0155677800   -0.0021564900
   0.0244839600   -0.0153259000   -0.0021610100
   0.0266918500   -0.0148093400   -0.0009706700
   0.0214133700   -0.0149033000    0.0010817900
   0.0245547500   -0.0157089700   -0.0021789400
   0.0264311300   -0.0149424300   -0.0008585500
   0.0214494300   -0.0148369800    0.0010954800
   0.0243337100   -0.0154786500   -0.0021618000
   0.0262742000   -0.0149545500   -0.0009154800
   0.0214734200   -0.0147446400    0.0010956800
   0.0206396500    0.0146526300    0.0075198300
   0.0243036800    0.0155990300   -0.0021555600
   0.0263109400    0.0148523000   -0.0009225100
   0.0215388300    0.0148131000    0.0011102100
   0.0244231300    0.0156146700   -0.0021759600
   0.0263106600    0.0150044600   -0.0009107100
   0.0213689200    0.0147305800    0.0010807200
   0.0243335700    0.0154598700   -0.0021610600
   0.0260708900    0.0147019900   -0.0009198200
  -0.0261598700   -0.0145797800   -0.0008026800
  -0.0245781300   -0.0148375600   -0.0019670500
  -0.0213980400   -0.0148118400    0.0011080500
  -0.0261875000   -0.0150017600   -0.0009057200
  -0.0251948000   -0.0166126900   -0.0020726200
  -0.0214569200   -0.0148616300    0.0010802500
  -0.0262965500   -0.0149966100   -0.0009028300
  -0.0243409000   -0.0155626300   -0.0021653800
  -0.0215079800   -0.0149001500    0.0010941400
   0.0000718800   -0.0028583200   -0.0215143200
   0.0015759700   -0.0031703900   -0.0229091400
  -0.0016680500   -0.0030286700   -0.0229213200
   0.0000270300   -0.0024893800   -0.0228227300
   0.0016130200   -0.0031834400   -0.0228900100
  -0.0015806700   -0.0031726200   -0.0229338000
   0.0000320100   -0.0025058000   -0.0228252100
   0.0016098600   -0.0031838900   -0.0229225500
  -0.0015696700   -0.0032071900   -0.0229838300
  -0.0014145800    0.0019769700    0.0192121200
   0.0017888000    0.0012955100    0.0190272000
   0.0000052100   -0.0002233000    0.0262789800
  -0.0019051100    0.0015818700    0.0189282500
   0.0019228600    0.0017181700    0.0187176100
  -0.0000304000   -0.0002314900    0.0263128000
  -0.0018053500    0.0015377200    0.0189553800
   0.0018668600    0.0015521200    0.0189749100
   0.0000213900   -0.0002476000    0.0262669100
   0.0134543200    0.0151301300    0.0359342500
  -0.0018388200   -0.0015431100    0.0189148500
   0.0017715500   -0.0014071200    0.0189660300
   0.0000372700    0.0002188900    0.0262946200
  -0.0018151600   -0.0015240500    0.0189521000
   0.0018400100   -0.0015373000    0.0189723500
   0.0000359300    0.0002479900    0.0262931100
  -0.0018060800   -0.0015489300    0.0189540400
   0.0018422600   -0.0015766200    0.0190316000
   0.0020781100    0.0036296100   -0.0230109600
  -0.0018310700    0.0026583700   -0.0228596100
  -0.0000128900    0.0025123200   -0.0227961000
   0.0014690900    0.0032042700   -0.0228859700
  -0.0014271200    0.0033415300   -0.0228309900
  -0.0000145200    0.0025262700   -0.0228357000
   0.0016121400    0.0031729700   -0.0229170500
  -0.0015591800    0.0031885000   -0.0229270600
   0.0000376400    0.0025181000   -0.0228072200
  -0.0037503100    0.0595275400    0.0026212400
   0.0039277500    0.0617564400    0.0023271700
  -0.0000409300    0.0537775900   -0.0016779200
  -0.0044092200    0.0605986900    0.0026038600
   0.0042921400    0.0607504800    0.0026422000
  -0.0000341300    0.0538896800   -0.0016487800
  -0.0043789100    0.0606232200    0.0026253700
   0.0043890300    0.0606256200    0.0026240000
  -0.0000003400    0.0538288900   -0.0016380600
   0.0008091800   -0.0520484900   -0.0068876700
  -0.0042724000   -0.0605836900    0.0026339100
   0.0043268000   -0.0608754200    0.0026113900
   0.0000452000   -0.0540113700   -0.0016861300
  -0.0043018000   -0.0608004500    0.0026188400
   0.0044177000   -0.0606879700    0.0026281700
  -0.0000480600   -0.0538692200   -0.0016413400
  -0.0044042900   -0.0606381900    0.0026184500
   0.0042228100   -0.0605459400    0.0026184100
  -0.0140554600   -0.0234311300   -0.0115285400
  -0.0000363000   -0.0081172500   -0.0015450000
   0.0000332000   -0.0081658100   -0.0015424800
  -0.0000120300   -0.0080092100   -0.0015375600
  -0.0000391700   -0.0081369800   -0.0015439800
   0.0000076200   -0.0081310100   -0.0015488600
  -0.0000114600   -0.0080092800   -0.0015363000
  -0.0000204000   -0.0081201100   -0.0015479300
  -0.0000096800   -0.0081476200   -0.0015550700
  -0.0001900700    0.0080091700   -0.0015907500
   0.0001045100    0.0082672700   -0.0015440800
   0.0000058400    0.0079905100   -0.0015384400
   0.0000305400    0.0081241100   -0.0015447800
   0.0000088200    0.0080868400   -0.0015276600
   0.0000097000    0.0079958500   -0.0015407200
  -0.0000247900    0.0081199800   -0.0015496500
  -0.0000053100    0.0081220000   -0.0015495800
  -0.0000364800    0.0079815200   -0.0015415000
  -0.0007683900   -0.0088463000    0.0026371500
  -0.0000559100   -0.0081230900    0.0024781500
   0.0000539600   -0.0081706200    0.0024766300
  -0.0000133000   -0.0080935300    0.0026348600
  -0.0000613800   -0.0081408600    0.0024771600
   0.0000281100   -0.0081333100    0.0024830000
  -0.0000126700   -0.0080936000    0.0026343400
  -0.0000411600   -0.0081226000    0.0024821700
   0.0000093100   -0.0081512900    0.0024883200
  -0.0003047900    0.0079276400    0.0025072900
   0.0001179500    0.0082662600    0.0024676500
   0.0000050600    0.0080758700    0.0026349400
   0.0000164900    0.0081340300    0.0024785000
   0.0000092800    0.0080719900    0.0024722800
   0.0000091500    0.0080803700    0.0026375000
  -0.0000460600    0.0081221900    0.0024837600
   0.0000157300    0.0081249800    0.0024834500
  -0.0000372600    0.0080661000    0.0026390000

127  
 -0.0068035693921587  -0.0073288091478822   0.0000000000000000
  -0.0336737600    0.0367682000    0.0072064500
  -0.0317364500    0.0391056600   -0.0002293200
  -0.0330119200    0.0365898600    0.0007171700
  -0.0320295400    0.0367474100    0.0003822600
  -0.0315784200    0.0390112800   -0.0001523500
  -0.0328126300    0.0366940400    0.0007134800
  -0.0321341600    0.0369526400    0.0003876100
  -0.0318465000    0.0390775100   -0.0002017100
  -0.0330575600    0.0368416800    0.0007268700
   0.0358729500   -0.0352522600    0.0000735700
   0.0316523200   -0.0385863900   -0.0000486300
   0.0321117800   -0.0368982800    0.0003893600
   0.0327403200   -0.0369376100    0.0007436600
   0.0315887400   -0.0390086400   -0.0002380100
   0.0320387600   -0.0368318500    0.0003848300
   0.0329413300   -0.0366973100    0.0007141600
   0.0318883800   -0.0390291300   -0.0001828300
   0.0322399900   -0.0367824300    0.0003699700
   0.0316565100    0.0356910200   -0.0026559800
   0.0329490000    0.0368532100    0.0006968600
   0.0316614100    0.0390743800   -0.0001891100
   0.0321853200    0.0367145600    0.0003984200
   0.0329395700    0.0367044300    0.0007178500
   0.0318501700    0.0390254800   -0.0001818200
   0.0320388800    0.0368326300    0.0003885600
   0.0328419700    0.0366886100    0.0007158600
   0.0318628500    0.0388420700   -0.0001884600
  -0.0315057500   -0.0388478800   -0.0001133400
  -0.0332049100   -0.0358927000    0.0006916400
  -0.0321587900   -0.0368963100    0.0003869200
  -0.0318275700   -0.0391081200   -0.0002046800
  -0.0329384200   -0.0368316400    0.0007311900
  -0.0321687300   -0.0367979100    0.0003914800
  -0.0318200400   -0.0390991600   -0.0001842600
  -0.0328182500   -0.0367831000    0.0007196300
  -0.0320673100   -0.0369014200    0.0003937000
  -0.0232220200    0.0136292300    0.0002126700
  -0.0264057700    0.0149395300   -0.0009166900
  -0.0242559500    0.0155249400   -0.0021782100
  -0.0213211300    0.0148599300    0.0010579200
  -0.0263347000    0.0150389900   -0.0008887700
  -0.0243395100    0.0154733700   -0.0021543100
  -0.0213550300    0.0146168900    0.0010775800
  -0.0263037600    0.0149545100   -0.0009324000
  -0.0244522800    0.0154022800   -0.0021569000
   0.0241958300   -0.0156510900   -0.0021542300
   0.0259513500   -0.0152006800   -0.0008465600
   0.0214092400   -0.0147188200    0.0010929100
   0.0241243400   -0.0152446500   -0.0021362100
   0.0262211400   -0.0150699500   -0.0009617000
   0.0213734100   -0.0147853100    0.0010793500
   0.0243515500   -0.0154888400   -0.0021517800
   0.0263713700   -0.0150607100   -0.0009042200
   0.0213499500   -0.0148815000    0.0010782200
   0.0222071700    0.0150258300   -0.0052816800
   0.0243809700    0.0153716800   -0.0021570400
   0.0263361500    0.0151679700   -0.0008964400
   0.0212838100    0.0148101600    0.0010645100
   0.0242601400    0.0153526900   -0.0021368900
   0.0263364500    0.0150133300   -0.0009094300
   0.0214542200    0.0148957600    0.0010936300
   0.0243503300    0.0155089500   -0.0021526600
   0.0265774000    0.0153159000   -0.0008977000
  -0.0264837200   -0.0154358600   -0.0010224100
  -0.0241090200   -0.0161339900   -0.0023468900
  -0.0214232100   -0.0148086000    0.0010659400
  -0.0264567600   -0.0150184200   -0.0009137600
  -0.0234999400   -0.0143614900   -0.0022517600
  -0.0213663100   -0.0147624700    0.0010936300
  -0.0263486900   -0.0150204000   -0.0009171500
  -0.0243446300   -0.0154028700   -0.0021481300
  -0.0213122300   -0.0147192100    0.0010796600
  -0.0000750400   -0.0021114900   -0.0242231400
   0.0016008800   -0.0032246900   -0.0229509400
  -0.0015056200   -0.0033695700   -0.0229382100
  -0.0000245700   -0.0024958600   -0.0228577500
   0.0015624100   -0.0032104700   -0.0229682100
  -0.0015948500   -0.0032217700   -0.0229193700
  -0.0000334400   -0.0024775500   -0.0228552400
   0.0015653200   -0.0032099100   -0.0229355000
  -0.0016070900   -0.0031868600   -0.0228729900
  -0.0022573000    0.0011456900    0.0187364000
   0.0018752100    0.0018377900    0.0189142400
  -0.0000061300   -0.0003151300    0.0263463100
  -0.0017606600    0.0015455600    0.0190100600
   0.0017461900    0.0014122500    0.0192236000
   0.0000299500   -0.0003084000    0.0263081800
  -0.0018618900    0.0015894400    0.0189828700
   0.0018003900    0.0015764800    0.0189649300
  -0.0000212300   -0.0002920100    0.0263543700
  -0.0135610300   -0.0147978600    0.0150582800
  -0.0018292700   -0.0015828800    0.0190245500
   0.0018962400   -0.0017229800    0.0189731500
  -0.0000363700    0.0003211400    0.0263293300
  -0.0018519700   -0.0016033700    0.0189858000
   0.0018285400   -0.0015892800    0.0189618900
  -0.0000373100    0.0002926400    0.0263308800
  -0.0018623000   -0.0015769700    0.0189851200
   0.0018249200   -0.0015488800    0.0189043800
   0.0010972100    0.0027644900   -0.0228481100
  -0.0013475700    0.0037420200   -0.0230016300
   0.0000124600    0.0024723600   -0.0228846200
   0.0017104500    0.0031899000   -0.0229733900
  -0.0017488900    0.0030525400   -0.0230237000
   0.0000150000    0.0024572600   -0.0228412500
   0.0015642700    0.0032218800   -0.0229400300
  -0.0016168700    0.0032077000   -0.0229319100
  -0.0000377900    0.0024667100   -0.0228697900
  -0.0050910500    0.0616839500    0.0026235000
   0.0049013900    0.0594200400    0.0029174400
   0.0000431400    0.0540732100   -0.0016167100
  -0.0044273200    0.0605830300    0.0026459900
   0.0045350200    0.0604292500    0.0026049400
   0.0000339600    0.0539637300   -0.0016454400
  -0.0044554800    0.0605597100    0.0026236800
   0.0044459300    0.0605536700    0.0026251800
   0.0000030300    0.0540216700   -0.0016557500
  -0.0007570600   -0.0558672200    0.0036177400
  -0.0045634600   -0.0605926300    0.0026160300
   0.0045096800   -0.0602924700    0.0026385200
  -0.0000441800   -0.0538285100   -0.0016073600
  -0.0045332000   -0.0603771400    0.0026302900
   0.0044164800   -0.0604871700    0.0026207700
   0.0000486900   -0.0539730400   -0.0016525800
  -0.0044300000   -0.0605367400    0.0026306000
   0.0046122600   -0.0606291000    0.0026312800
   0.0141632300    0.0074790200    0.0099721100
   0.0000197700   -0.0081104900   -0.0015595800
  -0.0000171600   -0.0080604100   -0.0015620600
   0.0000112400   -0.0080152900   -0.0015438800
   0.0000219000   -0.0080909800   -0.0015605600
   0.0000081700   -0.0080959100   -0.0015562700
   0.0000118300   -0.0080155100   -0.0015456700
   0.0000044000   -0.0081077300   -0.0015562000
   0.0000271400   -0.0080790800   -0.0015494800
   0.0001801000    0.0082249600   -0.0015124700
  -0.0000876900    0.0079608700   -0.0015592200
  -0.0000056600    0.0080360400   -0.0015433300
  -0.0000481300    0.0081059300   -0.0015598900
   0.0000062500    0.0081394800   -0.0015765200
  -0.0000098300    0.0080310500   -0.0015415200
   0.0000079200    0.0081093500   -0.0015551800
   0.0000220700    0.0081065300   -0.0015548300
   0.0000364800    0.0080450100   -0.0015397900
   0.0007660700   -0.0073591800    0.0026492400
  -0.0000020400   -0.0081097800    0.0024949100
   0.0000036600   -0.0080607600    0.0024964600
   0.0000125400   -0.0081007600    0.0026409200
   0.0000028900   -0.0080922200    0.0024956000
   0.0000292100   -0.0080987800    0.0024904400
   0.0000131600   -0.0081009900    0.0026419400
  -0.0000162400   -0.0081104300    0.0024902800
   0.0000497200   -0.0080804800    0.0024845900
   0.0002532300    0.0083113300    0.0024638700
  -0.0000594100    0.0079671500    0.0025051500
  -0.0000048200    0.0081203700    0.0026412600
  -0.0000754400    0.0081008800    0.0024951000
   0.0000475300    0.0081598500    0.0025002100
  -0.0000094400    0.0081161700    0.0026390800
  -0.0000122400    0.0081123100    0.0024895000
   0.0000424800    0.0081086400    0.0024893900
   0.0000373400    0.0081301200    0.0026366900

127  
  0.0000000000000000   0.0000000000000000   0.0100000000000000
  -0.0312742800    0.0371152100    0.0017283900
  -0.0318249100    0.0390765600   -0.0001691600
  -0.0328111000    0.0367109400    0.0007032400
  -0.0320470500    0.0368876100    0.0003857700
  -0.0319095000    0.0390668900   -0.0001729700
  -0.0328381000    0.0367110200    0.0007099600
  -0.0320658400    0.0368603000    0.0003773200
  -0.0318978400    0.0390244900   -0.0001892200
  -0.0328685600    0.0367399200    0.0007202100
   0.0332422200   -0.0364965800    0.0005347400
   0.0318315000   -0.0389970000   -0.0001992000
   0.0320652800   -0.0368439700    0.0003755000
   0.0328190400   -0.0366996100    0.0007108800
   0.0319447000   -0.0390510300   -0.0002390600
   0.0320599700   -0.0368640300    0.0003816100
   0.0328387600   -0.0367262000    0.0007134000
   0.0318839900   -0.0390638900   -0.0001866400
   0.0320921300   -0.0368460500    0.0003797900
   0.0312742800    0.0371152100    0.0017283900
   0.0328111000    0.0367109400    0.0007032400
   0.0318249100    0.0390765600   -0.0001691600
   0.0320470500    0.0368876100    0.0003857700
   0.0328381000    0.0367110200    0.0007099600
   0.0319095000    0.0390668900   -0.0001729700
   0.0320658400    0.0368603000    0.0003773200
   0.0328685600    0.0367399200    0.0007202100
   0.0318978400    0.0390244900   -0.0001892200
  -0.0318315000   -0.0389970000   -0.0001992000
  -0.0332422200   -0.0364965800    0.0005347400
  -0.0320652800   -0.0368439700    0.0003755000
  -0.0319447000   -0.0390510300   -0.0002390600
  -0.0328190400   -0.0366996100    0.0007108800
  -0.0320599700   -0.0368640300    0.0003816100
  -0.0318839900   -0.0390638900   -0.0001866400
  -0.0328387600   -0.0367262000    0.0007134000
  -0.0320921300   -0.0368460500    0.0003797900
  -0.0206207700    0.0138708100    0.0017283800
  -0.0262851600    0.0149922100   -0.0009131100
  -0.0243308900    0.0154533900   -0.0021824300
  -0.0214025200    0.0147855900    0.0010711000
  -0.0263134300    0.0150111700   -0.0009108100
  -0.0243324900    0.0154675100   -0.0021536200
  -0.0213842500    0.0147504500    0.0010807100
  -0.0263465100    0.0150255100   -0.0009189700
  -0.0243482100    0.0154587500   -0.0021586700
   0.0243631600   -0.0154359200   -0.0022005000
   0.0263811900   -0.0151111000   -0.0009791700
   0.0213993800   -0.0147786000    0.0010796900
   0.0244154300   -0.0156749000   -0.0022249600
   0.0263279200   -0.0149426900   -0.0009164300
   0.0213875200   -0.0147736300    0.0010828800
   0.0243262200   -0.0154577000   -0.0021640400
   0.0263163100   -0.0149925200   -0.0009131300
   0.0213990700   -0.0148047600    0.0010778800
   0.0206207700    0.0138708100    0.0017283800
   0.0243308900    0.0154533900   -0.0021824300
   0.0262851600    0.0149922100   -0.0009131100
   0.0214025200    0.0147855900    0.0010711000
   0.0243324900    0.0154675100   -0.0021536200
   0.0263134300    0.0150111700   -0.0009108100
   0.0213842500    0.0147504500    0.0010807100
   0.0243482100    0.0154587500   -0.0021586700
   0.0263465100    0.0150255100   -0.0009189700
  -0.0263811900   -0.0151111000   -0.0009791700
  -0.0243631600   -0.0154359200   -0.0022005000
  -0.0213993800   -0.0147786000    0.0010796900
  -0.0263279200   -0.0149426900   -0.0009164300
  -0.0244154300   -0.0156749000   -0.0022249600
  -0.0213875200   -0.0147736300    0.0010828800
  -0.0263163100   -0.0149925200   -0.0009131300
  -0.0243262200   -0.0154577000   -0.0021640400
  -0.0213990700   -0.0148047600    0.0010778800
  -0.0000000000   -0.0023131900   -0.0194683500
   0.0015517100   -0.0032322500   -0.0229786300
  -0.0015517100   -0.0032322500   -0.0229786300
  -0.0000000000   -0.0025251500   -0.0228809100
   0.0015864400   -0.0032002800   -0.0229577200
  -0.0015864400   -0.0032002800   -0.0229577200
  -0.0000000000   -0.0024776800   -0.0228822400
   0.0015950700   -0.0032006900   -0.0229442000
  -0.0015950700   -0.0032006900   -0.0229442000
  -0.0018975100    0.0015284600    0.0193647200
   0.0018975100    0.0015284600    0.0193647200
  -0.0000000000   -0.0002628300    0.0263887300
  -0.0018861600    0.0016419700    0.0192576400
   0.0018861600    0.0016419700    0.0192576400
  -0.0000000000   -0.0002581900    0.0263858000
  -0.0018324700    0.0015776500    0.0190317600
   0.0018324700    0.0015776500    0.0190317600
  -0.0000000000   -0.0002646500    0.0263717900
  -0.0000000000    0.0157340900    0.2579817300
  -0.0018358700   -0.0016006900    0.0191048100
   0.0018358700   -0.0016006900    0.0191048100
  -0.0000000000    0.0002477700    0.0264295400
  -0.0018317100   -0.0015770100    0.0190329900
   0.0018317100   -0.0015770100    0.0190329900
  -0.0000000000    0.0002610400    0.0264336300
  -0.0018337300   -0.0015694300    0.0190208800
   0.0018337300   -0.0015694300    0.0190208800
   0.0014612400    0.0031158400   -0.0229311700
  -0.0014612400    0.0031158400   -0.0229311700
  -0.0000000000    0.0024907000   -0.0228593900
   0.0015671600    0.0032078800   -0.0229739700
  -0.0015671600    0.0032078800   -0.0229739700
  -0.0000000000    0.0024944300   -0.0228707600
   0.0015870900    0.0032099200   -0.0229531000
  -0.0015870900    0.0032099200   -0.0229531000
  -0.0000000000    0.0024936400   -0.0228603000
  -0.0045362600    0.0606467500    0.0026401400
   0.0045362600    0.0606467500    0.0026401400
  -0.0000000000    0.0538726500   -0.0016522800
  -0.0044124700    0.0605773800    0.0025793200
   0.0044124700    0.0605773800    0.0025793200
  -0.0000000000    0.0538876600   -0.0016554500
  -0.0044284900    0.0605524200    0.0026241400
   0.0044284900    0.0605524200    0.0026241400
  -0.0000000000    0.0539238400   -0.0016569800
  -0.0000000000   -0.0533379100   -0.0000259200
  -0.0043948400   -0.0605006800    0.0026274000
   0.0043948400   -0.0605006800    0.0026274000
  -0.0000000000   -0.0538525400   -0.0016392200
  -0.0044153800   -0.0605653000    0.0026194700
   0.0044153800   -0.0605653000    0.0026194700
  -0.0000000000   -0.0538857500   -0.0016599100
  -0.0044463900   -0.0605687500    0.0026236400
   0.0044463900   -0.0605687500    0.0026236400
  -0.0000000000   -0.0232987400   -0.2420136400
  -0.0000063000   -0.0081030600   -0.0016011500
   0.0000063000   -0.0081030600   -0.0016011500
  -0.0000000000   -0.0080068100   -0.0015804100
  -0.0000132600   -0.0081132800   -0.0015720200
   0.0000132600   -0.0081132800   -0.0015720200
  -0.0000000000   -0.0080083600   -0.0015808200
  -0.0000114500   -0.0081061700   -0.0015723800
   0.0000114500   -0.0081061700   -0.0015723800
   0.0000258400    0.0081359500   -0.0017159100
  -0.0000258400    0.0081359500   -0.0017159100
  -0.0000000000    0.0080108000   -0.0015630400
   0.0000038100    0.0080931100   -0.0016501100
  -0.0000038100    0.0080931100   -0.0016501100
  -0.0000000000    0.0080133800   -0.0015630800
  -0.0000085300    0.0081110200   -0.0015730300
   0.0000085300    0.0081110200   -0.0015730300
  -0.0000000000    0.0080147100   -0.0015557100
  -0.0000000000   -0.0080894600    0.0027621600
  -0.0000277200   -0.0081048600    0.0024801300
   0.0000277200   -0.0081048600    0.0024801300
  -0.0000000000   -0.0080929400    0.0026327800
  -0.0000332200   -0.0081153100    0.0024832600
   0.0000332200   -0.0081153100    0.0024832600
  -0.0000000000   -0.0080934600    0.0026330600
  -0.0000328300   -0.0081081600    0.0024836800
   0.0000328300   -0.0081081600    0.0024836800
   0.0000002900    0.0081189400    0.0024650700
  -0.0000002900    0.0081189400    0.0024650700
  -0.0000000000    0.0080947300    0.0026345600
  -0.0000251400    0.0081023900    0.0024710000
   0.0000251400    0.0081023900    0.0024710000
  -0.0000000000    0.0080977400    0.0026363200
  -0.0000290800    0.0081133700    0.0024853800
   0.0000290800    0.0081133700    0.0024853800
  -0.0000000000    0.0081000000    0.0026355400

127  
  0.0000000000000000   0.0000000000000000  -0.0100000000000000
  -0.0329221300    0.0365570900   -0.0009834300
  -0.0320157400    0.0390057800   -0.0002006600
  -0.0329221800    0.0366872700    0.0007332800
  -0.0321526500    0.0367792800    0.0003859400
  -0.0319321000    0.0390148000   -0.0001964400
  -0.0328951900    0.0366863000    0.0007264300
  -0.0321327600    0.0368098700    0.0003944500
  -0.0319460100    0.0390576900   -0.0001800400
  -0.0328652400    0.0366566900    0.0007160700
   0.0324819300   -0.0369050800    0.0009041100
   0.0320076300   -0.0390883400   -0.0001695800
   0.0321351100   -0.0368283100    0.0003963100
   0.0329165000   -0.0367002800    0.0007256700
   0.0318977900   -0.0390312500   -0.0001294800
   0.0321406100   -0.0368070400    0.0003901600
   0.0328948900   -0.0366718300    0.0007229800
   0.0319606300   -0.0390191800   -0.0001825800
   0.0321078600   -0.0368259200    0.0003919400
   0.0329221300    0.0365570900   -0.0009834300
   0.0329221800    0.0366872700    0.0007332800
   0.0320157400    0.0390057800   -0.0002006600
   0.0321526500    0.0367792800    0.0003859400
   0.0328951900    0.0366863000    0.0007264300
   0.0319321000    0.0390148000   -0.0001964400
   0.0321327600    0.0368098700    0.0003944500
   0.0328652400    0.0366566900    0.0007160700
   0.0319460100    0.0390576900   -0.0001800400
  -0.0320076300   -0.0390883400   -0.0001695800
  -0.0324819300   -0.0369050800    0.0009041100
  -0.0321351100   -0.0368283100    0.0003963100
  -0.0318977900   -0.0390312500   -0.0001294800
  -0.0329165000   -0.0367002800    0.0007256700
  -0.0321406100   -0.0368070400    0.0003901600
  -0.0319606300   -0.0390191800   -0.0001825800
  -0.0328948900   -0.0366718300    0.0007229800
  -0.0321078600   -0.0368259200    0.0003919400
  -0.0221997200    0.0157500700    0.0004083000
  -0.0263606200    0.0150253600   -0.0009062300
  -0.0243546100    0.0155153500   -0.0021303300
  -0.0214206300    0.0148395600    0.0011037900
  -0.0263334700    0.0150068900   -0.0009085600
  -0.0243546800    0.0155028400   -0.0021595300
  -0.0214384700    0.0148741700    0.0010940800
  -0.0262991600    0.0149931500   -0.0009003000
  -0.0243383600    0.0155122000   -0.0021544200
   0.0243191700   -0.0155305000   -0.0021123600
   0.0262610200   -0.0149015900   -0.0008391300
   0.0214234800   -0.0148447300    0.0010951200
   0.0242661700   -0.0152871600   -0.0020869100
   0.0263173600   -0.0150750400   -0.0009029400
   0.0214358600   -0.0148502700    0.0010919000
   0.0243604800   -0.0155116300   -0.0021489300
   0.0263302400   -0.0150245900   -0.0009062000
   0.0214244700   -0.0148192100    0.0010969800
   0.0221997200    0.0157500700    0.0004083000
   0.0243546100    0.0155153500   -0.0021303300
   0.0263606200    0.0150253600   -0.0009062300
   0.0214206300    0.0148395600    0.0011037900
   0.0243546800    0.0155028400   -0.0021595300
   0.0263334700    0.0150068900   -0.0009085600
   0.0214384700    0.0148741700    0.0010940800
   0.0243383600    0.0155122000   -0.0021544200
   0.0262991600    0.0149931500   -0.0009003000
  -0.0262610200   -0.0149015900   -0.0008391300
  -0.0243191700   -0.0155305000   -0.0021123600
  -0.0214234800   -0.0148447300    0.0010951200
  -0.0263173600   -0.0150750400   -0.0009029400
  -0.0242661700   -0.0152871600   -0.0020869100
  -0.0214358600   -0.0148502700    0.0010919000
  -0.0263302400   -0.0150245900   -0.0009062000
  -0.0243604800   -0.0155116300   -0.0021489300
  -0.0214244700   -0.0148192100    0.0010969800
  -0.0000000000   -0.0026637300   -0.0262826300
   0.0016247300   -0.0031620800   -0.0228773600
  -0.0016247300   -0.0031620800   -0.0228773600
  -0.0000000000   -0.0024571800   -0.0227953800
   0.0015898100   -0.0031944100   -0.0228972500
  -0.0015898100   -0.0031944100   -0.0228972500
  -0.0000000000   -0.0025054100   -0.0227959100
   0.0015810500   -0.0031933900   -0.0229101600
  -0.0015810500   -0.0031933900   -0.0229101600
  -0.0017701300    0.0015988500    0.0185730500
   0.0017701300    0.0015988500    0.0185730500
  -0.0000000000   -0.0002781500    0.0262331600
  -0.0017806100    0.0014831100    0.0186769900
   0.0017806100    0.0014831100    0.0186769900
  -0.0000000000   -0.0002822000    0.0262361800
  -0.0018352000    0.0015493800    0.0189063900
   0.0018352000    0.0015493800    0.0189063900
  -0.0000000000   -0.0002757200    0.0262494800
  -0.0000000000   -0.0141499700   -0.1933828300
  -0.0018318500   -0.0015257300    0.0188324500
   0.0018318500   -0.0015257300    0.0188324500
  -0.0000000000    0.0002939500    0.0261910400
  -0.0018357000   -0.0015496600    0.0189041600
   0.0018357000   -0.0015496600    0.0189041600
  -0.0000000000    0.0002801300    0.0261889300
  -0.0018335700   -0.0015567300    0.0189154900
   0.0018335700   -0.0015567300    0.0189154900
   0.0017157600    0.0032813300   -0.0229293900
  -0.0017157600    0.0032813300   -0.0229293900
  -0.0000000000    0.0024923900   -0.0228175900
   0.0016094200    0.0031862500   -0.0228815000
  -0.0016094200    0.0031862500   -0.0228815000
  -0.0000000000    0.0024893600   -0.0228063100
   0.0015888000    0.0031850200   -0.0229031500
  -0.0015888000    0.0031850200   -0.0229031500
  -0.0000000000    0.0024899300   -0.0228158900
  -0.0042970300    0.0605277100    0.0026106400
   0.0042970300    0.0605277100    0.0026106400
  -0.0000000000    0.0539806900   -0.0016410500
  -0.0044234300    0.0606058100    0.0026710400
   0.0044234300    0.0606058100    0.0026710400
  -0.0000000000    0.0539641300   -0.0016378600
  -0.0044056000    0.0606302800    0.0026254400
   0.0044056000    0.0606302800    0.0026254400
  -0.0000000000    0.0539274500   -0.0016363900
  -0.0000000000   -0.0545097200   -0.0032817300
  -0.0044409600   -0.0606754800    0.0026220800
   0.0044409600   -0.0606754800    0.0026220800
  -0.0000000000   -0.0539924000   -0.0016541300
  -0.0044188000   -0.0606098100    0.0026301400
   0.0044188000   -0.0606098100    0.0026301400
  -0.0000000000   -0.0539591000   -0.0016334200
  -0.0043875500   -0.0606089400    0.0026259400
   0.0043875500   -0.0606089400    0.0026259400
  -0.0000000000    0.0061580300    0.2270920900
  -0.0000099100   -0.0081247300   -0.0015014900
   0.0000099100   -0.0081247300   -0.0015014900
  -0.0000000000   -0.0080188000   -0.0014995400
  -0.0000031900   -0.0081144500   -0.0015320800
   0.0000031900   -0.0081144500   -0.0015320800
  -0.0000000000   -0.0080172800   -0.0014996000
  -0.0000050000   -0.0081218900   -0.0015316000
   0.0000050000   -0.0081218900   -0.0015316000
  -0.0000424200    0.0080921600   -0.0013855100
   0.0000424200    0.0080921600   -0.0013855100
  -0.0000000000    0.0080155600   -0.0015172100
  -0.0000207100    0.0081360700   -0.0014514800
   0.0000207100    0.0081360700   -0.0014514800
  -0.0000000000    0.0080128500   -0.0015180900
  -0.0000081500    0.0081176300   -0.0015312000
   0.0000081500    0.0081176300   -0.0015312000
  -0.0000000000    0.0080115400   -0.0015261200
  -0.0000000000   -0.0081065100    0.0025139400
  -0.0000299400   -0.0081281600    0.0024927400
   0.0000299400   -0.0081281600    0.0024927400
  -0.0000000000   -0.0081024600    0.0026432200
  -0.0000246400   -0.0081176400    0.0024904000
   0.0000246400   -0.0081176400    0.0024904000
  -0.0000000000   -0.0081020100    0.0026432400
  -0.0000250700   -0.0081251300    0.0024899200
   0.0000250700   -0.0081251300    0.0024899200
  -0.0000587400    0.0081141500    0.0025086000
   0.0000587400    0.0081141500    0.0025086000
  -0.0000000000    0.0081013800    0.0026414000
  -0.0000332100    0.0081320600    0.0025017100
   0.0000332100    0.0081320600    0.0025017100
  -0.0000000000    0.0080982500    0.0026405600
  -0.0000290600    0.0081205100    0.0024887500
   0.0000290600    0.0081205100    0.0024887500
  -0.0000000000    0.0080960400    0.0026419700
