288  
28   

1    
  0.0100000000000000   0.0000000000000000   0.0000000000000000
  -0.2363297300   -0.0755813800    0.0020319100
   0.0139508600   -0.0310667600   -0.0005324600
   0.0149924000   -0.0294679200    0.0025681600
   0.0188597100   -0.0307265500    0.0008898600
   0.0179169700   -0.0288172900   -0.0003570200
   0.0192862700   -0.0298621600    0.0025511500
   0.0188566600   -0.0314164200    0.0009776400
   0.0183266100   -0.0289107400   -0.0004328000
   0.0188729900   -0.0307013700    0.0023922000
   0.0192028500   -0.0316808200   -0.0015150900
   0.0193476300   -0.0253712700   -0.0020738000
   0.0193916200   -0.0302754100   -0.0029383500
   0.0199414100   -0.0302603700   -0.0006590400
   0.0189182000   -0.0253441800   -0.0021823100
   0.0196588000   -0.0299639100   -0.0030721500
   0.0199407300   -0.0302494900   -0.0006669900
   0.0196131300   -0.0254916800   -0.0020905900
   0.0189636300   -0.0301095300   -0.0028927600
  -0.0310170100    0.0551636000    0.0027752800
  -0.0194048300    0.0294463800   -0.0003591400
  -0.0218738400    0.0274435500    0.0008753300
  -0.0187072000    0.0313432200    0.0024477400
  -0.0186279500    0.0295429800   -0.0005333100
  -0.0191180400    0.0307042300    0.0009471300
  -0.0190124300    0.0301272900    0.0024789500
  -0.0182668400    0.0287007600   -0.0003756500
  -0.0183944400    0.0306676200    0.0010144100
  -0.0191574300    0.0310155700   -0.0031612500
  -0.0196621000    0.0254260400   -0.0019168400
  -0.0198758900    0.0301564500   -0.0006606700
  -0.0194298000    0.0298983500   -0.0030163400
  -0.0190790500    0.0259540300   -0.0019206100
  -0.0202598300    0.0301882400   -0.0007027100
  -0.0193551700    0.0300189200   -0.0030172500
  -0.0196423900    0.0254425700   -0.0021149500
  -0.0194071200    0.0300934100   -0.0007410200
   0.0038292900   -0.0192073900    0.0018925800
  -0.0138657700   -0.0311977400    0.0024429600
  -0.0112673500   -0.0316305400   -0.0003190000
  -0.0185379900   -0.0305781400    0.0009233000
  -0.0191811000   -0.0303838200    0.0024653200
  -0.0180470700   -0.0286897500   -0.0004238100
  -0.0185362400   -0.0306449300    0.0009964900
  -0.0191768800   -0.0300450700    0.0024902000
  -0.0180420700   -0.0277728400   -0.0004874200
  -0.0196811000   -0.0266711700   -0.0003425800
  -0.0195536900   -0.0298917200   -0.0030705900
  -0.0185125600   -0.0258383600   -0.0020153800
  -0.0199066300   -0.0302333000   -0.0006871800
  -0.0195150800   -0.0301406200   -0.0029978800
  -0.0193805700   -0.0253915100   -0.0020551700
  -0.0199092200   -0.0302874300   -0.0007719800
  -0.0195124600   -0.0296945100   -0.0030407300
  -0.0193793400   -0.0255508600   -0.0020905700
   0.0054000700    0.0314718400   -0.0000935600
   0.0067132400    0.0325673300    0.0020549900
   0.0248764400    0.0286043100    0.0010368600
   0.0180501200    0.0295987100   -0.0004421100
   0.0190026500    0.0300711600    0.0024717200
   0.0191840600    0.0305344500    0.0009459200
   0.0181484100    0.0289913200   -0.0003973600
   0.0191036100    0.0298816500    0.0024589800
   0.0188737600    0.0310819100    0.0009066200
   0.0186451500    0.0241262800   -0.0018215500
   0.0186967000    0.0301847200   -0.0029966200
   0.0198945800    0.0301599600   -0.0006656500
   0.0193652700    0.0254829400   -0.0021504400
   0.0194082900    0.0295146600   -0.0030104100
   0.0201067900    0.0299995000   -0.0006834800
   0.0194290000    0.0254016700   -0.0020968400
   0.0194761600    0.0298728200   -0.0029897900
   0.0201032100    0.0304082300   -0.0006482800
   0.0134723000    0.0170711900   -0.0023437100
  -0.0024640200   -0.0060652500    0.0007718000
   0.0043941000   -0.0069316100   -0.0038460000
   0.0034886300   -0.0069723100   -0.0028695400
  -0.0009928300   -0.0069268700    0.0007795900
   0.0032124200   -0.0072047300   -0.0039508900
   0.0029364300   -0.0068741100   -0.0028765800
  -0.0018547300   -0.0058212700    0.0008248700
   0.0035664400   -0.0068356500   -0.0039981000
   0.0056926700   -0.0069822900    0.0025881600
  -0.0000808800   -0.0074453000    0.0037058700
  -0.0000972700   -0.0054585300    0.0035628500
   0.0043171900   -0.0080139300    0.0032947800
  -0.0001690700   -0.0076915800    0.0037470800
   0.0002331500   -0.0060357700    0.0036745300
   0.0039732000   -0.0077804900    0.0032955400
  -0.0001427500   -0.0075115500    0.0037122900
   0.0002393600   -0.0059080000    0.0036837300
  -0.0001246400    0.0082035700   -0.0033213700
   0.0034313900    0.0059409200    0.0007848100
  -0.0055672900    0.0068320000   -0.0029284700
  -0.0016871700    0.0054370400   -0.0042160100
   0.0009665500    0.0062657100    0.0008409600
  -0.0036156000    0.0068775200   -0.0028629300
  -0.0030627900    0.0070456400   -0.0040175400
   0.0006341400    0.0068022400    0.0008492400
  -0.0034040900    0.0071218800   -0.0029066800
  -0.0008313300    0.0051394500    0.0034772400
   0.0004912900    0.0073154100    0.0035622600
  -0.0043331400    0.0081100600    0.0033206300
   0.0002441700    0.0055948300    0.0037295200
  -0.0002768000    0.0073197000    0.0036962300
  -0.0042319800    0.0081519200    0.0032759200
  -0.0001720300    0.0058659500    0.0037273500
  -0.0000122600    0.0076448500    0.0036796800
  -0.0041889400    0.0081478800    0.0033180300
   0.0095898200   -0.0013262700   -0.0033417800
  -0.0038629300   -0.0072789100   -0.0039382700
   0.0053200700   -0.0070863100    0.0006899400
  -0.0036567300   -0.0070149400   -0.0028564700
  -0.0025857400   -0.0066285500   -0.0039879200
   0.0007427700   -0.0068059900    0.0007752900
  -0.0040285400   -0.0066181500   -0.0028337800
  -0.0019888400   -0.0070491300   -0.0040521500
  -0.0006961300   -0.0063960200    0.0007747700
  -0.0063641000   -0.0122244800    0.0049398300
  -0.0000129100   -0.0059168800    0.0036476900
   0.0002023100   -0.0071652400    0.0037145800
  -0.0043000400   -0.0080953000    0.0032343100
   0.0001990800   -0.0055220500    0.0036973500
  -0.0000304400   -0.0076239000    0.0037735500
  -0.0040863100   -0.0079681900    0.0033118000
  -0.0001071500   -0.0060593600    0.0037526000
   0.0001872800   -0.0071280400    0.0035359400
   0.0018574300    0.0055861700    0.0005981700
   0.0077420100    0.0071323600   -0.0041327300
   0.0027670200    0.0070470000   -0.0029369300
  -0.0014334600    0.0066803000    0.0007697600
   0.0025144300    0.0064381800   -0.0039692400
   0.0040440400    0.0074186300   -0.0028994800
  -0.0008206800    0.0066500000    0.0008309900
   0.0029971900    0.0070983000   -0.0040223100
   0.0032021000    0.0065260100   -0.0028409500
   0.0009874500    0.0089307500    0.0052853300
  -0.0003989800    0.0055539500    0.0036860700
   0.0042792900    0.0081027200    0.0032830000
  -0.0003332200    0.0074655700    0.0036948100
   0.0005712300    0.0063186000    0.0035227500
   0.0042377200    0.0081571900    0.0033211600
  -0.0000593200    0.0075270500    0.0036830100
   0.0001952200    0.0060232400    0.0037377200
   0.0039571500    0.0076277800    0.0032447300
   0.0113180000    0.0079578200   -0.0130397400
  -0.0018284700    0.0074406300   -0.0199445700
   0.0003731400    0.0075894100   -0.0194373000
   0.0000426900    0.0087779100   -0.0165956300
  -0.0023632200    0.0067674800   -0.0201061200
   0.0022844700    0.0067026100   -0.0205772500
   0.0001359600    0.0086305600   -0.0165079000
  -0.0022881500    0.0066066200   -0.0205214400
   0.0022566600    0.0067244300   -0.0203444000
   0.0028850900    0.0088784700    0.0098257700
  -0.0032360000    0.0067268700    0.0034828100
   0.0032068100    0.0065541500    0.0035917800
  -0.0000067500    0.0065939100    0.0100260300
  -0.0031139700    0.0068662200    0.0035523000
   0.0032272400    0.0067570800    0.0034511600
  -0.0000322100    0.0067198300    0.0100541600
  -0.0031169100    0.0067804900    0.0034591500
   0.0030495300    0.0066042700    0.0035589700
   0.0028066000   -0.0004653200   -0.0100137200
  -0.0005930900   -0.0071440400   -0.0100426900
   0.0004241000   -0.0071447400   -0.0041091000
  -0.0009369500   -0.0065175500   -0.0100265300
   0.0012218300   -0.0056137500   -0.0096667300
  -0.0001242000   -0.0077359200   -0.0047845700
  -0.0010383700   -0.0061532700   -0.0100167700
   0.0010579800   -0.0060944700   -0.0099060800
  -0.0000254900   -0.0078513400   -0.0048351700
  -0.0037392300   -0.0123289000    0.0160503400
   0.0017740200   -0.0088195300    0.0152576300
   0.0000384600   -0.0113664100    0.0177008100
  -0.0013713500   -0.0091418400    0.0158041700
   0.0011847300   -0.0093911900    0.0157972200
   0.0000059200   -0.0113330200    0.0183026400
  -0.0014667400   -0.0092214100    0.0159687200
   0.0013699200   -0.0092147600    0.0161450100
  -0.0000476700   -0.0114232600    0.0177881100
   0.0184072300    0.0117666400   -0.0157176300
  -0.0007038300    0.0066257400   -0.0101993300
  -0.0007076200    0.0067524200   -0.0102380400
   0.0000429500    0.0077469900   -0.0047457000
  -0.0010307900    0.0061924500   -0.0100833000
   0.0010877900    0.0060850600   -0.0099166900
   0.0000426100    0.0078212400   -0.0049513600
  -0.0009681500    0.0060302100   -0.0097927200
   0.0007928600    0.0059244000   -0.0098388600
   0.0044731200    0.0148920300    0.0216208200
  -0.0014126400    0.0091638100    0.0159528100
   0.0013308600    0.0091207200    0.0150289800
   0.0000183400    0.0113371300    0.0179198600
  -0.0013026800    0.0093448000    0.0158077000
   0.0013868200    0.0092550100    0.0161523600
  -0.0000495000    0.0113652600    0.0179070600
  -0.0013496400    0.0092466400    0.0160485900
   0.0012712100    0.0092226700    0.0156271000
   0.0029660700    0.0002286500   -0.0226706900
   0.0004366100   -0.0079657500   -0.0197277000
   0.0003986800   -0.0078797800   -0.0171390100
  -0.0022762800   -0.0072796400   -0.0201828800
   0.0025474600   -0.0062679900   -0.0206627700
  -0.0000897200   -0.0086699600   -0.0168630400
  -0.0022905800   -0.0067524200   -0.0203266100
   0.0023769300   -0.0067651800   -0.0205191500
   0.0000221200   -0.0088005400   -0.0164650300
  -0.0047239700   -0.0078636200    0.0037589000
   0.0034518900   -0.0065781400    0.0036036700
   0.0000476400   -0.0066287400    0.0100045200
  -0.0031431000   -0.0067415500    0.0035567900
   0.0031410400   -0.0066398700    0.0034817100
  -0.0000335500   -0.0066049500    0.0099420000
  -0.0032088700   -0.0067122800    0.0034841800
   0.0031309700   -0.0067341600    0.0034547300
  -0.0000194100   -0.0067103300    0.0100552400
   0.0897714400   -0.0018736600    0.0001297800
   0.0091291000   -0.0270734300    0.0006491100
  -0.0030158800   -0.0312290600    0.0005654600
   0.0008077000   -0.0293805500    0.0004902900
  -0.0003535500   -0.0294752000    0.0003434400
   0.0002582100   -0.0332189900    0.0004563700
   0.0010790200   -0.0296118500    0.0004452100
  -0.0011328000   -0.0296645500    0.0003880300
  -0.0002435200   -0.0326241600    0.0004684500
  -0.0033128000   -0.0250304900    0.0051808400
   0.0039607700   -0.0252116900    0.0050986500
  -0.0000343100   -0.0306041900   -0.0018449000
  -0.0040027400   -0.0256537900    0.0051796800
   0.0042138900   -0.0254061600    0.0052566100
   0.0001203000   -0.0308901000   -0.0018389100
  -0.0040127000   -0.0257438000    0.0051513400
   0.0039850100   -0.0259430300    0.0051827800
  -0.0002934800   -0.0303348400   -0.0018698100
   0.0907311700   -0.0320943200    0.0002259800
  -0.0024194100    0.0294887600    0.0003971100
   0.0087005200    0.0288123600    0.0005149400
  -0.0003143600    0.0321224400    0.0004239700
   0.0012771300    0.0296736500    0.0004181200
  -0.0006964400    0.0296529000    0.0004013400
  -0.0001425300    0.0328220700    0.0005569300
   0.0007445100    0.0296658600    0.0003980700
  -0.0014376800    0.0293434800    0.0003566100
  -0.0009207300    0.0295837400   -0.0024544600
  -0.0037155000    0.0257654200    0.0051296200
   0.0038977800    0.0252320800    0.0051693100
   0.0000823500    0.0305435200   -0.0018659600
  -0.0036751700    0.0255554400    0.0051347400
   0.0038847600    0.0259559400    0.0051762900
   0.0000163000    0.0305825900   -0.0019237900
  -0.0041086400    0.0259665400    0.0051513200
   0.0039824700    0.0254423400    0.0052859600
  -0.0016322500   -0.0058309000   -0.0025397500
   0.0000283000   -0.0033952100   -0.0021024600
   0.0000435400   -0.0036560300   -0.0022790800
   0.0000087800   -0.0036216800   -0.0021326600
   0.0000558700   -0.0036212100   -0.0021833700
  -0.0000061200   -0.0037431000   -0.0022228300
  -0.0000136400   -0.0036678700   -0.0021623900
  -0.0000247200   -0.0036714200   -0.0021832200
  -0.0000192200   -0.0037056000   -0.0022062900
   0.0016268900    0.0048437300   -0.0014479600
  -0.0000314800    0.0036452800   -0.0021195000
  -0.0000188700    0.0035852800   -0.0021044500
  -0.0000106700    0.0036721700   -0.0022093700
   0.0000375000    0.0037116000   -0.0021681600
   0.0000275000    0.0036910500   -0.0021878900
  -0.0000587500    0.0037337000   -0.0021835300
  -0.0000054100    0.0037024000   -0.0021903000
  -0.0000764100    0.0035479400   -0.0021509600
   0.0004759000   -0.0030041600    0.0029009000
  -0.0001029400   -0.0037848900    0.0028587700
  -0.0000010000   -0.0035802800    0.0029089000
  -0.0000382700   -0.0037012800    0.0028699200
   0.0001515300   -0.0035184700    0.0028752800
  -0.0000090700   -0.0036238500    0.0029109500
  -0.0000111400   -0.0036470900    0.0028726400
   0.0000184200   -0.0036610800    0.0028844500
   0.0000210900   -0.0035925100    0.0028856500
  -0.0012032000    0.0024018200    0.0028877200
  -0.0000366500    0.0036629200    0.0028731700
   0.0000706700    0.0037164700    0.0028555700
  -0.0000068300    0.0036002700    0.0028955100
  -0.0000464400    0.0036409100    0.0028638800
   0.0000460100    0.0036483300    0.0028855300
   0.0000185700    0.0036085300    0.0028917000
  -0.0000394800    0.0036565500    0.0028864500
   0.0000215600    0.0036231300    0.0028686200

1    
 -0.0100000000000000   0.0000000000000000   0.0000000000000000
   0.2761480100    0.0194120200   -0.0026221000
   0.0223962900   -0.0265577100   -0.0003326800
   0.0234371000   -0.0303904000    0.0024259800
   0.0190898300   -0.0309360800    0.0009790200
   0.0184952800   -0.0287989500   -0.0005107100
   0.0190137800   -0.0300330300    0.0024440200
   0.0190870900   -0.0302689800    0.0008925000
   0.0180548000   -0.0286987900   -0.0004350800
   0.0194523000   -0.0291794500    0.0026029000
   0.0209151300   -0.0286346100    0.0001303200
   0.0194325200   -0.0255634100   -0.0021087800
   0.0194763200   -0.0295842300   -0.0031389600
   0.0201192500   -0.0300594900   -0.0007296000
   0.0198755800   -0.0255921100   -0.0020000800
   0.0191988500   -0.0299085800   -0.0030033900
   0.0201189900   -0.0300687500   -0.0007208900
   0.0191540400   -0.0254435700   -0.0020909800
   0.0199219900   -0.0297691300   -0.0031852700
  -0.0068320700    0.0049891500    0.0022210700
  -0.0169782400    0.0281313300   -0.0005099000
  -0.0160682400    0.0342283400    0.0009924900
  -0.0196095000    0.0285362400    0.0025524100
  -0.0178017300    0.0280556600   -0.0003321100
  -0.0188303000    0.0309652300    0.0009210900
  -0.0193002600    0.0297546900    0.0025180300
  -0.0181344500    0.0289072900   -0.0004939800
  -0.0195810200    0.0310013700    0.0008566500
  -0.0197838400    0.0288410400   -0.0029160300
  -0.0191261400    0.0254877500   -0.0022674600
  -0.0201988500    0.0301577400   -0.0007266500
  -0.0194533300    0.0299744800   -0.0030626000
  -0.0197344500    0.0249852100   -0.0022634500
  -0.0198083200    0.0301275500   -0.0006846400
  -0.0195248900    0.0298475100   -0.0030602200
  -0.0191406000    0.0254889400   -0.0020654500
  -0.0206828900    0.0302283100   -0.0006478200
  -0.0417957800   -0.0423110400   -0.0000440300
  -0.0244764100   -0.0287174900    0.0025507200
  -0.0252785100   -0.0259453100   -0.0005490700
  -0.0194236800   -0.0310924400    0.0009451700
  -0.0191461000   -0.0295051700    0.0025331900
  -0.0183650400   -0.0289267900   -0.0004406100
  -0.0194224300   -0.0310293200    0.0008729000
  -0.0191428700   -0.0298526400    0.0025060500
  -0.0183602800   -0.0298313100   -0.0003811200
  -0.0203743500   -0.0337789200   -0.0010926700
  -0.0193249800   -0.0299796100   -0.0030058800
  -0.0202932400   -0.0250981000   -0.0021686200
  -0.0201658800   -0.0300906200   -0.0007018200
  -0.0193655900   -0.0297270600   -0.0030794800
  -0.0194118800   -0.0255472400   -0.0021285800
  -0.0201691000   -0.0300340600   -0.0006141500
  -0.0193641100   -0.0301863600   -0.0030350300
  -0.0194111100   -0.0253737100   -0.0020909200
   0.0305547500    0.0261231600   -0.0007748300
   0.0318708000    0.0273256000    0.0029524900
   0.0130595400    0.0330852700    0.0008347700
   0.0183557200    0.0279936200   -0.0004292300
   0.0193081100    0.0298202300    0.0025268800
   0.0187558600    0.0311374800    0.0009220700
   0.0182462600    0.0286164900   -0.0004695600
   0.0192016300    0.0300004900    0.0025390700
   0.0190648300    0.0305810800    0.0009610400
   0.0201361800    0.0268194500   -0.0023684700
   0.0201873900    0.0296881000   -0.0030849000
   0.0201655300    0.0301564700   -0.0007218600
   0.0194101500    0.0254651200   -0.0020318600
   0.0194528200    0.0303588500   -0.0030678900
   0.0199494700    0.0303216400   -0.0007037900
   0.0193401900    0.0255356400   -0.0020851500
   0.0193875000    0.0299961800   -0.0030880900
   0.0199475500    0.0299064300   -0.0007397500
  -0.0067423700   -0.0314904400   -0.0034509800
   0.0007525600   -0.0071748900    0.0008330000
   0.0016398100   -0.0073744900   -0.0041307300
   0.0034463800   -0.0071012300   -0.0029333200
  -0.0007294500   -0.0063083400    0.0008245500
   0.0028173600   -0.0070763500   -0.0040234400
   0.0039953400   -0.0072199400   -0.0029284200
   0.0001398400   -0.0074221200    0.0007789600
   0.0024774400   -0.0074457000   -0.0039721100
   0.0028564000   -0.0092667400    0.0039690200
  -0.0001034400   -0.0075697100    0.0037161500
   0.0003127200   -0.0064189400    0.0038340900
   0.0042179900   -0.0082142300    0.0032486900
  -0.0000121000   -0.0073248300    0.0036743100
  -0.0000224900   -0.0058251200    0.0037202300
   0.0045663200   -0.0084494000    0.0032455000
  -0.0000378100   -0.0075010200    0.0037099200
  -0.0000201900   -0.0059531700    0.0037078500
  -0.0059373800    0.0062148500   -0.0046595700
  -0.0017511700    0.0073253500    0.0008157000
  -0.0013961900    0.0072437400   -0.0028766500
  -0.0044416200    0.0088179700   -0.0037587300
   0.0007230600    0.0069583600    0.0007646900
  -0.0033317000    0.0072085000   -0.0029407600
  -0.0029928400    0.0072385700   -0.0039558700
   0.0010729100    0.0064315600    0.0007529200
  -0.0035463000    0.0069499500   -0.0028947100
   0.0006059500    0.0067330100    0.0039110000
  -0.0003378000    0.0077207500    0.0038719800
  -0.0042176900    0.0081145500    0.0032222200
  -0.0004997100    0.0062832600    0.0036607400
   0.0004340100    0.0076879800    0.0037250000
  -0.0043226800    0.0080739700    0.0032663900
  -0.0000581300    0.0059966000    0.0036666500
   0.0001796400    0.0073645800    0.0037445000
  -0.0043640800    0.0080770200    0.0032231200
  -0.0164687100   -0.0126860000   -0.0024915000
  -0.0021670200   -0.0070164100   -0.0040335900
  -0.0036512200   -0.0061409800    0.0009150300
  -0.0032907800   -0.0070605900   -0.0029485600
  -0.0034664400   -0.0076635900   -0.0039877400
   0.0009630600   -0.0064253100    0.0008309800
  -0.0029232600   -0.0074570500   -0.0029687000
  -0.0040743000   -0.0072371100   -0.0039203200
   0.0023240100   -0.0068571200    0.0008268700
  -0.0021968700   -0.0038814700    0.0015307200
  -0.0002189200   -0.0059486400    0.0037462500
  -0.0000354200   -0.0078511700    0.0037067500
  -0.0042528000   -0.0081319500    0.0033102000
  -0.0004321300   -0.0063468700    0.0036988700
   0.0001988400   -0.0073868700    0.0036473900
  -0.0044661000   -0.0082546200    0.0032291700
  -0.0001238000   -0.0057984300    0.0036393100
  -0.0000418400   -0.0079123900    0.0038901400
  -0.0034236700    0.0077222400    0.0010077300
  -0.0017496300    0.0071489900   -0.0038375700
   0.0041535000    0.0070320700   -0.0028660600
  -0.0002807300    0.0065482900    0.0008340800
   0.0035499200    0.0079237000   -0.0039977300
   0.0028942700    0.0066620900   -0.0029020100
  -0.0009013400    0.0065838300    0.0007716700
   0.0030376500    0.0071838600   -0.0039488400
   0.0037330500    0.0075537200   -0.0029653600
  -0.0011686100    0.0060827300    0.0021072500
   0.0006227400    0.0063031900    0.0037039500
   0.0042560100    0.0081223300    0.0032594900
   0.0001633300    0.0075342800    0.0037276000
  -0.0003341800    0.0055639600    0.0038727600
   0.0042998100    0.0080680900    0.0032196600
  -0.0001239300    0.0074822600    0.0037409400
   0.0000169800    0.0058380100    0.0036547200
   0.0045810300    0.0086002500    0.0033010500
  -0.0102940300    0.0100397400   -0.0198031700
  -0.0028299400    0.0060269100   -0.0208800800
   0.0042840700    0.0058642900   -0.0214075900
  -0.0000530300    0.0085634800   -0.0170213900
  -0.0022931900    0.0066901700   -0.0207251800
   0.0023595800    0.0067599000   -0.0202420200
  -0.0001494100    0.0087199400   -0.0171199700
  -0.0023671900    0.0068574300   -0.0202970100
   0.0023865900    0.0067431500   -0.0204904900
  -0.0029843400    0.0043219200    0.0100464900
  -0.0031224300    0.0067696500    0.0034795400
   0.0031270200    0.0069474300    0.0033690000
  -0.0000030600    0.0066548400    0.0099403900
  -0.0032438400    0.0066289100    0.0034113800
   0.0031118500    0.0067402000    0.0035145900
   0.0000225500    0.0065207800    0.0099124600
  -0.0032430400    0.0067137900    0.0035067700
   0.0032961000    0.0068922200    0.0034026300
  -0.0049089200   -0.0117445900   -0.0098356600
   0.0027117600   -0.0049566700   -0.0097719200
  -0.0004244000   -0.0083397100   -0.0053623100
  -0.0012153500   -0.0056185900   -0.0098188300
   0.0008961200   -0.0065316600   -0.0101783200
   0.0001168800   -0.0077404500   -0.0046812900
  -0.0011071200   -0.0059903400   -0.0098295800
   0.0010721400   -0.0060469400   -0.0099401100
   0.0000160000   -0.0076211700   -0.0046288800
   0.0010223100   -0.0060808500    0.0161023500
   0.0009819100   -0.0096863000    0.0168615400
  -0.0000476100   -0.0113334100    0.0186584500
  -0.0013851400   -0.0093661000    0.0162683800
   0.0015668800   -0.0091118300    0.0162756600
  -0.0000141700   -0.0113662200    0.0180496200
  -0.0012984300   -0.0092857400    0.0160790800
   0.0013805900   -0.0092910700    0.0159018300
   0.0000398600   -0.0112743700    0.0185684700
  -0.0173668800    0.0043538500    0.0053995100
  -0.0014435000    0.0055161900   -0.0096507300
   0.0028420800    0.0053861100   -0.0096058300
  -0.0000523300    0.0077254700   -0.0047163100
  -0.0011154400    0.0059446200   -0.0097627700
   0.0010417000    0.0060533600   -0.0099318100
  -0.0000558300    0.0076564400   -0.0045025000
  -0.0011766300    0.0061089100   -0.0100553200
   0.0013406400    0.0062174400   -0.0100032100
  -0.0047274000    0.0076361100    0.0148883500
  -0.0013573300    0.0093392700    0.0161079400
   0.0014148700    0.0093818100    0.0170510000
  -0.0000285700    0.0113619500    0.0184371000
  -0.0014670000    0.0091564300    0.0162518300
   0.0013632900    0.0092494200    0.0158960900
   0.0000389500    0.0113286700    0.0184494900
  -0.0014187400    0.0092554000    0.0159966000
   0.0014825600    0.0092812800    0.0164415100
  -0.0076159800   -0.0138023400   -0.0181460400
   0.0041760000   -0.0054430400   -0.0211705100
  -0.0004007700   -0.0094706800   -0.0164722500
  -0.0023844500   -0.0061848300   -0.0206460600
   0.0020815800   -0.0072018000   -0.0201735000
   0.0000812700   -0.0086794300   -0.0167473200
  -0.0023651000   -0.0067106700   -0.0204953900
   0.0022595400   -0.0066984300   -0.0203009600
  -0.0000289500   -0.0085418000   -0.0171521700
  -0.0016120500   -0.0056092300    0.0031710800
   0.0029038900   -0.0069263000    0.0033427800
  -0.0000570000   -0.0066200800    0.0099607300
  -0.0032124700   -0.0067523400    0.0034017900
   0.0031993400   -0.0068583800    0.0034782100
   0.0000259700   -0.0066410200    0.0100242900
  -0.0031485700   -0.0067905500    0.0034818000
   0.0032124700   -0.0067656100    0.0035099900
   0.0000092000   -0.0065356700    0.0099113000
  -0.0923528300   -0.0602457600    0.0006551300
  -0.0109938400   -0.0324662100    0.0001148900
   0.0029596900   -0.0347948900    0.0003523500
   0.0011299800   -0.0300435600    0.0002668700
  -0.0015870000   -0.0299301600    0.0004192000
  -0.0002692800   -0.0327876100    0.0004580900
   0.0008442600   -0.0297685500    0.0003203500
  -0.0008061600   -0.0297190900    0.0003754000
   0.0002393000   -0.0333992700    0.0004457100
  -0.0046052200   -0.0265759300    0.0051459800
   0.0039446500   -0.0263578000    0.0052319400
   0.0000233100   -0.0307302500   -0.0018663600
  -0.0039266000   -0.0259112000    0.0051536600
   0.0037024000   -0.0261686500    0.0050755600
  -0.0001324400   -0.0304406700   -0.0018707000
  -0.0039148700   -0.0258043500    0.0051782800
   0.0039241000   -0.0256040500    0.0051475400
   0.0002913000   -0.0310108100   -0.0018393500
  -0.0876502900    0.0943224800    0.0007005400
   0.0043611800    0.0299188100    0.0003633900
  -0.0106268900    0.0305297700    0.0002523100
   0.0003127800    0.0339030500    0.0004908500
   0.0006427500    0.0297327400    0.0003450200
  -0.0012513700    0.0297403600    0.0003612500
   0.0001357800    0.0331959400    0.0003585300
   0.0011804100    0.0297210800    0.0003659600
  -0.0005012100    0.0300699200    0.0004040100
   0.0009124800    0.0318334300   -0.0012522900
  -0.0042189800    0.0257924000    0.0052018100
   0.0040162400    0.0263303500    0.0051594600
  -0.0000931100    0.0307958900   -0.0018457100
  -0.0042568500    0.0260131800    0.0051973500
   0.0040267300    0.0255975600    0.0051554200
  -0.0000229400    0.0307600000   -0.0017843300
  -0.0038130200    0.0255817800    0.0051805100
   0.0039163500    0.0261256000    0.0050448000
   0.0016404700   -0.0014723600   -0.0018411100
  -0.0000232800   -0.0039741600   -0.0022928200
  -0.0000523000   -0.0037467800   -0.0021964900
  -0.0000255200   -0.0037500800   -0.0022595700
  -0.0000522900   -0.0037467500   -0.0022095600
  -0.0000020000   -0.0036586600   -0.0022528000
  -0.0000072400   -0.0036988000   -0.0022292900
   0.0000296100   -0.0036948800   -0.0022079000
   0.0000099700   -0.0036979500   -0.0022696900
  -0.0017999700    0.0024480400   -0.0029996000
   0.0000103000    0.0037203000   -0.0022718000
   0.0000238100    0.0037786100   -0.0022884100
   0.0000023700    0.0037297000   -0.0022672300
  -0.0000580900    0.0036543700   -0.0022231800
  -0.0000242300    0.0036740100   -0.0022028800
   0.0000507300    0.0036657000   -0.0022942000
  -0.0000151500    0.0036612500   -0.0022004400
   0.0000818800    0.0038192800   -0.0022412200
  -0.0005674000   -0.0043082300    0.0028399800
   0.0001628100   -0.0035093000    0.0028814800
  -0.0000074400   -0.0036151600    0.0028838900
  -0.0000446900   -0.0035971000    0.0028698600
  -0.0000894300   -0.0037814400    0.0028648400
   0.0000009000   -0.0035712500    0.0028813600
  -0.0000700200   -0.0036511000    0.0028666900
   0.0000456500   -0.0036369300    0.0028547500
  -0.0000307700   -0.0036036600    0.0029071000
   0.0012394200    0.0048176700    0.0029063200
  -0.0000433200    0.0036344600    0.0028665500
  -0.0000053800    0.0035798900    0.0028844400
  -0.0000011000    0.0035931400    0.0028975200
  -0.0000328300    0.0036570200    0.0028762800
   0.0000174600    0.0036486700    0.0028538400
  -0.0000267800    0.0035865800    0.0029013100
  -0.0000408600    0.0036402600    0.0028525900
   0.0000418600    0.0036729900    0.0028713300

1    
  0.0000000000000000   0.0100000000000000   0.0000000000000000
  -0.0260357800   -0.3401815400    0.0024773200
   0.0186527900   -0.0311633300   -0.0003409700
   0.0168640000   -0.0323092800    0.0025207600
   0.0183940000   -0.0303063300    0.0008870100
   0.0174360100   -0.0286327800   -0.0005452500
   0.0190389900   -0.0298767000    0.0025131600
   0.0190696000   -0.0303099600    0.0009358700
   0.0182701200   -0.0287331200   -0.0004269300
   0.0191381000   -0.0297684200    0.0025080900
   0.0185159200   -0.0282085600   -0.0008205900
   0.0190328000   -0.0257199800   -0.0020942300
   0.0195197600   -0.0301841900   -0.0030784800
   0.0199293300   -0.0303878000   -0.0006684300
   0.0192135100   -0.0253341900   -0.0019754200
   0.0193949500   -0.0299992100   -0.0030469900
   0.0199187000   -0.0303901500   -0.0006775600
   0.0193461900   -0.0255288400   -0.0021013100
   0.0195531400   -0.0298059000   -0.0030330200
   0.0055905800    0.1308872600    0.0025379200
  -0.0175479800    0.0317098500   -0.0004842600
  -0.0224272700    0.0310283200    0.0010081900
  -0.0177481100    0.0315356100    0.0025333200
  -0.0174794900    0.0292579600   -0.0003712300
  -0.0191206500    0.0305501800    0.0009244000
  -0.0189850500    0.0302330500    0.0025256900
  -0.0183178300    0.0289635200   -0.0004031800
  -0.0191665600    0.0308257900    0.0009154200
  -0.0183876300    0.0299460100   -0.0028695100
  -0.0194362300    0.0257604200   -0.0021914500
  -0.0200503800    0.0300958600   -0.0007365000
  -0.0194908000    0.0295586200   -0.0029908300
  -0.0189301700    0.0250550300   -0.0021734400
  -0.0200144300    0.0302796400   -0.0006795600
  -0.0193665200    0.0300122200   -0.0030379200
  -0.0194255900    0.0254080800   -0.0021142100
  -0.0201210500    0.0302287400   -0.0006936900
  -0.0305918100   -0.0330950000    0.0007309400
  -0.0179223000   -0.0311100300    0.0024727600
  -0.0153266600   -0.0346959400   -0.0003981900
  -0.0191898200   -0.0301351900    0.0009097200
  -0.0190824700   -0.0299409500    0.0025075400
  -0.0192639700   -0.0287925300   -0.0004748100
  -0.0192551700   -0.0301327900    0.0009883400
  -0.0187364800   -0.0299465200    0.0024925900
  -0.0183344500   -0.0287864300   -0.0004440800
  -0.0236061800   -0.0264439400   -0.0001433500
  -0.0194977200   -0.0299935100   -0.0030926200
  -0.0190402600   -0.0254494300   -0.0020548700
  -0.0199232500   -0.0303437700   -0.0006571900
  -0.0196994600   -0.0300256700   -0.0030794700
  -0.0193278400   -0.0254582800   -0.0021920900
  -0.0199783200   -0.0303454600   -0.0007383400
  -0.0192493200   -0.0300316400   -0.0030363300
  -0.0194852000   -0.0254549200   -0.0020784200
   0.0155988600    0.0343434600   -0.0002816800
   0.0164758400    0.0355028700    0.0024299200
   0.0212172800    0.0305012100    0.0009453000
   0.0180736700    0.0290361100   -0.0003777200
   0.0183357200    0.0302021200    0.0024691400
   0.0192576400    0.0304075300    0.0009990600
   0.0182430400    0.0292052900   -0.0004443800
   0.0189505700    0.0303431400    0.0024877200
   0.0187117500    0.0306273000    0.0009548900
   0.0191253200    0.0249159700   -0.0020534400
   0.0207867300    0.0293674000   -0.0030525200
   0.0200129100    0.0302416700   -0.0007195400
   0.0198052400    0.0250789700   -0.0018233000
   0.0194084000    0.0295437300   -0.0029308700
   0.0201748100    0.0302373000   -0.0007233800
   0.0194327100    0.0255244700   -0.0021212400
   0.0194837900    0.0299922600   -0.0030154600
   0.0197648700    0.0300548400   -0.0006872100
   0.0407232800    0.1016748600   -0.0041247000
  -0.0021384500   -0.0067293300    0.0008107900
   0.0034504800   -0.0067647700   -0.0037950600
   0.0037870700   -0.0067905600   -0.0028526700
  -0.0007618100   -0.0067427000    0.0006993000
   0.0029160500   -0.0070564300   -0.0040569500
   0.0022352500   -0.0057615900   -0.0029335000
  -0.0005201800   -0.0067406500    0.0008653300
   0.0029551700   -0.0071442900   -0.0039907300
   0.0016810000   -0.0089453300    0.0026966100
  -0.0000062700   -0.0074571600    0.0037338900
   0.0001403000   -0.0056600200    0.0035311800
   0.0043288800   -0.0078983000    0.0032437200
   0.0000157800   -0.0075986900    0.0038037400
  -0.0000315300   -0.0058168000    0.0037588300
   0.0041624300   -0.0079037800    0.0032989200
  -0.0001830200   -0.0073309000    0.0036480300
   0.0000899500   -0.0060572300    0.0036575900
  -0.0015537700   -0.0034174900   -0.0038960700
   0.0011951100    0.0064088300    0.0005271000
  -0.0033647900    0.0070494400   -0.0029129800
  -0.0028521800    0.0149465100   -0.0040726100
   0.0011670400    0.0074644600    0.0007812500
  -0.0042840000    0.0071146500   -0.0029427800
  -0.0029496800    0.0067751200   -0.0039795300
   0.0009136100    0.0067122700    0.0008436400
  -0.0032632300    0.0068412400   -0.0028694200
  -0.0000737500    0.0057001300    0.0037116100
   0.0000966700    0.0072499100    0.0038035700
  -0.0044539000    0.0081617500    0.0032885700
   0.0005210400    0.0059465000    0.0038018300
   0.0004789600    0.0076559000    0.0037110500
  -0.0043336700    0.0080658500    0.0033151900
  -0.0001632700    0.0058697300    0.0037361200
  -0.0000752600    0.0076079500    0.0036763800
  -0.0041392400    0.0079155200    0.0032421600
   0.0077497000    0.0096228700   -0.0029471400
  -0.0038447900   -0.0068431200   -0.0039633500
   0.0010597000   -0.0067523700    0.0006845300
  -0.0037873300   -0.0068881100   -0.0029291600
  -0.0031051800   -0.0070201600   -0.0039118500
   0.0012797900   -0.0068882700    0.0008024800
  -0.0034392700   -0.0063626100   -0.0029291300
  -0.0032460400   -0.0070706500   -0.0039705900
   0.0016676100   -0.0077159600    0.0007756400
  -0.0015464400   -0.0107935700    0.0033240400
  -0.0002086900   -0.0058619800    0.0036782900
   0.0000056100   -0.0073742500    0.0037764600
  -0.0044127400   -0.0078733000    0.0032533000
  -0.0002120300   -0.0059233100    0.0035878200
   0.0001407800   -0.0074923900    0.0037282100
  -0.0041885100   -0.0078557000    0.0032579600
  -0.0001496500   -0.0058927300    0.0037027500
   0.0001248000   -0.0075486800    0.0037042100
  -0.0037442900    0.0096773800    0.0010385000
   0.0043176200    0.0060052000   -0.0039095400
   0.0041520700    0.0069149100   -0.0028874700
  -0.0007026800    0.0071906600    0.0008419000
   0.0027909100    0.0033246900   -0.0038790200
   0.0039439300    0.0070695200   -0.0028765300
  -0.0010939200    0.0065107900    0.0008183300
   0.0029480000    0.0067992100   -0.0040234400
   0.0034643500    0.0070880600   -0.0029152400
  -0.0000788200    0.0076715100    0.0040603600
  -0.0000729200    0.0060934200    0.0036795900
   0.0043872000    0.0080500000    0.0032878600
  -0.0006297700    0.0077633200    0.0035566700
  -0.0004816500    0.0059006700    0.0036415000
   0.0042787900    0.0080451100    0.0032580800
  -0.0000840300    0.0074533900    0.0036758600
   0.0002060200    0.0059251200    0.0037064700
   0.0042566600    0.0082370800    0.0033005400
   0.0012483000    0.0171041300   -0.0155394400
  -0.0020049400    0.0069196600   -0.0199888400
   0.0018574900    0.0075979100   -0.0194863200
   0.0000934900    0.0087185500   -0.0166236400
  -0.0022117600    0.0068403600   -0.0203587600
   0.0022959100    0.0065543100   -0.0204386700
   0.0001622100    0.0082955200   -0.0165232200
  -0.0023322400    0.0067986800   -0.0202469000
   0.0023405500    0.0067414800   -0.0203646900
   0.0017841400    0.0065086100    0.0102477400
  -0.0031935500    0.0067606900    0.0034735500
   0.0033253100    0.0066772200    0.0034474100
  -0.0000346800    0.0065173900    0.0100112800
  -0.0033396200    0.0067329500    0.0034404600
   0.0031435100    0.0068496600    0.0035402000
  -0.0000714100    0.0066252800    0.0100041500
  -0.0031225000    0.0067233400    0.0035048900
   0.0031369700    0.0066865500    0.0034575900
   0.0036136300    0.0015991500   -0.0094827200
   0.0012070600   -0.0065094900   -0.0103314900
  -0.0001277600   -0.0074729500   -0.0048761800
  -0.0002714500   -0.0070977700   -0.0097717300
   0.0015359600   -0.0058976100   -0.0097764000
   0.0000525000   -0.0077282100   -0.0047746900
  -0.0010684500   -0.0060219000   -0.0099501500
   0.0010612800   -0.0060099400   -0.0099198400
  -0.0000594600   -0.0077221500   -0.0047272900
  -0.0021163300   -0.0110800900    0.0146516800
   0.0007430800   -0.0088276900    0.0161783200
   0.0000254900   -0.0113558500    0.0183672100
  -0.0017368200   -0.0088800400    0.0160777300
   0.0012048800   -0.0095247100    0.0154688900
  -0.0000136600   -0.0113154700    0.0182270200
  -0.0014530400   -0.0092670000    0.0159949800
   0.0013812400   -0.0092483200    0.0161130900
  -0.0000517300   -0.0113784400    0.0180553700
   0.0062572700    0.0149229100   -0.0076867200
  -0.0007401400    0.0061838100   -0.0105036200
   0.0009982100    0.0067473900   -0.0108048200
   0.0000925400    0.0076824400   -0.0046435900
  -0.0011244500    0.0061465100   -0.0098744600
   0.0009770900    0.0060523500   -0.0099511100
   0.0000609700    0.0074433500   -0.0048197000
  -0.0010871100    0.0060718900   -0.0100162700
   0.0010933900    0.0060236900   -0.0101290800
   0.0029454500    0.0120873600    0.0184088000
  -0.0013032700    0.0093125900    0.0161928200
   0.0014290800    0.0091575000    0.0160008300
  -0.0000906200    0.0112851500    0.0178036300
  -0.0014488000    0.0091807000    0.0160129800
   0.0013229200    0.0092941800    0.0159471400
  -0.0000924700    0.0113477300    0.0179709100
  -0.0013476100    0.0092273000    0.0159356900
   0.0013308100    0.0092174100    0.0161461000
   0.0019674600    0.0003371300   -0.0206545700
   0.0027967100   -0.0075531500   -0.0200305700
  -0.0001299100   -0.0083292600   -0.0168521800
  -0.0013622500   -0.0080331300   -0.0212557400
   0.0030685900   -0.0062750600   -0.0201145400
  -0.0000086500   -0.0086491600   -0.0168738700
  -0.0023149600   -0.0067211800   -0.0203764300
   0.0023947400   -0.0067004900   -0.0204769500
  -0.0000533600   -0.0086616500   -0.0167480700
  -0.0031962500   -0.0072331100    0.0038275600
   0.0028972800   -0.0066202200    0.0034631400
   0.0000039100   -0.0066205200    0.0099546500
  -0.0033534600   -0.0063844000    0.0035164900
   0.0030045800   -0.0070135900    0.0035646600
   0.0000186600   -0.0066032900    0.0099841500
  -0.0031896100   -0.0067477100    0.0034770300
   0.0031500100   -0.0067046000    0.0034472300
  -0.0000562700   -0.0066592800    0.0099999200
   0.0230669100   -0.0102699300    0.0001892600
   0.0056778700   -0.0319835500    0.0002851300
   0.0007301200   -0.0330226000    0.0004048000
   0.0009981200   -0.0295575500    0.0005609100
  -0.0002999500   -0.0290524000    0.0005135100
  -0.0002124000   -0.0332297000    0.0004869400
   0.0005173400   -0.0300782300    0.0003409600
  -0.0006836200   -0.0299797900    0.0003844100
   0.0001228300   -0.0328697100    0.0004427000
  -0.0039409200   -0.0245407400    0.0051335900
   0.0042146100   -0.0269151400    0.0051487400
  -0.0000591500   -0.0308021400   -0.0018376600
  -0.0041136000   -0.0256223500    0.0053848800
   0.0037671200   -0.0250405100    0.0049633600
  -0.0000045900   -0.0308761800   -0.0018512500
  -0.0040073300   -0.0258354900    0.0051833900
   0.0038938300   -0.0258493500    0.0051885500
   0.0001052400   -0.0305525000   -0.0018617800
  -0.0546462800    0.0701790600    0.0009286600
  -0.0017466300    0.0301962200    0.0003323400
  -0.0010797500    0.0285023800    0.0003620100
  -0.0003182100    0.0320639100    0.0004196100
   0.0008188700    0.0294063500    0.0004191100
  -0.0004775100    0.0299003000    0.0004211900
  -0.0000194800    0.0329020600    0.0004224000
   0.0009416700    0.0294746800    0.0003406500
  -0.0009203900    0.0296263600    0.0003719400
   0.0011298700    0.0293855500   -0.0020529300
  -0.0038762800    0.0257688700    0.0051740200
   0.0036873000    0.0257866700    0.0051489900
  -0.0000802700    0.0307715800   -0.0017840700
  -0.0038628600    0.0257679900    0.0051444900
   0.0038136200    0.0257830200    0.0050964900
  -0.0000556400    0.0307267000   -0.0018643200
  -0.0039712900    0.0256312500    0.0051823500
   0.0039619600    0.0258786500    0.0052103400
  -0.0007997500   -0.0050859300   -0.0023973700
  -0.0001620800   -0.0036819800   -0.0021818300
  -0.0000211500   -0.0037371800   -0.0022360000
  -0.0002328800   -0.0033457000   -0.0021708200
  -0.0000727000   -0.0037281800   -0.0021992600
   0.0000030600   -0.0037203400   -0.0022364700
  -0.0000157500   -0.0036993100   -0.0021792900
  -0.0000295000   -0.0036793900   -0.0021864400
  -0.0000369400   -0.0037063200   -0.0022323300
  -0.0002277900    0.0049304900   -0.0019245700
  -0.0000107700    0.0037317500   -0.0021455400
   0.0000248900    0.0036381600   -0.0021033800
  -0.0000462600    0.0036750800   -0.0022340200
  -0.0000784600    0.0036243300   -0.0021860900
  -0.0000631300    0.0037368000   -0.0021996600
  -0.0000539000    0.0037148300   -0.0022038800
  -0.0000092300    0.0036542500   -0.0021810800
  -0.0000111300    0.0036407900   -0.0021761100
   0.0000775500   -0.0034092900    0.0028645400
   0.0002680300   -0.0038569000    0.0029107400
  -0.0000287300   -0.0035840100    0.0028979300
   0.0000449200   -0.0038033600    0.0028822500
   0.0000968300   -0.0035664500    0.0028498900
  -0.0000041500   -0.0036262500    0.0028973200
  -0.0000371100   -0.0036591900    0.0028675700
   0.0000203400   -0.0036446300    0.0028696200
  -0.0000196100   -0.0036004300    0.0028897400
  -0.0010805100    0.0039005100    0.0029623400
  -0.0000687200    0.0036356000    0.0028579900
   0.0000140100    0.0036796100    0.0028586000
   0.0000049400    0.0036222600    0.0028932700
  -0.0000625100    0.0036437800    0.0028679300
   0.0000238000    0.0036427300    0.0028667100
  -0.0000086200    0.0036041100    0.0028892700
  -0.0000404400    0.0036342600    0.0028587100
   0.0000278700    0.0036564800    0.0028761800

1    
  0.0000000000000000  -0.0100000000000000   0.0000000000000000
   0.0663021300    0.2802105500   -0.0014427800
   0.0177401500   -0.0264675100   -0.0005303100
   0.0213828100   -0.0276136900    0.0024698900
   0.0195501600   -0.0313577800    0.0009758500
   0.0189667100   -0.0289952000   -0.0003262700
   0.0192603600   -0.0300263100    0.0024781100
   0.0188696800   -0.0313602800    0.0009277800
   0.0181083400   -0.0288836100   -0.0004472800
   0.0191659500   -0.0301311200    0.0024812300
   0.0215716100   -0.0320939800   -0.0005632100
   0.0197333300   -0.0252242600   -0.0020939300
   0.0193367100   -0.0296888400   -0.0030037900
   0.0201190200   -0.0299404200   -0.0007262800
   0.0195630100   -0.0256080100   -0.0022124800
   0.0194528100   -0.0298760500   -0.0030359300
   0.0201295500   -0.0299418200   -0.0007171800
   0.0194106900   -0.0254064000   -0.0020859800
   0.0193144000   -0.0300800900   -0.0030502900
  -0.0446389400   -0.0764091100    0.0024408600
  -0.0188536600    0.0258949900   -0.0003886400
  -0.0156325700    0.0306135900    0.0008562700
  -0.0205467400    0.0283159200    0.0024623900
  -0.0189568600    0.0283305100   -0.0005033300
  -0.0188503300    0.0311126600    0.0009378200
  -0.0193488000    0.0296443000    0.0024655200
  -0.0181021200    0.0286517200   -0.0004705600
  -0.0188218900    0.0308382400    0.0009489900
  -0.0205522900    0.0299148700   -0.0032157000
  -0.0193649600    0.0251573000   -0.0020009600
  -0.0200394900    0.0302163700   -0.0006580000
  -0.0194049400    0.0302985800   -0.0030940800
  -0.0198892000    0.0258690700   -0.0020163400
  -0.0200661500    0.0300364700   -0.0007132800
  -0.0195287900    0.0298493600   -0.0030457000
  -0.0193700600    0.0255215800   -0.0020732600
  -0.0199750900    0.0300865400   -0.0007008900
  -0.0074739200   -0.0284935800    0.0011070200
  -0.0203881300   -0.0287833700    0.0025163400
  -0.0209957500   -0.0228941300   -0.0004711600
  -0.0187895900   -0.0315363600    0.0009538300
  -0.0192593700   -0.0299551400    0.0024846500
  -0.0171901000   -0.0288414800   -0.0003972400
  -0.0187261500   -0.0315329400    0.0008757300
  -0.0195997100   -0.0299607600    0.0024980800
  -0.0180823600   -0.0288366200   -0.0004291400
  -0.0164842600   -0.0339537500   -0.0012963300
  -0.0193949600   -0.0298825500   -0.0029893700
  -0.0197650500   -0.0254946500   -0.0021359400
  -0.0201610100   -0.0299843900   -0.0007369600
  -0.0191924700   -0.0298495800   -0.0030039500
  -0.0194900500   -0.0254842600   -0.0019972100
  -0.0201066300   -0.0299851000   -0.0006550000
  -0.0196473200   -0.0298554800   -0.0030453700
  -0.0193143700   -0.0254819700   -0.0021096600
   0.0208571400    0.0232281900   -0.0005907000
   0.0218372400    0.0243889600    0.0025777200
   0.0167512700    0.0311298600    0.0009161200
   0.0183396200    0.0285269900   -0.0004979200
   0.0199546500    0.0296933800    0.0025240600
   0.0186696500    0.0312559900    0.0008639200
   0.0181394400    0.0284040200   -0.0004286800
   0.0193410700    0.0295416600    0.0025055200
   0.0192261100    0.0310326300    0.0009082200
   0.0196363000    0.0260387800   -0.0021445300
   0.0181086600    0.0304893700   -0.0030296900
   0.0200314700    0.0300704000   -0.0006737300
   0.0189763900    0.0258543500   -0.0023670500
   0.0194402800    0.0303199500   -0.0031528400
   0.0198679700    0.0300783100   -0.0006703600
   0.0193244400    0.0254051100   -0.0020665400
   0.0193654000    0.0298728400   -0.0030686000
   0.0202800000    0.0302574700   -0.0007068900
  -0.0316066600   -0.1092384500   -0.0017946100
   0.0003942900   -0.0065315500    0.0007882300
   0.0025752800   -0.0075351500   -0.0041836200
   0.0031371200   -0.0072844300   -0.0029573600
  -0.0009706400   -0.0064996900    0.0008988100
   0.0031041900   -0.0072371300   -0.0039254800
   0.0046989300   -0.0083027500   -0.0028768200
  -0.0012016200   -0.0065295400    0.0007323900
   0.0030603900   -0.0071420400   -0.0039872400
   0.0068409100   -0.0073169400    0.0038469100
  -0.0001881200   -0.0075635900    0.0036820400
   0.0000651100   -0.0062157900    0.0038585100
   0.0041980100   -0.0083349500    0.0032936800
  -0.0002077600   -0.0074201300    0.0036130500
   0.0002320200   -0.0060532000    0.0036324000
   0.0043673600   -0.0083240100    0.0032364900
  -0.0000002400   -0.0076981700    0.0037689700
   0.0001184900   -0.0058071000    0.0037289700
  -0.0046413900    0.0176322900   -0.0040847500
   0.0005197700    0.0068663100    0.0010708100
  -0.0035842100    0.0070251500   -0.0028950300
  -0.0033658800   -0.0006019200   -0.0038982600
   0.0005251800    0.0057720600    0.0008183600
  -0.0026946600    0.0069677500   -0.0028663600
  -0.0031175200    0.0075020000   -0.0039987800
   0.0007836900    0.0065174300    0.0007539900
  -0.0037018200    0.0072301700   -0.0029397800
  -0.0001772300    0.0061591000    0.0036809400
   0.0000368100    0.0077803600    0.0036148100
  -0.0041091600    0.0080564800    0.0032479600
  -0.0007899600    0.0059386400    0.0035829600
  -0.0003287700    0.0073528300    0.0037050800
  -0.0042327900    0.0081522800    0.0032211200
  -0.0000783100    0.0059889700    0.0036511100
   0.0002298800    0.0073954100    0.0037409900
  -0.0044254800    0.0083029100    0.0032941700
  -0.0145766500   -0.0238403900   -0.0028782800
  -0.0022416800   -0.0074418600   -0.0040169400
   0.0006272200   -0.0064987900    0.0009141000
  -0.0031726200   -0.0071928600   -0.0028802100
  -0.0029645500   -0.0072750200   -0.0040682300
   0.0004172600   -0.0063530400    0.0007963400
  -0.0035360400   -0.0077128300   -0.0028798600
  -0.0028263600   -0.0072153900   -0.0040059500
   0.0000150400   -0.0055647500    0.0008181300
  -0.0070044500   -0.0053595700    0.0031742900
  -0.0000353500   -0.0060104000    0.0037099500
   0.0001443700   -0.0076463800    0.0036387600
  -0.0041551400   -0.0083579300    0.0032856300
  -0.0000340000   -0.0059493000    0.0038014000
   0.0000149300   -0.0075266900    0.0036874000
  -0.0043812800   -0.0083712200    0.0032787000
  -0.0000976000   -0.0059726800    0.0036828100
   0.0000112100   -0.0074877200    0.0037163800
   0.0020190600    0.0035369100    0.0005601300
   0.0017042200    0.0082461800   -0.0040696000
   0.0027944400    0.0071583600   -0.0029242400
  -0.0010304700    0.0060657000    0.0007578700
   0.0032138100    0.0110491200   -0.0040972100
   0.0029878800    0.0069941600   -0.0029314000
  -0.0006424000    0.0067213000    0.0007791700
   0.0030777000    0.0074767800   -0.0039549400
   0.0034627200    0.0069880100   -0.0028948500
  -0.0001011300    0.0073229300    0.0033301000
   0.0002876000    0.0057678100    0.0037062700
   0.0041365800    0.0081699900    0.0032505500
   0.0004489800    0.0072443200    0.0038588700
   0.0006963700    0.0059729200    0.0037476000
   0.0042476200    0.0081749100    0.0032772900
  -0.0001115100    0.0075526000    0.0037423500
  -0.0000042300    0.0059300000    0.0036810700
   0.0042701700    0.0079873300    0.0032380400
  -0.0008083900    0.0002254900   -0.0181314200
  -0.0026615600    0.0065414600   -0.0208424500
   0.0027818000    0.0058611300   -0.0213585800
  -0.0001132500    0.0086116500   -0.0170054300
  -0.0024565100    0.0066115700   -0.0204767600
   0.0023365100    0.0068952000   -0.0203940400
  -0.0001821100    0.0090396600   -0.0171010100
  -0.0023383700    0.0066601200   -0.0205835300
   0.0022903700    0.0067180200   -0.0204683200
  -0.0018620700    0.0067005000    0.0096482200
  -0.0031750100    0.0067334600    0.0034869800
   0.0029981800    0.0068185000    0.0035119000
   0.0000140600    0.0067271200    0.0099504300
  -0.0030309900    0.0067581300    0.0035186400
   0.0031836600    0.0066430200    0.0034210800
   0.0000511400    0.0066114500    0.0099582100
  -0.0032496000    0.0067652600    0.0034549800
   0.0031952400    0.0068042400    0.0035001300
  -0.0058425400   -0.0138250500   -0.0103699700
   0.0009049900   -0.0056163300   -0.0095096000
   0.0001000800   -0.0080038000   -0.0045919300
  -0.0018907700   -0.0050569700   -0.0100984000
   0.0005731800   -0.0062546400   -0.0100863300
  -0.0000703100   -0.0077533300   -0.0047011900
  -0.0010874200   -0.0061235300   -0.0099052300
   0.0010549000   -0.0061363900   -0.0099380400
   0.0000392900   -0.0077550300   -0.0047455300
  -0.0005995800   -0.0073757700    0.0174513100
   0.0019879300   -0.0096809200    0.0159156000
  -0.0000458100   -0.0113488600    0.0179801000
  -0.0010378700   -0.0096335600    0.0160096400
   0.0015361200   -0.0089869600    0.0165996300
  -0.0000079100   -0.0113883400    0.0181207400
  -0.0013251700   -0.0092445900    0.0160516800
   0.0013581300   -0.0092628800    0.0159302800
   0.0000316100   -0.0113238000    0.0182961300
  -0.0059308900    0.0004278000   -0.0015717400
  -0.0014126800    0.0059567700   -0.0093544700
   0.0011232900    0.0053939500   -0.0090538000
  -0.0001138600    0.0077804100   -0.0048235600
  -0.0010340200    0.0059855100   -0.0099820000
   0.0011411300    0.0060789400   -0.0099073800
  -0.0000820000    0.0080199100   -0.0046497300
  -0.0010733700    0.0060609300   -0.0098395500
   0.0010277300    0.0061106100   -0.0097243300
  -0.0031670000    0.0105458800    0.0180091600
  -0.0014748300    0.0091874800    0.0158594700
   0.0013040800    0.0093444000    0.0160685700
   0.0000684300    0.0114104400    0.0185518100
  -0.0013320100    0.0093162500    0.0160412000
   0.0014154300    0.0092032700    0.0161058500
   0.0000711600    0.0113423400    0.0183804000
  -0.0014326700    0.0092702700    0.0161127400
   0.0014097500    0.0092803500    0.0159105300
  -0.0067442100   -0.0139083500   -0.0201672800
   0.0018289600   -0.0058907200   -0.0208430900
   0.0001059200   -0.0090137400   -0.0167707300
  -0.0033049900   -0.0054498200   -0.0195828800
   0.0015491400   -0.0072030700   -0.0207152500
  -0.0000092900   -0.0087043800   -0.0167426900
  -0.0023504000   -0.0067468000   -0.0204530100
   0.0022293800   -0.0067669100   -0.0203484000
   0.0000335000   -0.0086858500   -0.0168754200
  -0.0031504900   -0.0062521300    0.0031140600
   0.0034293700   -0.0068825300    0.0034888400
  -0.0000254500   -0.0066339300    0.0100084500
  -0.0030149400   -0.0071190000    0.0034374200
   0.0033254200   -0.0064931500    0.0033907900
  -0.0000387500   -0.0066474800    0.0099784500
  -0.0031807200   -0.0067588600    0.0034839500
   0.0031810400   -0.0068006500    0.0035137800
   0.0000350900   -0.0065909100    0.0099625400
  -0.0213516000   -0.0489501000    0.0005775200
  -0.0075830500   -0.0274702200    0.0004816000
  -0.0007035400   -0.0329872100    0.0005057300
   0.0009555200   -0.0298923900    0.0001935300
  -0.0016748100   -0.0303579000    0.0002418600
   0.0001909000   -0.0327923000    0.0004222700
   0.0013832500   -0.0293234000    0.0004173700
  -0.0012556900   -0.0294180100    0.0003742000
  -0.0001413100   -0.0331601000    0.0004652000
  -0.0039948800   -0.0270566900    0.0051917900
   0.0036729600   -0.0246713700    0.0051749000
   0.0000409600   -0.0305382000   -0.0018796200
  -0.0038325000   -0.0259527300    0.0049389100
   0.0041346300   -0.0265284400    0.0053600300
  -0.0000162400   -0.0304609700   -0.0018647500
  -0.0039305100   -0.0257184900    0.0051404800
   0.0040046100   -0.0257010200    0.0051355500
  -0.0001224000   -0.0307985800   -0.0018528700
   0.0564288800   -0.0050689200   -0.0000353700
   0.0035877100    0.0291972000    0.0004264800
  -0.0008305100    0.0309123100    0.0003967800
   0.0003118100    0.0339820400    0.0004895700
   0.0010860600    0.0299948500    0.0003392200
  -0.0014783200    0.0295073600    0.0003375300
  -0.0000048000    0.0331254000    0.0004856600
   0.0009708200    0.0299154000    0.0004151500
  -0.0010258500    0.0297736700    0.0003831200
  -0.0011452100    0.0319983300   -0.0016723100
  -0.0040669500    0.0257817700    0.0051503800
   0.0042105800    0.0257686900    0.0051744200
   0.0000577800    0.0305640600   -0.0019330300
  -0.0040792400    0.0257922400    0.0051810100
   0.0040883700    0.0257743400    0.0052279500
   0.0000336900    0.0306136700   -0.0018513600
  -0.0039586700    0.0259177800    0.0051440800
   0.0039266500    0.0256820700    0.0051152900
   0.0008137900   -0.0022474600   -0.0019916300
   0.0001506800   -0.0036902900   -0.0022157500
   0.0000003600   -0.0036708800   -0.0022456600
   0.0002048300   -0.0040325300   -0.0022256500
   0.0000637900   -0.0036463600   -0.0021978600
  -0.0000233800   -0.0036870700   -0.0022435700
  -0.0000174800   -0.0036724900   -0.0022167500
   0.0000222700   -0.0036923100   -0.0022091600
   0.0000163400   -0.0037024000   -0.0022484100
   0.0000597300    0.0024622400   -0.0025411500
  -0.0000208700    0.0036280400   -0.0022506100
  -0.0000342700    0.0037243800   -0.0022934500
   0.0000258900    0.0037224300   -0.0022480100
   0.0000458300    0.0037362900   -0.0022096900
   0.0000539000    0.0036245000   -0.0021960300
   0.0000338400    0.0036819200   -0.0022777200
  -0.0000230300    0.0037046400   -0.0022146000
   0.0000040200    0.0037205100   -0.0022202700
  -0.0001820400   -0.0039027900    0.0028689900
  -0.0002139300   -0.0034458900    0.0028229600
   0.0000083100   -0.0036164000    0.0028883600
  -0.0001379000   -0.0034990600    0.0028513600
  -0.0000468400   -0.0037372000    0.0028833900
  -0.0000156900   -0.0035741800    0.0028885700
  -0.0000558400   -0.0036439200    0.0028654600
   0.0000316300   -0.0036582300    0.0028632900
  -0.0000011000   -0.0036008500    0.0028967800
   0.0010918300    0.0033068000    0.0028231000
  -0.0000235800    0.0036558300    0.0028750200
   0.0000397200    0.0036104900    0.0028746700
  -0.0000245500    0.0035652500    0.0028932100
  -0.0000290200    0.0036483000    0.0028654700
   0.0000270800    0.0036494000    0.0028665300
  -0.0000113800    0.0035849600    0.0028974300
  -0.0000517400    0.0036564900    0.0028744000
   0.0000241100    0.0036348100    0.0028572600

1    
  0.0000000000000000   0.0000000000000000   0.0100000000000000
   0.0224017000   -0.0288448600   -0.0672755800
   0.0182659200   -0.0287762400   -0.0010248900
   0.0190495100   -0.0298505900    0.0019055500
   0.0190127100   -0.0308329800    0.0007470700
   0.0180929400   -0.0287963100    0.0001013900
   0.0191499700   -0.0299395200    0.0023307100
   0.0189226300   -0.0308872000    0.0007472400
   0.0182451600   -0.0287930000   -0.0006018800
   0.0192281500   -0.0300591500    0.0030323500
   0.0208996100   -0.0300199800   -0.0004473800
   0.0192905700   -0.0254322000   -0.0020330100
   0.0194208500   -0.0299351700   -0.0029808000
   0.0200071700   -0.0301821500   -0.0007225300
   0.0192471800   -0.0254765300   -0.0021042600
   0.0194382400   -0.0299286700   -0.0030272700
   0.0200005500   -0.0301906000   -0.0007224400
   0.0194268000   -0.0254639200   -0.0020798500
   0.0195306800   -0.0300592800   -0.0030508500
  -0.0192697600    0.0300401600   -0.0033452000
  -0.0182551200    0.0288437800    0.0007365400
  -0.0189218300    0.0307509800    0.0012792700
  -0.0190975300    0.0298990000    0.0016636500
  -0.0181058200    0.0287401500   -0.0011938400
  -0.0189869200    0.0308390400    0.0010234800
  -0.0191328100    0.0299107300    0.0026153700
  -0.0182575700    0.0287720300   -0.0002620600
  -0.0190537500    0.0308517300    0.0005314300
  -0.0195920000    0.0301013000   -0.0029295100
  -0.0192188500    0.0253625800   -0.0021159100
  -0.0200072600    0.0301186100   -0.0007125200
  -0.0194211600    0.0299817500   -0.0029750100
  -0.0192327300    0.0253848100   -0.0020801500
  -0.0200483600    0.0301751100   -0.0006999400
  -0.0194227700    0.0299354600   -0.0030318600
  -0.0194228100    0.0254436300   -0.0021006300
  -0.0200867700    0.0301610000   -0.0006703600
  -0.0199906900   -0.0310428700   -0.0069481000
  -0.0191015500   -0.0299639700    0.0032291200
  -0.0183027000   -0.0287770900    0.0009727100
  -0.0190362100   -0.0307839700    0.0009729800
  -0.0191450100   -0.0299520300    0.0024649100
  -0.0181503400   -0.0288181000   -0.0000907400
  -0.0189626500   -0.0308646500    0.0009735100
  -0.0191232000   -0.0299411400    0.0024646200
  -0.0182040200   -0.0288487800   -0.0000917800
  -0.0196516700   -0.0307728700   -0.0003822300
  -0.0194761800   -0.0298856100   -0.0029898500
  -0.0193212900   -0.0255116600   -0.0021957300
  -0.0201199600   -0.0301200700   -0.0007164900
  -0.0194465700   -0.0299408500   -0.0030203700
  -0.0194003500   -0.0254832800   -0.0021250100
  -0.0200339600   -0.0302020700   -0.0007160200
  -0.0194036900   -0.0299021400   -0.0030204300
  -0.0193619000   -0.0253713200   -0.0021248100
   0.0176321400    0.0288518200    0.0030792600
   0.0195639100    0.0297907200    0.0060154000
   0.0190630300    0.0308118400    0.0002432400
   0.0181702600    0.0288300300   -0.0007758200
   0.0191420400    0.0298705000    0.0021581100
   0.0189797700    0.0307666400    0.0007776000
   0.0181545900    0.0288120700   -0.0005377500
   0.0191850200    0.0299498900    0.0023944800
   0.0189411900    0.0308117500    0.0012565800
   0.0193475400    0.0254556600   -0.0019771200
   0.0191675000    0.0299787100   -0.0029228900
   0.0200063700    0.0301341500   -0.0007337200
   0.0193656500    0.0255775900   -0.0020763500
   0.0194971300    0.0302060300   -0.0030240000
   0.0200234100    0.0301317900   -0.0007149800
   0.0193432300    0.0254905500   -0.0020710700
   0.0194433600    0.0299047600   -0.0030186800
   0.0199876200    0.0301676400   -0.0007252800
   0.0034128600   -0.0087247300   -0.0060799000
  -0.0008719000   -0.0067168600    0.0007218100
   0.0030556400   -0.0071335900   -0.0043467200
   0.0034844400   -0.0070340300   -0.0029840100
  -0.0008382400   -0.0066442700    0.0010106600
   0.0030367800   -0.0071279100   -0.0039324600
   0.0034256800   -0.0068801300   -0.0027068800
  -0.0008664600   -0.0066492800    0.0004041600
   0.0030740300   -0.0071903700   -0.0039403000
   0.0046079200   -0.0087694500    0.0028533400
  -0.0000474600   -0.0075274400    0.0037017800
   0.0000889600   -0.0059132200    0.0036967700
   0.0042743800   -0.0081329500    0.0032754600
  -0.0000627700   -0.0074779600    0.0036862500
   0.0001031500   -0.0059456000    0.0036944100
   0.0042689900   -0.0080757700    0.0032649700
  -0.0001710800   -0.0074462400    0.0037131800
   0.0002103100   -0.0058833800    0.0036632400
  -0.0028032300    0.0068761400    0.0036121800
   0.0010340100    0.0066512100    0.0017400300
  -0.0035504000    0.0070633200   -0.0026754400
  -0.0031306200    0.0070403900   -0.0036981300
   0.0007378400    0.0064815700    0.0005074600
  -0.0034885900    0.0070262300   -0.0028400700
  -0.0030186600    0.0071444300   -0.0038668700
   0.0008784600    0.0066555800    0.0008694100
  -0.0034353300    0.0070053000   -0.0031443300
  -0.0001759200    0.0058927500    0.0037688900
   0.0001659100    0.0075126400    0.0037605900
  -0.0042371700    0.0081141600    0.0032867200
  -0.0002003300    0.0059089100    0.0037101400
   0.0002428600    0.0075378600    0.0037610600
  -0.0042658300    0.0081016400    0.0032685100
  -0.0001095400    0.0059156600    0.0036812800
   0.0000769000    0.0075185900    0.0037029500
  -0.0042516900    0.0081275600    0.0032922400
  -0.0036354300   -0.0070938900    0.0010044300
  -0.0030138000   -0.0071803100   -0.0039273600
   0.0009114200   -0.0065623900    0.0016120100
  -0.0034790700   -0.0070515500   -0.0027330800
  -0.0030296800   -0.0071120300   -0.0038251800
   0.0008315600   -0.0066038800    0.0009453900
  -0.0035250000   -0.0071619200   -0.0028677400
  -0.0029461800   -0.0071029000   -0.0037538700
   0.0008801100   -0.0065589500    0.0006591700
  -0.0039845000   -0.0072873500    0.0040183700
  -0.0001456200   -0.0059614500    0.0037085300
   0.0000855300   -0.0074783800    0.0036717800
  -0.0042727300   -0.0081248000    0.0032677200
  -0.0001265900   -0.0059156400    0.0036967400
   0.0000903300   -0.0075130500    0.0037008500
  -0.0042805300   -0.0081050300    0.0032489000
  -0.0000564900   -0.0059352500    0.0037048900
  -0.0001044100   -0.0076966800    0.0036672800
  -0.0007172800    0.0067624600   -0.0025142600
   0.0028059700    0.0072355400   -0.0060853800
   0.0034076900    0.0069662600   -0.0029577400
  -0.0008808000    0.0064845900    0.0013381500
   0.0032656000    0.0074134800   -0.0050737300
   0.0035000500    0.0070674500   -0.0029516300
  -0.0008584900    0.0065893200    0.0006857200
   0.0029965100    0.0071544700   -0.0042368000
   0.0034549000    0.0070778600   -0.0029717800
   0.0000964600    0.0076402300    0.0036678500
   0.0000707600    0.0061000000    0.0037580800
   0.0042174100    0.0081011000    0.0032635200
  -0.0000043300    0.0074611000    0.0037026800
  -0.0003185500    0.0052775800    0.0037911000
   0.0042633400    0.0081200400    0.0032629500
  -0.0000905100    0.0075024100    0.0037331300
   0.0001067100    0.0059533400    0.0037026800
   0.0042609600    0.0081002000    0.0032689200
   0.0114837800    0.0152317400    0.0077812200
  -0.0022202100    0.0064435500   -0.0206679500
   0.0030882500    0.0074344600   -0.0204089800
   0.0001370700    0.0087037300   -0.0167824200
  -0.0024117000    0.0067688600   -0.0206475900
   0.0024098600    0.0068235400   -0.0204646600
   0.0002041500    0.0087199900   -0.0168008900
  -0.0022011300    0.0067850500   -0.0203636700
   0.0022634300    0.0065193800   -0.0209875800
  -0.0008398100    0.0062469600    0.0107230900
  -0.0031550600    0.0067337400    0.0034409400
   0.0031107600    0.0067268400    0.0035164400
   0.0000154300    0.0066254500    0.0099898900
  -0.0031660800    0.0067466200    0.0034931200
   0.0031578400    0.0067412200    0.0034922700
  -0.0000173100    0.0066340100    0.0100024000
  -0.0031704900    0.0067457400    0.0034771700
   0.0032277700    0.0067805000    0.0035083300
   0.0021406000    0.0045072500   -0.0076614400
  -0.0007186000   -0.0073582300   -0.0103422200
  -0.0001739900   -0.0073791300   -0.0045839100
  -0.0008131700   -0.0056275100   -0.0096979000
   0.0012889700   -0.0058359100   -0.0092515300
  -0.0000473600   -0.0076948000   -0.0046673900
  -0.0011918100   -0.0060585500   -0.0099255600
   0.0009403600   -0.0062143300   -0.0099476200
   0.0001357700   -0.0078361600   -0.0046958000
  -0.0013147700   -0.0092897700    0.0156222800
   0.0015197100   -0.0096507100    0.0156812200
  -0.0000084000   -0.0113272300    0.0181525900
  -0.0014236200   -0.0092586300    0.0159509800
   0.0015717200   -0.0090283900    0.0157415000
  -0.0000172200   -0.0113446000    0.0181802000
  -0.0013723200   -0.0092590400    0.0159843400
   0.0013755400   -0.0092555900    0.0160389600
  -0.0000215900   -0.0113379700    0.0181474200
  -0.0112157900    0.0023848400    0.0239887600
  -0.0011939700    0.0063472200   -0.0100281900
   0.0002723400    0.0053858200   -0.0099316800
  -0.0001770800    0.0076755200   -0.0046646800
  -0.0010224900    0.0060326400   -0.0100620800
   0.0009724700    0.0059491000   -0.0099325800
  -0.0001591900    0.0077034600   -0.0047461100
  -0.0012313000    0.0059972700   -0.0098775800
   0.0011272300    0.0061978200   -0.0102250700
   0.0047062600    0.0128634900    0.0198048000
  -0.0013819600    0.0093034200    0.0160645700
   0.0013775500    0.0091964300    0.0160046500
   0.0000150200    0.0113365800    0.0182113300
  -0.0013818100    0.0092925400    0.0160243000
   0.0013682600    0.0092532000    0.0160471300
  -0.0000229200    0.0113338200    0.0181826900
  -0.0013802300    0.0092410400    0.0159866900
   0.0014835000    0.0093297000    0.0162387100
  -0.0053635000   -0.0166511600   -0.0172630500
   0.0039526100   -0.0050689000   -0.0206882900
   0.0002008400   -0.0089966600   -0.0166117100
  -0.0026450300   -0.0070452100   -0.0201135300
   0.0019607200   -0.0071359400   -0.0195737300
   0.0000372400   -0.0087160000   -0.0167472900
  -0.0022066000   -0.0067343600   -0.0203993600
   0.0024495700   -0.0066297400   -0.0204655200
  -0.0001854200   -0.0085880500   -0.0167333900
  -0.0032641500   -0.0066763000    0.0032583100
   0.0031773400   -0.0069841900    0.0034895800
   0.0000283500   -0.0066547800    0.0099881700
  -0.0031970000   -0.0067007900    0.0034385400
   0.0033059100   -0.0066335600    0.0034757800
   0.0000131200   -0.0066240600    0.0099836900
  -0.0031916600   -0.0067589800    0.0034914300
   0.0031639900   -0.0067480700    0.0034702200
  -0.0000039000   -0.0066334900    0.0099846600
   0.0011705100   -0.0299621700    0.0048306800
  -0.0008959700   -0.0297602600    0.0023059500
  -0.0001242300   -0.0329631400    0.0000579700
   0.0009129800   -0.0297175300    0.0003073000
  -0.0010093600   -0.0296093200   -0.0000807300
   0.0000152800   -0.0330078700    0.0003456700
   0.0009590600   -0.0296381900    0.0004377000
  -0.0009965800   -0.0296887100    0.0005666400
   0.0000184000   -0.0330337400    0.0004345300
  -0.0039295400   -0.0260051000    0.0054023800
   0.0038470500   -0.0252793400    0.0051138600
  -0.0000062100   -0.0306352100   -0.0018903800
  -0.0039789900   -0.0258063100    0.0051935100
   0.0038190500   -0.0257575200    0.0052161400
   0.0000253400   -0.0306783800   -0.0018520500
  -0.0039679200   -0.0257138100    0.0051490200
   0.0039431800   -0.0257933500    0.0051739400
   0.0000036900   -0.0306898200   -0.0018582400
   0.0003387900    0.0330786200    0.0022306500
   0.0009222100    0.0297310200    0.0006536400
  -0.0007369500    0.0296049700   -0.0008319300
  -0.0000091300    0.0330727400    0.0002810400
   0.0009670800    0.0296472800    0.0005672400
  -0.0009726200    0.0297190200    0.0001826500
  -0.0000392800    0.0329936600    0.0005246000
   0.0009731000    0.0296964500    0.0003172900
  -0.0010364200    0.0297806300    0.0005675400
  -0.0002665400    0.0313384200   -0.0018880600
  -0.0039258400    0.0257203500    0.0051663700
   0.0039458300    0.0257401600    0.0051472500
  -0.0000032100    0.0307095000   -0.0018657500
  -0.0039422900    0.0256714700    0.0051748800
   0.0039670600    0.0257822700    0.0051747900
   0.0000075100    0.0306694800   -0.0018673500
  -0.0039839300    0.0257551500    0.0051562200
   0.0038577100    0.0258311300    0.0051346800
  -0.0004681200   -0.0041661800   -0.0023616200
  -0.0000206200   -0.0036251500   -0.0022147600
   0.0000087200   -0.0037070300   -0.0022457300
   0.0000153600   -0.0036803400   -0.0021996900
   0.0000060700   -0.0036757800   -0.0022383800
  -0.0000002900   -0.0037015900   -0.0022435400
  -0.0000089800   -0.0036841600   -0.0021983200
   0.0000007600   -0.0036817400   -0.0021985800
  -0.0000095800   -0.0037098500   -0.0022442300
  -0.0070059300    0.0012205100   -0.0009583600
   0.0000111100    0.0036802400   -0.0022089300
   0.0000073700    0.0037151700   -0.0021957400
   0.0000020100    0.0036952400   -0.0022475200
  -0.0000147300    0.0036741700   -0.0021921500
   0.0000074800    0.0036892800   -0.0022004000
   0.0000135100    0.0036964200   -0.0022399100
  -0.0000009100    0.0036846300   -0.0022012400
  -0.0000146400    0.0036581800   -0.0021862000
  -0.0000426800   -0.0036582400    0.0028723600
   0.0000288500   -0.0035532000    0.0028596500
  -0.0000039200   -0.0035976700    0.0028936200
  -0.0000424100   -0.0036419900    0.0028655800
  -0.0000156700   -0.0037315000    0.0028613200
  -0.0000040900   -0.0035999500    0.0028948200
  -0.0000385900   -0.0036480200    0.0028655400
   0.0000339000   -0.0036515700    0.0028697100
  -0.0000144700   -0.0036047300    0.0028954300
   0.0002919000    0.0037016200    0.0029849700
  -0.0000535200    0.0036330800    0.0028684800
   0.0000418400    0.0036539700    0.0028649800
  -0.0000114200    0.0035968600    0.0028950100
  -0.0000542000    0.0036329100    0.0028641700
   0.0000338300    0.0036494700    0.0028681000
  -0.0000021700    0.0035944600    0.0028923600
  -0.0000384100    0.0036533800    0.0028676500
   0.0000115700    0.0036149400    0.0028702600

1    
  0.0000000000000000   0.0000000000000000  -0.0100000000000000
   0.0147087800   -0.0350223000    0.0681709200
   0.0181349900   -0.0288193200    0.0001542300
   0.0192604200   -0.0300314100    0.0030847300
   0.0189377300   -0.0308344200    0.0011170300
   0.0183136600   -0.0288161500   -0.0009735800
   0.0191587200   -0.0299518600    0.0026615100
   0.0190212500   -0.0307909000    0.0011172100
   0.0181487600   -0.0288198000   -0.0002712400
   0.0190851300   -0.0298321600    0.0019574000
   0.0192470400   -0.0302735800   -0.0009263400
   0.0194845500   -0.0255031600   -0.0021528000
   0.0194491300   -0.0299310500   -0.0031004400
   0.0200535400   -0.0301397900   -0.0006704200
   0.0195322200   -0.0254561300   -0.0020838800
   0.0194321100   -0.0299400900   -0.0030540700
   0.0200629000   -0.0301293300   -0.0006703900
   0.0193512600   -0.0254706400   -0.0021065000
   0.0193416000   -0.0298181700   -0.0030305400
  -0.0187224000    0.0301410400    0.0083309300
  -0.0181122000    0.0287520500   -0.0016155000
  -0.0190467500    0.0309059900    0.0005838400
  -0.0192095400    0.0299732300    0.0033297100
  -0.0183133400    0.0288771600    0.0003196500
  -0.0189689900    0.0308290400    0.0008394000
  -0.0191786000    0.0299754900    0.0023759200
  -0.0181462500    0.0288435500   -0.0006109900
  -0.0189032200    0.0308212900    0.0013335500
  -0.0193362900    0.0297626000   -0.0031568500
  -0.0195595000    0.0255609200   -0.0020718200
  -0.0200633800    0.0302042000   -0.0006798500
  -0.0194569800    0.0298861600   -0.0031072800
  -0.0195642700    0.0255507300   -0.0021016900
  -0.0200207300    0.0301489100   -0.0006921900
  -0.0194545700    0.0299363000   -0.0030496100
  -0.0193628800    0.0254926600   -0.0020858200
  -0.0199831500    0.0301610700   -0.0007225000
  -0.0180611900   -0.0306589300    0.0087997400
  -0.0192173300   -0.0299123900    0.0017616000
  -0.0180810900   -0.0288416200   -0.0018441900
  -0.0189191800   -0.0308902100    0.0008901100
  -0.0191676600   -0.0299393600    0.0025272100
  -0.0182643400   -0.0287949300   -0.0007811400
  -0.0189908900   -0.0308132100    0.0008906900
  -0.0191984300   -0.0299556200    0.0025270100
  -0.0181943500   -0.0287632400   -0.0007823800
  -0.0203911800   -0.0296156000   -0.0010316300
  -0.0194015900   -0.0299849100   -0.0030910400
  -0.0194645700   -0.0254260400   -0.0019911900
  -0.0199510500   -0.0302009500   -0.0006762600
  -0.0194302300   -0.0299285600   -0.0030605500
  -0.0193907800   -0.0254479600   -0.0020619400
  -0.0200373500   -0.0301188900   -0.0006758700
  -0.0194751700   -0.0299732500   -0.0030606700
  -0.0194248100   -0.0255623300   -0.0020616100
   0.0185408100    0.0287072100   -0.0039493800
   0.0188938400    0.0301035100   -0.0010140600
   0.0188721100    0.0308445900    0.0016213100
   0.0182364200    0.0287785500   -0.0000994900
   0.0191646200    0.0299953600    0.0028341100
   0.0189671100    0.0309055100    0.0010854000
   0.0182447900    0.0287987200   -0.0003349700
   0.0191229100    0.0299382900    0.0025971600
   0.0190064200    0.0308617100    0.0006061700
   0.0194290900    0.0254857300   -0.0022119600
   0.0197076600    0.0298954300   -0.0031578500
   0.0200560200    0.0301873800   -0.0006586000
   0.0194162300    0.0253631500   -0.0021111100
   0.0193705800    0.0296709800   -0.0030586000
   0.0200373000    0.0301925200   -0.0006772000
   0.0194337400    0.0254459000   -0.0021155400
   0.0194243100    0.0299675700   -0.0030629600
   0.0200724100    0.0301553600   -0.0006673600
   0.0034428000   -0.0057145500    0.0002782500
  -0.0008408100   -0.0065235800    0.0008759200
   0.0029838700   -0.0071569800   -0.0036338100
   0.0034566800   -0.0070336100   -0.0028251600
  -0.0008835100   -0.0065932300    0.0005874400
   0.0030029800   -0.0071547500   -0.0040464700
   0.0035034000   -0.0071834900   -0.0031029400
  -0.0008446300   -0.0065921800    0.0011954400
   0.0029668700   -0.0070833800   -0.0040379500
   0.0039373100   -0.0074946100    0.0036855300
  -0.0001301700   -0.0074814500    0.0037168300
   0.0001287000   -0.0059517000    0.0036932000
   0.0042680600   -0.0080896600    0.0032628100
  -0.0001154000   -0.0075350000    0.0037317500
   0.0001143900   -0.0059167800    0.0036954300
   0.0042720400   -0.0081460500    0.0032725200
   0.0000001400   -0.0075672000    0.0037046300
   0.0000140000   -0.0059744000    0.0037256600
  -0.0032970400    0.0073974400   -0.0115901300
   0.0006634900    0.0066051800   -0.0001415000
  -0.0033986400    0.0070137200   -0.0031337700
  -0.0029431200    0.0072127100   -0.0042785600
   0.0009583900    0.0067490500    0.0010909900
  -0.0034620500    0.0070567900   -0.0029686200
  -0.0030337700    0.0071413400   -0.0041113800
   0.0008309700    0.0065831600    0.0007284400
  -0.0035110900    0.0070708100   -0.0026640500
  -0.0000492700    0.0059799100    0.0036170000
  -0.0000049200    0.0075177200    0.0036601300
  -0.0043125300    0.0081123800    0.0032512600
  -0.0000405100    0.0059714400    0.0036756200
  -0.0000713300    0.0074779100    0.0036557600
  -0.0042855900    0.0081248400    0.0032695800
  -0.0001183300    0.0059514500    0.0037077000
   0.0000919900    0.0074970200    0.0037156400
  -0.0042961400    0.0081006600    0.0032459000
  -0.0033869800   -0.0070528900   -0.0068218400
  -0.0030343600   -0.0070976800   -0.0040505100
   0.0008040500   -0.0066789500   -0.0000127900
  -0.0034681400   -0.0070181600   -0.0030763400
  -0.0030159500   -0.0071701800   -0.0041536500
   0.0008798100   -0.0066337500    0.0006528300
  -0.0034194600   -0.0069089400   -0.0029420000
  -0.0031086800   -0.0071772100   -0.0042245200
   0.0007983400   -0.0066782200    0.0009376200
  -0.0045555900   -0.0088636900    0.0025010500
  -0.0000816400   -0.0058994200    0.0036805300
   0.0000846400   -0.0075325800    0.0037463200
  -0.0042778000   -0.0080981500    0.0032713600
  -0.0000980000   -0.0059450300    0.0036938700
   0.0000786000   -0.0075014700    0.0037169600
  -0.0042682200   -0.0081162200    0.0032892100
  -0.0001753300   -0.0059239100    0.0036834300
   0.0002640200   -0.0073189600    0.0037514100
  -0.0009387100    0.0064926700    0.0041088700
   0.0031964700    0.0070493500   -0.0018884300
   0.0035420000    0.0071124800   -0.0028522200
  -0.0008364700    0.0067667300    0.0002597000
   0.0028213900    0.0069803200   -0.0029007600
   0.0034365900    0.0070055400   -0.0028572100
  -0.0008580500    0.0066517000    0.0009125700
   0.0030451100    0.0071329200   -0.0037409000
   0.0034819300    0.0069980900   -0.0028376200
  -0.0002708700    0.0073793500    0.0037404200
   0.0001531000    0.0057681500    0.0036312300
   0.0043243700    0.0081268000    0.0032749000
  -0.0001666300    0.0075527100    0.0037152700
   0.0005366700    0.0065860400    0.0035989700
   0.0042795200    0.0081070700    0.0032749600
  -0.0000862500    0.0075143300    0.0036853300
   0.0001124200    0.0059126800    0.0036865400
   0.0042779100    0.0081264300    0.0032696800
  -0.0105005700    0.0025793900   -0.0407896500
  -0.0024342100    0.0070199900   -0.0201632400
   0.0015597300    0.0060285200   -0.0204259100
  -0.0001440300    0.0086411200   -0.0168366300
  -0.0022412700    0.0066948700   -0.0201822800
   0.0022351700    0.0066407700   -0.0203664800
  -0.0002105900    0.0086286400   -0.0168211000
  -0.0024509100    0.0066807200   -0.0204668700
   0.0023827100    0.0069489000   -0.0198418200
   0.0007650500    0.0069702100    0.0092102700
  -0.0031987900    0.0067674200    0.0035195900
   0.0032322800    0.0067763500    0.0034443800
  -0.0000187200    0.0066234900    0.0099724800
  -0.0031875700    0.0067551400    0.0034679100
   0.0031873800    0.0067601400    0.0034674000
   0.0000131900    0.0066126200    0.0099606100
  -0.0031843900    0.0067523100    0.0034830300
   0.0031182400    0.0067178600    0.0034515500
  -0.0042378800   -0.0166343100   -0.0121611800
   0.0028524000   -0.0047557600   -0.0094909400
   0.0001689300   -0.0080951100   -0.0048830200
  -0.0013354200   -0.0065081100   -0.0101528200
   0.0008348000   -0.0063078000   -0.0105953000
   0.0000440100   -0.0077774900   -0.0048026900
  -0.0009499600   -0.0060799900   -0.0099279700
   0.0011928800   -0.0059243400   -0.0099065900
  -0.0001398900   -0.0076354200   -0.0047771900
  -0.0014230500   -0.0091710200    0.0164873300
   0.0012369200   -0.0088617300    0.0163857400
   0.0000032800   -0.0113681500    0.0181920500
  -0.0013359100   -0.0092467000    0.0161075500
   0.0011910500   -0.0094664800    0.0163108300
   0.0000123100   -0.0113508700    0.0181660600
  -0.0013904500   -0.0092442000    0.0160614800
   0.0013799800   -0.0092473400    0.0160065100
   0.0000175800   -0.0113594100    0.0181985300
   0.0122042700    0.0135198700   -0.0341535600
  -0.0009501300    0.0057958100   -0.0098208500
   0.0018585200    0.0067584200   -0.0099172400
   0.0001716200    0.0078000500   -0.0048060300
  -0.0011198700    0.0061105300   -0.0097934400
   0.0011616400    0.0061945300   -0.0099214600
   0.0001535500    0.0077761300   -0.0047212700
  -0.0009097900    0.0061440300   -0.0099755400
   0.0010072600    0.0059445800   -0.0096260800
  -0.0047994100    0.0097827500    0.0166973100
  -0.0013794400    0.0092039300    0.0159777900
   0.0013729500    0.0093121200    0.0160449700
  -0.0000178300    0.0113641100    0.0181371100
  -0.0013812700    0.0092165900    0.0160213200
   0.0013865100    0.0092543500    0.0160020800
   0.0000189300    0.0113645500    0.0181641000
  -0.0013834200    0.0092652700    0.0160603900
   0.0012712600    0.0091766200    0.0158105100
   0.0007353400    0.0031815100   -0.0236103500
   0.0006845200   -0.0083616000   -0.0201736900
  -0.0002051500   -0.0083452200   -0.0170084600
  -0.0020127000   -0.0064128900   -0.0207210200
   0.0026645000   -0.0063400600   -0.0212729800
  -0.0000397100   -0.0086272600   -0.0168711500
  -0.0024450800   -0.0067262600   -0.0204292800
   0.0021919900   -0.0068314100   -0.0203617300
   0.0001822800   -0.0087536600   -0.0168827900
  -0.0030842700   -0.0068109900    0.0036880000
   0.0031706500   -0.0065196600    0.0034667000
  -0.0000332900   -0.0065896900    0.0099745200
  -0.0031556300   -0.0067962900    0.0035196000
   0.0030454900   -0.0068555600    0.0034844300
  -0.0000175800   -0.0066185700    0.0099785000
  -0.0031627400   -0.0067378800    0.0034690800
   0.0031827900   -0.0067484000    0.0034895300
  -0.0000004100   -0.0066112000    0.0099783000
   0.0013492000   -0.0289225100   -0.0040700000
  -0.0010529300   -0.0296636500   -0.0015471500
   0.0001273400   -0.0330372900    0.0008539600
   0.0010192100   -0.0296845000    0.0004488100
  -0.0009151200   -0.0297793700    0.0008386700
  -0.0000231800   -0.0329998400    0.0005640100
   0.0009657900   -0.0297452700    0.0003213900
  -0.0009369000   -0.0296955500    0.0001916900
  -0.0000238700   -0.0329797500    0.0004752200
  -0.0039896900   -0.0255850600    0.0049218700
   0.0040584800   -0.0262648700    0.0052100900
   0.0000015800   -0.0306992800   -0.0018252600
  -0.0039461300   -0.0257475400    0.0051317900
   0.0040976500   -0.0258000700    0.0051147300
  -0.0000300800   -0.0306577000   -0.0018623600
  -0.0039546300   -0.0258346200    0.0051768500
   0.0039718200   -0.0257552900    0.0051521600
  -0.0000080100   -0.0306448500   -0.0018559200
  -0.0009514200    0.0333036600   -0.0013452200
   0.0010017700    0.0296611600    0.0001061000
  -0.0011733700    0.0297757700    0.0015917600
   0.0000091900    0.0329595200    0.0006297000
   0.0009561400    0.0297563900    0.0001909300
  -0.0009588100    0.0296810600    0.0005765200
   0.0000351600    0.0330300300    0.0003857100
   0.0009527700    0.0297032000    0.0004400200
  -0.0008953900    0.0296227100    0.0001884700
   0.0002470600    0.0300629400   -0.0018245500
  -0.0039973600    0.0258372100    0.0051590000
   0.0039694200    0.0258170100    0.0051778200
  -0.0000008400    0.0306362400   -0.0018494600
  -0.0039782700    0.0258881800    0.0051520400
   0.0039463500    0.0257791500    0.0051517900
  -0.0000113300    0.0306765100   -0.0018471200
  -0.0039363200    0.0258071900    0.0051712000
   0.0040522700    0.0257321900    0.0051923000
   0.0004648400   -0.0031725800   -0.0020310600
   0.0000283300   -0.0037401300   -0.0021818200
  -0.0000130700   -0.0036919100   -0.0022349300
  -0.0000300500   -0.0036859800   -0.0021968300
   0.0000053200   -0.0036837400   -0.0021574500
  -0.0000041200   -0.0036978200   -0.0022366500
  -0.0000075400   -0.0036791800   -0.0021973700
   0.0000077200   -0.0036817100   -0.0021970100
   0.0000053500   -0.0036902600   -0.0022360800
   0.0070470700    0.0061856600   -0.0036138200
  -0.0000270600    0.0036872400   -0.0021869800
   0.0000004500    0.0036530400   -0.0022009800
  -0.0000056600    0.0037092300   -0.0022329800
  -0.0000006700    0.0036947100   -0.0022031900
   0.0000000500    0.0036787500   -0.0021950300
  -0.0000170600    0.0037070900   -0.0022411100
  -0.0000153800    0.0036828100   -0.0021944500
   0.0000228400    0.0037104700   -0.0022094100
  -0.0000407100   -0.0036441500    0.0028622900
   0.0000384900   -0.0037374200    0.0028745500
  -0.0000000800   -0.0035949100    0.0028937600
  -0.0000350800   -0.0036520100    0.0028687800
   0.0000806600   -0.0035673400    0.0028728800
  -0.0000001100   -0.0035927200    0.0028923900
  -0.0000379100   -0.0036469900    0.0028686500
   0.0000338800   -0.0036435600    0.0028643700
   0.0000100500   -0.0035876600    0.0028920800
  -0.0002602700    0.0035120600    0.0028033500
  -0.0000235700    0.0036666200    0.0028656700
   0.0000272000    0.0036453200    0.0028691000
   0.0000068800    0.0035998200    0.0028924300
  -0.0000221300    0.0036666000    0.0028698600
   0.0000338900    0.0036502300    0.0028663300
  -0.0000020300    0.0036028900    0.0028952100
  -0.0000377900    0.0036461400    0.0028668800
   0.0000561200    0.0036843900    0.0028640100

73   
  0.0100000000000000   0.0000000000000000   0.0000000000000000
   0.0293815500    0.0055639900    0.0009154000
   0.0195682600   -0.0283660700   -0.0004007500
   0.0175545400   -0.0312046500    0.0024805800
   0.0184513400   -0.0320488800    0.0008938600
   0.0187531600   -0.0288547700   -0.0003837700
   0.0181592300   -0.0295981600    0.0024852500
   0.0189937100   -0.0305023800    0.0009452200
   0.0183935300   -0.0288953500   -0.0004193900
   0.0190170700   -0.0298375000    0.0025178900
   0.0214511200   -0.0327326100   -0.0010356500
   0.0191852500   -0.0254218900   -0.0020759100
   0.0194434000   -0.0298388800   -0.0030841700
   0.0197327400   -0.0302569800   -0.0006966000
   0.0195206300   -0.0254762200   -0.0021936500
   0.0193795400   -0.0300190800   -0.0029581400
   0.0200781300   -0.0300894600   -0.0007010000
   0.0195141400   -0.0255910400   -0.0020896800
   0.0193517000   -0.0298215300   -0.0030685300
  -0.0162888700    0.0313836900    0.0022534500
  -0.0156357900    0.0291433600   -0.0006243600
  -0.0210630700    0.0309539200    0.0010054800
  -0.0177604600    0.0301489100    0.0025872700
  -0.0180950800    0.0291265200   -0.0003271800
  -0.0191219400    0.0300448000    0.0009439400
  -0.0191934800    0.0300338500    0.0024867300
  -0.0184241700    0.0288783800   -0.0004624800
  -0.0189090800    0.0310556600    0.0008925100
  -0.0201790500    0.0299835300   -0.0031048900
  -0.0189842200    0.0254977500   -0.0020090800
  -0.0200956400    0.0299945400   -0.0006590800
  -0.0190707700    0.0305891500   -0.0031215700
  -0.0197579300    0.0258752300   -0.0019363900
  -0.0199914300    0.0301167800   -0.0006870100
  -0.0194973800    0.0298992000   -0.0030368600
  -0.0194905200    0.0253214200   -0.0021009500
  -0.0199488000    0.0303061300   -0.0006746300
  -0.0058649200   -0.0421101200    0.0010492900
  -0.0200103200   -0.0291565100    0.0024835900
  -0.0137500600   -0.0290366100   -0.0004915100
  -0.0195398500   -0.0308837100    0.0009819700
  -0.0181202400   -0.0297409500    0.0024130400
  -0.0197266500   -0.0296367400   -0.0004802700
  -0.0191648900   -0.0305323900    0.0009354600
  -0.0187252400   -0.0298814100    0.0025008800
  -0.0183137500   -0.0292428400   -0.0004137500
  -0.0220781900   -0.0328995000   -0.0004243200
  -0.0193400200   -0.0298544400   -0.0030731400
  -0.0192772700   -0.0254053200   -0.0020936100
  -0.0198484200   -0.0302625200   -0.0007026500
  -0.0194310600   -0.0299155400   -0.0029819700
  -0.0192912600   -0.0255298900   -0.0022754900
  -0.0200618200   -0.0300391300   -0.0006940400
  -0.0191317200   -0.0298539000   -0.0030553700
  -0.0195086500   -0.0255355800   -0.0020877500
   0.0229089900    0.0274867800   -0.0006328400
   0.0218064300    0.0327834800    0.0026147200
   0.0182818000    0.0301539400    0.0008655300
   0.0176784600    0.0289982000   -0.0002151700
   0.0185649900    0.0297773600    0.0024757600
   0.0195414900    0.0303485000    0.0009634000
   0.0181744000    0.0288649200   -0.0004610200
   0.0191901500    0.0301625900    0.0024959800
   0.0187116900    0.0308262000    0.0009182900
   0.0188775800    0.0256318600   -0.0020538200
   0.0205074500    0.0299117900   -0.0032232900
   0.0200407300    0.0300280000   -0.0006453700
   0.0198417200    0.0260472000   -0.0016733300
   0.0191839800    0.0304625200   -0.0031246000
   0.0199952500    0.0301387500   -0.0006902100
   0.0194728200    0.0253562600   -0.0020921800
   0.0194640600    0.0299143500   -0.0030406900
   0.0197217300    0.0301610700   -0.0006899400
  -0.2478780900    0.0876246300   -0.0016323400
  -0.0023018000   -0.0056653500    0.0007752500
   0.0015754600   -0.0067461500   -0.0039115800
   0.0032997500   -0.0070754500   -0.0029562700
  -0.0012719000   -0.0069376900    0.0008680200
   0.0029268900   -0.0071068200   -0.0040468100
   0.0032940400   -0.0070924300   -0.0029245900
  -0.0009503200   -0.0065422600    0.0008748000
   0.0026144000   -0.0072842400   -0.0040312600
   0.0047573400   -0.0063628700    0.0028593700
  -0.0002030300   -0.0075658500    0.0037246400
  -0.0000058100   -0.0059167600    0.0036822100
   0.0040784100   -0.0081004700    0.0033066800
  -0.0000716300   -0.0076173700    0.0036138900
  -0.0000751700   -0.0057560500    0.0037763800
   0.0040781200   -0.0081258900    0.0032662000
  -0.0002714800   -0.0071603100    0.0036707500
   0.0001277800   -0.0059944100    0.0037165600
  -0.0024636300    0.0057008100   -0.0041024800
   0.0020289600    0.0065555800    0.0007319500
  -0.0024177100    0.0073131700   -0.0028516700
   0.0767066200   -0.0644799200   -0.0037110100
   0.0027309800    0.0061250200    0.0008330600
  -0.0036941300    0.0066037000   -0.0028886100
  -0.0028578300    0.0071328900   -0.0039668600
   0.0010602000    0.0067272600    0.0007909400
  -0.0032505600    0.0067103300   -0.0028963100
   0.0002858400    0.0063448000    0.0037807600
   0.0006376700    0.0073152200    0.0037484400
  -0.0043219600    0.0082487000    0.0032447700
  -0.0001363600    0.0053102500    0.0038211100
  -0.0000656200    0.0073577500    0.0036756800
  -0.0040678800    0.0080671600    0.0032643000
  -0.0000814100    0.0059604600    0.0036917300
   0.0000704900    0.0075908300    0.0037077800
  -0.0041364400    0.0078220700    0.0032670900
   0.0860277200   -0.0169331700   -0.0023146800
  -0.0036830700   -0.0073859900   -0.0039698400
   0.0003480400   -0.0063746500    0.0008234300
  -0.0033838700   -0.0068150800   -0.0029304700
  -0.0032711600   -0.0072164100   -0.0040355100
   0.0021778800   -0.0071213500    0.0008332900
  -0.0033889000   -0.0075970600   -0.0029580200
  -0.0032730600   -0.0072128100   -0.0040144200
   0.0021691900   -0.0065722600    0.0009102600
  -0.0048177200   -0.0065539600    0.0025553300
   0.0000717000   -0.0058952400    0.0037050400
   0.0001538500   -0.0075449000    0.0037447400
  -0.0040997000   -0.0080460200    0.0032540800
  -0.0001056000   -0.0059878900    0.0037431700
   0.0001666700   -0.0076040200    0.0036130700
  -0.0041001900   -0.0081867100    0.0032741000
  -0.0001074700   -0.0059668600    0.0037316100
   0.0001661300   -0.0073435800    0.0036866800
  -0.0036594700    0.0076223600    0.0005604100
   0.0002104100    0.0081271500   -0.0039834500
   0.0047042500    0.0071470900   -0.0029252200
   0.0039025800    0.0031296200    0.0009128400
   0.0078249500    0.0091967200   -0.0040892000
   0.0035682400    0.0073332100   -0.0029369400
  -0.0010545700    0.0068191300    0.0008053600
   0.0028238700    0.0070374600   -0.0039753300
   0.0034656400    0.0069289300   -0.0029177200
  -0.0005124600    0.0072392700    0.0036331300
  -0.0003119000    0.0064834700    0.0036663200
   0.0042927400    0.0082375900    0.0032735200
   0.0000231200    0.0073022800    0.0035897300
   0.0002243700    0.0054488100    0.0038236800
   0.0040692900    0.0080854000    0.0032556100
  -0.0000913500    0.0076046000    0.0037196200
   0.0001069900    0.0059737700    0.0037040200
   0.0042204200    0.0080120900    0.0032941900
   0.0139159000   -0.0038503700   -0.0082149100
  -0.0018158000    0.0064503300   -0.0203213100
   0.0026282300    0.0070324800   -0.0202562600
   0.0001901900    0.0088002700   -0.0164542500
  -0.0023246400    0.0067600400   -0.0205848000
   0.0020320400    0.0066718100   -0.0204358100
   0.0000554400    0.0086943000   -0.0167517200
  -0.0023087500    0.0067228300   -0.0202346500
   0.0022990900    0.0066860100   -0.0203315100
   0.0001594900    0.0038160700    0.0103665300
  -0.0032227600    0.0068245200    0.0035234000
   0.0032040300    0.0068300200    0.0034852900
  -0.0000356100    0.0066445200    0.0100675800
  -0.0030654400    0.0067016500    0.0034943800
   0.0030191300    0.0067395700    0.0035574700
   0.0000083600    0.0066544000    0.0100179300
  -0.0031374700    0.0067456600    0.0034985900
   0.0031686900    0.0067522500    0.0034817800
  -0.0016694900   -0.0055176700   -0.0094885100
   0.0022920000   -0.0067085100   -0.0099573700
  -0.0003763800   -0.0077128600   -0.0046865200
   0.0010661000   -0.0068827500   -0.0110179900
   0.0000773900   -0.0065388100   -0.0094801700
  -0.0001215400   -0.0076881200   -0.0046562000
  -0.0010877900   -0.0060726800   -0.0099536900
   0.0010937200   -0.0060670700   -0.0099570400
  -0.0000348200   -0.0077691700   -0.0047893700
  -0.0008817700   -0.0087927800    0.0157443800
   0.0010372000   -0.0088150500    0.0158977800
   0.0000094700   -0.0113566600    0.0182607700
  -0.0021268700   -0.0083900600    0.0154871400
   0.0017581600   -0.0089778000    0.0159492500
   0.0000085200   -0.0113007700    0.0179111700
  -0.0013710500   -0.0092682600    0.0160706200
   0.0013708900   -0.0092602900    0.0161186700
  -0.0000103700   -0.0113746600    0.0179135000
   0.0156875700   -0.0118463500   -0.0169479000
  -0.0005965300    0.0059035800   -0.0097848900
   0.0014852400    0.0063498700   -0.0100543400
   0.0001408500    0.0079605400   -0.0048043400
  -0.0009108300    0.0060395000   -0.0098314000
   0.0006267800    0.0060377000   -0.0098541700
   0.0000613900    0.0077941900   -0.0048142200
  -0.0010175600    0.0061015800   -0.0100423800
   0.0010775000    0.0060967100   -0.0100294200
   0.0009644200    0.0082874700    0.0192932100
  -0.0014325100    0.0092926300    0.0157409200
   0.0013822100    0.0093033200    0.0160325900
  -0.0000329300    0.0113384300    0.0177388400
  -0.0013426500    0.0093007200    0.0160196300
   0.0013172000    0.0093174500    0.0157592100
   0.0000133900    0.0113185600    0.0181992000
  -0.0013586000    0.0092188400    0.0159280700
   0.0013732600    0.0092223400    0.0160251800
  -0.0030172500   -0.0062834600   -0.0203740000
   0.0037118600   -0.0075922800   -0.0203611300
  -0.0003035800   -0.0086570000   -0.0169222600
   0.0000903800   -0.0078114200   -0.0203173500
   0.0011498200   -0.0073433700   -0.0211149900
  -0.0000523000   -0.0086051700   -0.0167446600
  -0.0023316500   -0.0067647800   -0.0204372500
   0.0023364500   -0.0066998900   -0.0204672300
  -0.0000417300   -0.0086758300   -0.0165429700
  -0.0029670500   -0.0066127900    0.0035365200
   0.0031081400   -0.0065951700    0.0035403800
   0.0000035000   -0.0066004900    0.0099075900
  -0.0035410700   -0.0062142200    0.0036662100
   0.0034195300   -0.0065023400    0.0035274400
   0.0000081800   -0.0065839000    0.0100091100
  -0.0031783200   -0.0067769600    0.0034788200
   0.0031670700   -0.0067757700    0.0034754800
  -0.0000180300   -0.0066529400    0.0100091900
  -0.0010174400   -0.0256329200    0.0004281500
  -0.0007362400   -0.0333132800    0.0003524300
   0.0027986700   -0.0327503700    0.0004372400
  -0.0010386500   -0.0273628000    0.0005820500
  -0.0000469600   -0.0296997100    0.0003404900
   0.0000312800   -0.0324661200    0.0005152600
   0.0009401800   -0.0297952800    0.0003696100
  -0.0009224100   -0.0298847500    0.0003939700
   0.0000811200   -0.0326783200    0.0004824300
  -0.0036953200   -0.0259654500    0.0050826400
   0.0037364700   -0.0262028400    0.0051127900
  -0.0000126600   -0.0306497000   -0.0018411300
  -0.0042861700   -0.0262306300    0.0055988100
   0.0041547500   -0.0262364900    0.0053176900
  -0.0000068200   -0.0305496600   -0.0018547700
  -0.0039245200   -0.0258268400    0.0051534800
   0.0039100700   -0.0258266300    0.0051429200
   0.0000932800   -0.0304145600   -0.0018684000
   0.0083360100    0.0261053500    0.0005917300
  -0.0015497800    0.0292199700    0.0004039900
  -0.0025942900    0.0295676100    0.0003148100
   0.0000465000    0.0326611700    0.0006218200
   0.0002625000    0.0298672300    0.0003092000
   0.0001193500    0.0301417700    0.0003134700
  -0.0000774700    0.0328767800    0.0004538700
   0.0007897500    0.0295459200    0.0004277200
  -0.0005962300    0.0295586600    0.0004280600
   0.0003244600    0.0351471200   -0.0011387200
  -0.0039878700    0.0254511500    0.0051066500
   0.0039754100    0.0255623700    0.0050946300
  -0.0000145300    0.0302528300   -0.0019337600
  -0.0039672400    0.0258639600    0.0052178400
   0.0038653000    0.0257551300    0.0052125900
  -0.0000178800    0.0305987900   -0.0018720200
  -0.0041320000    0.0256362600    0.0051260000
   0.0040844900    0.0257887300    0.0051277100
   0.0001638600   -0.0035237300   -0.0022037000
   0.0000186300   -0.0035876700   -0.0022064700
  -0.0000196700   -0.0036785000   -0.0022456800
  -0.0005348400   -0.0028316100   -0.0022477800
   0.0001779500   -0.0035633000   -0.0022042700
   0.0000092100   -0.0036776000   -0.0022422100
   0.0000011300   -0.0036951900   -0.0021952500
  -0.0000096700   -0.0036948100   -0.0021948600
  -0.0000013900   -0.0036801400   -0.0022198700
   0.0008661200    0.0040036400   -0.0013140700
  -0.0000269000    0.0036890100   -0.0022082600
   0.0000030800    0.0037112800   -0.0021514600
  -0.0000263100    0.0036771000   -0.0022164300
   0.0000533200    0.0036991000   -0.0022068800
  -0.0000946800    0.0037337300   -0.0022079600
   0.0000010400    0.0036833100   -0.0022369300
  -0.0000018700    0.0036808600   -0.0021839300
   0.0000081900    0.0036849000   -0.0021925300
  -0.0002613300   -0.0038011300    0.0028725800
   0.0002539900   -0.0038234600    0.0028862500
  -0.0000089400   -0.0035882700    0.0028971000
   0.0001538900   -0.0038425200    0.0028902100
  -0.0001012700   -0.0037605700    0.0028688300
   0.0000024400   -0.0036244200    0.0028911400
  -0.0000280000   -0.0036523900    0.0028690600
   0.0000250000   -0.0036460300    0.0028675400
  -0.0000063800   -0.0035897800    0.0028782000
  -0.0001422600    0.0047938200    0.0029793200
  -0.0000296900    0.0036346500    0.0028569300
   0.0000359800    0.0036267400    0.0028569200
   0.0000069900    0.0035918600    0.0028766900
  -0.0000334600    0.0036536200    0.0028727500
   0.0000306600    0.0036631000    0.0028676000
  -0.0000056000    0.0036101600    0.0028887000
  -0.0000250900    0.0036434700    0.0028548800
   0.0000266500    0.0036453100    0.0028632400

73   
 -0.0100000000000000   0.0000000000000000   0.0000000000000000
   0.0091788300   -0.0667210900    0.0009425300
   0.0168223200   -0.0292537600   -0.0004773300
   0.0207803300   -0.0286834100    0.0025069900
   0.0195181800   -0.0295972900    0.0009673300
   0.0176726500   -0.0287617200   -0.0004956900
   0.0201628600   -0.0302915200    0.0025023600
   0.0189606300   -0.0311640200    0.0009135900
   0.0180063800   -0.0287202700   -0.0004578200
   0.0192894900   -0.0300582100    0.0024684700
   0.0186237400   -0.0275848400   -0.0003660800
   0.0196028100   -0.0255101100   -0.0021165600
   0.0194298500   -0.0300325100   -0.0030025500
   0.0203341200   -0.0300647000   -0.0007014400
   0.0192693100   -0.0254601500   -0.0019985300
   0.0194933000   -0.0298482600   -0.0031304400
   0.0199882400   -0.0302321300   -0.0006965500
   0.0192664800   -0.0253407700   -0.0021020300
   0.0195177600   -0.0300571700   -0.0030174300
  -0.0220918300    0.0282843600    0.0027461300
  -0.0208070900    0.0284564600   -0.0002550600
  -0.0168825300    0.0307216600    0.0008522400
  -0.0205096100    0.0296215300    0.0023980300
  -0.0183298000    0.0284718100   -0.0005484600
  -0.0188288700    0.0316213200    0.0009158300
  -0.0191155300    0.0298526500    0.0025009500
  -0.0179762700    0.0287360500   -0.0004158300
  -0.0190412100    0.0306046500    0.0009670700
  -0.0187322700    0.0298669900   -0.0029827600
  -0.0198028000    0.0254263400   -0.0021844500
  -0.0199711000    0.0303266200   -0.0007386900
  -0.0198055900    0.0292654600   -0.0029665000
  -0.0190379200    0.0250547800   -0.0022557700
  -0.0200731400    0.0302049800   -0.0007110500
  -0.0193752200    0.0299710800   -0.0030506800
  -0.0192894700    0.0256143200   -0.0020907600
  -0.0201136900    0.0300075700   -0.0007236500
  -0.0319137600   -0.0197734000    0.0007996900
  -0.0183048000   -0.0307477200    0.0025028400
  -0.0227107700   -0.0285911000   -0.0003854100
  -0.0184251300   -0.0307747900    0.0008757100
  -0.0201965400   -0.0301486200    0.0025741800
  -0.0166970200   -0.0279713700   -0.0004001200
  -0.0187902100   -0.0311346100    0.0009238400
  -0.0195963900   -0.0300101000    0.0024864900
  -0.0180847400   -0.0283682100   -0.0004632000
  -0.0179015500   -0.0274292000   -0.0010000400
  -0.0195359200   -0.0300165100   -0.0030136100
  -0.0195062100   -0.0255313000   -0.0020987800
  -0.0202188400   -0.0300579300   -0.0006956000
  -0.0194383300   -0.0299556900   -0.0031052300
  -0.0195109800   -0.0254037900   -0.0019115300
  -0.0200059300   -0.0302843000   -0.0007041200
  -0.0197533300   -0.0300201500   -0.0030317900
  -0.0192707300   -0.0253978300   -0.0021040600
   0.0134269400    0.0301110000   -0.0002469800
   0.0165341400    0.0270326600    0.0023887800
   0.0196764900    0.0315231000    0.0009950900
   0.0187231000    0.0285858800   -0.0006635700
   0.0197263600    0.0301171300    0.0025154800
   0.0184005100    0.0313162900    0.0008948800
   0.0182245000    0.0287463500   -0.0004167200
   0.0191182600    0.0297231200    0.0024922200
   0.0192506000    0.0308399000    0.0009407900
   0.0199080100    0.0252828100   -0.0021373700
   0.0183585100    0.0299470200   -0.0028570700
   0.0200260000    0.0302902800   -0.0007532100
   0.0189452400    0.0248806000   -0.0025305300
   0.0196888600    0.0293958300   -0.0029637500
   0.0200662600    0.0301819100   -0.0007071900
   0.0193040800    0.0255778500   -0.0020993500
   0.0194081600    0.0299540500   -0.0030466900
   0.0203533700    0.0301597700   -0.0007081500
   0.2494889300   -0.1034341600   -0.0038180700
   0.0006051200   -0.0075787600    0.0008185600
   0.0044826500   -0.0075446300   -0.0040719900
   0.0036562500   -0.0069940300   -0.0028551500
  -0.0004516300   -0.0062954000    0.0007267600
   0.0031184000   -0.0071888300   -0.0039374300
   0.0036505100   -0.0069736600   -0.0028886900
  -0.0007597800   -0.0067129800    0.0007162700
   0.0034345700   -0.0069947000   -0.0039506200
   0.0038245900   -0.0098702100    0.0036841300
   0.0000315000   -0.0074496800    0.0036883400
   0.0002296100   -0.0059505400    0.0037011000
   0.0044703200   -0.0081267700    0.0032265900
  -0.0001047100   -0.0073959500    0.0037985600
   0.0003036000   -0.0061178100    0.0036071100
   0.0044703400   -0.0081015800    0.0032660100
   0.0001063000   -0.0078673600    0.0037445500
   0.0000949200   -0.0058660800    0.0036661300
  -0.0036031500    0.0085986400   -0.0038728900
  -0.0003139300    0.0066892700    0.0008707000
  -0.0045315500    0.0067582300   -0.0029607600
  -0.0842069200    0.0817372000   -0.0042657200
  -0.0010182500    0.0070939900    0.0007639600
  -0.0032581400    0.0074772300   -0.0029239500
  -0.0031910100    0.0071453800   -0.0040157800
   0.0006560900    0.0065071700    0.0008016900
  -0.0036988400    0.0073762600   -0.0029180000
  -0.0005091900    0.0055218300    0.0035972100
  -0.0004726800    0.0077077800    0.0036563700
  -0.0042248900    0.0079742100    0.0032883600
  -0.0001052200    0.0065804900    0.0035566300
   0.0002337100    0.0076571300    0.0037355200
  -0.0044817700    0.0081576100    0.0032671200
  -0.0001427300    0.0059013700    0.0036911400
   0.0001029500    0.0074188900    0.0037057100
  -0.0044142800    0.0084104100    0.0032664100
  -0.0872419900    0.0026056900   -0.0035295800
  -0.0023563600   -0.0068953200   -0.0040116600
   0.0013354500   -0.0068854300    0.0007716400
  -0.0035550000   -0.0072604100   -0.0028825700
  -0.0027719100   -0.0070711300   -0.0039507600
  -0.0004667400   -0.0061043300    0.0007591400
  -0.0035599800   -0.0064761300   -0.0028546600
  -0.0027732800   -0.0070716200   -0.0039672300
  -0.0004746500   -0.0066738200    0.0006831400
  -0.0037677000   -0.0096568700    0.0039959500
  -0.0002988600   -0.0059730100    0.0036786400
   0.0000189300   -0.0074721000    0.0036675500
  -0.0044494100   -0.0081832500    0.0032799100
  -0.0001161100   -0.0058767200    0.0036426200
   0.0000038000   -0.0074113200    0.0038001500
  -0.0044503000   -0.0080415200    0.0032580300
  -0.0001174400   -0.0058966900    0.0036505800
   0.0000036300   -0.0076730500    0.0037261000
   0.0019809600    0.0056545000    0.0010288800
   0.0058497000    0.0061380400   -0.0039960600
   0.0022321600    0.0069280400   -0.0028883600
  -0.0056790300    0.0101249800    0.0006862700
  -0.0017592500    0.0051650300   -0.0038817800
   0.0033782000    0.0067379800   -0.0028766900
  -0.0006597100    0.0064145400    0.0007881900
   0.0032178900    0.0072444700   -0.0040063200
   0.0034779800    0.0071459500   -0.0028943400
   0.0003400700    0.0077959300    0.0037858300
   0.0005398400    0.0053777100    0.0037178000
   0.0042528800    0.0079871200    0.0032596300
  -0.0001896700    0.0077123300    0.0038240400
   0.0000110700    0.0064360500    0.0035575600
   0.0044788200    0.0081391900    0.0032770200
  -0.0000829100    0.0074043700    0.0036935600
   0.0001146200    0.0058885900    0.0036790100
   0.0043245300    0.0082108200    0.0032372000
  -0.0135208000    0.0205498400   -0.0250403100
  -0.0028369200    0.0070130400   -0.0205144800
   0.0020205200    0.0064301100   -0.0205754800
  -0.0001979900    0.0085333200   -0.0171821400
  -0.0023238200    0.0066959700   -0.0202489600
   0.0026144700    0.0067858900   -0.0204054700
  -0.0000553500    0.0086479900   -0.0168746600
  -0.0023406600    0.0067388900   -0.0206025400
   0.0023500500    0.0067766200   -0.0204965700
  -0.0001840600    0.0094731300    0.0095304200
  -0.0031276700    0.0066762300    0.0034300300
   0.0031445500    0.0066707500    0.0034698100
   0.0000363500    0.0066066300    0.0098879600
  -0.0032845200    0.0067980300    0.0034613300
   0.0033322600    0.0067574700    0.0033950400
  -0.0000094500    0.0065905900    0.0099391000
  -0.0032159900    0.0067516000    0.0034550400
   0.0031814900    0.0067442300    0.0034740100
  -0.0004422900   -0.0066231200   -0.0103752100
  -0.0001611900   -0.0054255800   -0.0099030000
   0.0003773900   -0.0077644900   -0.0047941800
  -0.0032449800   -0.0052208100   -0.0088125700
   0.0020560100   -0.0056020900   -0.0103792000
   0.0001219000   -0.0077902900   -0.0048206200
  -0.0010502000   -0.0060689700   -0.0099047300
   0.0010427800   -0.0060754000   -0.0099014400
   0.0000352500   -0.0077060600   -0.0046869200
  -0.0018867900   -0.0097051700    0.0163319700
   0.0017212200   -0.0096923500    0.0161586500
  -0.0000113100   -0.0113436900    0.0180847400
  -0.0006133200   -0.0101376000    0.0165908400
   0.0009961800   -0.0095303700    0.0161182200
  -0.0000096000   -0.0113997800    0.0184318800
  -0.0013884200   -0.0092372000    0.0159679500
   0.0013867600   -0.0092455300    0.0159202300
   0.0000100000   -0.0113229400    0.0184325300
  -0.0153308400    0.0266758100    0.0072141700
  -0.0015466600    0.0062371800   -0.0100777600
   0.0006507700    0.0057914500   -0.0098115100
  -0.0001452600    0.0075033900   -0.0046632200
  -0.0012254300    0.0060977200   -0.0100260500
   0.0015118900    0.0060992000   -0.0100000800
  -0.0000621300    0.0076775800   -0.0046592600
  -0.0011232100    0.0060381000   -0.0098166600
   0.0010615200    0.0060424200   -0.0098323100
  -0.0010286400    0.0145551800    0.0170907000
  -0.0013268300    0.0092137000    0.0163109100
   0.0013763300    0.0092035700    0.0160157100
   0.0000347400    0.0113629400    0.0186123900
  -0.0014170100    0.0092036500    0.0160225400
   0.0014433300    0.0091839100    0.0162934200
  -0.0000141700    0.0113789800    0.0181449900
  -0.0014027500    0.0092850600    0.0161192400
   0.0013853600    0.0092808000    0.0160127700
  -0.0015905400   -0.0071843900   -0.0204760400
   0.0009294500   -0.0058730000   -0.0204741300
   0.0003048600   -0.0086898100   -0.0166988800
  -0.0047935900   -0.0056083500   -0.0205406100
   0.0034924900   -0.0061231500   -0.0197394500
   0.0000536400   -0.0087427200   -0.0168782000
  -0.0023158300   -0.0066984700   -0.0203942200
   0.0023081900   -0.0067640700   -0.0203643500
   0.0000416500   -0.0086689600   -0.0170836000
  -0.0033907300   -0.0068844600    0.0034109600
   0.0032355700   -0.0069025300    0.0034093100
  -0.0000046000   -0.0066490800    0.0100495500
  -0.0028007700   -0.0072993700    0.0032801300
   0.0029292800   -0.0069975500    0.0034226100
  -0.0000099500   -0.0066645100    0.0099483700
  -0.0031730700   -0.0067228800    0.0034769800
   0.0031824200   -0.0067249100    0.0034800600
   0.0000183200   -0.0065933300    0.0099477700
   0.0030168400   -0.0337010300    0.0003187100
  -0.0011624200   -0.0260633500    0.0004021000
  -0.0028153900   -0.0332739000    0.0004674700
   0.0029925500   -0.0320576300    0.0001708000
  -0.0018913200   -0.0297076900    0.0004128900
  -0.0000304400   -0.0335478000    0.0003912300
   0.0009826300   -0.0295940400    0.0003852700
  -0.0010024400   -0.0295044300    0.0003604100
  -0.0000864800   -0.0333382700    0.0004232500
  -0.0042167300   -0.0256012800    0.0052372000
   0.0041740600   -0.0253326400    0.0052075200
   0.0000114700   -0.0306883900   -0.0018799000
  -0.0036320000   -0.0253258400    0.0047082100
   0.0037673700   -0.0253213600    0.0050019400
   0.0000063600   -0.0307852400   -0.0018661200
  -0.0039941800   -0.0257229400    0.0051666700
   0.0040077400   -0.0257246600    0.0051771900
  -0.0000990900   -0.0309274500   -0.0018514900
  -0.0084687500    0.0400710800    0.0002680300
   0.0034966100    0.0301953100    0.0003478500
   0.0006744400    0.0298338700    0.0004399300
  -0.0000046400    0.0333956700    0.0002800100
   0.0016602000    0.0295353600    0.0004443300
  -0.0020511200    0.0292622000    0.0004411900
   0.0000787200    0.0331427100    0.0004516800
   0.0011388400    0.0298551800    0.0003257900
  -0.0013349300    0.0298325700    0.0003253300
  -0.0003550500    0.0261692200   -0.0026317300
  -0.0039308200    0.0261099800    0.0052131000
   0.0039444900    0.0259926800    0.0052252800
   0.0000150200    0.0310887300   -0.0017875900
  -0.0039535700    0.0256947300    0.0051017000
   0.0040587500    0.0258099900    0.0051080200
   0.0000177600    0.0307438500   -0.0018481700
  -0.0037820900    0.0259260200    0.0051949600
   0.0038287600    0.0257617700    0.0051930300
  -0.0001833500   -0.0038424400   -0.0021994900
  -0.0000111000   -0.0037757100   -0.0021944700
   0.0000190300   -0.0037251000   -0.0022395000
   0.0005368000   -0.0045598900   -0.0021518500
  -0.0001680700   -0.0038067400   -0.0021967200
  -0.0000102300   -0.0037246800   -0.0022431400
  -0.0000145800   -0.0036709800   -0.0022052800
   0.0000217900   -0.0036715700   -0.0022056500
   0.0000010100   -0.0037224000   -0.0022652900
  -0.0008938400    0.0035297300   -0.0031627600
   0.0000140800    0.0036768900   -0.0021923800
   0.0000094200    0.0036541200   -0.0022493800
   0.0000264700    0.0037248900   -0.0022701700
  -0.0000656700    0.0036668200   -0.0021936400
   0.0001082200    0.0036301700   -0.0021925100
  -0.0000018300    0.0037172100   -0.0022488200
  -0.0000116300    0.0036843600   -0.0022168000
   0.0000027600    0.0036791600   -0.0022075700
   0.0001894100   -0.0034974200    0.0028577700
  -0.0001843800   -0.0034719300    0.0028423500
   0.0000086700   -0.0036069000    0.0028854800
  -0.0002301200   -0.0034502200    0.0028388800
   0.0001727600   -0.0035366300    0.0028608100
  -0.0000032900   -0.0035705700    0.0028911200
  -0.0000452800   -0.0036457400    0.0028599200
   0.0000467900   -0.0036523700    0.0028614600
   0.0000060800   -0.0036058600    0.0029042100
   0.0001590000    0.0023739700    0.0028001400
  -0.0000432700    0.0036609800    0.0028725600
   0.0000355500    0.0036691000    0.0028725300
  -0.0000082700    0.0036004500    0.0029058500
  -0.0000386900    0.0036430900    0.0028565000
   0.0000398600    0.0036338600    0.0028620400
   0.0000050900    0.0035832700    0.0028938400
  -0.0000478900    0.0036531000    0.0028747100
   0.0000444800    0.0036507400    0.0028658700

73   
  0.0000000000000000   0.0100000000000000   0.0000000000000000
   0.0422872400    0.0712712300   -0.0005434600
   0.0184158900   -0.0284150400   -0.0004267200
   0.0197209900   -0.0300435300    0.0023970500
   0.0191610900   -0.0295561600    0.0010841600
   0.0185145700   -0.0288173100   -0.0004904800
   0.0199695900   -0.0300565000    0.0024655000
   0.0190399700   -0.0305937600    0.0009303900
   0.0181353900   -0.0287204900   -0.0004247300
   0.0188465000   -0.0300758900    0.0024681800
   0.0211940600   -0.0309529800   -0.0000617400
   0.0198751200   -0.0251925200   -0.0021199200
   0.0194989400   -0.0298860500   -0.0030242700
   0.0203707400   -0.0299543700   -0.0007399100
   0.0194118600   -0.0255973400   -0.0021471600
   0.0194312900   -0.0297532900   -0.0031100200
   0.0201336900   -0.0299447900   -0.0006825000
   0.0192841400   -0.0253500800   -0.0020862100
   0.0192526600   -0.0300334800   -0.0030765600
  -0.0181420600    0.0193895400    0.0027546500
  -0.0189164600    0.0285646200   -0.0004655300
  -0.0191758100    0.0308453200    0.0008994600
  -0.0208367300    0.0377143200    0.0025784100
  -0.0185557300    0.0296396600   -0.0003118500
  -0.0191433000    0.0309104500    0.0009394900
  -0.0192540500    0.0295734500    0.0024876100
  -0.0180140700    0.0289023500   -0.0004798900
  -0.0188901100    0.0306323500    0.0009580000
  -0.0202535200    0.0296962300   -0.0030880600
  -0.0195980900    0.0251982300   -0.0020993300
  -0.0200364300    0.0302109400   -0.0006969800
  -0.0197862500    0.0299274300   -0.0030744700
  -0.0195794800    0.0256121400   -0.0020643600
  -0.0199936800    0.0301145800   -0.0007094100
  -0.0195023000    0.0298723000   -0.0030612700
  -0.0192497300    0.0255724000   -0.0020842300
  -0.0199967700    0.0299593200   -0.0006849800
  -0.0246110800   -0.0140816600    0.0008979800
  -0.0190280100   -0.0296467100    0.0024525300
  -0.0177424800   -0.0289287900   -0.0003785500
  -0.0194018300   -0.0301632100    0.0008030300
  -0.0192589700   -0.0298784900    0.0025319700
  -0.0184414900   -0.0298794100   -0.0003784800
  -0.0190023900   -0.0306882100    0.0009136300
  -0.0196856000   -0.0298229200    0.0025238300
  -0.0180103600   -0.0290785500   -0.0004231000
  -0.0158174800   -0.0328746500   -0.0015208800
  -0.0194556000   -0.0298660200   -0.0030164700
  -0.0197371900   -0.0253375200   -0.0021285300
  -0.0201798600   -0.0299060900   -0.0007101100
  -0.0193068800   -0.0299001600   -0.0030427500
  -0.0197977200   -0.0255007900   -0.0019093000
  -0.0200542200   -0.0299233200   -0.0006908100
  -0.0198603000   -0.0299279800   -0.0030632200
  -0.0192734000   -0.0254530400   -0.0020949800
   0.0181810000    0.0276654500   -0.0005371300
   0.0202491300    0.0329881800    0.0023553300
   0.0189600900    0.0307095000    0.0009974100
   0.0189548600    0.0249158100   -0.0006613300
   0.0190891200    0.0305053500    0.0026305100
   0.0185868600    0.0308735300    0.0008926700
   0.0182399000    0.0284610600   -0.0004543800
   0.0191182900    0.0298332000    0.0025206300
   0.0194929900    0.0308820000    0.0008845400
   0.0197634100    0.0256270800   -0.0019296700
   0.0180018500    0.0301059000   -0.0029072700
   0.0200393700    0.0300959600   -0.0007110000
   0.0190134300    0.0254248700   -0.0027592600
   0.0194666700    0.0301868800   -0.0030886100
   0.0199835400    0.0300914100   -0.0006909600
   0.0192924900    0.0254618900   -0.0020745600
   0.0194100300    0.0298817300   -0.0030490600
   0.0205226700    0.0302836300   -0.0007111700
   0.1019729800   -0.3025547800   -0.0036517800
  -0.0004446600   -0.0068297600    0.0007946400
   0.0039895100   -0.0073523200   -0.0041108500
   0.0034138500   -0.0065631100   -0.0028468800
  -0.0010071400   -0.0064964000    0.0008003000
   0.0031070300   -0.0077126500   -0.0039424500
   0.0034309400   -0.0065644400   -0.0028872700
  -0.0008171400   -0.0071929500    0.0007716300
   0.0026994900   -0.0070185400   -0.0040161900
   0.0060308300   -0.0082031400    0.0037973500
  -0.0000704000   -0.0075915700    0.0036821500
   0.0000524700   -0.0060176700    0.0036665800
   0.0042617300   -0.0082782000    0.0032320500
  -0.0001541600   -0.0073861700    0.0036800900
   0.0004682900   -0.0063119200    0.0036306300
   0.0042867600   -0.0082775400    0.0032529200
   0.0000987100   -0.0078909000    0.0038054700
   0.0000000000   -0.0058102500    0.0037176900
  -0.0044933200    0.0083351800   -0.0040676700
   0.0007867100    0.0073012900    0.0010723300
  -0.0031951700    0.0070125700   -0.0029082000
  -0.0778372700    0.1036835800   -0.0042916000
   0.0003571900    0.0062363600    0.0007829600
  -0.0039159200    0.0078030700   -0.0028910900
  -0.0030338100    0.0069803700   -0.0039919000
   0.0009646800    0.0064831800    0.0007476600
  -0.0038113700    0.0076874800   -0.0029731600
   0.0002931500    0.0060041200    0.0035947500
  -0.0001226300    0.0077578300    0.0034108100
  -0.0041363700    0.0080461100    0.0032722800
  -0.0007600600    0.0064023100    0.0034956800
  -0.0000681500    0.0073682900    0.0036960000
  -0.0043219800    0.0081892100    0.0032489800
  -0.0000840400    0.0059431700    0.0036464700
   0.0001713400    0.0073835300    0.0037384400
  -0.0045720500    0.0084856200    0.0033046400
   0.0058128100    0.0062327900   -0.0037713300
  -0.0027735200   -0.0067720600   -0.0039998800
   0.0005923600   -0.0074570000    0.0009163500
  -0.0029086000   -0.0074050500   -0.0029725300
  -0.0029521500   -0.0071541100   -0.0040598700
   0.0007972400   -0.0058956400    0.0008236100
  -0.0036973900   -0.0074033100   -0.0029144200
  -0.0029516500   -0.0071552300   -0.0039716400
   0.0013564200   -0.0059076900    0.0007459800
  -0.0058347400   -0.0053159500    0.0038410400
  -0.0001546100   -0.0060682700    0.0037313000
   0.0001214800   -0.0078175600    0.0036597700
  -0.0042043200   -0.0083966300    0.0033539700
  -0.0000765500   -0.0059118900    0.0037365600
  -0.0000826000   -0.0074170500    0.0037156800
  -0.0043458200   -0.0083945700    0.0032614300
  -0.0000596900   -0.0059146100    0.0036454200
   0.0001778900   -0.0074189000    0.0037536900
  -0.0018266900    0.0065532300    0.0008561400
   0.0020338100    0.0070527100   -0.0041900700
   0.0033570600    0.0070991900   -0.0029426300
  -0.0028712500    0.0074536000    0.0006287600
   0.0065450700    0.0080980500   -0.0036815400
   0.0031688900    0.0064239800   -0.0028842500
  -0.0007525800    0.0067090800    0.0007546100
   0.0028190900    0.0072361900   -0.0039372200
   0.0035791900    0.0070081700   -0.0028613600
  -0.0006349200    0.0073870600    0.0035912700
   0.0003951100    0.0057996100    0.0037879300
   0.0041448600    0.0081218500    0.0032829500
   0.0004109300    0.0074789400    0.0038767500
   0.0003215600    0.0059150000    0.0037543800
   0.0042997900    0.0081635800    0.0032702300
  -0.0001309200    0.0074207400    0.0037359200
   0.0000085400    0.0058465300    0.0036676400
   0.0043703400    0.0080658200    0.0031979200
  -0.0106477200    0.0245324100   -0.0244348500
  -0.0024689900    0.0066759000   -0.0207529500
   0.0023801400    0.0068666000   -0.0205325300
  -0.0003801900    0.0082635800   -0.0173873500
  -0.0022705800    0.0066473000   -0.0203736300
   0.0024012500    0.0065197400   -0.0207331000
   0.0000163800    0.0086322300   -0.0170266500
  -0.0023916500    0.0067051000   -0.0206559700
   0.0023333700    0.0066654300   -0.0201005600
  -0.0022552900    0.0072583700    0.0097815200
  -0.0031602900    0.0067608600    0.0034226600
   0.0032030000    0.0067040500    0.0034730200
   0.0001113300    0.0066934300    0.0099104400
  -0.0031221500    0.0067462900    0.0034959000
   0.0032377400    0.0066640400    0.0033518400
   0.0000036100    0.0066043600    0.0099392300
  -0.0032920500    0.0067837000    0.0034464200
   0.0032197400    0.0068306600    0.0035045600
  -0.0007086800   -0.0072325900   -0.0100604300
   0.0005748100   -0.0053824600   -0.0102315300
  -0.0000309700   -0.0077851300   -0.0047153500
  -0.0023076100   -0.0047319400   -0.0096789200
   0.0009558400   -0.0060391000   -0.0098698400
   0.0002357700   -0.0077899700   -0.0047540900
  -0.0010780400   -0.0060174900   -0.0098583400
   0.0010361600   -0.0060973300   -0.0099443700
   0.0000639600   -0.0076985000   -0.0046687300
  -0.0015006000   -0.0082559200    0.0156221900
   0.0017450300   -0.0097295300    0.0163066000
  -0.0000524900   -0.0113910900    0.0181423900
  -0.0002768900   -0.0100581200    0.0172475500
   0.0013949500   -0.0090676600    0.0161455900
  -0.0000357400   -0.0114156900    0.0182916800
  -0.0013185600   -0.0092252700    0.0160150100
   0.0013415000   -0.0092489700    0.0159013200
   0.0000346200   -0.0112827400    0.0184619500
  -0.0182040000    0.0281660100    0.0091156300
  -0.0012473600    0.0060699700   -0.0098221200
   0.0009593900    0.0060912600   -0.0099333700
  -0.0000973100    0.0072603400   -0.0043935200
  -0.0010020000    0.0060560400   -0.0099352100
   0.0011585300    0.0057046600   -0.0098356900
   0.0000296700    0.0076633700   -0.0046200900
  -0.0011758800    0.0061120500   -0.0099067400
   0.0011056300    0.0060657900   -0.0099771900
  -0.0034954400    0.0127954100    0.0160755500
  -0.0014428300    0.0092318500    0.0163256200
   0.0015351800    0.0091999800    0.0162120700
   0.0001392500    0.0113970800    0.0186096000
  -0.0013597200    0.0092594100    0.0159864300
   0.0014281700    0.0091732500    0.0165593500
   0.0000318900    0.0113482100    0.0183303900
  -0.0014505300    0.0092846800    0.0162119200
   0.0014167000    0.0092677300    0.0158178800
  -0.0021030600   -0.0086711200   -0.0198477600
   0.0017410200   -0.0058345500   -0.0200539200
  -0.0000427400   -0.0086295000   -0.0168666900
  -0.0040409300   -0.0050372100   -0.0197569900
   0.0022376600   -0.0067435600   -0.0208289100
   0.0002178400   -0.0087255700   -0.0168586500
  -0.0023427900   -0.0066945100   -0.0204376900
   0.0022270000   -0.0067581800   -0.0203057200
   0.0000481900   -0.0086639900   -0.0170781000
  -0.0032391000   -0.0061093600    0.0034383400
   0.0031647600   -0.0068737400    0.0033869000
  -0.0000319000   -0.0066959500    0.0100164000
  -0.0027876100   -0.0074075300    0.0032038500
   0.0032018500   -0.0065881400    0.0034373600
  -0.0000422200   -0.0066791900    0.0099670600
  -0.0031725900   -0.0067431400    0.0034786900
   0.0031601500   -0.0067894800    0.0034995100
   0.0000683500   -0.0065524800    0.0099243700
   0.0047491700   -0.0234345800    0.0004252800
   0.0001485500   -0.0282552300    0.0004610900
   0.0002187500   -0.0331224200    0.0005061700
   0.0037800000   -0.0299179000    0.0000430600
  -0.0006101000   -0.0298592400    0.0003941100
  -0.0002532200   -0.0331487100    0.0004255000
   0.0008775000   -0.0296482900    0.0003791100
  -0.0009636500   -0.0295888900    0.0003665900
  -0.0001284700   -0.0332573900    0.0004418900
  -0.0040564000   -0.0266040900    0.0052512600
   0.0038039500   -0.0246301200    0.0051544300
  -0.0000275600   -0.0306225000   -0.0018958100
  -0.0036071000   -0.0260101800    0.0046324500
   0.0039660500   -0.0261516000    0.0053189100
  -0.0000175200   -0.0305436400   -0.0018740600
  -0.0039372500   -0.0257387800    0.0051539200
   0.0039654900   -0.0256566800    0.0051372300
  -0.0002050700   -0.0309525900   -0.0018465800
  -0.0252403400    0.0523643600   -0.0002938200
   0.0011791700    0.0301593900    0.0003567700
  -0.0013343000    0.0295674300    0.0003713100
   0.0010339100    0.0346104100    0.0003327100
   0.0007810600    0.0298490800    0.0003363400
  -0.0015910200    0.0299773800    0.0003672200
   0.0001735300    0.0331335500    0.0004367900
   0.0010038100    0.0299936900    0.0004155800
  -0.0009776800    0.0295471300    0.0003929900
  -0.0014390200    0.0304121600   -0.0021141700
  -0.0040232500    0.0260017600    0.0051560200
   0.0040633700    0.0258688000    0.0051953900
   0.0000453000    0.0308243800   -0.0018873900
  -0.0040192400    0.0257615100    0.0051529800
   0.0042377000    0.0259288300    0.0051829400
  -0.0000239100    0.0305880500   -0.0018670800
  -0.0038432000    0.0259980200    0.0051446400
   0.0039382800    0.0255739000    0.0050782000
  -0.0001434000   -0.0033250000   -0.0022761400
  -0.0000250800   -0.0037026600   -0.0021352600
  -0.0000094200   -0.0037253300   -0.0022560800
   0.0009254300   -0.0046205000   -0.0020606000
   0.0000504100   -0.0036125400   -0.0022571000
  -0.0000161900   -0.0037102200   -0.0022535400
  -0.0000198800   -0.0036769400   -0.0022173700
   0.0000235600   -0.0036813300   -0.0022066900
   0.0000245600   -0.0036955600   -0.0022650700
   0.0001062900    0.0045505300   -0.0032586200
   0.0000127400    0.0036861300   -0.0022262300
   0.0000622100    0.0036548900   -0.0022232400
   0.0000684500    0.0037308300   -0.0023036400
   0.0000083100    0.0037127700   -0.0022132300
   0.0001105800    0.0036225600   -0.0021951700
   0.0000124100    0.0036767300   -0.0022633700
  -0.0000396100    0.0037082100   -0.0022222500
   0.0000101500    0.0037085800   -0.0022004300
  -0.0000786600   -0.0039619900    0.0029091700
  -0.0001915000   -0.0034266800    0.0028133200
   0.0000102000   -0.0036068400    0.0028860700
  -0.0002468300   -0.0034281200    0.0028252700
   0.0000103500   -0.0037267300    0.0028773600
  -0.0000025500   -0.0035729600    0.0028843400
  -0.0000627400   -0.0036537900    0.0028611900
   0.0000459700   -0.0036568000    0.0028584500
   0.0000065200   -0.0036056400    0.0029026000
   0.0012870700    0.0031221700    0.0028207500
  -0.0000201700    0.0036397600    0.0028759200
  -0.0000187300    0.0036672700    0.0028712400
  -0.0000334100    0.0035761100    0.0029018900
  -0.0000345200    0.0036460000    0.0028598800
   0.0000334500    0.0036299100    0.0028646700
   0.0000027300    0.0035806500    0.0028968000
  -0.0000610700    0.0036566500    0.0028749300
   0.0000267200    0.0036377600    0.0028515800

73   
  0.0000000000000000  -0.0100000000000000   0.0000000000000000
  -0.0063293200   -0.1396526300    0.0024623700
   0.0179721900   -0.0291745300   -0.0004573900
   0.0186088600   -0.0298354300    0.0025830000
   0.0188143700   -0.0320857800    0.0007724200
   0.0179027500   -0.0288038100   -0.0003912300
   0.0183673000   -0.0298354700    0.0025151500
   0.0189086100   -0.0310777700    0.0009224500
   0.0182620400   -0.0288900200   -0.0004588200
   0.0194623600   -0.0298222400    0.0025112600
   0.0189077400   -0.0293137700   -0.0013327500
   0.0189134600   -0.0257374400   -0.0020782100
   0.0193728500   -0.0299816700   -0.0030668900
   0.0197007200   -0.0303630500   -0.0006652600
   0.0193652900   -0.0253363100   -0.0020525500
   0.0194407800   -0.0301105900   -0.0029856100
   0.0199309900   -0.0303717400   -0.0007214800
   0.0194928700   -0.0255754100   -0.0021118900
   0.0196166900   -0.0298441900   -0.0030157400
  -0.0201339700    0.0404530600    0.0022368100
  -0.0175342000    0.0290328600   -0.0004152100
  -0.0187665900    0.0308314600    0.0009533300
  -0.0174575000    0.0221764400    0.0024101900
  -0.0178652800    0.0279587800   -0.0005760000
  -0.0188141200    0.0307741600    0.0009135800
  -0.0190620500    0.0303116300    0.0024938900
  -0.0183863800    0.0287179700   -0.0004040200
  -0.0190641900    0.0310325600    0.0008965600
  -0.0186617100    0.0301667100   -0.0030088600
  -0.0191948900    0.0257394200   -0.0021024800
  -0.0200338000    0.0301165200   -0.0007070400
  -0.0190996700    0.0299304600   -0.0030198400
  -0.0192131200    0.0253204800   -0.0021316000
  -0.0200732800    0.0302117000   -0.0006948400
  -0.0193728900    0.0300027400   -0.0030326200
  -0.0195317100    0.0253701200   -0.0021133600
  -0.0200698800    0.0303582100   -0.0007200500
  -0.0132465500   -0.0475302300    0.0009321100
  -0.0192872300   -0.0302340300    0.0025281000
  -0.0186835100   -0.0286650200   -0.0005026400
  -0.0185597700   -0.0315019700    0.0010474200
  -0.0190676700   -0.0300119800    0.0024503200
  -0.0179771500   -0.0277178800   -0.0005051400
  -0.0189525800   -0.0309827400    0.0009389800
  -0.0186465700   -0.0300674700    0.0024576000
  -0.0183865900   -0.0285321200   -0.0004604000
  -0.0241564400   -0.0274298700    0.0000587100
  -0.0194207900   -0.0300031300   -0.0030753800
  -0.0190475800   -0.0255990100   -0.0020708800
  -0.0198903500   -0.0304102500   -0.0006942700
  -0.0195646700   -0.0299690100   -0.0030507800
  -0.0190103900   -0.0254296600   -0.0022835500
  -0.0200134400   -0.0303978400   -0.0007135000
  -0.0190313700   -0.0299437300   -0.0030299400
  -0.0195058700   -0.0254761000   -0.0021032300
   0.0181685400    0.0299170100   -0.0003469200
   0.0181179700    0.0268598100    0.0026296100
   0.0189793700    0.0309636400    0.0008555000
   0.0174719200    0.0326509500   -0.0002247000
   0.0192256300    0.0293914900    0.0023523100
   0.0193470700    0.0308084200    0.0009594300
   0.0181573800    0.0291498400   -0.0004292800
   0.0191877900    0.0300540800    0.0024616100
   0.0184690300    0.0307933000    0.0009680700
   0.0190177700    0.0253123100   -0.0022695500
   0.0208537700    0.0297684500   -0.0031762700
   0.0200235200    0.0302271500   -0.0006936900
   0.0197716300    0.0255085200   -0.0014578500
   0.0194018500    0.0296787500   -0.0030048900
   0.0200762300    0.0302316200   -0.0007127300
   0.0194810300    0.0254779100   -0.0021229100
   0.0194582800    0.0299911900   -0.0030444100
   0.0195539900    0.0300454400   -0.0006928400
  -0.0893382800    0.2931984600   -0.0000474500
  -0.0012416100   -0.0064204400    0.0007930400
   0.0020770900   -0.0069430600   -0.0038791300
   0.0035344000   -0.0074934700   -0.0029716000
  -0.0007158500   -0.0067309800    0.0007875900
   0.0029364100   -0.0065810400   -0.0040484400
   0.0035135000   -0.0074938200   -0.0029319700
  -0.0008974400   -0.0060617200    0.0008140000
   0.0033429000   -0.0072526700   -0.0039718300
   0.0025248000   -0.0080635700    0.0027341500
  -0.0001021400   -0.0074186200    0.0037243100
   0.0001695100   -0.0058445800    0.0037117400
   0.0042878600   -0.0079453300    0.0032949800
  -0.0000241500   -0.0076189000    0.0037277800
  -0.0002386600   -0.0055567900    0.0037465800
   0.0042614100   -0.0079438800    0.0032730000
  -0.0002615300   -0.0071357500    0.0036035000
   0.0002223700   -0.0060424700    0.0036587900
  -0.0015949100    0.0059468900   -0.0039119800
   0.0009226600    0.0059528900    0.0005228800
  -0.0037491000    0.0070627200   -0.0029110100
   0.0683613900   -0.0871088200   -0.0037014900
   0.0013272100    0.0069955800    0.0008053800
  -0.0030417000    0.0062961300   -0.0029280100
  -0.0030206600    0.0073060700   -0.0039969400
   0.0007456900    0.0067555700    0.0008393500
  -0.0031440000    0.0064106000   -0.0028480100
  -0.0005288400    0.0058621600    0.0037779900
   0.0002718300    0.0072682200    0.0039888300
  -0.0044098500    0.0081793900    0.0032546000
   0.0005111400    0.0054996400    0.0038747100
   0.0002320900    0.0076529300    0.0037092100
  -0.0042307400    0.0080411800    0.0032766900
  -0.0001424000    0.0059231100    0.0037298200
   0.0000005100    0.0076300700    0.0036687400
  -0.0039820600    0.0077538400    0.0032230300
  -0.0137233000   -0.0204828200   -0.0020511600
  -0.0032633500   -0.0074948700   -0.0039898800
   0.0011033100   -0.0057965900    0.0006735100
  -0.0040295700   -0.0066700400   -0.0028481000
  -0.0030924400   -0.0071217600   -0.0039296800
   0.0008998000   -0.0073154300    0.0007645800
  -0.0032512400   -0.0066676700   -0.0029045000
  -0.0030964300   -0.0071228000   -0.0040160700
   0.0003398400   -0.0073271100    0.0008398700
  -0.0027312900   -0.0108925800    0.0026911400
  -0.0000757200   -0.0057927500    0.0036465200
   0.0000486800   -0.0071918800    0.0037456800
  -0.0043493400   -0.0078263200    0.0031742800
  -0.0001457800   -0.0059414000    0.0036425500
   0.0002478500   -0.0075925200    0.0036915500
  -0.0042074900   -0.0078235100    0.0032651800
  -0.0001702500   -0.0059438900    0.0037306200
  -0.0000144000   -0.0075940500    0.0036534600
   0.0001618900    0.0067065500    0.0007248000
   0.0040028600    0.0072066300   -0.0038030800
   0.0035771800    0.0069803300   -0.0028781800
   0.0011606000    0.0057254100    0.0009523400
  -0.0004512700    0.0063709200   -0.0043095600
   0.0037649800    0.0076354200   -0.0029347300
  -0.0009592000    0.0065300500    0.0008320000
   0.0032252200    0.0070573200   -0.0040514400
   0.0033626000    0.0070690300   -0.0029574800
   0.0004704800    0.0076389900    0.0038183100
  -0.0001605100    0.0060518100    0.0035911300
   0.0043963600    0.0081071000    0.0032441700
  -0.0005756500    0.0075401300    0.0035314100
  -0.0000870300    0.0059761700    0.0036198400
   0.0042466900    0.0080663100    0.0032568400
  -0.0000454500    0.0075932500    0.0036714500
   0.0002102600    0.0060193000    0.0037097600
   0.0041718600    0.0081607000    0.0033278800
   0.0113754600   -0.0078431200   -0.0086714000
  -0.0021921000    0.0067909400   -0.0200961700
   0.0022676200    0.0065980100   -0.0203191900
   0.0003705600    0.0090698600   -0.0162600800
  -0.0023800200    0.0068139900   -0.0204610500
   0.0022478300    0.0069435700   -0.0201150800
  -0.0000170400    0.0087165100   -0.0166052900
  -0.0022603800    0.0067614000   -0.0201909500
   0.0023137500    0.0068025500   -0.0207360600
   0.0022071000    0.0060429300    0.0100903200
  -0.0031922400    0.0067421700    0.0035246000
   0.0031397000    0.0067983200    0.0034746800
  -0.0001133300    0.0065601700    0.0100365500
  -0.0032303600    0.0067583200    0.0034538800
   0.0031120800    0.0068360100    0.0035928700
  -0.0000080800    0.0066441500    0.0100107300
  -0.0030638800    0.0067175600    0.0035003700
   0.0031283600    0.0066706100    0.0034444400
  -0.0014239000   -0.0048990600   -0.0097769900
   0.0015584200   -0.0067370900   -0.0096210500
   0.0000273200   -0.0076873600   -0.0047652300
   0.0000941300   -0.0073556100   -0.0101567200
   0.0011743000   -0.0060988900   -0.0100137300
  -0.0002324600   -0.0076825900   -0.0047316800
  -0.0010622900   -0.0061182000   -0.0100044400
   0.0010974300   -0.0060406200   -0.0099207600
  -0.0000645800   -0.0077714600   -0.0048128900
  -0.0012453500   -0.0102239000    0.0164700000
   0.0010128400   -0.0087739400    0.0157446000
   0.0000481400   -0.0113033600    0.0181920900
  -0.0024502800   -0.0084671600    0.0148450300
   0.0013607200   -0.0094367800    0.0159167500
   0.0000311000   -0.0112799600    0.0180492600
  -0.0014429500   -0.0092746900    0.0160187100
   0.0014142900   -0.0092516200    0.0161312400
  -0.0000370100   -0.0114090300    0.0178813400
   0.0189510200   -0.0134010900   -0.0191530600
  -0.0009026000    0.0060755900   -0.0100367100
   0.0011704000    0.0060489800   -0.0099243100
   0.0000911600    0.0082035000   -0.0050811100
  -0.0011382200    0.0060854600   -0.0099335400
   0.0009810600    0.0064329600   -0.0100256500
  -0.0000321000    0.0078134100   -0.0048585700
  -0.0009671200    0.0060316000   -0.0099563100
   0.0010309500    0.0060772500   -0.0098854500
   0.0032853800    0.0100131900    0.0203633700
  -0.0013191300    0.0092778700    0.0157163400
   0.0012181600    0.0093094700    0.0158304600
  -0.0001423200    0.0113077500    0.0177475600
  -0.0014014900    0.0092500000    0.0160478900
   0.0013312800    0.0093305900    0.0154951700
  -0.0000374000    0.0113535500    0.0180078500
  -0.0013137100    0.0092245400    0.0158322200
   0.0013395900    0.0092410700    0.0162151200
  -0.0025339700   -0.0047896400   -0.0210446200
   0.0029076600   -0.0076064600   -0.0207957600
   0.0000399000   -0.0087118100   -0.0167610200
  -0.0006866400   -0.0083619300   -0.0210972500
   0.0023962800   -0.0067265900   -0.0200040600
  -0.0002146400   -0.0086177300   -0.0167685000
  -0.0023064800   -0.0067638900   -0.0204004200
   0.0024149800   -0.0067019500   -0.0205299400
  -0.0000489300   -0.0086762300   -0.0165564000
  -0.0031161300   -0.0073819300    0.0034921100
   0.0031771100   -0.0066161500    0.0035548200
   0.0000279300   -0.0065475800    0.0099347200
  -0.0035541100   -0.0061031200    0.0037299300
   0.0031479600   -0.0069048300    0.0035041500
   0.0000371500   -0.0065637600    0.0099830400
  -0.0031813900   -0.0067510000    0.0034702600
   0.0031874000   -0.0067053400    0.0034490700
  -0.0000704000   -0.0066878500    0.0100256000
  -0.0027509400   -0.0358901400    0.0003179400
  -0.0020847400   -0.0311263800    0.0002932900
  -0.0002291000   -0.0328890200    0.0003935600
  -0.0018247300   -0.0294962600    0.0006950100
  -0.0013491500   -0.0295431600    0.0003492100
   0.0002422600   -0.0328696900    0.0004730800
   0.0010463500   -0.0297341200    0.0003688700
  -0.0009645500   -0.0297928100    0.0003807100
   0.0001205600   -0.0327602500    0.0004563900
  -0.0038653200   -0.0249753300    0.0050638800
   0.0041083000   -0.0269129400    0.0051613300
   0.0000252700   -0.0307094200   -0.0018308200
  -0.0043122500   -0.0255456400    0.0056678900
   0.0039532100   -0.0253960600    0.0049982300
   0.0000147100   -0.0307868200   -0.0018523600
  -0.0039838100   -0.0258054100    0.0051604500
   0.0039516100   -0.0258881300    0.0051777100
   0.0001952100   -0.0303899100   -0.0018788900
   0.0253742500    0.0133457800    0.0011858700
   0.0007805000    0.0292504800    0.0003910000
  -0.0005936700    0.0298371400    0.0003758700
  -0.0009863200    0.0315054500    0.0005632000
   0.0011489700    0.0295600900    0.0004110200
  -0.0003519700    0.0294272200    0.0003798000
  -0.0001729300    0.0328958500    0.0004621300
   0.0009253300    0.0294159100    0.0003308300
  -0.0009609000    0.0298531100    0.0003529800
   0.0013938500    0.0308794900   -0.0016477600
  -0.0038991200    0.0255667900    0.0051594800
   0.0038548100    0.0256935700    0.0051199500
  -0.0000474700    0.0305305800   -0.0018387300
  -0.0039002200    0.0257990500    0.0051605500
   0.0036846900    0.0256470300    0.0051320700
   0.0000210300    0.0307606400   -0.0018589000
  -0.0040706400    0.0255728500    0.0051711700
   0.0039699900    0.0259837900    0.0052369200
   0.0001350900   -0.0040265700   -0.0021319900
   0.0000299400   -0.0036569500   -0.0022728400
   0.0000066400   -0.0036728300   -0.0022357500
  -0.0009090500   -0.0027705800   -0.0023435400
  -0.0000414100   -0.0037495500   -0.0021503100
   0.0000125900   -0.0036879300   -0.0022378900
   0.0000040400   -0.0036841200   -0.0021897000
  -0.0000136500   -0.0036801800   -0.0022002100
  -0.0000275000   -0.0037027400   -0.0022267800
  -0.0002532200    0.0029369600   -0.0012217500
  -0.0000273000    0.0036836300   -0.0021814600
  -0.0000531500    0.0037152400   -0.0021849800
  -0.0000711500    0.0036767100   -0.0021893500
  -0.0000231900    0.0036589300   -0.0021934600
  -0.0000983400    0.0037458900   -0.0022114200
  -0.0000156900    0.0037294500   -0.0022289800
   0.0000236400    0.0036621300   -0.0021850700
  -0.0000012500    0.0036612600   -0.0022063100
   0.0000016500   -0.0033329000    0.0028157200
   0.0002567800   -0.0038640900    0.0029093000
  -0.0000127900   -0.0035839500    0.0028907400
   0.0001657200   -0.0038592700    0.0028978200
   0.0000585000   -0.0035652200    0.0028463000
  -0.0000005300   -0.0036170300    0.0028919100
  -0.0000128800   -0.0036395000    0.0028618200
   0.0000234000   -0.0036368600    0.0028646800
  -0.0000091700   -0.0035856400    0.0028741200
  -0.0012558900    0.0040519500    0.0029533500
  -0.0000546400    0.0036616300    0.0028478300
   0.0000891600    0.0036340600    0.0028525200
   0.0000306800    0.0036214800    0.0028752100
  -0.0000405200    0.0036555900    0.0028633600
   0.0000346100    0.0036725100    0.0028592000
  -0.0000047900    0.0036180800    0.0028798000
  -0.0000143300    0.0036449000    0.0028488700
   0.0000422500    0.0036633500    0.0028714900

73   
  0.0000000000000000   0.0000000000000000   0.0100000000000000
   0.0195446800   -0.0318391400   -0.0022680100
   0.0183368800   -0.0286132600   -0.0008033500
   0.0191429000   -0.0299333100    0.0024098700
   0.0190192100   -0.0308689200    0.0011207400
   0.0181957900   -0.0288161500   -0.0003966900
   0.0191851700   -0.0298902200    0.0020908900
   0.0190078400   -0.0307969900    0.0008433700
   0.0182378300   -0.0288784700   -0.0003889400
   0.0191374400   -0.0300553300    0.0026973300
   0.0207431800   -0.0295579300   -0.0011192900
   0.0195382900   -0.0253101500   -0.0021002800
   0.0194543600   -0.0299673500   -0.0030568700
   0.0200220600   -0.0301976900   -0.0007095400
   0.0194157600   -0.0254369600   -0.0021338500
   0.0194483400   -0.0298820200   -0.0030462500
   0.0200211500   -0.0301435900   -0.0006994500
   0.0194242800   -0.0255350600   -0.0021029800
   0.0194121400   -0.0300385500   -0.0030720700
  -0.0198220700    0.0297628800    0.0100928900
  -0.0181753900    0.0290562100    0.0004956200
  -0.0189209700    0.0308423300    0.0011510100
  -0.0189111700    0.0300303500    0.0027777400
  -0.0182347000    0.0288180200   -0.0007379600
  -0.0190060100    0.0308672000    0.0009869500
  -0.0191123200    0.0299272600    0.0026083700
  -0.0182352100    0.0287573500   -0.0003754500
  -0.0189578200    0.0307944800    0.0006830900
  -0.0196572300    0.0299436500   -0.0029732500
  -0.0195438200    0.0255438900   -0.0020513900
  -0.0199811000    0.0301741200   -0.0006878400
  -0.0194032200    0.0300299400   -0.0030322000
  -0.0194055700    0.0254617500   -0.0020500700
  -0.0200263300    0.0301991500   -0.0007061300
  -0.0194031000    0.0299707200   -0.0030630800
  -0.0194193500    0.0254285200   -0.0021085600
  -0.0199816700    0.0301267300   -0.0006823100
  -0.0185448200   -0.0308404000    0.0048413600
  -0.0192010500   -0.0299220700    0.0025489400
  -0.0180807500   -0.0289157300    0.0003656800
  -0.0190314000   -0.0308682400    0.0009600500
  -0.0190837900   -0.0299372800    0.0027222700
  -0.0181562600   -0.0288412300   -0.0005843000
  -0.0190076600   -0.0308740500    0.0010941500
  -0.0191483700   -0.0298784300    0.0026508500
  -0.0181597900   -0.0288115800   -0.0002995000
  -0.0182768800   -0.0302399800    0.0000401400
  -0.0194828300   -0.0299272400   -0.0030351000
  -0.0193836700   -0.0255432100   -0.0021396400
  -0.0199900000   -0.0301560900   -0.0007255900
  -0.0193786400   -0.0299515600   -0.0030395900
  -0.0195665100   -0.0254663200   -0.0021427500
  -0.0200673800   -0.0301520800   -0.0007073000
  -0.0194362200   -0.0298359200   -0.0030475700
  -0.0193248900   -0.0254918200   -0.0021105200
   0.0180505800    0.0287024400   -0.0025444200
   0.0190519800    0.0296574000   -0.0008248500
   0.0189244700    0.0308141400    0.0008688000
   0.0182147700    0.0286642000   -0.0015357300
   0.0191293800    0.0298988600    0.0030259700
   0.0189800000    0.0308030700    0.0008748600
   0.0181663500    0.0288339100   -0.0006935900
   0.0191865700    0.0299182000    0.0023733000
   0.0190422500    0.0308399700    0.0008553900
   0.0194140300    0.0254442100   -0.0020384500
   0.0178428700    0.0303001700   -0.0030855400
   0.0200321200    0.0301717200   -0.0007111900
   0.0195722900    0.0254059500   -0.0020119000
   0.0194654800    0.0297716600   -0.0030564500
   0.0199946500    0.0301425700   -0.0007113900
   0.0193603800    0.0254735400   -0.0020940900
   0.0194754600    0.0298953300   -0.0030260700
   0.0200727700    0.0301852400   -0.0007061300
   0.0018850600   -0.0055381500   -0.0958324500
  -0.0007567900   -0.0067436100    0.0010051800
   0.0030017800   -0.0071470700   -0.0037829000
   0.0034591100   -0.0070216200   -0.0028028500
  -0.0008916400   -0.0066474100    0.0007557600
   0.0031074900   -0.0071708400   -0.0035331200
   0.0034256800   -0.0069747200   -0.0028024400
  -0.0009018600   -0.0065796700    0.0012555600
   0.0030990700   -0.0071410600   -0.0040324400
   0.0047175400   -0.0086877900    0.0034765700
  -0.0000681900   -0.0074875700    0.0037070400
   0.0001025000   -0.0059162600    0.0036921100
   0.0042837800   -0.0081078700    0.0032720100
  -0.0001032100   -0.0075418000    0.0036718000
   0.0001575800   -0.0060374100    0.0036701600
   0.0042419200   -0.0080839200    0.0032722600
  -0.0001605100   -0.0074568200    0.0036853900
   0.0002132200   -0.0059123000    0.0036565600
  -0.0029150600    0.0072151900   -0.0018489500
   0.0009177000    0.0063482300   -0.0009576300
  -0.0035158600    0.0070294800   -0.0029901500
  -0.0030058400    0.0070871800    0.0225750600
   0.0008268900    0.0066201100    0.0003927700
  -0.0034765000    0.0070117800   -0.0030062800
  -0.0030416000    0.0071347000   -0.0037010400
   0.0008694800    0.0066576800    0.0008869400
  -0.0034745300    0.0070973000   -0.0032910600
  -0.0000165900    0.0058269700    0.0036967300
   0.0001267500    0.0072225000    0.0036934800
  -0.0042889500    0.0081126000    0.0032398000
   0.0000164100    0.0057479500    0.0037831500
   0.0000601600    0.0074930900    0.0037570200
  -0.0042705000    0.0080924100    0.0032579000
  -0.0001066500    0.0058824400    0.0036816300
   0.0000930200    0.0075329500    0.0036992200
  -0.0042669700    0.0081466300    0.0032943700
  -0.0041601200   -0.0079347600   -0.0095252500
  -0.0030301700   -0.0071534800   -0.0043490600
   0.0008193600   -0.0065152700    0.0011275500
  -0.0034122900   -0.0070515100   -0.0029652700
  -0.0029899800   -0.0071264100   -0.0038300300
   0.0007522200   -0.0066666000    0.0014406700
  -0.0034386900   -0.0071010500   -0.0029645100
  -0.0029738500   -0.0072126600   -0.0038287700
   0.0008242700   -0.0065979600    0.0014403300
  -0.0050080500   -0.0086908700    0.0029253300
  -0.0000935600   -0.0059785900    0.0037211300
   0.0001302000   -0.0074695100    0.0036759700
  -0.0042612900   -0.0081167900    0.0032572900
  -0.0000646100   -0.0058934900    0.0036930300
   0.0000719900   -0.0075617600    0.0036381200
  -0.0042810400   -0.0082060700    0.0032566900
  -0.0000562300   -0.0059834600    0.0036920300
  -0.0000035600   -0.0075269700    0.0036369300
  -0.0008220400    0.0068144900   -0.0006205800
   0.0027890700    0.0070693200   -0.0054055200
   0.0034568800    0.0070641000   -0.0027233200
  -0.0009636000    0.0063055200    0.0015232200
   0.0031280600    0.0073071500   -0.0032629800
   0.0034455900    0.0070063200   -0.0027496900
  -0.0008331100    0.0065571500    0.0006393400
   0.0030392500    0.0071763300   -0.0041488500
   0.0034650400    0.0069831100   -0.0031602700
  -0.0000471300    0.0076027300    0.0037806000
   0.0002052600    0.0058008100    0.0037632100
   0.0042748100    0.0081241400    0.0032749500
  -0.0002054800    0.0075665600    0.0036687600
   0.0002422500    0.0061056000    0.0036510500
   0.0042939100    0.0081127500    0.0032695800
  -0.0000896600    0.0074773600    0.0036959700
   0.0001073300    0.0059553500    0.0036813000
   0.0042520100    0.0080384500    0.0032892500
   0.0147146200   -0.0106672900    0.0174979200
  -0.0025177400    0.0067737600   -0.0204806500
   0.0022309200    0.0068624100   -0.0204084400
   0.0000366600    0.0087042400   -0.0168080100
  -0.0021990000    0.0066973600   -0.0205517400
   0.0026550400    0.0069743700   -0.0208937300
   0.0001097200    0.0086355500   -0.0167967700
  -0.0021982400    0.0067278800   -0.0206923100
   0.0023490900    0.0065793300   -0.0207018100
  -0.0004849000    0.0075751300    0.0102874800
  -0.0031807000    0.0067064100    0.0034262800
   0.0031553800    0.0067327200    0.0035031600
   0.0000060100    0.0066335000    0.0099811700
  -0.0031585600    0.0067459500    0.0034967000
   0.0031886500    0.0067100600    0.0034960000
   0.0000246300    0.0066235400    0.0099611000
  -0.0031874700    0.0067816000    0.0034876600
   0.0031967200    0.0067430100    0.0035150100
  -0.0026441900   -0.0043290400   -0.0094556200
   0.0006620500   -0.0067267900   -0.0092286500
   0.0000914500   -0.0076702400   -0.0047320700
   0.0012569900   -0.0087093900   -0.0104856400
   0.0014022400   -0.0061389300   -0.0098388900
   0.0000856700   -0.0077265200   -0.0047452000
  -0.0012070100   -0.0059888300   -0.0099145900
   0.0009881800   -0.0060824300   -0.0099165800
   0.0000080500   -0.0078271700   -0.0046049000
  -0.0016136700   -0.0090404700    0.0159001100
   0.0016328600   -0.0097045000    0.0155319600
   0.0000359700   -0.0113668000    0.0181635800
  -0.0018075800   -0.0088414600    0.0152431800
   0.0013387700   -0.0091967300    0.0159919900
  -0.0000043400   -0.0113613100    0.0181558400
  -0.0013883900   -0.0092571800    0.0159962400
   0.0013869500   -0.0092783800    0.0160554800
  -0.0000162600   -0.0113281200    0.0181221300
  -0.0129855600    0.0265725700    0.0326914900
  -0.0008866600    0.0059730700   -0.0098216400
   0.0012068100    0.0059660400   -0.0099786700
  -0.0000066300    0.0076687000   -0.0047381700
  -0.0011535200    0.0061106100   -0.0100522200
   0.0007185900    0.0057858400   -0.0100947600
  -0.0001007500    0.0077612900   -0.0047280700
  -0.0011925300    0.0061058100   -0.0100812000
   0.0010554800    0.0062139100   -0.0101202200
   0.0020381900    0.0089196300    0.0207150500
  -0.0014104900    0.0091909000    0.0160796800
   0.0013736300    0.0092368700    0.0159350700
  -0.0000032900    0.0113668100    0.0181493100
  -0.0014079200    0.0092510000    0.0160219000
   0.0014429600    0.0092171700    0.0162494100
   0.0000314000    0.0113349300    0.0181452600
  -0.0013965700    0.0092995300    0.0160443900
   0.0013870100    0.0092876700    0.0160665100
  -0.0006198800   -0.0085410600   -0.0199821700
   0.0022943500   -0.0057396900   -0.0193542700
  -0.0000660100   -0.0087455400   -0.0168603800
  -0.0046132600   -0.0040701800   -0.0202508300
   0.0020704600   -0.0065700700   -0.0202348100
  -0.0000654900   -0.0086859700   -0.0168327800
  -0.0021638400   -0.0068065500   -0.0203897300
   0.0024153300   -0.0067518300   -0.0204787200
  -0.0000039700   -0.0085956900   -0.0166224500
  -0.0032446800   -0.0066388400    0.0034192800
   0.0033956700   -0.0071128100    0.0034582500
   0.0000028900   -0.0066222500    0.0099769200
  -0.0032944600   -0.0065976200    0.0034436400
   0.0032018500   -0.0067063200    0.0033985900
   0.0000061100   -0.0066498000    0.0099808400
  -0.0031740100   -0.0067510500    0.0034898200
   0.0031727300   -0.0067518500    0.0034575000
  -0.0000126200   -0.0066305500    0.0099510900
   0.0011546800   -0.0301515600   -0.0041484600
  -0.0009621500   -0.0294546700    0.0026548100
  -0.0000158500   -0.0330269600    0.0002965200
   0.0010346700   -0.0296303500   -0.0013553800
  -0.0008928100   -0.0296603600    0.0000388800
   0.0000270300   -0.0330065100    0.0004390400
   0.0009297600   -0.0296834900    0.0002904800
  -0.0009540300   -0.0297271200    0.0004547200
  -0.0000292300   -0.0329968100    0.0004468400
  -0.0038781500   -0.0261048200    0.0051938700
   0.0042589800   -0.0248468500    0.0051721300
  -0.0000356000   -0.0306866100   -0.0018487000
  -0.0040031400   -0.0258949300    0.0052337100
   0.0040105700   -0.0257411900    0.0051998600
   0.0000424800   -0.0306435600   -0.0018776700
  -0.0039703200   -0.0257441900    0.0051448000
   0.0039536100   -0.0258230300    0.0051749700
  -0.0000332200   -0.0306502400   -0.0018712800
  -0.0001816200    0.0335882000   -0.0019036600
   0.0011186800    0.0297599600    0.0003835100
  -0.0009259800    0.0296284900    0.0001754300
   0.0000457900    0.0330377200    0.0005847100
   0.0009269100    0.0296449500    0.0005810600
  -0.0009389900    0.0297624200    0.0000466000
   0.0000237000    0.0330226600    0.0003731500
   0.0009202800    0.0297463600    0.0004727700
  -0.0009969800    0.0296576000    0.0006210100
  -0.0002599900    0.0296350800   -0.0015668000
  -0.0038430000    0.0259030200    0.0051616500
   0.0039784300    0.0257357600    0.0051765500
   0.0000096900    0.0306321000   -0.0018542400
  -0.0039572300    0.0257473900    0.0051370300
   0.0040375200    0.0258925900    0.0051701200
   0.0000368900    0.0306623300   -0.0018579100
  -0.0040337800    0.0258129200    0.0051520900
   0.0039295100    0.0257489400    0.0051648300
  -0.0000046100   -0.0038171400   -0.0022666000
   0.0001196300   -0.0037635600   -0.0022502800
   0.0000135500   -0.0037126400   -0.0022531400
   0.0001242100   -0.0037929300   -0.0022890300
  -0.0000060900   -0.0037339900   -0.0022179800
   0.0000064600   -0.0037084800   -0.0022524300
  -0.0000014200   -0.0036858000   -0.0022082800
   0.0000135100   -0.0036869400   -0.0022111200
   0.0000081400   -0.0037103500   -0.0022547100
  -0.0038689800    0.0086538800   -0.0015918900
   0.0000191000    0.0036718800   -0.0022243000
   0.0000348400    0.0036766100   -0.0022080500
   0.0000135200    0.0037073300   -0.0022527700
   0.0000068000    0.0036735100   -0.0022035700
   0.0000195200    0.0036740700   -0.0022132900
   0.0000202300    0.0037172200   -0.0022598900
   0.0000042600    0.0036831500   -0.0022048000
   0.0000043600    0.0036486100   -0.0022008600
  -0.0000029000   -0.0037148200    0.0028753700
  -0.0001262100   -0.0034894500    0.0028157100
   0.0000101100   -0.0036034700    0.0028870400
   0.0000403800   -0.0037304500    0.0028679500
   0.0000546900   -0.0036432500    0.0028621200
   0.0000040200   -0.0035997900    0.0028843500
  -0.0000260700   -0.0036521800    0.0028563200
   0.0000439900   -0.0036552300    0.0028628300
   0.0000059600   -0.0036033300    0.0028849200
   0.0002993700    0.0031499800    0.0029138300
  -0.0000311100    0.0036492800    0.0028658400
   0.0000447400    0.0036483400    0.0028569600
   0.0000075700    0.0035861900    0.0028841500
  -0.0000176500    0.0036437000    0.0028584400
   0.0000271200    0.0036537100    0.0028651900
  -0.0000022900    0.0035961700    0.0028877500
  -0.0000354800    0.0036538200    0.0028617300
   0.0000371100    0.0036250700    0.0028576300

73   
  0.0000000000000000   0.0000000000000000  -0.0100000000000000
   0.0184345800   -0.0295034100    0.0041132000
   0.0180494600   -0.0289987800   -0.0000681800
   0.0192016500   -0.0299527000    0.0025862600
   0.0189650000   -0.0308084100    0.0007467800
   0.0182183400   -0.0288099200   -0.0004721600
   0.0191366500   -0.0300195000    0.0029042400
   0.0189418300   -0.0308977500    0.0010243800
   0.0181626600   -0.0287438600   -0.0004808300
   0.0191804700   -0.0298518600    0.0022964500
   0.0193425600   -0.0307087000   -0.0002651100
   0.0192471200   -0.0256383200   -0.0020818900
   0.0194239300   -0.0299164000   -0.0030196600
   0.0200522400   -0.0301354200   -0.0006799800
   0.0193708500   -0.0255094700   -0.0020493000
   0.0194307800   -0.0300032500   -0.0030326400
   0.0200475500   -0.0301937200   -0.0006900500
   0.0193586300   -0.0254095100   -0.0020798400
   0.0194653400   -0.0298479900   -0.0030047800
  -0.0185053600    0.0299516600   -0.0050874000
  -0.0182269100    0.0285118700   -0.0013635900
  -0.0189932600    0.0308244000    0.0007150900
  -0.0193895300    0.0298551100    0.0022191200
  -0.0181787100    0.0287808900   -0.0001324900
  -0.0189487700    0.0307906300    0.0008803200
  -0.0191949500    0.0299458500    0.0023862500
  -0.0181590200    0.0288473500   -0.0004942100
  -0.0189907100    0.0308644400    0.0011856200
  -0.0192267800    0.0299168900   -0.0031032600
  -0.0192373500    0.0253586300   -0.0021295900
  -0.0200824200    0.0301376400   -0.0007014000
  -0.0194752500    0.0298141700   -0.0030446900
  -0.0193795500    0.0254599100   -0.0021332000
  -0.0200388900    0.0301090400   -0.0006828100
  -0.0194673500    0.0298888400   -0.0030147500
  -0.0193574100    0.0254974200   -0.0020738400
  -0.0200799800    0.0301823700   -0.0007067400
  -0.0194161700   -0.0307680100   -0.0029631100
  -0.0191261200   -0.0299725600    0.0024480100
  -0.0183266100   -0.0286828700   -0.0012367100
  -0.0189169900   -0.0308155300    0.0009077900
  -0.0192354500   -0.0299697000    0.0022736100
  -0.0182289300   -0.0287948300   -0.0002834900
  -0.0189360900   -0.0308213800    0.0007731300
  -0.0191693500   -0.0300316000    0.0023445600
  -0.0182368300   -0.0288136300   -0.0005698700
  -0.0216896900   -0.0300906800   -0.0014549300
  -0.0193873500   -0.0299597200   -0.0030409300
  -0.0193945700   -0.0254062400   -0.0020432400
  -0.0200756400   -0.0301772800   -0.0006631600
  -0.0194943700   -0.0299326700   -0.0030389000
  -0.0192155700   -0.0254785300   -0.0020366000
  -0.0199946400   -0.0301847100   -0.0006816600
  -0.0194380300   -0.0300504000   -0.0030284100
  -0.0194547700   -0.0254509900   -0.0020724600
   0.0183431600    0.0288623800    0.0016747700
   0.0194588400    0.0301352100    0.0058201000
   0.0189928100    0.0308513700    0.0009966200
   0.0181837700    0.0288816100    0.0006598800
   0.0191910200    0.0299826100    0.0019694800
   0.0189747000    0.0308581500    0.0009912800
   0.0182378600    0.0287646300   -0.0001753100
   0.0191244400    0.0299574800    0.0026223500
   0.0189152900    0.0308194900    0.0010118400
   0.0193762500    0.0254746700   -0.0021433000
   0.0210013200    0.0295734900   -0.0029909100
   0.0200355200    0.0301388800   -0.0006778400
   0.0192022200    0.0255151200   -0.0021819700
   0.0194125800    0.0300779000   -0.0030217200
   0.0200758500    0.0301659300   -0.0006771500
   0.0194238000    0.0254513100   -0.0020884600
   0.0193974500    0.0299658800   -0.0030517400
   0.0199965600    0.0301265100   -0.0006833900
   0.0021335200   -0.0029332000    0.0879491700
  -0.0009261400   -0.0065082700    0.0005954800
   0.0030362000   -0.0071450600   -0.0041926800
   0.0034865100   -0.0070631500   -0.0030030300
  -0.0008199500   -0.0065990100    0.0008460100
   0.0029403000   -0.0071251700   -0.0044406700
   0.0035181200   -0.0070959800   -0.0030025900
  -0.0008010600   -0.0066825500    0.0003480300
   0.0029492700   -0.0071506300   -0.0039421300
   0.0038780400   -0.0076252600    0.0030959400
  -0.0001016300   -0.0075332300    0.0037149500
   0.0001243100   -0.0059590500    0.0037000500
   0.0042696800   -0.0081288600    0.0032692700
  -0.0000674700   -0.0074830900    0.0037512800
   0.0000694800   -0.0058364400    0.0037210200
   0.0043074600   -0.0081474700    0.0032696100
  -0.0000056800   -0.0075736800    0.0037362300
   0.0000141800   -0.0059610300    0.0037360100
  -0.0031593100    0.0070596100   -0.0061175700
   0.0007645500    0.0068979600    0.0025519100
  -0.0034212800    0.0070322600   -0.0028143300
  -0.0024602200    0.0065088500   -0.0305564500
   0.0008816100    0.0065974000    0.0012102600
  -0.0034555700    0.0070482600   -0.0027990300
  -0.0030072100    0.0071396600   -0.0042746700
   0.0008446000    0.0065656000    0.0007145900
  -0.0034672100    0.0069718400   -0.0025147700
  -0.0002091000    0.0060145000    0.0036920900
   0.0000260200    0.0078047900    0.0037412200
  -0.0042540900    0.0080989600    0.0033018100
  -0.0002567600    0.0061308900    0.0036035300
   0.0001117200    0.0075100900    0.0036642800
  -0.0042762700    0.0081237500    0.0032842800
  -0.0001160800    0.0059700600    0.0037111600
   0.0000824900    0.0074670500    0.0037227000
  -0.0042763900    0.0080689400    0.0032481400
  -0.0029638000   -0.0062101500    0.0037181200
  -0.0030023700   -0.0071401200   -0.0036259800
   0.0008565700   -0.0067545900    0.0004737000
  -0.0035301300   -0.0070382900   -0.0028405000
  -0.0030513400   -0.0071670000   -0.0041457100
   0.0009647100   -0.0065692800    0.0001595800
  -0.0035010100   -0.0069734400   -0.0028398100
  -0.0030729400   -0.0070789200   -0.0041443800
   0.0008835400   -0.0066538600    0.0001594100
  -0.0035759800   -0.0075418800    0.0036224000
  -0.0001283800   -0.0058946300    0.0036712500
   0.0000442400   -0.0075560500    0.0037455500
  -0.0042861100   -0.0081215100    0.0032861200
  -0.0001540600   -0.0059790000    0.0037006200
   0.0001024600   -0.0074623600    0.0037860000
  -0.0042637900   -0.0080273600    0.0032856500
  -0.0001653100   -0.0058900000    0.0036996000
   0.0001745900   -0.0075038000    0.0037847000
  -0.0008431700    0.0064277300    0.0022199500
   0.0032489300    0.0072007200   -0.0025651900
   0.0034850100    0.0069993500   -0.0030826300
  -0.0007646000    0.0069330200    0.0000790500
   0.0028923400    0.0069836500   -0.0047071400
   0.0034970800    0.0070565100   -0.0030560600
  -0.0008728200    0.0066713900    0.0009625900
   0.0030132800    0.0070985200   -0.0038255800
   0.0034796000    0.0070788900   -0.0026449600
  -0.0001128800    0.0074103100    0.0036437000
   0.0000383500    0.0060322700    0.0036265200
   0.0042742800    0.0080892300    0.0032673500
   0.0000461800    0.0074358800    0.0037566600
  -0.0000068200    0.0057638000    0.0037389200
   0.0042579400    0.0081033000    0.0032728300
  -0.0000790400    0.0075236800    0.0037262100
   0.0001188700    0.0058946200    0.0037115600
   0.0042945500    0.0081724500    0.0032526600
  -0.0137380300    0.0268904900   -0.0502679300
  -0.0021328900    0.0066795700   -0.0203434000
   0.0024303900    0.0065889200   -0.0204229500
  -0.0000392000    0.0086201600   -0.0168161200
  -0.0024468200    0.0067508500   -0.0202723500
   0.0019950600    0.0064757900   -0.0199279900
  -0.0001076100    0.0086989200   -0.0168172600
  -0.0024472600    0.0067238300   -0.0201370500
   0.0023024900    0.0068733100   -0.0201233600
   0.0004272500    0.0057397600    0.0096410800
  -0.0031664700    0.0067789200    0.0035382400
   0.0031960900    0.0067533900    0.0034616500
  -0.0000015500    0.0066020300    0.0099831800
  -0.0031891600    0.0067418100    0.0034677700
   0.0031667400    0.0067762900    0.0034667300
  -0.0000215800    0.0066107200    0.0100059900
  -0.0031605300    0.0067037900    0.0034777300
   0.0031561700    0.0067433800    0.0034493700
   0.0005217300   -0.0078186900   -0.0103832300
   0.0014573600   -0.0053859200   -0.0106086200
  -0.0000892200   -0.0078169100   -0.0047346200
  -0.0034242400   -0.0034219000   -0.0093859800
   0.0007411100   -0.0060101900   -0.0100124600
  -0.0000840500   -0.0077584200   -0.0047220900
  -0.0009276400   -0.0061631300   -0.0099358900
   0.0011515700   -0.0060707700   -0.0099361100
  -0.0000041700   -0.0076604200   -0.0048662900
  -0.0011500400   -0.0094675400    0.0161677800
   0.0011599300   -0.0088428600    0.0165401100
  -0.0000339800   -0.0113431500    0.0181840800
  -0.0009292500   -0.0096913700    0.0168377200
   0.0014195900   -0.0093211400    0.0160714500
   0.0000062800   -0.0113488600    0.0181998200
  -0.0013677600   -0.0092583400    0.0160533900
   0.0013756600   -0.0092375700    0.0159905800
   0.0000195700   -0.0113817300    0.0182288300
   0.0138709200   -0.0121628500   -0.0430294300
  -0.0012550200    0.0061571400   -0.0100265000
   0.0009420900    0.0061614200   -0.0098657900
   0.0000058100    0.0077877400   -0.0047277000
  -0.0009815700    0.0060174700   -0.0098006600
   0.0014237800    0.0063401400   -0.0097575700
   0.0001032900    0.0077028900   -0.0047400000
  -0.0009434800    0.0060220300   -0.0097694200
   0.0010852200    0.0059143700   -0.0097293500
  -0.0021381400    0.0138633600    0.0157784300
  -0.0013456400    0.0093015700    0.0159648200
   0.0013872500    0.0092568600    0.0161142000
   0.0000081100    0.0113212800    0.0182130100
  -0.0013481400    0.0092417700    0.0160299900
   0.0013206000    0.0092740000    0.0158058100
  -0.0000283900    0.0113515300    0.0182030800
  -0.0013600800    0.0091943400    0.0160050100
   0.0013750200    0.0092061300    0.0159840600
  -0.0039984200   -0.0049387000   -0.0208645900
   0.0022990500   -0.0076677900   -0.0215082200
   0.0000695600   -0.0086143600   -0.0167512400
  -0.0000700700   -0.0093788600   -0.0205408300
   0.0025840200   -0.0069017500   -0.0205960900
   0.0000681600   -0.0086689600   -0.0167843400
  -0.0024811900   -0.0066684700   -0.0204345700
   0.0022327100   -0.0067238400   -0.0203418400
   0.0000075600   -0.0087610000   -0.0169907700
  -0.0031108500   -0.0068661000    0.0035399500
   0.0029766700   -0.0064117700    0.0035027900
  -0.0000008500   -0.0066357100    0.0099904600
  -0.0030440500   -0.0069243200    0.0035105500
   0.0031498600   -0.0068036000    0.0035626700
  -0.0000041200   -0.0066079300    0.0099841200
  -0.0031738800   -0.0067578700    0.0034742700
   0.0031809500   -0.0067574600    0.0035075900
   0.0000159700   -0.0066276900    0.0100161700
   0.0009148500   -0.0291498400    0.0049097800
  -0.0010249900   -0.0299712600   -0.0018940600
   0.0000163100   -0.0329998600    0.0006157800
   0.0009262600   -0.0297780800    0.0021123400
  -0.0010407300   -0.0297503400    0.0007221700
  -0.0000180100   -0.0330240800    0.0004732900
   0.0010011200   -0.0297134900    0.0004716600
  -0.0009704800   -0.0296674500    0.0003076600
   0.0000306900   -0.0330314400    0.0004671000
  -0.0040351600   -0.0254740100    0.0051362600
   0.0036553800   -0.0266923700    0.0051574600
   0.0000382400   -0.0306623200   -0.0018626800
  -0.0039085800   -0.0256624600    0.0050863000
   0.0039136700   -0.0258228800    0.0051303800
  -0.0000410300   -0.0307088200   -0.0018331700
  -0.0039459200   -0.0258197400    0.0051855100
   0.0039685100   -0.0257380400    0.0051550300
   0.0000346400   -0.0307002200   -0.0018398000
   0.0000041300    0.0325657600    0.0028000700
   0.0008536700    0.0296159800    0.0003807700
  -0.0010494500    0.0297488100    0.0005887000
  -0.0000327600    0.0330006800    0.0003279200
   0.0010052200    0.0297449800    0.0001809100
  -0.0009975700    0.0296220800    0.0007152600
  -0.0000200500    0.0329888300    0.0005414600
   0.0010167200    0.0296392000    0.0002882900
  -0.0009310500    0.0297279300    0.0001390100
   0.0002370800    0.0316249200   -0.0021687600
  -0.0040731700    0.0256442000    0.0051688100
   0.0039423300    0.0258108500    0.0051539900
  -0.0000059900    0.0307066900   -0.0018562900
  -0.0039563700    0.0258026000    0.0051920500
   0.0038828600    0.0256563600    0.0051597500
  -0.0000345000    0.0306709700   -0.0018531800
  -0.0038782100    0.0257335900    0.0051795700
   0.0039879500    0.0257969800    0.0051657300
  -0.0000058600   -0.0035560600   -0.0021260500
  -0.0000933700   -0.0036251400   -0.0021423400
  -0.0000112300   -0.0037004500   -0.0022231500
  -0.0001195600   -0.0036012000   -0.0021016600
   0.0000196500   -0.0036439800   -0.0021741200
  -0.0000039800   -0.0037051900   -0.0022241100
  -0.0000083000   -0.0036907800   -0.0021834800
   0.0000018500   -0.0036895900   -0.0021804400
  -0.0000052100   -0.0037034200   -0.0022217800
   0.0038792400   -0.0012868100   -0.0029658500
  -0.0000282400    0.0036812800   -0.0021674200
  -0.0000194000    0.0036770700   -0.0021847300
  -0.0000096000    0.0036844500   -0.0022244100
  -0.0000163100    0.0036821800   -0.0021880300
  -0.0000020600    0.0036794600   -0.0021776000
  -0.0000173000    0.0036736400   -0.0022163400
  -0.0000132000    0.0036702400   -0.0021868100
   0.0000099800    0.0037056000   -0.0021906500
  -0.0000638900   -0.0035949300    0.0028631700
   0.0001891600   -0.0038078100    0.0029206800
  -0.0000073600   -0.0036023600    0.0029039700
  -0.0001159700   -0.0035713400    0.0028687900
   0.0000212000   -0.0036642500    0.0028756600
  -0.0000012400   -0.0036058700    0.0029065000
  -0.0000436300   -0.0036566100    0.0028813800
   0.0000307100   -0.0036534900    0.0028747400
  -0.0000034300   -0.0036028000    0.0029061500
  -0.0002652800    0.0039949100    0.0028744700
  -0.0000387600    0.0036374300    0.0028718700
   0.0000305500    0.0036380100    0.0028810900
  -0.0000054000    0.0035968500    0.0029069500
  -0.0000517900    0.0036429100    0.0028794300
   0.0000475600    0.0036329300    0.0028722500
   0.0000049900    0.0035875600    0.0029031100
  -0.0000341300    0.0036322700    0.0028762600
   0.0000373500    0.0036607000    0.0028803000

145  
  0.0067865028774124   0.0073446156260810   0.0000000000000000
   0.0249637800   -0.0240889500    0.0124531100
   0.0175016000   -0.0284756000    0.0005882800
   0.0200120600   -0.0295826500    0.0023408600
   0.0190360000   -0.0309866700    0.0010928800
   0.0181530600   -0.0287780000   -0.0006677100
   0.0190832500   -0.0298900000    0.0026036900
   0.0190862300   -0.0307175200    0.0010359200
   0.0181452800   -0.0289433700   -0.0003252400
   0.0191642900   -0.0297752200    0.0024464400
   0.0257020600   -0.0274929300   -0.0050860500
   0.0192662700   -0.0254954300   -0.0020740700
   0.0193493300   -0.0298297100   -0.0030967800
   0.0200120400   -0.0302107600   -0.0006914000
   0.0193038000   -0.0255138400   -0.0022367600
   0.0194488000   -0.0299199900   -0.0030524500
   0.0200373800   -0.0302549900   -0.0007170300
   0.0193927500   -0.0254599400   -0.0021064800
   0.0195652900   -0.0300216800   -0.0030880900
  -0.0104237000    0.0380749400    0.0118039100
  -0.0204090900    0.0285034500   -0.0027823600
  -0.0181376800    0.0310066800    0.0010127800
  -0.0195275500    0.0296596800    0.0029248900
  -0.0177136700    0.0296569700    0.0001005200
  -0.0190322600    0.0308570500    0.0009187900
  -0.0191515000    0.0299688900    0.0023985700
  -0.0181881700    0.0288912300   -0.0006187000
  -0.0190668700    0.0308198200    0.0009774400
  -0.0233292900    0.0280586000   -0.0030656300
  -0.0188103900    0.0253546000   -0.0023040200
  -0.0200284400    0.0301846200   -0.0006999500
  -0.0193559300    0.0299701300   -0.0030901800
  -0.0196385800    0.0251536700   -0.0018244100
  -0.0200157200    0.0301881400   -0.0007182100
  -0.0194759700    0.0298853600   -0.0030555300
  -0.0193688300    0.0254837600   -0.0021120700
  -0.0201307000    0.0301176500   -0.0007168900
  -0.0107391700   -0.0254701800   -0.0019854200
  -0.0193442100   -0.0300359500    0.0021927300
  -0.0201666500   -0.0278578400   -0.0004558000
  -0.0188582100   -0.0312293600    0.0008078100
  -0.0190461200   -0.0299001200    0.0024358500
  -0.0182490700   -0.0288203500   -0.0005696100
  -0.0190340600   -0.0308650400    0.0008437400
  -0.0192127300   -0.0299543700    0.0025628800
  -0.0182132900   -0.0289223300   -0.0004458300
  -0.0195958100   -0.0317155400    0.0013770300
  -0.0193983200   -0.0299541800   -0.0030965900
  -0.0193434300   -0.0255805600   -0.0020684500
  -0.0200856500   -0.0301083800   -0.0007174300
  -0.0194194700   -0.0299826600   -0.0030508400
  -0.0194529300   -0.0254689900   -0.0020975700
  -0.0200190200   -0.0301543000   -0.0006935400
  -0.0194554200   -0.0299570600   -0.0030872600
  -0.0193937700   -0.0254052700   -0.0021174600
   0.0178652400    0.0278588500   -0.0005466000
   0.0175728100    0.0322124600    0.0077589100
   0.0186647400    0.0311612800    0.0012926600
   0.0180173200    0.0286220800   -0.0004032100
   0.0195900400    0.0283306200    0.0025057400
   0.0189082900    0.0308500100    0.0009718200
   0.0182585500    0.0287731200   -0.0004419600
   0.0191891200    0.0299381000    0.0025611800
   0.0190781200    0.0308641200    0.0007268600
   0.0193443400    0.0261912900   -0.0024993000
   0.0201557100    0.0290630700   -0.0031401800
   0.0200737000    0.0301303600   -0.0006934100
   0.0193647100    0.0253769300   -0.0020756900
   0.0193528700    0.0304438300   -0.0030338700
   0.0200202900    0.0301856400   -0.0006994900
   0.0193520200    0.0254612500   -0.0021108500
   0.0193494500    0.0299657200   -0.0030688900
   0.0200474500    0.0301594200   -0.0006909300
   0.0037892600   -0.0026379000   -0.0070684300
  -0.0004317400   -0.0064803200    0.0008109500
   0.0031618700   -0.0072797700   -0.0041068200
   0.0035237700   -0.0070541700   -0.0028724900
  -0.0009092500   -0.0066576300    0.0006793300
   0.0030198600   -0.0072005800   -0.0039249000
   0.0037049100   -0.0075872600   -0.0028684800
  -0.0010977100   -0.0067263700    0.0011839700
   0.0030440500   -0.0071628900   -0.0039478400
   0.0026220600   -0.0093741900    0.0036631200
  -0.0000530900   -0.0074372800    0.0037063700
   0.0001053200   -0.0059912400    0.0037433300
   0.0042565400   -0.0080880300    0.0032398200
  -0.0001137900   -0.0074674800    0.0036630000
   0.0000945400   -0.0059493400    0.0036551400
   0.0042423900   -0.0079842200    0.0032418400
  -0.0000778900   -0.0075337700    0.0036738000
   0.0001713200   -0.0059111500    0.0036971700
  -0.0031881700    0.0058503200   -0.0038257500
   0.0011604900    0.0069020500    0.0000768800
  -0.0036691500    0.0070459500   -0.0028252200
  -0.0021867100    0.0072399200   -0.0043954800
  -0.0003893200    0.0065669900    0.0008456500
  -0.0034658600    0.0071503800   -0.0028675300
  -0.0030558500    0.0071590000   -0.0040605500
   0.0008871900    0.0065373800    0.0007334600
  -0.0035046100    0.0070754600   -0.0029721300
   0.0005501300    0.0065536000    0.0036701500
   0.0001692000    0.0074245100    0.0035370200
  -0.0042740400    0.0080512900    0.0032635900
  -0.0000068900    0.0061192800    0.0036866600
   0.0005453300    0.0076582200    0.0037041500
  -0.0042377000    0.0080455100    0.0032405600
  -0.0001200500    0.0059966200    0.0036677000
   0.0000723000    0.0074858500    0.0036777900
  -0.0043006200    0.0081841400    0.0032547800
   0.0152183800    0.0129301100   -0.0271454600
  -0.0024749900   -0.0070907600   -0.0038367900
   0.0008390400   -0.0065568600    0.0009534600
  -0.0034556700   -0.0070769800   -0.0030157500
  -0.0030117400   -0.0071212000   -0.0040914400
   0.0008726900   -0.0066710700    0.0006616100
  -0.0034470500   -0.0070770800   -0.0029108200
  -0.0030505100   -0.0072343500   -0.0041061700
   0.0006920400   -0.0068376400    0.0007326400
  -0.0012688200   -0.0047252200    0.0064619500
  -0.0001820600   -0.0059064400    0.0036920100
   0.0000482300   -0.0076532500    0.0036896800
  -0.0042456300   -0.0081353500    0.0032749400
  -0.0000787600   -0.0058659600    0.0036232400
   0.0001037900   -0.0075192100    0.0036612200
  -0.0042933800   -0.0081729700    0.0032262400
  -0.0001280500   -0.0059364100    0.0036480600
  -0.0000168100   -0.0076074100    0.0037536800
   0.0007137600    0.0076689400    0.0001054700
   0.0022113700    0.0055535600   -0.0015320600
   0.0032502900    0.0070995300   -0.0029247700
  -0.0012061400    0.0066696500    0.0004816100
   0.0055161800    0.0095337800   -0.0074763800
   0.0033871700    0.0068571300   -0.0029643100
  -0.0008763100    0.0066637100    0.0008495700
   0.0030393200    0.0071813800   -0.0038519200
   0.0034453600    0.0070171900   -0.0029894000
  -0.0006332300    0.0069212900    0.0032098000
   0.0001143300    0.0067401800    0.0039910600
   0.0042822300    0.0081169300    0.0032238300
  -0.0000271600    0.0076309900    0.0037689100
  -0.0010361700    0.0046338400    0.0042833300
   0.0042430400    0.0080899500    0.0032542200
  -0.0000910900    0.0075341600    0.0036778800
   0.0001262100    0.0059101900    0.0036886300
   0.0042841100    0.0081436400    0.0032888200
  -0.0639204300   -0.0552691300    0.0044156900
  -0.0025878100    0.0068246800   -0.0205180200
   0.0025846000    0.0063394600   -0.0206834400
  -0.0002493300    0.0087563300   -0.0167965800
  -0.0022295900    0.0067886100   -0.0202703200
   0.0022350100    0.0067322300   -0.0204787000
  -0.0002484600    0.0087574500   -0.0168629100
  -0.0023556100    0.0066806800   -0.0205705700
   0.0023625600    0.0068489200   -0.0204742200
  -0.0029358600    0.0034665600    0.0104363100
  -0.0031990300    0.0067901200    0.0034507700
   0.0031384700    0.0068658300    0.0034816500
   0.0000344000    0.0065877200    0.0099630500
  -0.0032143700    0.0066987200    0.0035076800
   0.0031723400    0.0067144100    0.0034742900
   0.0000362900    0.0065552600    0.0099678600
  -0.0032194700    0.0067319200    0.0034825900
   0.0031490500    0.0067424400    0.0034382800
  -0.0022013600   -0.0067397100   -0.0107270400
   0.0036218600   -0.0034201100   -0.0094271900
   0.0000429900   -0.0078654800   -0.0048616000
  -0.0010995400   -0.0059921100   -0.0100228500
   0.0008453000   -0.0061999600   -0.0098950300
   0.0000226000   -0.0077801600   -0.0047701700
  -0.0010231600   -0.0060251000   -0.0099188700
   0.0011325300   -0.0059802300   -0.0099303300
  -0.0000465100   -0.0077959500   -0.0047164700
   0.0008398200   -0.0067501100    0.0172341500
   0.0003817200   -0.0096813900    0.0161765800
  -0.0000572400   -0.0113277600    0.0181775500
  -0.0014901500   -0.0093627300    0.0159657600
   0.0020339100   -0.0086438100    0.0154405500
  -0.0000149300   -0.0113278000    0.0181068300
  -0.0013527500   -0.0092959800    0.0160525100
   0.0014196100   -0.0092827200    0.0159945100
   0.0000161600   -0.0113671800    0.0182063500
   0.0067523200    0.0159148200   -0.0032477100
  -0.0012540000    0.0058894300   -0.0099646200
   0.0010509200    0.0056690500   -0.0096783000
   0.0000319900    0.0078505300   -0.0048333200
  -0.0010319900    0.0061679600   -0.0098592700
   0.0011746900    0.0061646600   -0.0099699900
   0.0000175100    0.0077674700   -0.0046948500
  -0.0009870300    0.0062117500   -0.0100553600
   0.0011472800    0.0061384100   -0.0099904700
   0.0088334700    0.0212872800    0.0183151700
  -0.0013060100    0.0092775200    0.0160000600
   0.0013092400    0.0094093200    0.0160619400
   0.0001017800    0.0112842600    0.0181568000
  -0.0014203200    0.0092483300    0.0158746200
   0.0013953400    0.0092429200    0.0160094200
   0.0001017500    0.0112836500    0.0181699100
  -0.0013968300    0.0092732600    0.0160799200
   0.0013732000    0.0092223000    0.0161850900
  -0.0044404900   -0.0093144600   -0.0209474100
   0.0018694700   -0.0077821500   -0.0201665900
   0.0000945100   -0.0087012900   -0.0169015900
  -0.0020305000   -0.0063046400   -0.0203341700
   0.0017119200   -0.0071427700   -0.0209709800
   0.0000642500   -0.0086484300   -0.0168753700
  -0.0024200900   -0.0067326700   -0.0204566300
   0.0022079700   -0.0067500200   -0.0204088700
   0.0000724700   -0.0085843900   -0.0168469800
  -0.0020360800   -0.0057188800    0.0033531400
   0.0024610300   -0.0072897400    0.0034933200
  -0.0000166600   -0.0065847200    0.0099542200
  -0.0032796800   -0.0069068200    0.0034701700
   0.0035411400   -0.0063817600    0.0035091200
  -0.0000280600   -0.0066102500    0.0099853900
  -0.0031522800   -0.0067609300    0.0034691200
   0.0031778000   -0.0067504500    0.0034718500
  -0.0000092000   -0.0066327700    0.0099479800
   0.0024110000   -0.0244112900    0.0020234800
   0.0001661100   -0.0304652200   -0.0056863600
  -0.0005457800   -0.0331376000    0.0004160100
   0.0011704100   -0.0296213600    0.0002437000
  -0.0002749500   -0.0291029500    0.0008208100
  -0.0000644100   -0.0329402800    0.0004980000
   0.0009294000   -0.0297608200    0.0003738300
  -0.0009030300   -0.0297643500    0.0002739600
  -0.0000341300   -0.0330639200    0.0005151300
  -0.0040952900   -0.0281340200    0.0049049100
   0.0035942900   -0.0251054300    0.0048542300
  -0.0000172800   -0.0306654000   -0.0018528300
  -0.0039434600   -0.0257073800    0.0050326200
   0.0038502700   -0.0259538600    0.0053782000
  -0.0000238400   -0.0306661600   -0.0018784400
  -0.0039523100   -0.0257571300    0.0051657200
   0.0039663800   -0.0257399500    0.0051457400
  -0.0000052400   -0.0307416800   -0.0018619100
   0.0050963900    0.0277520300   -0.0042596200
   0.0020676900    0.0297604500    0.0001584800
  -0.0013457400    0.0299973500    0.0001825100
   0.0000985600    0.0330449900    0.0004750300
   0.0008288300    0.0296721900    0.0002992200
  -0.0009507400    0.0295922700    0.0005275400
   0.0000151400    0.0330684800    0.0003456600
   0.0009024300    0.0297178000    0.0005017800
  -0.0008031500    0.0297992000    0.0003896900
   0.0003140000    0.0347128900   -0.0052093400
  -0.0039937400    0.0257240900    0.0051522100
   0.0039958700    0.0256743600    0.0051634300
  -0.0000219600    0.0307046000   -0.0018742000
  -0.0039147500    0.0257370300    0.0051356800
   0.0039824000    0.0257666900    0.0051690700
  -0.0000145200    0.0306875000   -0.0018402600
  -0.0039647100    0.0257877300    0.0051548200
   0.0038692000    0.0258544100    0.0051248900
   0.0010347700   -0.0027825400   -0.0019945500
  -0.0004408200   -0.0039916600   -0.0022590000
  -0.0000101500   -0.0036997100   -0.0022591400
  -0.0000527700   -0.0037855600   -0.0022322700
   0.0003009200   -0.0033041700   -0.0022428200
  -0.0000091100   -0.0036844200   -0.0022577000
  -0.0000040200   -0.0036899000   -0.0022239400
   0.0000130800   -0.0036944400   -0.0022189500
  -0.0000006100   -0.0037016000   -0.0022621900
  -0.0023115600    0.0007671500   -0.0017980300
  -0.0000072300    0.0037179100   -0.0022198400
  -0.0000058500    0.0037377500   -0.0022641200
   0.0000294800    0.0037058400   -0.0022515900
  -0.0000070900    0.0036736800   -0.0022193400
  -0.0000000800    0.0036567000   -0.0022137800
   0.0000161000    0.0037147100   -0.0022791100
  -0.0000256200    0.0036677700   -0.0022161500
   0.0000121300    0.0037030600   -0.0022255600
  -0.0007120800   -0.0043258400    0.0028876100
   0.0002941000   -0.0034988000    0.0028271500
   0.0000068500   -0.0036078800    0.0028738500
  -0.0000087900   -0.0035949200    0.0028411500
  -0.0001714900   -0.0038922000    0.0028590200
  -0.0000015800   -0.0036060200    0.0028744400
  -0.0000511000   -0.0036415300    0.0028466200
   0.0000236100   -0.0036430500    0.0028466200
  -0.0000142300   -0.0036025800    0.0028789600
   0.0010163700    0.0047383800    0.0030133600
  -0.0000658000    0.0036301700    0.0028431300
   0.0000208400    0.0036036500    0.0028415300
  -0.0000266900    0.0035982200    0.0028746900
  -0.0000363200    0.0036542500    0.0028469400
   0.0000316100    0.0036533200    0.0028484000
  -0.0000247700    0.0036057500    0.0028712300
  -0.0000352600    0.0036459500    0.0028490200
   0.0000308900    0.0036430500    0.0028452900

145  
 -0.0067865028774124  -0.0073446156260810   0.0000000000000000
   0.0118264500   -0.0378939400   -0.0117709200
   0.0188968400   -0.0291336400   -0.0014788900
   0.0183011100   -0.0303164800    0.0026215700
   0.0189151500   -0.0306842700    0.0007465700
   0.0182630200   -0.0288393800   -0.0002687500
   0.0192215800   -0.0300061900    0.0023602100
   0.0188722700   -0.0309464400    0.0008017000
   0.0182462800   -0.0286750200   -0.0005750700
   0.0191629200   -0.0301190300    0.0025103000
   0.0141355800   -0.0327838100    0.0036417800
   0.0195237800   -0.0254528900   -0.0021424800
   0.0195231900   -0.0300486300   -0.0030119500
   0.0200522500   -0.0301140900   -0.0007285900
   0.0194983100   -0.0254243900   -0.0019666900
   0.0194163200   -0.0299564700   -0.0030546500
   0.0200320300   -0.0300653100   -0.0007012500
   0.0193802400   -0.0254737900   -0.0021065000
   0.0193233200   -0.0298528000   -0.0030190100
  -0.0279028300    0.0216910300   -0.0068899700
  -0.0160109700    0.0290563300    0.0018673100
  -0.0198399900    0.0306538100    0.0008232000
  -0.0187881500    0.0302282500    0.0020445600
  -0.0187077800    0.0279340200   -0.0009484800
  -0.0189146600    0.0308053800    0.0009192300
  -0.0191634600    0.0299153900    0.0025677300
  -0.0182105900    0.0287195300   -0.0002821300
  -0.0189038700    0.0308505100    0.0008632000
  -0.0155005000    0.0317983300   -0.0030488500
  -0.0199774000    0.0255614700   -0.0019136800
  -0.0200540200    0.0301312600   -0.0007192700
  -0.0195217100    0.0298809000   -0.0030190700
  -0.0191660300    0.0257632000   -0.0024017700
  -0.0200456400    0.0301281000   -0.0007001100
  -0.0194008300    0.0299782600   -0.0030539800
  -0.0194091900    0.0254469400   -0.0021005000
  -0.0199542000    0.0302040800   -0.0007035400
  -0.0269290200   -0.0364595400    0.0036505200
  -0.0189737500   -0.0298609200    0.0027662900
  -0.0162326800   -0.0297549100   -0.0004461200
  -0.0191048300   -0.0304427500    0.0010269200
  -0.0192722300   -0.0299913000    0.0025337400
  -0.0181620100   -0.0287974400   -0.0003303200
  -0.0189300600   -0.0307966800    0.0009932800
  -0.0190962000   -0.0299495800    0.0023979800
  -0.0181926000   -0.0286924600   -0.0004563700
  -0.0204987800   -0.0286906100   -0.0028008600
  -0.0194780900   -0.0299225700   -0.0030107500
  -0.0194657600   -0.0253528900   -0.0021452500
  -0.0199859600   -0.0302170100   -0.0007002300
  -0.0194611800   -0.0298870100   -0.0030596800
  -0.0193399900   -0.0254703300   -0.0021177500
  -0.0200574300   -0.0301638900   -0.0007245300
  -0.0194161700   -0.0299302500   -0.0030200200
  -0.0193936100   -0.0255279500   -0.0020948000
   0.0185611000    0.0297428600   -0.0003353200
   0.0207095500    0.0276669800   -0.0026590800
   0.0193020600    0.0305048300    0.0005497600
   0.0183983500    0.0289784200   -0.0004995100
   0.0187242300    0.0315527200    0.0024815600
   0.0190430700    0.0308157400    0.0008655100
   0.0181417500    0.0288423100   -0.0004575000
   0.0191198600    0.0299495700    0.0024046600
   0.0188656100    0.0307933500    0.0011093200
   0.0194546800    0.0247258400   -0.0017226200
   0.0188116200    0.0307599700   -0.0029745400
   0.0200027700    0.0301903400   -0.0007263900
   0.0194304800    0.0255538100   -0.0021338100
   0.0195198100    0.0294221600   -0.0030796800
   0.0200433700    0.0301341700   -0.0007191900
   0.0194271400    0.0254723900   -0.0021027700
   0.0195225700    0.0299018100   -0.0030407100
   0.0200094900    0.0301491500   -0.0007284700
   0.0030869100   -0.0114800900    0.0012151100
  -0.0012825600   -0.0067642800    0.0007601500
   0.0028855800   -0.0070170700   -0.0039001300
   0.0034187200   -0.0070250000   -0.0029585600
  -0.0008040000   -0.0065807900    0.0008784800
   0.0030135900   -0.0070801700   -0.0040821700
   0.0032497200   -0.0064962900   -0.0029670900
  -0.0006146000   -0.0065299200    0.0003847400
   0.0030016100   -0.0071250100   -0.0040623000
   0.0058764800   -0.0068250800    0.0028676100
  -0.0001262300   -0.0075828100    0.0036839200
   0.0001223600   -0.0058835700    0.0036193700
   0.0042862500   -0.0081412400    0.0032694000
  -0.0000585600   -0.0075500200    0.0037322700
   0.0001167700   -0.0059110000    0.0037089900
   0.0043105300   -0.0082515000    0.0032690800
  -0.0000864800   -0.0074946600    0.0037166000
   0.0000534600   -0.0059567800    0.0036650900
  -0.0028772300    0.0083975200   -0.0041775100
   0.0005388900    0.0063820300    0.0014913200
  -0.0032761400    0.0070304000   -0.0030123200
  -0.0038793200    0.0070629000   -0.0035788200
   0.0021011300    0.0066763400    0.0007420200
  -0.0034907000    0.0069250200   -0.0029695700
  -0.0029921800    0.0071219500   -0.0039450900
   0.0008252600    0.0066955500    0.0008382200
  -0.0034386000    0.0069897000   -0.0028569800
  -0.0007978400    0.0052700000    0.0036860400
  -0.0000069200    0.0076194800    0.0038635300
  -0.0042743500    0.0081731500    0.0032484300
  -0.0002587700    0.0058022600    0.0036731200
  -0.0003734200    0.0073532300    0.0036823500
  -0.0043185400    0.0081798200    0.0032717800
  -0.0001045200    0.0058650300    0.0036954900
   0.0000984300    0.0075226000    0.0037149000
  -0.0042442800    0.0080319500    0.0032544000
  -0.0213239900   -0.0258105900    0.0197633800
  -0.0035775400   -0.0072036900   -0.0041683400
   0.0008731700   -0.0066861900    0.0006161700
  -0.0034929300   -0.0070013100   -0.0028225300
  -0.0030413000   -0.0071781900   -0.0039263900
   0.0008446500   -0.0065658400    0.0009082700
  -0.0035106500   -0.0070040500   -0.0029221400
  -0.0029990200   -0.0070465800   -0.0038998300
   0.0010071700   -0.0064316600    0.0008133800
  -0.0072192700   -0.0113799700    0.0000120700
  -0.0000485600   -0.0059665900    0.0036718400
   0.0001216600   -0.0073663000    0.0037014400
  -0.0043046800   -0.0080933600    0.0032390800
  -0.0001534800   -0.0060124000    0.0037423400
   0.0000730500   -0.0074953700    0.0037299400
  -0.0042616800   -0.0080570300    0.0032846900
  -0.0001032600   -0.0059238200    0.0037127300
   0.0001706500   -0.0074356000    0.0036461600
  -0.0024341400    0.0055658600    0.0015420600
   0.0038458800    0.0086880700   -0.0064541100
   0.0036907600    0.0069727500   -0.0029121100
  -0.0005087800    0.0065643700    0.0010906400
   0.0005868900    0.0048051500   -0.0004759900
   0.0035634600    0.0072201500   -0.0028692000
  -0.0008448800    0.0065678700    0.0007221800
   0.0030050500    0.0070962200   -0.0041513200
   0.0035003600    0.0070648000   -0.0028430500
   0.0004790300    0.0081108100    0.0041627400
   0.0001066900    0.0051126900    0.0033617800
   0.0042619000    0.0081031900    0.0032878200
  -0.0001349400    0.0073734100    0.0036217600
   0.0012781700    0.0072680200    0.0030617600
   0.0043069000    0.0081350200    0.0032552700
  -0.0000879200    0.0074731800    0.0037146100
   0.0000950800    0.0059486700    0.0036726700
   0.0042632800    0.0080902300    0.0032241600
   0.0648774300    0.0737060900   -0.0280241200
  -0.0020658100    0.0066308900   -0.0203584900
   0.0020580200    0.0071147700   -0.0201923800
   0.0002436800    0.0085833700   -0.0168576500
  -0.0024192200    0.0066605200   -0.0205850000
   0.0024095200    0.0067249900   -0.0203707200
   0.0002445800    0.0085842900   -0.0167953400
  -0.0022978100    0.0067813400   -0.0202764600
   0.0022896700    0.0066127100   -0.0203818600
   0.0029256200    0.0097938000    0.0091737700
  -0.0031490100    0.0067063000    0.0034808400
   0.0032087500    0.0066317200    0.0034491200
  -0.0000360300    0.0066551400    0.0099697800
  -0.0031406700    0.0067942600    0.0034203500
   0.0031742500    0.0067808100    0.0034608500
  -0.0000391900    0.0066815700    0.0099631200
  -0.0031349300    0.0067603900    0.0034519200
   0.0032007300    0.0067500900    0.0034906300
   0.0000667100   -0.0054173400   -0.0091650100
  -0.0014509600   -0.0087343100   -0.0104164200
  -0.0000452200   -0.0076192000   -0.0046376900
  -0.0010433400   -0.0061449600   -0.0098475100
   0.0012787800   -0.0059628300   -0.0100142000
  -0.0000234900   -0.0076989800   -0.0047291800
  -0.0011150700   -0.0061194000   -0.0099611100
   0.0010023700   -0.0061610600   -0.0099494100
   0.0000408700   -0.0076781800   -0.0047824400
  -0.0036047300   -0.0117581100    0.0148818400
   0.0023384500   -0.0087739700    0.0159932200
   0.0000550300   -0.0113736300    0.0181483500
  -0.0012577000   -0.0091563400    0.0160918600
   0.0007114400   -0.0098743900    0.0166295700
   0.0000125200   -0.0113750100    0.0182150400
  -0.0014079000   -0.0092116200    0.0159688300
   0.0013356000   -0.0092252000    0.0160251300
  -0.0000188200   -0.0113338600    0.0181194600
  -0.0068710600   -0.0004378100   -0.0053498600
  -0.0008859300    0.0062494100   -0.0099106800
   0.0010818300    0.0064774100   -0.0101986900
  -0.0000326500    0.0076167800   -0.0046621100
  -0.0011115700    0.0059740200   -0.0100099400
   0.0009604800    0.0059734700   -0.0099117100
  -0.0000194600    0.0076978300   -0.0047970100
  -0.0011538200    0.0059234700   -0.0098251400
   0.0009842200    0.0059953900   -0.0098808800
  -0.0087914900    0.0013678600    0.0173431500
  -0.0014550700    0.0092256100    0.0160389200
   0.0014492500    0.0090904500    0.0159804200
  -0.0001059000    0.0114108900    0.0181733000
  -0.0013427200    0.0092466000    0.0161548700
   0.0013621400    0.0092573000    0.0160069900
  -0.0001058800    0.0114099700    0.0181627300
  -0.0013659400    0.0092284000    0.0159374300
   0.0013867200    0.0092793500    0.0158445800
  -0.0001909100   -0.0041306000   -0.0200274000
   0.0027707900   -0.0056920100   -0.0208491700
  -0.0000966000   -0.0086405900   -0.0167499800
  -0.0026213500   -0.0071598900   -0.0205549000
   0.0029514000   -0.0063069800   -0.0199692300
  -0.0000673300   -0.0086998200   -0.0167709900
  -0.0022287200   -0.0067329500   -0.0203990700
   0.0024360400   -0.0067165100   -0.0204450300
  -0.0000744300   -0.0087640800   -0.0168015000
  -0.0043098200   -0.0077754400    0.0035619300
   0.0038898900   -0.0061993800    0.0033919600
   0.0000139100   -0.0066660700    0.0099828500
  -0.0030685300   -0.0065928500    0.0034487400
   0.0027927200   -0.0071350700    0.0034270500
   0.0000271800   -0.0066383600    0.0099504100
  -0.0031997800   -0.0067420400    0.0034644300
   0.0031705200   -0.0067509000    0.0034617300
   0.0000049700   -0.0066151700    0.0099876500
  -0.0005322800   -0.0350013900   -0.0012734300
  -0.0020931100   -0.0289170900    0.0064130000
   0.0005424300   -0.0328816200    0.0004740600
   0.0007578900   -0.0297881300    0.0004795900
  -0.0016558000   -0.0303090600   -0.0000589000
   0.0000574800   -0.0330727300    0.0003877400
   0.0009891100   -0.0296374800    0.0003555600
  -0.0010237100   -0.0296290700    0.0004564500
   0.0000410600   -0.0329576800    0.0003670500
  -0.0038286400   -0.0233910000    0.0053871800
   0.0043189100   -0.0265202900    0.0054432500
   0.0000154200   -0.0306799700   -0.0018889500
  -0.0039818300   -0.0258571600    0.0052708000
   0.0040605500   -0.0256197700    0.0049121900
   0.0000180300   -0.0306722000   -0.0018623300
  -0.0039713400   -0.0258000000    0.0051334600
   0.0039498100   -0.0258129800    0.0051530700
   0.0000121000   -0.0306052200   -0.0018783100
  -0.0051107500    0.0376997600    0.0046992600
  -0.0001524900    0.0296448200    0.0005726600
  -0.0005712200    0.0294134000    0.0005539900
  -0.0001055900    0.0329797900    0.0004103200
   0.0010949300    0.0297322600    0.0004287600
  -0.0009819900    0.0297991200    0.0002047600
  -0.0000187800    0.0329541100    0.0005347000
   0.0010257600    0.0296655700    0.0002285900
  -0.0011293800    0.0296060100    0.0003371400
  -0.0001983600    0.0265313600    0.0014468100
  -0.0039435000    0.0258386400    0.0051484400
   0.0039278800    0.0259007200    0.0051364500
   0.0000159900    0.0306403100   -0.0018658800
  -0.0040089900    0.0258315400    0.0051649900
   0.0039309800    0.0257889800    0.0051303500
   0.0000105000    0.0306581500   -0.0018986400
  -0.0039479300    0.0257579400    0.0051457100
   0.0040426400    0.0257129100    0.0051772300
  -0.0010406100   -0.0045785400   -0.0024283100
   0.0004311000   -0.0033574700   -0.0021659000
   0.0000071000   -0.0037059100   -0.0022481500
   0.0000411400   -0.0035874300   -0.0021921900
  -0.0002942200   -0.0040685700   -0.0021805500
   0.0000071700   -0.0037202500   -0.0022490600
  -0.0000115000   -0.0036797900   -0.0021984300
  -0.0000026500   -0.0036743300   -0.0022032500
  -0.0000025500   -0.0037040700   -0.0022450200
   0.0023354000    0.0066197700   -0.0027485800
  -0.0000082500    0.0036449000   -0.0022037000
   0.0000161200    0.0036241800   -0.0021591900
  -0.0000318500    0.0036925900   -0.0022566000
  -0.0000079800    0.0036887200   -0.0022033500
   0.0000090300    0.0037062900   -0.0022081100
  -0.0000191000    0.0036839200   -0.0022290300
   0.0000111300    0.0036938000   -0.0022060000
  -0.0000012000    0.0036605100   -0.0021976200
   0.0006501400   -0.0029660600    0.0028193500
  -0.0002226800   -0.0038053700    0.0028851400
  -0.0000098700   -0.0035905200    0.0028873700
  -0.0000679700   -0.0037035700    0.0028682100
   0.0002411000   -0.0034091400    0.0028497900
  -0.0000005000   -0.0035915400    0.0028862700
  -0.0000241100   -0.0036596800    0.0028612400
   0.0000466800   -0.0036572900    0.0028610500
   0.0000110600   -0.0035958200    0.0028825000
  -0.0010323100    0.0024480000    0.0027567200
  -0.0000095000    0.0036639800    0.0028653700
   0.0000483000    0.0036906100    0.0028673000
   0.0000240100    0.0035926700    0.0028872000
  -0.0000378900    0.0036405100    0.0028613800
   0.0000366600    0.0036416300    0.0028593100
   0.0000219400    0.0035860700    0.0028905400
  -0.0000386600    0.0036466900    0.0028587700
   0.0000391500    0.0036515500    0.0028634700

145  
  0.0000000000000000   0.0000000000000000   0.0100000000000000
   0.0218413600   -0.0297308000    0.0248418800
   0.0192009700   -0.0278838100   -0.0004367300
   0.0196213900   -0.0295355800    0.0022352400
   0.0192821000   -0.0305495400    0.0009358500
   0.0182733900   -0.0287666300   -0.0010236200
   0.0190399400   -0.0297838000    0.0025414200
   0.0191902400   -0.0306430500    0.0009528400
   0.0180260400   -0.0288406000   -0.0004935500
   0.0194629700   -0.0298934700    0.0022565200
   0.0166408400   -0.0303884100    0.0008848700
   0.0204197700   -0.0254391300   -0.0021197300
   0.0195194200   -0.0301101400   -0.0030043600
   0.0203115100   -0.0299619700   -0.0006947800
   0.0198096700   -0.0255920300   -0.0018830400
   0.0194140800   -0.0298506900   -0.0030850400
   0.0202995600   -0.0297891500   -0.0006662500
   0.0192648300   -0.0253931700   -0.0020771100
   0.0196689300   -0.0299296000   -0.0030472500
  -0.0167974300    0.0302192300    0.0056958800
  -0.0189290900    0.0283964400   -0.0006909000
  -0.0186543800    0.0308719200    0.0011233000
  -0.0193820500    0.0307863100    0.0027987200
  -0.0179571800    0.0284798700    0.0004156000
  -0.0189113900    0.0308934800    0.0009871000
  -0.0192359100    0.0299006500    0.0025057700
  -0.0180855800    0.0288663600   -0.0004949300
  -0.0193198000    0.0307602400    0.0009999200
  -0.0194762000    0.0285171800   -0.0034868000
  -0.0202070100    0.0255959800   -0.0024607400
  -0.0205216700    0.0303478000   -0.0007227400
  -0.0196753700    0.0299592600   -0.0031282900
  -0.0196395900    0.0248848000   -0.0023899200
  -0.0199093700    0.0302058400   -0.0006956100
  -0.0194971300    0.0298975400   -0.0030877800
  -0.0192708400    0.0255513700   -0.0020837800
  -0.0204336500    0.0300281500   -0.0007288900
  -0.0218413600   -0.0297308000    0.0248418800
  -0.0196213900   -0.0295355800    0.0022352400
  -0.0192009700   -0.0278838100   -0.0004367300
  -0.0192821000   -0.0305495400    0.0009358500
  -0.0190399400   -0.0297838000    0.0025414200
  -0.0182733900   -0.0287666300   -0.0010236200
  -0.0191902400   -0.0306430500    0.0009528400
  -0.0194629700   -0.0298934700    0.0022565200
  -0.0180260400   -0.0288406000   -0.0004935500
  -0.0166408400   -0.0303884100    0.0008848700
  -0.0195194200   -0.0301101400   -0.0030043600
  -0.0204197700   -0.0254391300   -0.0021197300
  -0.0203115100   -0.0299619700   -0.0006947800
  -0.0194140800   -0.0298506900   -0.0030850400
  -0.0198096700   -0.0255920300   -0.0018830400
  -0.0202995600   -0.0297891500   -0.0006662500
  -0.0196689300   -0.0299296000   -0.0030472500
  -0.0192648300   -0.0253931700   -0.0020771100
   0.0189290900    0.0283964400   -0.0006909000
   0.0167974300    0.0302192300    0.0056958800
   0.0186543800    0.0308719200    0.0011233000
   0.0179571800    0.0284798700    0.0004156000
   0.0193820500    0.0307863100    0.0027987200
   0.0189113900    0.0308934800    0.0009871000
   0.0180855800    0.0288663600   -0.0004949300
   0.0192359100    0.0299006500    0.0025057700
   0.0193198000    0.0307602400    0.0009999200
   0.0202070100    0.0255959800   -0.0024607400
   0.0194762000    0.0285171800   -0.0034868000
   0.0205216700    0.0303478000   -0.0007227400
   0.0196395900    0.0248848000   -0.0023899200
   0.0196753700    0.0299592600   -0.0031282900
   0.0199093700    0.0302058400   -0.0006956100
   0.0192708400    0.0255513700   -0.0020837800
   0.0194971300    0.0298975400   -0.0030877800
   0.0204336500    0.0300281500   -0.0007288900
   0.0115154200   -0.0144413800    0.0304995600
  -0.0007015300   -0.0067352000    0.0008126200
   0.0031268500   -0.0074849800   -0.0040549900
   0.0035311000   -0.0072565700   -0.0028891400
  -0.0007764000   -0.0063046400    0.0005115100
   0.0032062500   -0.0073860500   -0.0042641600
   0.0038441900   -0.0076160500   -0.0028958500
  -0.0008702100   -0.0069430400    0.0003133200
   0.0028534500   -0.0071054700   -0.0041239300
   0.0031410000   -0.0059323500    0.0057703900
  -0.0000926300   -0.0077079600    0.0036230700
   0.0004030900   -0.0062479800    0.0037570600
   0.0042472000   -0.0082804300    0.0032442400
  -0.0000911400   -0.0073118100    0.0037555900
   0.0002110500   -0.0061314100    0.0037191300
   0.0047174700   -0.0085537100    0.0032413600
   0.0001876800   -0.0080533000    0.0039391700
   0.0001158000   -0.0059059200    0.0036936400
  -0.0030822700    0.0065206200   -0.0035447800
   0.0007936900    0.0062512000    0.0018935300
  -0.0033588500    0.0070841700   -0.0029551100
  -0.0031140100    0.0064527600   -0.0038014600
   0.0015498800    0.0070270300    0.0009873900
  -0.0035456600    0.0070800300   -0.0029234600
  -0.0029977100    0.0071526800   -0.0039624000
   0.0009121400    0.0064987100    0.0007344700
  -0.0037452800    0.0072957600   -0.0027148900
  -0.0004076100    0.0054958100    0.0035644100
  -0.0000464400    0.0077793100    0.0031987100
  -0.0041861200    0.0080790200    0.0032633900
  -0.0006732300    0.0071414900    0.0028894900
  -0.0000013500    0.0076132400    0.0036721500
  -0.0045396100    0.0082271400    0.0032506200
  -0.0000604900    0.0059210900    0.0036700900
   0.0001852700    0.0073814100    0.0037465200
  -0.0045381900    0.0083995800    0.0032194200
  -0.0115154200   -0.0144413800    0.0304995600
  -0.0031268500   -0.0074849800   -0.0040549900
   0.0007015300   -0.0067352000    0.0008126200
  -0.0035311000   -0.0072565700   -0.0028891400
  -0.0032062500   -0.0073860500   -0.0042641600
   0.0007764000   -0.0063046400    0.0005115100
  -0.0038441900   -0.0076160500   -0.0028958500
  -0.0028534500   -0.0071054700   -0.0041239300
   0.0008702100   -0.0069430400    0.0003133200
  -0.0031410000   -0.0059323500    0.0057703900
  -0.0004030900   -0.0062479800    0.0037570600
   0.0000926300   -0.0077079600    0.0036230700
  -0.0042472000   -0.0082804300    0.0032442400
  -0.0002110500   -0.0061314100    0.0037191300
   0.0000911400   -0.0073118100    0.0037555900
  -0.0047174700   -0.0085537100    0.0032413600
  -0.0001158000   -0.0059059200    0.0036936400
  -0.0001876800   -0.0080533000    0.0039391700
  -0.0007936900    0.0062512000    0.0018935300
   0.0030822700    0.0065206200   -0.0035447800
   0.0033588500    0.0070841700   -0.0029551100
  -0.0015498800    0.0070270300    0.0009873900
   0.0031140100    0.0064527600   -0.0038014600
   0.0035456600    0.0070800300   -0.0029234600
  -0.0009121400    0.0064987100    0.0007344700
   0.0029977100    0.0071526800   -0.0039624000
   0.0037452800    0.0072957600   -0.0027148900
   0.0000464400    0.0077793100    0.0031987100
   0.0004076100    0.0054958100    0.0035644100
   0.0041861200    0.0080790200    0.0032633900
   0.0000013500    0.0076132400    0.0036721500
   0.0006732300    0.0071414900    0.0028894900
   0.0045396100    0.0082271400    0.0032506200
  -0.0001852700    0.0073814100    0.0037465200
   0.0000604900    0.0059210900    0.0036700900
   0.0045381900    0.0083995800    0.0032194200
   0.0000000000    0.0309149900   -0.3744641100
  -0.0024443100    0.0065070100   -0.0211907100
   0.0024443100    0.0065070100   -0.0211907100
   0.0000000000    0.0086239100   -0.0173103500
  -0.0022492100    0.0065957700   -0.0202961100
   0.0022492100    0.0065957700   -0.0202961100
   0.0000000000    0.0087125700   -0.0173110000
  -0.0024808300    0.0068024500   -0.0202939200
   0.0024808300    0.0068024500   -0.0202939200
   0.0000000000    0.0077463200    0.0080851700
  -0.0031045700    0.0066791500    0.0034805400
   0.0031045700    0.0066791500    0.0034805400
   0.0000000000    0.0065365800    0.0098544800
  -0.0032505000    0.0066606800    0.0033766100
   0.0032505000    0.0066606800    0.0033766100
   0.0000000000    0.0064867700    0.0098173700
  -0.0032713500    0.0067989800    0.0033986200
   0.0032713500    0.0067989800    0.0033986200
  -0.0017473700   -0.0062451500   -0.0106549600
   0.0017473700   -0.0062451500   -0.0106549600
   0.0000000000   -0.0080107200   -0.0047385000
  -0.0009764000   -0.0063509300   -0.0099735700
   0.0009764000   -0.0063509300   -0.0099735700
   0.0000000000   -0.0078105700   -0.0047055100
  -0.0010794400   -0.0060545800   -0.0098266800
   0.0010794400   -0.0060545800   -0.0098266800
   0.0000000000   -0.0075946000   -0.0046627700
  -0.0005636000   -0.0083687300    0.0179451500
   0.0005636000   -0.0083687300    0.0179451500
   0.0000000000   -0.0113323000    0.0181376800
  -0.0009824800   -0.0097066100    0.0169381600
   0.0009824800   -0.0097066100    0.0169381600
   0.0000000000   -0.0114251500    0.0181387700
  -0.0013364900   -0.0092363600    0.0160033500
   0.0013364900   -0.0092363600    0.0160033500
   0.0000000000   -0.0112898600    0.0186828500
   0.0000000000    0.0066792900    0.0412291700
  -0.0010946500    0.0058299300   -0.0093672100
   0.0010946500    0.0058299300   -0.0093672100
   0.0000000000    0.0075952800   -0.0045371400
  -0.0011415800    0.0061908300   -0.0096456100
   0.0011415800    0.0061908300   -0.0096456100
   0.0000000000    0.0076733800   -0.0045275800
  -0.0009987000    0.0060731800   -0.0096817900
   0.0009987000    0.0060731800   -0.0096817900
   0.0000000000    0.0106006600    0.1997417800
  -0.0014252700    0.0092263600    0.0164143800
   0.0014252700    0.0092263600    0.0164143800
   0.0000000000    0.0113315200    0.0185653900
  -0.0014534100    0.0090732600    0.0160687000
   0.0014534100    0.0090732600    0.0160687000
   0.0000000000    0.0113475700    0.0185668900
  -0.0014847300    0.0093345300    0.0160688600
   0.0014847300    0.0093345300    0.0160688600
  -0.0017539200   -0.0066838000   -0.0233799300
   0.0017539200   -0.0066838000   -0.0233799300
   0.0000000000   -0.0085821400   -0.0171113600
  -0.0027796800   -0.0064760600   -0.0219901400
   0.0027796800   -0.0064760600   -0.0219901400
   0.0000000000   -0.0086153200   -0.0169140700
  -0.0022885800   -0.0067366000   -0.0204091000
   0.0022885800   -0.0067366000   -0.0204091000
   0.0000000000   -0.0086541400   -0.0173554200
  -0.0024640500   -0.0060724900    0.0034095900
   0.0024640500   -0.0060724900    0.0034095900
   0.0000000000   -0.0066336500    0.0101215900
  -0.0027740500   -0.0071884900    0.0035208700
   0.0027740500   -0.0071884900    0.0035208700
   0.0000000000   -0.0066660100    0.0100115500
  -0.0031664600   -0.0067581600    0.0034626400
   0.0031664600   -0.0067581600    0.0034626400
   0.0000000000   -0.0065036500    0.0098900000
   0.0006216300   -0.0288463600   -0.0000468000
  -0.0006216300   -0.0288463600   -0.0000468000
   0.0000000000   -0.0330824200    0.0006851500
   0.0012110300   -0.0299770500    0.0008077700
  -0.0012110300   -0.0299770500    0.0008077700
   0.0000000000   -0.0328765200    0.0005583000
   0.0009602600   -0.0297324200    0.0003000900
  -0.0009602600   -0.0297324200    0.0003000900
   0.0000000000   -0.0334359900    0.0004867200
  -0.0044633100   -0.0259942000    0.0049071000
   0.0044633100   -0.0259942000    0.0049071000
   0.0000000000   -0.0308861800   -0.0018612700
  -0.0035142600   -0.0262196100    0.0049775200
   0.0035142600   -0.0262196100    0.0049775200
   0.0000000000   -0.0305795500   -0.0018727700
  -0.0040299700   -0.0258202900    0.0051539400
   0.0040299700   -0.0258202900    0.0051539400
   0.0000000000   -0.0311364900   -0.0018337500
   0.0000000000    0.0239072500    0.0078169200
   0.0012249300    0.0301328500    0.0001759800
  -0.0012249300    0.0301328500    0.0001759800
   0.0000000000    0.0333717300    0.0005576400
   0.0007823600    0.0295542600    0.0003378100
  -0.0007823600    0.0295542600    0.0003378100
   0.0000000000    0.0331745600    0.0003846600
   0.0009683800    0.0298182800    0.0003186000
  -0.0009683800    0.0298182800    0.0003186000
   0.0000000000    0.0267793600   -0.0015856700
  -0.0044139000    0.0266511500    0.0053120500
   0.0044139000    0.0266511500    0.0053120500
   0.0000000000    0.0310964500   -0.0017889100
  -0.0040656500    0.0259553600    0.0051708500
   0.0040656500    0.0259553600    0.0051708500
   0.0000000000    0.0308357600   -0.0017856200
  -0.0038822300    0.0258963200    0.0051656200
   0.0038822300    0.0258963200    0.0051656200
   0.0004092000   -0.0034297700   -0.0022001800
  -0.0004092000   -0.0034297700   -0.0022001800
   0.0000000000   -0.0037128000   -0.0022771600
   0.0000939400   -0.0038552100   -0.0022924900
  -0.0000939400   -0.0038552100   -0.0022924900
   0.0000000000   -0.0036793500   -0.0022705100
  -0.0000320600   -0.0036958500   -0.0022326300
   0.0000320600   -0.0036958500   -0.0022326300
   0.0000000000   -0.0037104200   -0.0022834700
   0.0000000000    0.0047222300    0.0012290800
   0.0000097900    0.0036826300   -0.0023040700
  -0.0000097900    0.0036826300   -0.0023040700
   0.0000000000    0.0037003400   -0.0023191900
  -0.0000442100    0.0036381900   -0.0022306500
   0.0000442100    0.0036381900   -0.0022306500
   0.0000000000    0.0036964300   -0.0023173300
  -0.0000600800    0.0037321100   -0.0022419800
   0.0000600800    0.0037321100   -0.0022419800
   0.0000589200   -0.0036775000    0.0028239600
  -0.0000589200   -0.0036775000    0.0028239600
   0.0000000000   -0.0036473100    0.0028950400
  -0.0000778400   -0.0036360600    0.0028840800
   0.0000778400   -0.0036360600    0.0028840800
   0.0000000000   -0.0035702600    0.0028913800
  -0.0000628000   -0.0036588200    0.0028700300
   0.0000628000   -0.0036588200    0.0028700300
   0.0000000000   -0.0036094100    0.0029190000
   0.0000000000    0.0033653200    0.0023173400
  -0.0000137800    0.0036782500    0.0029014800
   0.0000137800    0.0036782500    0.0029014800
   0.0000000000    0.0035982200    0.0029252600
  -0.0000197000    0.0036592200    0.0028745700
   0.0000197000    0.0036592200    0.0028745700
   0.0000000000    0.0035748300    0.0029248800
  -0.0000564500    0.0036534300    0.0028755300
   0.0000564500    0.0036534300    0.0028755300

145  
  0.0000000000000000   0.0000000000000000  -0.0100000000000000
   0.0150812000   -0.0323204300   -0.0237435800
   0.0172397800   -0.0297432700   -0.0004567000
   0.0186949000   -0.0303756700    0.0027368100
   0.0186797900   -0.0311127400    0.0009105100
   0.0181378600   -0.0288577900    0.0001181800
   0.0192745000   -0.0301079900    0.0024349400
   0.0187738600   -0.0310125200    0.0008932000
   0.0183702700   -0.0287819200   -0.0003983900
   0.0188520700   -0.0299984900    0.0027168400
   0.0233706300   -0.0299784400   -0.0022237200
   0.0183889700   -0.0254979900   -0.0020840200
   0.0193552500   -0.0297668500   -0.0030958100
   0.0197607700   -0.0303611200   -0.0007157300
   0.0189870900   -0.0253483500   -0.0023149600
   0.0194578900   -0.0300195800   -0.0030157100
   0.0197728600   -0.0305297300   -0.0007426100
   0.0195116100   -0.0255421200   -0.0021266200
   0.0192148500   -0.0299492800   -0.0030529900
  -0.0213321500    0.0297402800   -0.0006570300
  -0.0174956600    0.0292172300   -0.0001802500
  -0.0193307700    0.0307989500    0.0007236800
  -0.0189283600    0.0291217300    0.0021878100
  -0.0184560200    0.0290910200   -0.0012894300
  -0.0190359500    0.0307709800    0.0008602500
  -0.0190765000    0.0299859000    0.0024708000
  -0.0183131200    0.0287459000   -0.0003956400
  -0.0186419400    0.0308987600    0.0008470500
  -0.0194185400    0.0313307500   -0.0026255300
  -0.0185941900    0.0253467100   -0.0017602800
  -0.0195549200    0.0299731600   -0.0006881000
  -0.0192023400    0.0299040000   -0.0029755200
  -0.0191517800    0.0260302800   -0.0018227300
  -0.0201526900    0.0301124900   -0.0007144500
  -0.0193777200    0.0299673800   -0.0030129800
  -0.0195049500    0.0253810300   -0.0021194300
  -0.0196446900    0.0302844900   -0.0006819400
  -0.0150812000   -0.0323204300   -0.0237435800
  -0.0186949000   -0.0303756700    0.0027368100
  -0.0172397800   -0.0297432700   -0.0004567000
  -0.0186797900   -0.0311127400    0.0009105100
  -0.0192745000   -0.0301079900    0.0024349400
  -0.0181378600   -0.0288577900    0.0001181800
  -0.0187738600   -0.0310125200    0.0008932000
  -0.0188520700   -0.0299984900    0.0027168400
  -0.0183702700   -0.0287819200   -0.0003983900
  -0.0233706300   -0.0299784400   -0.0022237200
  -0.0193552500   -0.0297668500   -0.0030958100
  -0.0183889700   -0.0254979900   -0.0020840200
  -0.0197607700   -0.0303611200   -0.0007157300
  -0.0194578900   -0.0300195800   -0.0030157100
  -0.0189870900   -0.0253483500   -0.0023149600
  -0.0197728600   -0.0305297300   -0.0007426100
  -0.0192148500   -0.0299492800   -0.0030529900
  -0.0195116100   -0.0255421200   -0.0021266200
   0.0174956600    0.0292172300   -0.0001802500
   0.0213321500    0.0297402800   -0.0006570300
   0.0193307700    0.0307989500    0.0007236800
   0.0184560200    0.0290910200   -0.0012894300
   0.0189283600    0.0291217300    0.0021878100
   0.0190359500    0.0307709800    0.0008602500
   0.0183131200    0.0287459000   -0.0003956400
   0.0190765000    0.0299859000    0.0024708000
   0.0186419400    0.0308987600    0.0008470500
   0.0185941900    0.0253467100   -0.0017602800
   0.0194185400    0.0313307500   -0.0026255300
   0.0195549200    0.0299731600   -0.0006881000
   0.0191517800    0.0260302800   -0.0018227300
   0.0192023400    0.0299040000   -0.0029755200
   0.0201526900    0.0301124900   -0.0007144500
   0.0195049500    0.0253810300   -0.0021194300
   0.0193777200    0.0299673800   -0.0030129800
   0.0196446900    0.0302844900   -0.0006819400
  -0.0053170100    0.0013476900   -0.0373059800
  -0.0010169700   -0.0065092500    0.0007723300
   0.0029352400   -0.0068146400   -0.0039435000
   0.0034120600   -0.0068235000   -0.0029349100
  -0.0009383300   -0.0069280200    0.0010654000
   0.0028402100   -0.0069083300   -0.0037348300
   0.0031195400   -0.0064758500   -0.0029297000
  -0.0008366300   -0.0063118200    0.0012537700
   0.0031921300   -0.0071796500   -0.0038716200
   0.0053418300   -0.0102139800    0.0008109300
  -0.0000781000   -0.0073173500    0.0037763800
  -0.0001717800   -0.0056285200    0.0036160400
   0.0042988900   -0.0079494800    0.0032754300
  -0.0000820400   -0.0077003400    0.0036459800
   0.0000152900   -0.0057425500    0.0036538800
   0.0038403800   -0.0076819600    0.0032787600
  -0.0003494100   -0.0069795700    0.0034689400
   0.0001095300   -0.0059577200    0.0036769000
  -0.0029842600    0.0077280900   -0.0044529700
   0.0009056700    0.0070021400   -0.0002860200
  -0.0035853900    0.0069884000   -0.0028717000
  -0.0028948300    0.0078033200   -0.0041174200
   0.0001709200    0.0062115200    0.0005994300
  -0.0034151900    0.0069991000   -0.0029014600
  -0.0030450700    0.0071256600   -0.0040318500
   0.0008062900    0.0067327800    0.0008450300
  -0.0032063400    0.0067831400   -0.0031085300
   0.0001832800    0.0063575200    0.0038057400
   0.0002199400    0.0072294600    0.0041802300
  -0.0043590200    0.0081421000    0.0032579500
   0.0004330200    0.0047531200    0.0044574900
   0.0001709100    0.0073973500    0.0037261700
  -0.0040154800    0.0079973500    0.0032689700
  -0.0001611100    0.0059384400    0.0037001500
  -0.0000097300    0.0076246900    0.0036560200
  -0.0040145100    0.0078317800    0.0032997300
   0.0053170100    0.0013476900   -0.0373059800
  -0.0029352400   -0.0068146400   -0.0039435000
   0.0010169700   -0.0065092500    0.0007723300
  -0.0034120600   -0.0068235000   -0.0029349100
  -0.0028402100   -0.0069083300   -0.0037348300
   0.0009383300   -0.0069280200    0.0010654000
  -0.0031195400   -0.0064758500   -0.0029297000
  -0.0031921300   -0.0071796500   -0.0038716200
   0.0008366300   -0.0063118200    0.0012537700
  -0.0053418300   -0.0102139800    0.0008109300
   0.0001717800   -0.0056285200    0.0036160400
   0.0000781000   -0.0073173500    0.0037763800
  -0.0042988900   -0.0079494800    0.0032754300
  -0.0000152900   -0.0057425500    0.0036538800
   0.0000820400   -0.0077003400    0.0036459800
  -0.0038403800   -0.0076819600    0.0032787600
  -0.0001095300   -0.0059577200    0.0036769000
   0.0003494100   -0.0069795700    0.0034689400
  -0.0009056700    0.0070021400   -0.0002860200
   0.0029842600    0.0077280900   -0.0044529700
   0.0035853900    0.0069884000   -0.0028717000
  -0.0001709200    0.0062115200    0.0005994300
   0.0028948300    0.0078033200   -0.0041174200
   0.0034151900    0.0069991000   -0.0029014600
  -0.0008062900    0.0067327800    0.0008450300
   0.0030450700    0.0071256600   -0.0040318500
   0.0032063400    0.0067831400   -0.0031085300
  -0.0002199400    0.0072294600    0.0041802300
  -0.0001832800    0.0063575200    0.0038057400
   0.0043590200    0.0081421000    0.0032579500
  -0.0001709100    0.0073973500    0.0037261700
  -0.0004330200    0.0047531200    0.0044574900
   0.0040154800    0.0079973500    0.0032689700
   0.0000097300    0.0076246900    0.0036560200
   0.0001611100    0.0059384400    0.0037001500
   0.0040145100    0.0078317800    0.0032997300
   0.0000000000   -0.0132626400    0.3397213100
  -0.0022013600    0.0069496000   -0.0196725900
   0.0022013600    0.0069496000   -0.0196725900
   0.0000000000    0.0087165000   -0.0163365000
  -0.0023977800    0.0068591000   -0.0205487300
   0.0023977800    0.0068591000   -0.0205487300
   0.0000000000    0.0086284800   -0.0163369900
  -0.0021702200    0.0066616900   -0.0205460400
   0.0021702200    0.0066616900   -0.0205460400
   0.0000000000    0.0054621100    0.0118353800
  -0.0032451600    0.0068181600    0.0034562800
   0.0032451600    0.0068181600    0.0034562800
   0.0000000000    0.0067052300    0.0100847900
  -0.0031013100    0.0068336000    0.0035614300
   0.0031013100    0.0068336000    0.0035614300
   0.0000000000    0.0067506600    0.0101202400
  -0.0030818100    0.0066966600    0.0035405700
   0.0030818100    0.0066966600    0.0035405700
  -0.0003872700   -0.0059205900   -0.0092405400
   0.0003872700   -0.0059205900   -0.0092405400
   0.0000000000   -0.0074697400   -0.0047557000
  -0.0011574200   -0.0058016800   -0.0099223100
   0.0011574200   -0.0058016800   -0.0099223100
   0.0000000000   -0.0076696700   -0.0047846500
  -0.0010582600   -0.0060891500   -0.0100433200
   0.0010582600   -0.0060891500   -0.0100433200
   0.0000000000   -0.0078785400   -0.0048217800
  -0.0021595600   -0.0100945000    0.0141411400
   0.0021595600   -0.0100945000    0.0141411400
   0.0000000000   -0.0113709900    0.0182003600
  -0.0017648100   -0.0088106900    0.0151231600
   0.0017648100   -0.0088106900    0.0151231600
   0.0000000000   -0.0112780900    0.0181941900
  -0.0014207300   -0.0092724900    0.0160249600
   0.0014207300   -0.0092724900    0.0160249600
   0.0000000000   -0.0114089100    0.0176619900
   0.0000000000    0.0088269000   -0.0508481500
  -0.0010368700    0.0063048400   -0.0105056800
   0.0010368700    0.0063048400   -0.0105056800
   0.0000000000    0.0078690600   -0.0049458500
  -0.0009983700    0.0059466600   -0.0102209100
   0.0009983700    0.0059466600   -0.0102209100
   0.0000000000    0.0077923800   -0.0049549600
  -0.0011413500    0.0060655700   -0.0101884200
   0.0011413500    0.0060655700   -0.0101884200
   0.0000000000    0.0119391400   -0.1548707500
  -0.0013381300    0.0092777000    0.0156438800
   0.0013381300    0.0092777000    0.0156438800
   0.0000000000    0.0113639000    0.0177772500
  -0.0013072300    0.0094246100    0.0159657300
   0.0013072300    0.0094246100    0.0159657300
   0.0000000000    0.0113465400    0.0177780500
  -0.0012771100    0.0091678200    0.0159654600
   0.0012771100    0.0091678200    0.0159654600
  -0.0029339900   -0.0068247700   -0.0174905000
   0.0029339900   -0.0068247700   -0.0174905000
   0.0000000000   -0.0087651300   -0.0165266300
  -0.0018784100   -0.0069845600   -0.0188741300
   0.0018784100   -0.0069845600   -0.0188741300
   0.0000000000   -0.0087350200   -0.0167226800
  -0.0023575800   -0.0067287400   -0.0204350100
   0.0023575800   -0.0067287400   -0.0204350100
   0.0000000000   -0.0086945000   -0.0162910300
  -0.0038532500   -0.0074006700    0.0035228200
   0.0038532500   -0.0074006700    0.0035228200
   0.0000000000   -0.0066188000    0.0098242200
  -0.0035659600   -0.0063248400    0.0034188300
   0.0035659600   -0.0063248400    0.0034188300
   0.0000000000   -0.0065839500    0.0099312400
  -0.0031842200   -0.0067446400    0.0034782400
   0.0031842200   -0.0067446400    0.0034782400
   0.0000000000   -0.0067424900    0.0100507000
   0.0012896800   -0.0304553000    0.0008304800
  -0.0012896800   -0.0304553000    0.0008304800
   0.0000000000   -0.0329466200    0.0002094600
   0.0007443100   -0.0294354000   -0.0000618300
  -0.0007443100   -0.0294354000   -0.0000618300
   0.0000000000   -0.0331393400    0.0003360300
   0.0009621300   -0.0296641600    0.0004401300
  -0.0009621300   -0.0296641600    0.0004401300
   0.0000000000   -0.0325892400    0.0004025500
  -0.0034585800   -0.0255882600    0.0053885300
   0.0034585800   -0.0255882600    0.0053885300
   0.0000000000   -0.0304592500   -0.0018717300
  -0.0043952000   -0.0253468600    0.0053266700
   0.0043952000   -0.0253468600    0.0053266700
   0.0000000000   -0.0307582700   -0.0018595800
  -0.0038885700   -0.0257334000    0.0051546400
   0.0038885700   -0.0257334000    0.0051546400
   0.0000000000   -0.0302199100   -0.0018972300
   0.0000000000    0.0415067700   -0.0073244600
   0.0006763900    0.0293033100    0.0005596100
  -0.0006763900    0.0293033100    0.0005596100
   0.0000000000    0.0326575600    0.0003304700
   0.0011466400    0.0298409800    0.0004024000
  -0.0011466400    0.0298409800    0.0004024000
   0.0000000000    0.0328492700    0.0005039100
   0.0009571500    0.0295775900    0.0004204200
  -0.0009571500    0.0295775900    0.0004204200
   0.0000000000    0.0345091000   -0.0020979600
  -0.0035145600    0.0249241000    0.0049999100
   0.0035145600    0.0249241000    0.0049999100
   0.0000000000    0.0302541100   -0.0019396300
  -0.0038569800    0.0256042400    0.0051380800
   0.0038569800    0.0256042400    0.0051380800
   0.0000000000    0.0305115800   -0.0019442800
  -0.0040299200    0.0256620500    0.0051425300
   0.0040299200    0.0256620500    0.0051425300
  -0.0003999900   -0.0039180100   -0.0022091000
   0.0003999900   -0.0039180100   -0.0022091000
   0.0000000000   -0.0036941100   -0.0022210200
  -0.0001011500   -0.0035206200   -0.0021211600
   0.0001011500   -0.0035206200   -0.0021211600
   0.0000000000   -0.0037250300   -0.0022277700
   0.0000188600   -0.0036736300   -0.0021810100
  -0.0000188600   -0.0036736300   -0.0021810100
   0.0000000000   -0.0036946800   -0.0022154300
   0.0000000000    0.0026256900   -0.0057753000
  -0.0000224500    0.0036818800   -0.0021102400
   0.0000224500    0.0036818800   -0.0021102400
   0.0000000000    0.0036986900   -0.0021801600
   0.0000312700    0.0037238200   -0.0021829700
  -0.0000312700    0.0037238200   -0.0021829700
   0.0000000000    0.0037018200   -0.0021826600
   0.0000463100    0.0036315800   -0.0021719600
  -0.0000463100    0.0036315800   -0.0021719600
  -0.0001363400   -0.0036310800    0.0028923900
   0.0001363400   -0.0036310800    0.0028923900
   0.0000000000   -0.0035513200    0.0028749800
   0.0000044400   -0.0036643000    0.0028333000
  -0.0000044400   -0.0036643000    0.0028333000
   0.0000000000   -0.0036270800    0.0028784500
  -0.0000103000   -0.0036420700    0.0028467100
   0.0000103000   -0.0036420700    0.0028467100
   0.0000000000   -0.0035894800    0.0028518600
   0.0000000000    0.0038578700    0.0034750200
  -0.0000566300    0.0036155900    0.0028161000
   0.0000566300    0.0036155900    0.0028161000
   0.0000000000    0.0035936100    0.0028457300
  -0.0000520400    0.0036351200    0.0028426400
   0.0000520400    0.0036351200    0.0028426400
   0.0000000000    0.0036164300    0.0028460900
  -0.0000163200    0.0036409700    0.0028416100
   0.0000163200    0.0036409700    0.0028416100

154  
  0.0067865028774124   0.0073446156260810   0.0000000000000000
   0.0226353100   -0.0296654900    0.0001467700
   0.0180737800   -0.0287446300   -0.0004895000
   0.0190924100   -0.0299350300    0.0025043200
   0.0190217400   -0.0308657600    0.0009357800
   0.0180059500   -0.0288654800   -0.0003697600
   0.0192127800   -0.0299116500    0.0025042100
   0.0189434900   -0.0309225300    0.0009501400
   0.0182348700   -0.0287387300   -0.0004473400
   0.0192807100   -0.0300561100    0.0025066700
   0.0342813400   -0.0208416900    0.0107460000
   0.0186759100   -0.0250014600   -0.0010485800
   0.0200881500   -0.0296184000   -0.0031607300
   0.0201205500   -0.0303198600   -0.0005630000
   0.0190865600   -0.0254712900   -0.0022399800
   0.0194713000   -0.0299293200   -0.0028774400
   0.0200672600   -0.0301186400   -0.0005316900
   0.0194078400   -0.0255278300   -0.0019389500
   0.0195512600   -0.0299010700   -0.0030482100
  -0.0210623200    0.0295680700    0.0025038700
  -0.0178951800    0.0287287900   -0.0002656100
  -0.0189529000    0.0308531500    0.0009356900
  -0.0191376200    0.0301017700    0.0024759000
  -0.0181507900    0.0285128200   -0.0006051700
  -0.0189907700    0.0308743200    0.0009238500
  -0.0191555700    0.0299511600    0.0025145000
  -0.0182235200    0.0288376900   -0.0004300700
  -0.0190613100    0.0307830300    0.0009415500
  -0.0126976400    0.0387512800    0.0068712300
  -0.0213338800    0.0252326400   -0.0042612100
  -0.0193240300    0.0302820200   -0.0005446600
  -0.0196857200    0.0297389200   -0.0025339300
  -0.0189558300    0.0259208400   -0.0017403600
  -0.0201215000    0.0302149800   -0.0006903000
  -0.0194840900    0.0299831200   -0.0031097700
  -0.0194218200    0.0255207300   -0.0022796800
  -0.0201443000    0.0301447700   -0.0006692100
  -0.0186772400   -0.0321411200    0.0012247300
  -0.0191881800   -0.0299322200    0.0024734700
  -0.0180440300   -0.0289720800   -0.0004081400
  -0.0190792200   -0.0307908500    0.0009554400
  -0.0191473100   -0.0300068600    0.0024939100
  -0.0181922300   -0.0288329200   -0.0004451600
  -0.0189668800   -0.0308973300    0.0009257900
  -0.0192098300   -0.0298564800    0.0024903800
  -0.0181787000   -0.0287186300   -0.0004283200
  -0.0104998700   -0.0290998400   -0.0046773100
  -0.0196047400   -0.0300846100   -0.0033257000
  -0.0211036000   -0.0249252800   -0.0021268800
  -0.0200771700   -0.0304242300   -0.0007757900
  -0.0193492300   -0.0299294100   -0.0030933400
  -0.0194855800   -0.0255216600   -0.0021471600
  -0.0200227800   -0.0302666800   -0.0007673500
  -0.0195116500   -0.0298497000   -0.0029783500
  -0.0193991600   -0.0254238500   -0.0020669500
   0.0182497700    0.0290808600   -0.0002606900
   0.0189302000    0.0295947700    0.0023872000
   0.0190035800    0.0308256600    0.0009782900
   0.0180927000    0.0287212600   -0.0004278800
   0.0191634200    0.0303253100    0.0024477500
   0.0189307900    0.0308280900    0.0009459200
   0.0181492300    0.0288502900   -0.0004414300
   0.0190938000    0.0299497600    0.0024959900
   0.0190187500    0.0308349800    0.0009407100
   0.0190704400    0.0250273600   -0.0018314700
   0.0178656500    0.0323969100    0.0026256900
   0.0198789100    0.0304293600   -0.0003101900
   0.0191590000    0.0252627900   -0.0020657700
   0.0198514300    0.0286286000   -0.0028817100
   0.0199399200    0.0301239400   -0.0006303500
   0.0193933700    0.0255086000   -0.0021092100
   0.0195100000    0.0299622700   -0.0029466600
   0.0200935000    0.0302017700   -0.0008597200
   0.0015043600   -0.0080921600   -0.0025307000
  -0.0007861300   -0.0066255500    0.0007781700
   0.0030390800   -0.0071200000   -0.0040207900
   0.0034950600   -0.0070412300   -0.0028841700
  -0.0008654100   -0.0065231800    0.0008135300
   0.0030393200   -0.0071885000   -0.0039703100
   0.0034549500   -0.0069053800   -0.0028900900
  -0.0009744900   -0.0066359400    0.0007825000
   0.0030557800   -0.0071025100   -0.0039761100
   0.0006569900   -0.0055377400   -0.0018364900
   0.0003978100   -0.0075568400    0.0036953000
   0.0003069300   -0.0060494900    0.0036437400
   0.0043508300   -0.0081417700    0.0033244500
  -0.0000658100   -0.0074778000    0.0036103800
   0.0001640800   -0.0059676700    0.0037549200
   0.0045345400   -0.0085196000    0.0033240500
  -0.0004148700   -0.0077139100    0.0041552200
   0.0001908800   -0.0058920100    0.0037215600
  -0.0027845600    0.0075741300   -0.0040212000
   0.0009179500    0.0065285200    0.0009231900
  -0.0034585900    0.0069682900   -0.0029038700
  -0.0028899000    0.0069391000   -0.0040164600
   0.0011977900    0.0067580600    0.0007515700
  -0.0034444800    0.0069738000   -0.0028856300
  -0.0030516600    0.0071532600   -0.0039846800
   0.0008260300    0.0065840900    0.0008062800
  -0.0035132300    0.0071395600   -0.0028870900
  -0.0001329700    0.0053120900    0.0039048400
   0.0004369500    0.0076881300    0.0029575000
  -0.0045177800    0.0080653300    0.0033829600
   0.0007275500    0.0060954600    0.0033569200
  -0.0009374500    0.0074574800    0.0038902200
  -0.0043296100    0.0082404300    0.0033374700
  -0.0001342600    0.0059705300    0.0036626400
   0.0000994000    0.0074704100    0.0036495700
  -0.0043267900    0.0081887200    0.0032134400
  -0.0012865100   -0.0050754800   -0.0018992700
  -0.0031164200   -0.0071406200   -0.0040034400
   0.0008107400   -0.0066717000    0.0008136300
  -0.0034979700   -0.0070501300   -0.0029079300
  -0.0030014400   -0.0070352800   -0.0039431800
   0.0008430300   -0.0065865600    0.0007934900
  -0.0035183200   -0.0070583300   -0.0028872100
  -0.0029204100   -0.0071749700   -0.0039893900
   0.0007465900   -0.0067241900    0.0007760100
   0.0208796600    0.0204570900   -0.0209243700
   0.0003249400   -0.0058138500    0.0038868700
   0.0001565000   -0.0074149000    0.0038668000
  -0.0042815800   -0.0081843000    0.0031769800
  -0.0001073100   -0.0058274200    0.0035732800
   0.0000643900   -0.0075318200    0.0035859300
  -0.0043552900   -0.0083911600    0.0033082700
   0.0000092000   -0.0059826400    0.0035983700
  -0.0002001800   -0.0078349500    0.0036632200
  -0.0010197600    0.0065363400    0.0011991400
   0.0030589100    0.0076549100   -0.0041177700
   0.0034498400    0.0070077700   -0.0029093300
  -0.0008776100    0.0067224800    0.0007805800
   0.0023707100    0.0064148100   -0.0041963400
   0.0034424800    0.0070267300   -0.0028863200
  -0.0008505700    0.0066027200    0.0007929300
   0.0030334200    0.0071459700   -0.0039924000
   0.0034755000    0.0070468100   -0.0029148000
   0.0012096000    0.0083470900    0.0035196000
  -0.0007113400    0.0048205500    0.0060643300
   0.0039915400    0.0081036100    0.0032683900
  -0.0004203700    0.0076092400    0.0034436700
   0.0022118100    0.0077436200    0.0001785600
   0.0041498900    0.0079220200    0.0032301700
  -0.0000791700    0.0075118800    0.0037684600
   0.0000941900    0.0059796300    0.0038606800
   0.0042662800    0.0081038600    0.0032138300
  -0.0029160000    0.0054904500   -0.0161071900
  -0.0023174200    0.0068074300   -0.0205096100
   0.0022481500    0.0068162400   -0.0204163500
   0.0000323100    0.0086099500   -0.0169014000
  -0.0023579700    0.0067301700   -0.0203076100
   0.0022788800    0.0067149300   -0.0204355200
   0.0000300100    0.0086386000   -0.0168657800
  -0.0023400400    0.0067080700   -0.0204203500
   0.0022925600    0.0066751100   -0.0205252300
  -0.0742713400   -0.0712600800    0.0403178800
  -0.0033134600    0.0069078800    0.0033530900
   0.0033256200    0.0066375000    0.0033502200
  -0.0001501100    0.0066586500    0.0099918500
  -0.0031507500    0.0067533700    0.0035522800
   0.0030846600    0.0066694400    0.0034086500
  -0.0001502300    0.0066585700    0.0099435400
  -0.0032568200    0.0066609600    0.0033812300
   0.0031922700    0.0067669900    0.0034210700
  -0.0005422400   -0.0056162600   -0.0098091400
   0.0006409800   -0.0064980100   -0.0099235700
  -0.0000160300   -0.0077350400   -0.0047356300
  -0.0011550100   -0.0061405000   -0.0099497500
   0.0013212500   -0.0058276400   -0.0099233200
  -0.0000099100   -0.0077237100   -0.0047496500
  -0.0010810700   -0.0060733000   -0.0099377300
   0.0010743000   -0.0060573500   -0.0099177800
  -0.0000227700   -0.0077370000   -0.0047308000
  -0.0024922600   -0.0099673400    0.0154284300
   0.0038839000   -0.0065630900    0.0163816500
   0.0000394700   -0.0114735600    0.0179826700
  -0.0014010100   -0.0091865200    0.0158969300
   0.0011479100   -0.0093627900    0.0157463800
   0.0000180900   -0.0113896100    0.0181296600
  -0.0013517100   -0.0091912100    0.0160371300
   0.0014525200   -0.0091734200    0.0160503500
  -0.0000495200   -0.0114055100    0.0182861300
  -0.0020392400    0.0055145200   -0.0051986000
  -0.0010867800    0.0060873600   -0.0098727200
   0.0009879900    0.0061424300   -0.0099739000
   0.0000226300    0.0076789300   -0.0047266100
  -0.0011060500    0.0060397500   -0.0099705600
   0.0010601700    0.0060680200   -0.0099168300
   0.0000225700    0.0076768500   -0.0047536700
  -0.0010768700    0.0060672200   -0.0099063800
   0.0010324700    0.0060404800   -0.0099044400
   0.0067566300    0.0195278400    0.0192762500
  -0.0016090200    0.0090399400    0.0161810000
   0.0013971000    0.0088860700    0.0162216700
   0.0000137900    0.0113815100    0.0182190900
  -0.0013427000    0.0093618200    0.0160737800
   0.0014976500    0.0093599700    0.0159740000
   0.0000270400    0.0114660200    0.0182758500
  -0.0013122500    0.0093807000    0.0158848900
   0.0014472400    0.0093170700    0.0159877500
  -0.0012599100   -0.0056236900   -0.0213842500
   0.0016677000   -0.0073311700   -0.0204605400
  -0.0000201300   -0.0086312700   -0.0168057200
  -0.0024811000   -0.0068442700   -0.0203775800
   0.0027399800   -0.0063996100   -0.0198302000
  -0.0000322900   -0.0086576100   -0.0167804100
  -0.0023202800   -0.0067267200   -0.0204166800
   0.0023371400   -0.0067452500   -0.0204032900
  -0.0000120600   -0.0086800700   -0.0168986500
  -0.0039286300   -0.0077706900    0.0029916800
   0.0020382400   -0.0081345300    0.0035511100
   0.0000869900   -0.0065655500    0.0098938500
  -0.0030299700   -0.0065623300    0.0034429600
   0.0030880600   -0.0067793800    0.0031163100
   0.0000731000   -0.0065727000    0.0099242500
  -0.0032386100   -0.0067679300    0.0034930300
   0.0030781200   -0.0068001600    0.0034907300
   0.0000517400   -0.0065237800    0.0099885600
   0.0009759900   -0.0311273300    0.0004081700
  -0.0008843600   -0.0291254900    0.0005072200
  -0.0000343400   -0.0330097100    0.0004844800
   0.0010577600   -0.0296514600    0.0004647600
  -0.0011696300   -0.0296583600    0.0002230900
   0.0000081100   -0.0330221500    0.0004537400
   0.0009522600   -0.0296585000    0.0003930200
  -0.0009712300   -0.0297044000    0.0003610200
  -0.0000288500   -0.0331059400    0.0004472700
  -0.0027798000   -0.0224381300    0.0066631000
   0.0053365100   -0.0260122700   -0.0010153500
  -0.0006150900   -0.0307787500   -0.0018497800
  -0.0036846200   -0.0257230700    0.0050343900
   0.0044097900   -0.0252447200    0.0053886900
  -0.0000957300   -0.0306635300   -0.0017978300
  -0.0039503600   -0.0258119200    0.0051566800
   0.0039256400   -0.0258412300    0.0051073900
  -0.0000374100   -0.0307990600   -0.0017497300
  -0.0006859600    0.0348782900   -0.0001530800
   0.0010104000    0.0297141000    0.0003842000
  -0.0009827800    0.0296149900    0.0003954700
  -0.0000321100    0.0331539900    0.0004402400
   0.0010122900    0.0295883400    0.0003881700
  -0.0009611600    0.0296692400    0.0003753600
   0.0000054500    0.0330284300    0.0004313000
   0.0009470600    0.0296972600    0.0003944300
  -0.0010969600    0.0297459500    0.0003891500
   0.0041957700    0.0303128000   -0.0070103300
  -0.0028970000    0.0258908300    0.0049530700
   0.0038127100    0.0258993800    0.0049476100
   0.0000408700    0.0309262600   -0.0018207700
  -0.0039851100    0.0256841500    0.0051153300
   0.0039443000    0.0257497000    0.0053594700
   0.0000086100    0.0307039000   -0.0019296100
  -0.0040193800    0.0258082300    0.0053256600
   0.0039697700    0.0258818800    0.0052707400
  -0.0003701300   -0.0040217200   -0.0022318100
   0.0001468800   -0.0035399700   -0.0021703100
   0.0000005600   -0.0037075000   -0.0022334100
   0.0000088900   -0.0036686300   -0.0021846300
  -0.0001264000   -0.0038350100   -0.0021936300
  -0.0000096500   -0.0037048300   -0.0022347800
  -0.0000184000   -0.0036784400   -0.0021893100
  -0.0000049600   -0.0036816700   -0.0021931900
  -0.0000177200   -0.0037077500   -0.0022402800
   0.0011405900    0.0049875100   -0.0023204400
  -0.0000319300    0.0036629600   -0.0021937600
   0.0000021300    0.0036617200   -0.0021855100
  -0.0000207200    0.0037116100   -0.0022393600
  -0.0000207700    0.0036831900   -0.0021869300
   0.0000127100    0.0036820300   -0.0021912600
  -0.0000203900    0.0037067400   -0.0022310600
  -0.0000170900    0.0036966400   -0.0021941200
   0.0000003900    0.0036795200   -0.0021920600
   0.0004431000   -0.0031495500    0.0027795000
  -0.0002394900   -0.0036007100    0.0028720200
   0.0000002000   -0.0035973100    0.0029053100
  -0.0000466400   -0.0036607500    0.0028921100
   0.0001858100   -0.0034464900    0.0029490900
  -0.0000124700   -0.0035896300    0.0029032100
  -0.0000427300   -0.0036518400    0.0028764600
   0.0000336000   -0.0036570900    0.0028764100
  -0.0000165000   -0.0036089700    0.0029059200
   0.0138697200    0.0192042200   -0.0105354700
  -0.0000080800    0.0036566300    0.0028948900
   0.0000132600    0.0036854100    0.0029042800
   0.0000146900    0.0035922900    0.0029073000
  -0.0000588100    0.0036342100    0.0028691600
   0.0000357300    0.0036385700    0.0028758800
   0.0000218200    0.0035628400    0.0029101400
  -0.0000523600    0.0036685900    0.0028822000
   0.0000333800    0.0036604300    0.0028828200

154  
 -0.0067865028774124  -0.0073446156260810   0.0000000000000000
   0.0153179600   -0.0320104000    0.0017610200
   0.0183234600   -0.0288733800   -0.0003762100
   0.0192138200   -0.0299545400    0.0024935900
   0.0189261700   -0.0308043400    0.0009346700
   0.0183993700   -0.0287501700   -0.0004958700
   0.0190911700   -0.0299796800    0.0024938000
   0.0190047200   -0.0307470700    0.0009194900
   0.0181585200   -0.0288740900   -0.0004189900
   0.0190317900   -0.0298399700    0.0024924000
   0.0045676900   -0.0397839100   -0.0133272500
   0.0200958700   -0.0259210900   -0.0031278600
   0.0187838200   -0.0302538700   -0.0029157200
   0.0199461300   -0.0300049900   -0.0008229600
   0.0196877500   -0.0254627900   -0.0019669700
   0.0194002800   -0.0299406000   -0.0031978900
   0.0200007000   -0.0301985000   -0.0008542800
   0.0193675100   -0.0254077600   -0.0022423800
   0.0193249900   -0.0299699100   -0.0030338700
  -0.0172799300    0.0303094000    0.0024855100
  -0.0185111800    0.0288845000   -0.0005972500
  -0.0190037900    0.0308122400    0.0009348300
  -0.0191785000    0.0297814400    0.0025228100
  -0.0182590200    0.0291012000   -0.0002605700
  -0.0189634600    0.0307919000    0.0009456000
  -0.0191582800    0.0299386200    0.0024842600
  -0.0181783700    0.0287766700   -0.0004374100
  -0.0189003800    0.0308848000    0.0009278200
  -0.0262029200    0.0209978300   -0.0129922200
  -0.0174720500    0.0256711300    0.0000682700
  -0.0207634400    0.0300359200   -0.0008432000
  -0.0191998300    0.0301281400   -0.0035403900
  -0.0198382200    0.0249939100   -0.0024003400
  -0.0199476400    0.0301025000   -0.0006941200
  -0.0193973100    0.0298849300   -0.0029668400
  -0.0193644200    0.0254121100   -0.0019009500
  -0.0199336500    0.0301772100   -0.0007141900
  -0.0192970100   -0.0295189600    0.0006633500
  -0.0191260000   -0.0299584700    0.0025244400
  -0.0183686100   -0.0286423100   -0.0004577500
  -0.0188782700   -0.0308790000    0.0009153900
  -0.0191674900   -0.0298840400    0.0025046600
  -0.0182179600   -0.0287819400   -0.0004205000
  -0.0189919900   -0.0307711800    0.0009439400
  -0.0191069900   -0.0300419500    0.0025076000
  -0.0182270000   -0.0288929100   -0.0004379900
  -0.0293323600   -0.0314540400    0.0030466100
  -0.0192750200   -0.0297886800   -0.0027521300
  -0.0176724400   -0.0260003400   -0.0020551400
  -0.0200053500   -0.0298985300   -0.0006137000
  -0.0195318500   -0.0299410200   -0.0029796700
  -0.0193105400   -0.0254093000   -0.0020390600
  -0.0200545600   -0.0300494100   -0.0006191100
  -0.0193700800   -0.0300239700   -0.0030984200
  -0.0193893000   -0.0255108600   -0.0021157800
   0.0181506800    0.0285330800   -0.0006040300
   0.0194055800    0.0302886800    0.0026108100
   0.0189438100    0.0308410200    0.0008916900
   0.0183096100    0.0288924600   -0.0004392600
   0.0191426200    0.0295604600    0.0025485300
   0.0190157400    0.0308399700    0.0009239000
   0.0182449600    0.0287648200   -0.0004257500
   0.0192103500    0.0299410200    0.0025027800
   0.0189277300    0.0308290200    0.0009295700
   0.0197233200    0.0258949200   -0.0023464000
   0.0209323500    0.0274907800   -0.0085765000
   0.0201977700    0.0298904300   -0.0010720400
   0.0196289000    0.0256608100   -0.0021068700
   0.0190205100    0.0312313800   -0.0031771400
   0.0201246000    0.0301944900   -0.0007561200
   0.0193853400    0.0254261500   -0.0020707400
   0.0193618900    0.0299058300   -0.0031296900
   0.0199702800    0.0301164300   -0.0005284500
   0.0054358200   -0.0059682300   -0.0032534600
  -0.0009338000   -0.0066117200    0.0008272500
   0.0030031500   -0.0071664000   -0.0039517300
   0.0034454300   -0.0070315300   -0.0029187700
  -0.0008529000   -0.0067150900    0.0007926100
   0.0029988200   -0.0070929600   -0.0040030200
   0.0034856100   -0.0071675600   -0.0029122200
  -0.0007390600   -0.0066073700    0.0008225200
   0.0029870400   -0.0071787500   -0.0039938800
   0.0079086100   -0.0108669000    0.0083834600
  -0.0005691000   -0.0074566900    0.0037249000
  -0.0000844200   -0.0058221600    0.0037521400
   0.0041908600   -0.0080851400    0.0032222700
  -0.0001068000   -0.0075322500    0.0038035500
   0.0000542000   -0.0058957900    0.0036411300
   0.0040142100   -0.0077107000    0.0032215500
   0.0002407100   -0.0073118100    0.0032631700
   0.0000293200   -0.0059742900    0.0036669600
  -0.0032613100    0.0067106800   -0.0039522900
   0.0007880900    0.0067158700    0.0006856700
  -0.0034896500    0.0071064300   -0.0028986400
  -0.0031739000    0.0073650100   -0.0039534500
   0.0005108900    0.0064779400    0.0008511600
  -0.0035062000    0.0071012700   -0.0029167600
  -0.0029980100    0.0071297500   -0.0039868400
   0.0008837100    0.0066533700    0.0007977200
  -0.0034343900    0.0069342800   -0.0029159200
  -0.0001012900    0.0065281100    0.0034975000
  -0.0002761800    0.0073501500    0.0044888300
  -0.0040339500    0.0081649200    0.0031595200
  -0.0009679300    0.0057864500    0.0040706700
   0.0011031600    0.0075510200    0.0035429000
  -0.0042293500    0.0079900800    0.0032060000
  -0.0000958800    0.0058955700    0.0037308600
   0.0000684400    0.0075427700    0.0037758300
  -0.0042226600    0.0080362100    0.0033345700
  -0.0056650500   -0.0090077900   -0.0038756100
  -0.0029334800   -0.0071441000   -0.0039693800
   0.0008975300   -0.0065691100    0.0007915200
  -0.0034533100   -0.0070231600   -0.0028952600
  -0.0030497900   -0.0072498300   -0.0040281900
   0.0008679900   -0.0066516800    0.0008117000
  -0.0034322300   -0.0070146000   -0.0029146300
  -0.0031306100   -0.0071035700   -0.0039812800
   0.0009557000   -0.0065229500    0.0008299000
  -0.0284756600   -0.0353333500    0.0257979900
  -0.0005553900   -0.0060546300    0.0035109900
   0.0000105000   -0.0075986300    0.0035530500
  -0.0042700700   -0.0080424500    0.0033673100
  -0.0001230300   -0.0060392600    0.0038131800
   0.0001037600   -0.0074821700    0.0038353400
  -0.0042041700   -0.0078371500    0.0032383500
  -0.0002377100   -0.0058793700    0.0037928800
   0.0003650200   -0.0071898400    0.0037440000
  -0.0006988900    0.0067066000    0.0004084100
   0.0029808200    0.0066276300   -0.0038514900
   0.0034887500    0.0070657800   -0.0028932500
  -0.0008380800    0.0065154300    0.0008251500
   0.0036796400    0.0078838200   -0.0037778700
   0.0034984100    0.0070476900   -0.0029153300
  -0.0008690000    0.0066353800    0.0008110300
   0.0030065800    0.0071362900   -0.0039786700
   0.0034649700    0.0070314100   -0.0028889700
  -0.0013893000    0.0066737700    0.0039556900
   0.0009431800    0.0070108200    0.0013438300
   0.0045496900    0.0081249500    0.0032742800
   0.0002430800    0.0074058400    0.0039781700
  -0.0019259500    0.0041746500    0.0072292600
   0.0043988800    0.0083084100    0.0033131500
  -0.0000989100    0.0075013900    0.0036574200
   0.0001264600    0.0058851800    0.0035339200
   0.0042762400    0.0081274500    0.0033358100
   0.0029505200    0.0118165700   -0.0177920800
  -0.0023333700    0.0066567100   -0.0203221300
   0.0023951700    0.0066473300   -0.0204161400
  -0.0000373700    0.0087357100   -0.0167154600
  -0.0022955900    0.0067320300   -0.0205210100
   0.0023635300    0.0067479000   -0.0203884500
  -0.0000346200    0.0087049800   -0.0167503000
  -0.0023126100    0.0067547900   -0.0204037800
   0.0023516500    0.0067884400   -0.0203045700
   0.0756397400    0.0842664800   -0.0184769700
  -0.0030410300    0.0065875100    0.0036078200
   0.0030167000    0.0068548000    0.0036109000
   0.0001443700    0.0065871500    0.0099731400
  -0.0032040300    0.0067368500    0.0034178800
   0.0032600400    0.0068266400    0.0035560600
   0.0001442800    0.0065868900    0.0100189100
  -0.0031021100    0.0068368000    0.0035863300
   0.0031596300    0.0067317900    0.0035494400
  -0.0015948600   -0.0065155200   -0.0100259000
   0.0014906700   -0.0056387600   -0.0099060700
   0.0000114100   -0.0077410300   -0.0047328600
  -0.0009867900   -0.0059993400   -0.0098942000
   0.0008105200   -0.0063132900   -0.0099202200
   0.0000060200   -0.0077506300   -0.0047179400
  -0.0010618500   -0.0060687500   -0.0099127800
   0.0010591900   -0.0060841600   -0.0099335600
   0.0000181700   -0.0077379300   -0.0047372000
  -0.0002977600   -0.0085730100    0.0165804800
  -0.0011038600   -0.0119516000    0.0156913000
  -0.0000434100   -0.0112285600    0.0183706800
  -0.0013614000   -0.0093203000    0.0161672300
   0.0016097600   -0.0091469900    0.0162648400
  -0.0000227400   -0.0113097400    0.0182242300
  -0.0014102100   -0.0093124700    0.0160167400
   0.0013003700   -0.0093296900    0.0160028700
   0.0000431600   -0.0112891500    0.0180687500
   0.0020459200    0.0099607500   -0.0041850500
  -0.0010524300    0.0060556300   -0.0099777000
   0.0011431100    0.0059996500   -0.0098751000
  -0.0000275500    0.0077980000   -0.0047405700
  -0.0010368100    0.0060996700   -0.0098813400
   0.0010715900    0.0060736500   -0.0099332700
  -0.0000276000    0.0077958200   -0.0047135600
  -0.0010662500    0.0060729400   -0.0099454500
   0.0011025400    0.0061000300   -0.0099467400
  -0.0068613800    0.0031727000    0.0177101500
  -0.0011615800    0.0094674200    0.0158804400
   0.0013594600    0.0096255500    0.0158393500
  -0.0000173300    0.0113114200    0.0181392100
  -0.0014233900    0.0091470600    0.0159915300
   0.0012594000    0.0091424900    0.0160821300
  -0.0000317200    0.0112313700    0.0180829500
  -0.0014523000    0.0091250600    0.0161699300
   0.0013043500    0.0091861400    0.0160767500
  -0.0033793900   -0.0078190100   -0.0194558400
   0.0029538100   -0.0061044700   -0.0204220600
   0.0000157400   -0.0087137900   -0.0168081100
  -0.0021664200   -0.0066218900   -0.0204644400
   0.0018994500   -0.0070633900   -0.0209948700
   0.0000282600   -0.0086868500   -0.0168325800
  -0.0023316000   -0.0067373900   -0.0204055000
   0.0023050700   -0.0067184200   -0.0204178400
   0.0000074100   -0.0086636500   -0.0167150100
  -0.0024267800   -0.0057278900    0.0039261100
   0.0043102100   -0.0053793100    0.0033675800
  -0.0000919000   -0.0066740100    0.0100715000
  -0.0033286300   -0.0069301600    0.0035090500
   0.0032746100   -0.0066984400    0.0038105700
  -0.0000775800   -0.0066712400    0.0100413100
  -0.0031177600   -0.0067296800    0.0034716700
   0.0032677800   -0.0066979100    0.0034742800
  -0.0000556900   -0.0067224300    0.0099785000
   0.0009474400   -0.0282813000    0.0003551000
  -0.0010493600   -0.0302853400    0.0002571600
   0.0000294500   -0.0329995100    0.0004328700
   0.0008611900   -0.0297400100    0.0002994400
  -0.0007611200   -0.0297318700    0.0005423900
  -0.0000134400   -0.0329868300    0.0004623300
   0.0009691700   -0.0297278700    0.0003720300
  -0.0009608600   -0.0296809200    0.0004039700
   0.0000271200   -0.0329081000    0.0004688600
  -0.0051807600   -0.0291312900    0.0036628400
   0.0025824900   -0.0254984500    0.0113365900
   0.0006083300   -0.0305624100   -0.0018523000
  -0.0042348800   -0.0258404100    0.0053001300
   0.0035021600   -0.0263126400    0.0049680200
   0.0000883400   -0.0306761200   -0.0019076600
  -0.0039750700   -0.0257438200    0.0051735100
   0.0039891000   -0.0257127600    0.0052230200
   0.0000354800   -0.0305442700   -0.0019584000
   0.0006819000    0.0311600700    0.0010954500
   0.0009109300    0.0296807000    0.0003812700
  -0.0009477400    0.0297831200    0.0003700700
   0.0000257300    0.0328649700    0.0004762200
   0.0009075200    0.0298110100    0.0003762300
  -0.0009703600    0.0297265200    0.0003896400
  -0.0000104400    0.0329902300    0.0004842000
   0.0009799800    0.0296959000    0.0003703900
  -0.0008391200    0.0296526900    0.0003761700
  -0.0042174900    0.0304453900    0.0028125600
  -0.0050272900    0.0256783300    0.0053810900
   0.0041121700    0.0256696400    0.0053915100
  -0.0000496700    0.0304303600   -0.0018854300
  -0.0039347100    0.0258777600    0.0052152200
   0.0039685800    0.0258124300    0.0049723600
  -0.0000139100    0.0306472100   -0.0017783000
  -0.0039014800    0.0257509700    0.0050084000
   0.0039418300    0.0256823000    0.0050598400
   0.0003502500   -0.0033481900   -0.0021572100
  -0.0001365800   -0.0038283100   -0.0022194000
  -0.0000054900   -0.0036939700   -0.0022397400
  -0.0000267500   -0.0036957600   -0.0022039300
   0.0001347600   -0.0035296800   -0.0021949200
   0.0000048900   -0.0036966300   -0.0022380000
   0.0000011700   -0.0036867900   -0.0021988800
   0.0000126900   -0.0036834300   -0.0021950900
   0.0000127600   -0.0036941900   -0.0022330400
  -0.0011520800    0.0024174400   -0.0021547500
   0.0000141900    0.0037024500   -0.0021947200
   0.0000051700    0.0037038400   -0.0022028400
   0.0000159000    0.0036900800   -0.0022341300
   0.0000041600    0.0036830600   -0.0022013500
  -0.0000054400    0.0036840200   -0.0021966600
   0.0000154200    0.0036956800   -0.0022421500
   0.0000002100    0.0036686500   -0.0021941600
   0.0000069200    0.0036857600   -0.0021961800
  -0.0005124100   -0.0041388900    0.0029644500
   0.0002943900   -0.0036813400    0.0028702500
  -0.0000050400   -0.0035977400    0.0028885700
  -0.0000284200   -0.0036393400    0.0028503400
  -0.0001245000   -0.0038576200    0.0027954200
   0.0000079300   -0.0036048000    0.0028903500
  -0.0000344900   -0.0036457900    0.0028640700
   0.0000341200   -0.0036402400    0.0028642200
   0.0000117500   -0.0035862200    0.0028876800
  -0.0137241000   -0.0117768500    0.0147178300
  -0.0000689900    0.0036417000    0.0028468300
   0.0000545700    0.0036129500    0.0028369700
  -0.0000195900    0.0036032600    0.0028875900
  -0.0000190300    0.0036632000    0.0028711800
   0.0000311800    0.0036598200    0.0028644200
  -0.0000266700    0.0036318900    0.0028846300
  -0.0000244900    0.0036291800    0.0028583300
   0.0000340800    0.0036375900    0.0028576500

154  
  0.0000000000000000   0.0000000000000000   0.0100000000000000
   0.0188769500   -0.0305365000    0.0016875000
   0.0183121600   -0.0288368300   -0.0004065700
   0.0191515400   -0.0299504100    0.0024509600
   0.0190433500   -0.0308098200    0.0009475500
   0.0182760900   -0.0288271300   -0.0004143500
   0.0191257100   -0.0299182400    0.0024873000
   0.0190155100   -0.0308016100    0.0009345400
   0.0181629200   -0.0287460600   -0.0004300700
   0.0192234800   -0.0299843900    0.0025035900
   0.0300586000   -0.0272724800    0.0280872400
   0.0197212200   -0.0245938500   -0.0021075000
   0.0197152500   -0.0293657200   -0.0031502800
   0.0202651100   -0.0300699000   -0.0007164300
   0.0193136300   -0.0252625400   -0.0024034000
   0.0193119100   -0.0298426600   -0.0029981100
   0.0200566200   -0.0302407500   -0.0006322600
   0.0193875500   -0.0254439600   -0.0021054600
   0.0196019700   -0.0299827800   -0.0031826600
  -0.0194586500    0.0295839000    0.0022737300
  -0.0183294600    0.0288288300   -0.0004283600
  -0.0189931900    0.0308641400    0.0009324000
  -0.0192287900    0.0299087700    0.0024495400
  -0.0181980600    0.0287211700   -0.0004456100
  -0.0189289700    0.0308350400    0.0009280500
  -0.0191516200    0.0299518800    0.0025020100
  -0.0181666100    0.0288440400   -0.0004524300
  -0.0190455900    0.0308170000    0.0009288600
  -0.0194664900    0.0304041800   -0.0007729700
  -0.0195389400    0.0250597900   -0.0025232300
  -0.0194271300    0.0300216800   -0.0005532100
  -0.0195455300    0.0301051500   -0.0028176100
  -0.0191425400    0.0256092600   -0.0014235400
  -0.0200878900    0.0301245000   -0.0006345600
  -0.0195359300    0.0299141800   -0.0030465800
  -0.0193788500    0.0254774000   -0.0021204100
  -0.0201425800    0.0301693500   -0.0006618600
  -0.0188769500   -0.0305365000    0.0016875000
  -0.0191515400   -0.0299504100    0.0024509600
  -0.0183121600   -0.0288368300   -0.0004065700
  -0.0190433500   -0.0308098200    0.0009475500
  -0.0191257100   -0.0299182400    0.0024873000
  -0.0182760900   -0.0288271300   -0.0004143500
  -0.0190155100   -0.0308016100    0.0009345400
  -0.0192234800   -0.0299843900    0.0025035900
  -0.0181629200   -0.0287460600   -0.0004300700
  -0.0300586000   -0.0272724800    0.0280872400
  -0.0197152500   -0.0293657200   -0.0031502800
  -0.0197212200   -0.0245938500   -0.0021075000
  -0.0202651100   -0.0300699000   -0.0007164300
  -0.0193119100   -0.0298426600   -0.0029981100
  -0.0193136300   -0.0252625400   -0.0024034000
  -0.0200566200   -0.0302407500   -0.0006322600
  -0.0196019700   -0.0299827800   -0.0031826600
  -0.0193875500   -0.0254439600   -0.0021054600
   0.0183294600    0.0288288300   -0.0004283600
   0.0194586500    0.0295839000    0.0022737300
   0.0189931900    0.0308641400    0.0009324000
   0.0181980600    0.0287211700   -0.0004456100
   0.0192287900    0.0299087700    0.0024495400
   0.0189289700    0.0308350400    0.0009280500
   0.0181666100    0.0288440400   -0.0004524300
   0.0191516200    0.0299518800    0.0025020100
   0.0190455900    0.0308170000    0.0009288600
   0.0195389400    0.0250597900   -0.0025232300
   0.0194664900    0.0304041800   -0.0007729700
   0.0194271300    0.0300216800   -0.0005532100
   0.0191425400    0.0256092600   -0.0014235400
   0.0195455300    0.0301051500   -0.0028176100
   0.0200878900    0.0301245000   -0.0006345600
   0.0193788500    0.0254774000   -0.0021204100
   0.0195359300    0.0299141800   -0.0030465800
   0.0201425800    0.0301693500   -0.0006618600
   0.0038737300   -0.0071824300   -0.0025639100
  -0.0008502900   -0.0066202400    0.0008247400
   0.0030692100   -0.0071917400   -0.0040407100
   0.0035097300   -0.0070698300   -0.0029223900
  -0.0008549200   -0.0065856800    0.0008366700
   0.0030437700   -0.0071671800   -0.0039793900
   0.0035626900   -0.0070990200   -0.0029005100
  -0.0007762400   -0.0067392900    0.0008175000
   0.0030373100   -0.0071171800   -0.0039691900
   0.0159883700   -0.0217627600    0.0408074000
   0.0000331500   -0.0074974800    0.0036570500
  -0.0000259800   -0.0060389600    0.0038021200
   0.0043512100   -0.0082282700    0.0032813300
   0.0000144000   -0.0074550000    0.0035172500
   0.0002268800   -0.0059543200    0.0035425000
   0.0043523300   -0.0084573200    0.0032688200
  -0.0001569300   -0.0075998400    0.0035429400
   0.0000163700   -0.0059280800    0.0035720300
  -0.0030798400    0.0071751000   -0.0040451400
   0.0007967000    0.0067017300    0.0007873600
  -0.0034000400    0.0069995000   -0.0029066400
  -0.0032168800    0.0074137100   -0.0040173000
   0.0008062400    0.0066561600    0.0007217600
  -0.0035017600    0.0070480200   -0.0029011500
  -0.0030210200    0.0071403600   -0.0039763000
   0.0008613200    0.0065967500    0.0007783300
  -0.0035032300    0.0070931000   -0.0029320600
   0.0003233000    0.0057815000    0.0041690300
   0.0000533700    0.0072105000    0.0044082900
  -0.0042220900    0.0081406400    0.0032752000
  -0.0012075900    0.0061670100    0.0031635000
   0.0005349900    0.0075794200    0.0038020800
  -0.0041986300    0.0081060400    0.0032617200
  -0.0001370000    0.0060063600    0.0037101000
   0.0000577700    0.0074965500    0.0037240000
  -0.0043280800    0.0081881700    0.0034054600
  -0.0038737300   -0.0071824300   -0.0025639100
  -0.0030692100   -0.0071917400   -0.0040407100
   0.0008502900   -0.0066202400    0.0008247400
  -0.0035097300   -0.0070698300   -0.0029223900
  -0.0030437700   -0.0071671800   -0.0039793900
   0.0008549200   -0.0065856800    0.0008366700
  -0.0035626900   -0.0070990200   -0.0029005100
  -0.0030373100   -0.0071171800   -0.0039691900
   0.0007762400   -0.0067392900    0.0008175000
  -0.0159883700   -0.0217627600    0.0408074000
   0.0000259800   -0.0060389600    0.0038021200
  -0.0000331500   -0.0074974800    0.0036570500
  -0.0043512100   -0.0082282700    0.0032813300
  -0.0002268800   -0.0059543200    0.0035425000
  -0.0000144000   -0.0074550000    0.0035172500
  -0.0043523300   -0.0084573200    0.0032688200
  -0.0000163700   -0.0059280800    0.0035720300
   0.0001569300   -0.0075998400    0.0035429400
  -0.0007967000    0.0067017300    0.0007873600
   0.0030798400    0.0071751000   -0.0040451400
   0.0034000400    0.0069995000   -0.0029066400
  -0.0008062400    0.0066561600    0.0007217600
   0.0032168800    0.0074137100   -0.0040173000
   0.0035017600    0.0070480200   -0.0029011500
  -0.0008613200    0.0065967500    0.0007783300
   0.0030210200    0.0071403600   -0.0039763000
   0.0035032300    0.0070931000   -0.0029320600
  -0.0000533700    0.0072105000    0.0044082900
  -0.0003233000    0.0057815000    0.0041690300
   0.0042220900    0.0081406400    0.0032752000
  -0.0005349900    0.0075794200    0.0038020800
   0.0012075900    0.0061670100    0.0031635000
   0.0041986300    0.0081060400    0.0032617200
  -0.0000577700    0.0074965500    0.0037240000
   0.0001370000    0.0060063600    0.0037101000
   0.0043280800    0.0081881700    0.0034054600
  -0.0000000000    0.0094902000   -0.0187187900
  -0.0023017200    0.0067420800   -0.0204186400
   0.0023017200    0.0067420800   -0.0204186400
  -0.0000000000    0.0086838500   -0.0169714600
  -0.0023547000    0.0067324100   -0.0204947900
   0.0023547000    0.0067324100   -0.0204947900
  -0.0000000000    0.0086766800   -0.0169362700
  -0.0023511400    0.0067743800   -0.0205169800
   0.0023511400    0.0067743800   -0.0205169800
  -0.0000000000    0.0461853200   -0.4088916800
  -0.0031745400    0.0065764900    0.0027936500
   0.0031745400    0.0065764900    0.0027936500
  -0.0000000000    0.0065750500    0.0096072700
  -0.0031465900    0.0066368900    0.0033474100
   0.0031465900    0.0066368900    0.0033474100
  -0.0000000000    0.0066378900    0.0096068900
  -0.0032800200    0.0067489500    0.0033486600
   0.0032800200    0.0067489500    0.0033486600
  -0.0009753000   -0.0059914300   -0.0097264400
   0.0009753000   -0.0059914300   -0.0097264400
  -0.0000000000   -0.0077380700   -0.0047769600
  -0.0010878200   -0.0060892200   -0.0098159300
   0.0010878200   -0.0060892200   -0.0098159300
  -0.0000000000   -0.0077564900   -0.0047540800
  -0.0010845700   -0.0060715300   -0.0099395600
   0.0010845700   -0.0060715300   -0.0099395600
  -0.0000000000   -0.0077300300   -0.0047263700
  -0.0023345200   -0.0094574200    0.0152918500
   0.0023345200   -0.0094574200    0.0152918500
  -0.0000000000   -0.0114929900    0.0181745500
  -0.0014881600   -0.0092653400    0.0159796400
   0.0014881600   -0.0092653400    0.0159796400
  -0.0000000000   -0.0113699000    0.0182045000
  -0.0013709000   -0.0092228600    0.0161237100
   0.0013709000   -0.0092228600    0.0161237100
  -0.0000000000   -0.0112955000    0.0182477900
  -0.0000000000    0.0084068100   -0.0036639600
  -0.0009932800    0.0060724100   -0.0099767400
   0.0009932800    0.0060724100   -0.0099767400
  -0.0000000000    0.0077678700   -0.0047341400
  -0.0010699100    0.0060455100   -0.0099498600
   0.0010699100    0.0060455100   -0.0099498600
  -0.0000000000    0.0077299500   -0.0047333900
  -0.0011076600    0.0060987300   -0.0099499400
   0.0011076600    0.0060987300   -0.0099499400
  -0.0000000000    0.0099598900    0.0641521600
  -0.0015886700    0.0090903400    0.0165863700
   0.0015886700    0.0090903400    0.0165863700
  -0.0000000000    0.0112742100    0.0183820500
  -0.0014246700    0.0093656900    0.0162700900
   0.0014246700    0.0093656900    0.0162700900
  -0.0000000000    0.0114631800    0.0183728900
  -0.0013022800    0.0092193900    0.0163023700
   0.0013022800    0.0092193900    0.0163023700
  -0.0021955800   -0.0066801000   -0.0204898700
   0.0021955800   -0.0066801000   -0.0204898700
  -0.0000000000   -0.0086571200   -0.0166716400
  -0.0022991200   -0.0067717800   -0.0203767000
   0.0022991200   -0.0067717800   -0.0203767000
  -0.0000000000   -0.0086992600   -0.0167776200
  -0.0023212100   -0.0067401800   -0.0204303100
   0.0023212100   -0.0067401800   -0.0204303100
  -0.0000000000   -0.0086475000   -0.0169010100
  -0.0027684400   -0.0065036600    0.0008954500
   0.0027684400   -0.0065036600    0.0008954500
  -0.0000000000   -0.0064994900    0.0095781600
  -0.0034085400   -0.0064873400    0.0018970000
   0.0034085400   -0.0064873400    0.0018970000
  -0.0000000000   -0.0065406300    0.0097172400
  -0.0031777200   -0.0067592500    0.0033158300
   0.0031777200   -0.0067592500    0.0033158300
  -0.0000000000   -0.0066268900    0.0098054800
   0.0008599800   -0.0298751300    0.0003050600
  -0.0008599800   -0.0298751300    0.0003050600
  -0.0000000000   -0.0329569100    0.0004613600
   0.0010299900   -0.0297158600    0.0003640500
  -0.0010299900   -0.0297158600    0.0003640500
  -0.0000000000   -0.0329378400    0.0004524600
   0.0009508400   -0.0296771600    0.0003782800
  -0.0009508400   -0.0296771600    0.0003782800
  -0.0000000000   -0.0330960600    0.0004470000
  -0.0040481600   -0.0262939100    0.0043673300
   0.0040481600   -0.0262939100    0.0043673300
  -0.0000000000   -0.0305501500   -0.0017246100
  -0.0042136000   -0.0256983600    0.0055938500
   0.0042136000   -0.0256983600    0.0055938500
  -0.0000000000   -0.0305883000   -0.0017706500
  -0.0038818200   -0.0257980200    0.0051110700
   0.0038818200   -0.0257980200    0.0051110700
  -0.0000000000   -0.0308291600   -0.0017911200
  -0.0000000000    0.0328841300    0.0014700900
   0.0009152200    0.0297964300    0.0003823600
  -0.0009152200    0.0297964300    0.0003823600
  -0.0000000000    0.0331265300    0.0004510200
   0.0009211500    0.0297178300    0.0003721000
  -0.0009211500    0.0297178300    0.0003721000
  -0.0000000000    0.0330435200    0.0004328700
   0.0010266400    0.0297215500    0.0003913200
  -0.0010266400    0.0297215500    0.0003913200
  -0.0000000000    0.0283697200    0.0096436600
  -0.0035224600    0.0255597500    0.0051312300
   0.0035224600    0.0255597500    0.0051312300
  -0.0000000000    0.0308892700   -0.0016501700
  -0.0040930800    0.0257008500    0.0051568800
   0.0040930800    0.0257008500    0.0051568800
  -0.0000000000    0.0307295600   -0.0018266000
  -0.0039228300    0.0258684600    0.0051562600
   0.0039228300    0.0258684600    0.0051562600
  -0.0000153400   -0.0036881500   -0.0022026700
   0.0000153400   -0.0036881500   -0.0022026700
  -0.0000000000   -0.0037084100   -0.0022421200
  -0.0000137100   -0.0036607200   -0.0022027400
   0.0000137100   -0.0036607200   -0.0022027400
  -0.0000000000   -0.0036854200   -0.0022421300
  -0.0000091400   -0.0036773600   -0.0022005500
   0.0000091400   -0.0036773600   -0.0022005500
  -0.0000000000   -0.0037000900   -0.0022489500
  -0.0000000000    0.0034393900   -0.0020584400
  -0.0000158900    0.0036878900   -0.0022058800
   0.0000158900    0.0036878900   -0.0022058800
  -0.0000000000    0.0036972200   -0.0022475700
   0.0000004100    0.0036882800   -0.0022018900
  -0.0000004100    0.0036882800   -0.0022018900
  -0.0000000000    0.0036991400   -0.0022466300
  -0.0000029700    0.0036756400   -0.0022024700
   0.0000029700    0.0036756400   -0.0022024700
   0.0001848900   -0.0034101000    0.0033216300
  -0.0001848900   -0.0034101000    0.0033216300
  -0.0000000000   -0.0035844600    0.0029669100
   0.0000776000   -0.0037985000    0.0031791000
  -0.0000776000   -0.0037985000    0.0031791000
  -0.0000000000   -0.0035881100    0.0029571700
  -0.0000445100   -0.0036495200    0.0029229900
   0.0000445100   -0.0036495200    0.0029229900
  -0.0000000000   -0.0036097900    0.0029417600
  -0.0000000000   -0.0141540700    0.2330729000
  -0.0000147600    0.0036529400    0.0030301100
   0.0000147600    0.0036529400    0.0030301100
  -0.0000000000    0.0036160500    0.0030127900
  -0.0000522200    0.0036362000    0.0029208600
   0.0000522200    0.0036362000    0.0029208600
  -0.0000000000    0.0035954300    0.0030092300
  -0.0000352800    0.0036641000    0.0029262400
   0.0000352800    0.0036641000    0.0029262400

154  
  0.0000000000000000   0.0000000000000000  -0.0100000000000000
   0.0191100600   -0.0311287700    0.0001741200
   0.0180984100   -0.0287649100   -0.0004779800
   0.0191569700   -0.0299289900    0.0025300600
   0.0189113800   -0.0308471800    0.0009044300
   0.0181297700   -0.0287771300   -0.0004713600
   0.0191834000   -0.0299605800    0.0024931700
   0.0189378800   -0.0308556400    0.0009161000
   0.0182353700   -0.0288571200   -0.0004548400
   0.0190912200   -0.0298987900    0.0024778300
   0.0089227700   -0.0334090800   -0.0300691400
   0.0190798300   -0.0263420100   -0.0020933700
   0.0191574200   -0.0305118300   -0.0029432500
   0.0198076600   -0.0302361300   -0.0006902400
   0.0194699900   -0.0256642100   -0.0018040800
   0.0195665200   -0.0300162400   -0.0030957500
   0.0200178000   -0.0300583100   -0.0007726300
   0.0193937400   -0.0254843000   -0.0020946000
   0.0192720600   -0.0298722500   -0.0029131900
  -0.0188818000    0.0303018500    0.0027037500
  -0.0180779000    0.0288075700   -0.0004511600
  -0.0189580400    0.0308143100    0.0009194700
  -0.0190828100    0.0299912300    0.0025302800
  -0.0182032100    0.0288994300   -0.0004378800
  -0.0190207700    0.0308441800    0.0009233800
  -0.0191581600    0.0299490200    0.0024784000
  -0.0182307900    0.0287811000   -0.0004336800
  -0.0189115000    0.0308590600    0.0009223700
  -0.0192786000    0.0295256900   -0.0052724700
  -0.0192593100    0.0258897000   -0.0016719300
  -0.0206712900    0.0303145000   -0.0008527600
  -0.0193291200    0.0297860900   -0.0032724300
  -0.0196455600    0.0253084000   -0.0027662100
  -0.0199764900    0.0302061300   -0.0007703300
  -0.0193396300    0.0299675200   -0.0030480700
  -0.0194039100    0.0254672700   -0.0020784600
  -0.0199277400    0.0301600200   -0.0007429900
  -0.0191100600   -0.0311287700    0.0001741200
  -0.0191569700   -0.0299289900    0.0025300600
  -0.0180984100   -0.0287649100   -0.0004779800
  -0.0189113800   -0.0308471800    0.0009044300
  -0.0191834000   -0.0299605800    0.0024931700
  -0.0181297700   -0.0287771300   -0.0004713600
  -0.0189378800   -0.0308556400    0.0009161000
  -0.0190912200   -0.0298987900    0.0024778300
  -0.0182353700   -0.0288571200   -0.0004548400
  -0.0089227700   -0.0334090800   -0.0300691400
  -0.0191574200   -0.0305118300   -0.0029432500
  -0.0190798300   -0.0263420100   -0.0020933700
  -0.0198076600   -0.0302361300   -0.0006902400
  -0.0195665200   -0.0300162400   -0.0030957500
  -0.0194699900   -0.0256642100   -0.0018040800
  -0.0200178000   -0.0300583100   -0.0007726300
  -0.0192720600   -0.0298722500   -0.0029131900
  -0.0193937400   -0.0254843000   -0.0020946000
   0.0180779000    0.0288075700   -0.0004511600
   0.0188818000    0.0303018500    0.0027037500
   0.0189580400    0.0308143100    0.0009194700
   0.0182032100    0.0288994300   -0.0004378800
   0.0190828100    0.0299912300    0.0025302800
   0.0190207700    0.0308441800    0.0009233800
   0.0182307900    0.0287811000   -0.0004336800
   0.0191581600    0.0299490200    0.0024784000
   0.0189115000    0.0308590600    0.0009223700
   0.0192593100    0.0258897000   -0.0016719300
   0.0192786000    0.0295256900   -0.0052724700
   0.0206712900    0.0303145000   -0.0008527600
   0.0196455600    0.0253084000   -0.0027662100
   0.0193291200    0.0297860900   -0.0032724300
   0.0199764900    0.0302061300   -0.0007703300
   0.0194039100    0.0254672700   -0.0020784600
   0.0193396300    0.0299675200   -0.0030480700
   0.0199277400    0.0301600200   -0.0007429900
   0.0030396400   -0.0068672200   -0.0032316100
  -0.0008625600   -0.0066111000    0.0007616500
   0.0029779500   -0.0070820400   -0.0039503300
   0.0034343800   -0.0069918100   -0.0028986000
  -0.0008594600   -0.0066393000    0.0007500400
   0.0030027200   -0.0071065100   -0.0040107000
   0.0033852300   -0.0069645000   -0.0029199700
  -0.0009352500   -0.0064912000    0.0007672000
   0.0030075200   -0.0071519800   -0.0040203200
  -0.0081888800    0.0065387100   -0.0349736800
  -0.0002126800   -0.0075028100    0.0037474900
   0.0002628300   -0.0058204500    0.0035748900
   0.0041933400   -0.0079868600    0.0032466200
  -0.0001859500   -0.0075438100    0.0038849900
  -0.0000027800   -0.0059013500    0.0038317400
   0.0042075400   -0.0077651700    0.0032568700
  -0.0000140700   -0.0074062400    0.0038575100
   0.0002078600   -0.0059260700    0.0038020800
  -0.0029566900    0.0071258900   -0.0039456300
   0.0009263800    0.0065376300    0.0008107100
  -0.0035445300    0.0070850000   -0.0029147500
  -0.0028340300    0.0068922200   -0.0039715400
   0.0009082900    0.0065932300    0.0008641400
  -0.0034447500    0.0070370500   -0.0029193900
  -0.0030229100    0.0071535100   -0.0040130300
   0.0008537700    0.0066518200    0.0008069200
  -0.0034446100    0.0069967300   -0.0028885100
  -0.0005604000    0.0060730300    0.0032187700
   0.0001123000    0.0078288500    0.0030060500
  -0.0043263100    0.0080983900    0.0032501100
   0.0010010700    0.0056956500    0.0042396400
  -0.0003610100    0.0074432000    0.0036062600
  -0.0043606100    0.0081372800    0.0032627200
  -0.0000854100    0.0058685700    0.0036659300
   0.0001167600    0.0075282700    0.0036822800
  -0.0042218200    0.0080522000    0.0031216000
  -0.0030396400   -0.0068672200   -0.0032316100
  -0.0029779500   -0.0070820400   -0.0039503300
   0.0008625600   -0.0066111000    0.0007616500
  -0.0034343800   -0.0069918100   -0.0028986000
  -0.0030027200   -0.0071065100   -0.0040107000
   0.0008594600   -0.0066393000    0.0007500400
  -0.0033852300   -0.0069645000   -0.0029199700
  -0.0030075200   -0.0071519800   -0.0040203200
   0.0009352500   -0.0064912000    0.0007672000
   0.0081888800    0.0065387100   -0.0349736800
  -0.0002628300   -0.0058204500    0.0035748900
   0.0002126800   -0.0075028100    0.0037474900
  -0.0041933400   -0.0079868600    0.0032466200
   0.0000027800   -0.0059013500    0.0038317400
   0.0001859500   -0.0075438100    0.0038849900
  -0.0042075400   -0.0077651700    0.0032568700
  -0.0002078600   -0.0059260700    0.0038020800
   0.0000140700   -0.0074062400    0.0038575100
  -0.0009263800    0.0065376300    0.0008107100
   0.0029566900    0.0071258900   -0.0039456300
   0.0035445300    0.0070850000   -0.0029147500
  -0.0009082900    0.0065932300    0.0008641400
   0.0028340300    0.0068922200   -0.0039715400
   0.0034447500    0.0070370500   -0.0029193900
  -0.0008537700    0.0066518200    0.0008069200
   0.0030229100    0.0071535100   -0.0040130300
   0.0034446100    0.0069967300   -0.0028885100
  -0.0001123000    0.0078288500    0.0030060500
   0.0005604000    0.0060730300    0.0032187700
   0.0043263100    0.0080983900    0.0032501100
   0.0003610100    0.0074432000    0.0036062600
  -0.0010010700    0.0056956500    0.0042396400
   0.0043606100    0.0081372800    0.0032627200
  -0.0001167600    0.0075282700    0.0036822800
   0.0000854100    0.0058685700    0.0036659300
   0.0042218200    0.0080522000    0.0031216000
   0.0000000000    0.0077637500   -0.0149664300
  -0.0023487800    0.0067348800   -0.0204382900
   0.0023487800    0.0067348800   -0.0204382900
   0.0000000000    0.0086718500   -0.0166644100
  -0.0022933500    0.0067415600   -0.0203491600
   0.0022933500    0.0067415600   -0.0203491600
   0.0000000000    0.0086794100   -0.0167003200
  -0.0022970400    0.0067002800   -0.0203274200
   0.0022970400    0.0067002800   -0.0203274200
   0.0000000000   -0.0355902900    0.4218061500
  -0.0031717100    0.0069324700    0.0041621800
   0.0031717100    0.0069324700    0.0041621800
   0.0000000000    0.0066832600    0.0103422400
  -0.0032042200    0.0068696600    0.0036010900
   0.0032042200    0.0068696600    0.0036010900
   0.0000000000    0.0066177100    0.0103417700
  -0.0030739100    0.0067631800    0.0036025500
   0.0030739100    0.0067631800    0.0036025500
  -0.0011459100   -0.0061210800   -0.0101296400
   0.0011459100   -0.0061210800   -0.0101296400
   0.0000000000   -0.0077274800   -0.0047067700
  -0.0010476200   -0.0060427800   -0.0100461700
   0.0010476200   -0.0060427800   -0.0100461700
   0.0000000000   -0.0077073900   -0.0047286500
  -0.0010536100   -0.0060591400   -0.0099265600
   0.0010536100   -0.0060591400   -0.0099265600
   0.0000000000   -0.0077325700   -0.0047555900
  -0.0004551500   -0.0090747700    0.0167079700
   0.0004551500   -0.0090747700    0.0167079700
   0.0000000000   -0.0111928800    0.0181595700
  -0.0012710300   -0.0092316900    0.0160335200
   0.0012710300   -0.0092316900    0.0160335200
   0.0000000000   -0.0113196100    0.0181290700
  -0.0013880400   -0.0092696700    0.0159091400
   0.0013880400   -0.0092696700    0.0159091400
   0.0000000000   -0.0113904800    0.0180914100
   0.0000000000    0.0070313000   -0.0058117100
  -0.0011450000    0.0060819600   -0.0098861600
   0.0011450000    0.0060819600   -0.0098861600
   0.0000000000    0.0077187700   -0.0047478800
  -0.0010684000    0.0061065800   -0.0099158900
   0.0010684000    0.0061065800   -0.0099158900
   0.0000000000    0.0077538700   -0.0047481400
  -0.0010313400    0.0060547600   -0.0099163100
   0.0010313400    0.0060547600   -0.0099163100
   0.0000000000    0.0128480400   -0.0279282500
  -0.0011663500    0.0094247400    0.0154502600
   0.0011663500    0.0094247400    0.0154502600
   0.0000000000    0.0114303700    0.0179566800
  -0.0013357500    0.0091509200    0.0157667600
   0.0013357500    0.0091509200    0.0157667600
   0.0000000000    0.0112462400    0.0179659800
  -0.0014566900    0.0092990500    0.0157293000
   0.0014566900    0.0092990500    0.0157293000
  -0.0024228800   -0.0067354800   -0.0203718200
   0.0024228800   -0.0067354800   -0.0203718200
   0.0000000000   -0.0086784300   -0.0169643900
  -0.0023432600   -0.0066835700   -0.0204741100
   0.0023432600   -0.0066835700   -0.0204741100
   0.0000000000   -0.0086347000   -0.0168546000
  -0.0023251600   -0.0067130400   -0.0204098100
   0.0023251600   -0.0067130400   -0.0204098100
   0.0000000000   -0.0086846800   -0.0167360100
  -0.0035905600   -0.0070095600    0.0060550900
   0.0035905600   -0.0070095600    0.0060550900
   0.0000000000   -0.0067343500    0.0103763900
  -0.0029444300   -0.0069981100    0.0050548100
   0.0029444300   -0.0069981100    0.0050548100
   0.0000000000   -0.0066939900    0.0102326400
  -0.0031731300   -0.0067273800    0.0036308500
   0.0031731300   -0.0067273800    0.0036308500
   0.0000000000   -0.0066074100    0.0101416200
   0.0010631900   -0.0295301700    0.0004403300
  -0.0010631900   -0.0295301700    0.0004403300
   0.0000000000   -0.0330413200    0.0004366800
   0.0008999600   -0.0296624500    0.0003836700
  -0.0008999600   -0.0296624500    0.0003836700
   0.0000000000   -0.0330598100    0.0004452300
   0.0009768600   -0.0296977000    0.0003677700
  -0.0009768600   -0.0296977000    0.0003677700
   0.0000000000   -0.0329103600    0.0004504000
  -0.0038879800   -0.0251790900    0.0059494800
   0.0038879800   -0.0251790900    0.0059494800
   0.0000000000   -0.0307868900   -0.0020012700
  -0.0036850500   -0.0258517800    0.0047252800
   0.0036850500   -0.0258517800    0.0047252800
   0.0000000000   -0.0307413800   -0.0019546200
  -0.0040391900   -0.0257469200    0.0052018900
   0.0040391900   -0.0257469200    0.0052018900
   0.0000000000   -0.0305011600   -0.0019358300
   0.0000000000    0.0331892500   -0.0005705900
   0.0010094800    0.0296143500    0.0003631800
  -0.0010094800    0.0296143500    0.0003631800
   0.0000000000    0.0329064000    0.0004459700
   0.0010037800    0.0296887000    0.0003742100
  -0.0010037800    0.0296887000    0.0003742100
   0.0000000000    0.0329873300    0.0004635300
   0.0009029100    0.0296853400    0.0003563400
  -0.0009029100    0.0296853400    0.0003563400
   0.0000000000    0.0323707200   -0.0136744600
  -0.0044200400    0.0260419500    0.0051820900
   0.0044200400    0.0260419500    0.0051820900
   0.0000000000    0.0304741000   -0.0020800300
  -0.0038204900    0.0258699800    0.0051563100
   0.0038204900    0.0258699800    0.0051563100
   0.0000000000    0.0306321000   -0.0018996100
  -0.0039984600    0.0257030000    0.0051577500
   0.0039984600    0.0257030000    0.0051577500
  -0.0000045900   -0.0036753800   -0.0022055000
   0.0000045900   -0.0036753800   -0.0022055000
   0.0000000000   -0.0036816900   -0.0022504600
   0.0000005600   -0.0036932000   -0.0022048300
  -0.0000005600   -0.0036932000   -0.0022048300
   0.0000000000   -0.0037047300   -0.0022501200
  -0.0000036000   -0.0036766900   -0.0022068900
   0.0000036000   -0.0036766900   -0.0022068900
   0.0000000000   -0.0036907800   -0.0022436600
   0.0000000000    0.0040025700   -0.0024328600
   0.0000048600    0.0036886600   -0.0022018200
  -0.0000048600    0.0036886600   -0.0022018200
   0.0000000000    0.0037165000   -0.0022450400
  -0.0000126500    0.0036888200   -0.0022056000
   0.0000126500    0.0036888200   -0.0022056000
   0.0000000000    0.0037143300   -0.0022459500
  -0.0000096100    0.0037014700   -0.0022050900
   0.0000096100    0.0037014700   -0.0022050900
  -0.0002401700   -0.0038589300    0.0023967500
   0.0002401700   -0.0038589300    0.0023967500
   0.0000000000   -0.0036001100    0.0028084000
  -0.0001469400   -0.0034908900    0.0025425300
   0.0001469400   -0.0034908900    0.0025425300
   0.0000000000   -0.0035950000    0.0028182800
  -0.0000279100   -0.0036368600    0.0027992300
   0.0000279100   -0.0036368600    0.0027992300
   0.0000000000   -0.0035732100    0.0028338800
   0.0000000000    0.0199609000   -0.2149200400
  -0.0000585300    0.0036577500    0.0026916300
   0.0000585300    0.0036577500    0.0026916300
   0.0000000000    0.0035905900    0.0027626800
  -0.0000205900    0.0036725200    0.0028012900
   0.0000205900    0.0036725200    0.0028012900
   0.0000000000    0.0036104500    0.0027669000
  -0.0000378200    0.0036457500    0.0027962400
   0.0000378200    0.0036457500    0.0027962400

217  
  0.0067865028774124   0.0073446156260810   0.0000000000000000
   0.1047209400   -0.0007602700    0.0004884000
   0.0174569400   -0.0283354900   -0.0004870400
   0.0279225900   -0.0270610900    0.0025219400
   0.0191143200   -0.0313943200    0.0009755200
   0.0183263900   -0.0285987000   -0.0004356600
   0.0190620300   -0.0299456000    0.0024856900
   0.0191124000   -0.0306738700    0.0008903800
   0.0182167400   -0.0290941700   -0.0004198300
   0.0197434900   -0.0289743200    0.0025332600
   0.0210518200   -0.0291881000   -0.0005614000
   0.0194169800   -0.0255870100   -0.0021131500
   0.0198609800   -0.0305527000   -0.0033323300
   0.0200199700   -0.0302174900   -0.0007352600
   0.0194445300   -0.0252847500   -0.0020791000
   0.0193288800   -0.0300169100   -0.0030161400
   0.0201019100   -0.0301120800   -0.0006618400
   0.0193079400   -0.0256045200   -0.0021028500
   0.0198937800   -0.0294946300   -0.0029617300
  -0.0052217400    0.0199810400    0.0021505900
  -0.0206827800    0.0273678400   -0.0004344400
  -0.0130387400    0.0298637400    0.0008486100
  -0.0200230000    0.0290341900    0.0024630300
  -0.0180147500    0.0285054500   -0.0003987600
  -0.0188154700    0.0313286200    0.0009234200
  -0.0193852800    0.0298755800    0.0025366500
  -0.0183687400    0.0286464700   -0.0004399200
  -0.0195660300    0.0308284900    0.0009225300
  -0.0209021200    0.0297348100   -0.0027385200
  -0.0192298400    0.0255386400   -0.0021052800
  -0.0204741900    0.0300049300   -0.0007256500
  -0.0194702700    0.0299782200   -0.0030086200
  -0.0193684600    0.0255438700   -0.0021546600
  -0.0199493500    0.0300784400   -0.0006811100
  -0.0194881000    0.0299609600   -0.0030311900
  -0.0193494100    0.0253689600   -0.0021215300
  -0.0202667200    0.0302572300   -0.0007187900
  -0.0142298700   -0.0369809100    0.0008428700
  -0.0224714300   -0.0304560100    0.0026128600
   0.0221122800   -0.0295624800   -0.0007574500
  -0.0191104500   -0.0312333200    0.0009604200
  -0.0196120000   -0.0299226800    0.0024687800
  -0.0181842300   -0.0287845700   -0.0003887600
  -0.0187369400   -0.0308097400    0.0010311300
  -0.0188197200   -0.0299695900    0.0024854400
  -0.0185534500   -0.0286735100   -0.0004067400
  -0.0204637800   -0.0311700300   -0.0011358500
  -0.0195062700   -0.0299943200   -0.0030645500
  -0.0195500100   -0.0245471900   -0.0019157200
  -0.0198898800   -0.0301751800   -0.0006898200
  -0.0198877200   -0.0299139700   -0.0030188600
  -0.0194493800   -0.0254806000   -0.0021407300
  -0.0201525600   -0.0294813600   -0.0008033600
  -0.0191869000   -0.0300910200   -0.0030114200
  -0.0195175200   -0.0252412300   -0.0020803300
   0.1218681500    0.0921164200    0.0000671800
   0.0264085900    0.0291127700    0.0027114200
   0.0168590300    0.0330138000    0.0008817300
   0.0186421100    0.0283273600   -0.0004818800
   0.0193740700    0.0297553200    0.0024800300
   0.0192149900    0.0307148300    0.0009774300
   0.0182447400    0.0287370000   -0.0004453500
   0.0191080400    0.0298576000    0.0023932400
   0.0188441600    0.0306851900    0.0009437400
   0.0196160800    0.0237348100   -0.0014473700
   0.0198042200    0.0301250800   -0.0030560700
   0.0202114300    0.0300952700   -0.0007573800
   0.0195421800    0.0255963300   -0.0020592300
   0.0192528900    0.0300340000   -0.0030410500
   0.0203976700    0.0300859600   -0.0007821000
   0.0194670700    0.0255442400   -0.0020970900
   0.0197116300    0.0299987400   -0.0029335700
   0.0197852500    0.0300617900   -0.0006939300
   0.0050506200    0.0001812700   -0.0031919700
   0.0012406400   -0.0065406700    0.0007794300
   0.0005480900   -0.0053438300   -0.0037798000
   0.0033842100   -0.0070498000   -0.0029170500
  -0.0005588000   -0.0068708500    0.0007919800
   0.0029093200   -0.0070498400   -0.0040044300
   0.0038500200   -0.0053123300   -0.0028124500
  -0.0004402500   -0.0068754700    0.0008220400
   0.0036594000   -0.0069998400   -0.0039043500
   0.0043114700   -0.0087711800    0.0034561200
  -0.0000796600   -0.0074776200    0.0037505400
  -0.0003521900   -0.0051971900    0.0028192700
   0.0042594300   -0.0080581700    0.0032574400
   0.0001663100   -0.0078348800    0.0037213900
   0.0000406500   -0.0058259000    0.0037383000
   0.0037243200   -0.0080463000    0.0033931200
  -0.0000025500   -0.0074133900    0.0036637300
  -0.0000985600   -0.0061923100    0.0036379100
  -0.0024750200    0.0044457300   -0.0043016800
  -0.0012121000    0.0071085200    0.0006624600
  -0.0046978800    0.0067053600   -0.0028940000
  -0.0032926100    0.0090162900   -0.0040223300
   0.0005037300    0.0066171700    0.0008708200
  -0.0024223200    0.0068435400   -0.0029677000
  -0.0031737200    0.0073606800   -0.0040091900
   0.0006268900    0.0068714400    0.0007987200
  -0.0033207300    0.0069297900   -0.0028489400
   0.0034480500    0.0048317900    0.0027772600
  -0.0001795000    0.0076425800    0.0038858500
  -0.0044178900    0.0082604100    0.0032544500
  -0.0004297700    0.0060860800    0.0036724400
   0.0001445000    0.0074665700    0.0036883100
  -0.0043631800    0.0084251300    0.0034084900
  -0.0001775400    0.0058661500    0.0037162100
  -0.0001361100    0.0077528000    0.0036876200
  -0.0041743000    0.0079635000    0.0032324200
  -0.0006533800   -0.0067311800   -0.0027264400
  -0.0013065300   -0.0073654300   -0.0039792400
  -0.0034280900   -0.0045829800    0.0003574500
  -0.0033040100   -0.0069471600   -0.0029232600
  -0.0032073700   -0.0072321400   -0.0039474700
   0.0009166600   -0.0065171900    0.0008427700
  -0.0028496200   -0.0073916400   -0.0029116200
  -0.0033956600   -0.0070620500   -0.0039886300
  -0.0023009600   -0.0086702700    0.0008283800
  -0.0040953800   -0.0071505100    0.0027810400
  -0.0001337000   -0.0058668700    0.0036775500
   0.0003988300   -0.0080306300    0.0039919400
  -0.0042685100   -0.0080174500    0.0032947900
  -0.0002348300   -0.0059945100    0.0036528900
   0.0001495300   -0.0074836200    0.0036728300
  -0.0038026700   -0.0083821900    0.0032698100
  -0.0002028600   -0.0058163800    0.0036977200
   0.0002006000   -0.0079083600    0.0037623300
   0.0100290700    0.0379549100    0.0003496400
   0.0020221500    0.0073073600   -0.0039020600
   0.0021088700    0.0072501000   -0.0028686900
  -0.0005709400    0.0070945100    0.0008118400
   0.0034305000    0.0078004600   -0.0040208700
   0.0028820300    0.0072827400   -0.0028928200
  -0.0008111800    0.0066002800    0.0008008500
   0.0033733800    0.0070485100   -0.0039855900
   0.0034692200    0.0072396100   -0.0029774100
  -0.0031926100    0.0083020100    0.0031394100
   0.0002828700    0.0059365600    0.0036625800
   0.0044969900    0.0083279300    0.0032945400
   0.0002116400    0.0075938600    0.0036841600
   0.0000697100    0.0058673400    0.0037378900
   0.0042089300    0.0081513400    0.0032560800
  -0.0000431700    0.0074700100    0.0036905000
   0.0001878400    0.0058059900    0.0037050600
   0.0042620000    0.0082073300    0.0033601500
   0.0046554600    0.0111327100   -0.0164470500
  -0.0028660700    0.0066165100   -0.0204526100
   0.0003436100    0.0088219500   -0.0196247400
   0.0000210400    0.0085737200   -0.0168263400
  -0.0023582700    0.0066847400   -0.0207195200
   0.0023393400    0.0067162300   -0.0204293000
   0.0001643600    0.0088056500   -0.0168503400
  -0.0023819000    0.0068070600   -0.0203072400
   0.0030544400    0.0073121400   -0.0207660600
  -0.0010428500    0.0061707000    0.0097772400
  -0.0032015800    0.0067520700    0.0035172300
   0.0043142000    0.0063679200    0.0034211900
   0.0000235600    0.0066415900    0.0099860700
  -0.0031981700    0.0066581100    0.0034172700
   0.0031481400    0.0067707400    0.0035033400
  -0.0000445500    0.0068104700    0.0100096500
  -0.0031593500    0.0067390600    0.0035308700
   0.0031251200    0.0066577300    0.0034212700
   0.0031666100   -0.0064287300   -0.0114536700
   0.0015209300   -0.0053803500   -0.0097839900
   0.0004703300   -0.0081838500   -0.0052100000
  -0.0010174200   -0.0058171800   -0.0097659600
   0.0010196900   -0.0061345400   -0.0100754100
   0.0000221300   -0.0077880000   -0.0046980600
  -0.0010527600   -0.0060341400   -0.0098841600
   0.0010138300   -0.0060322200   -0.0098341400
   0.0000218500   -0.0076320500   -0.0046937300
  -0.0011337700   -0.0050583500    0.0132461000
   0.0014183400   -0.0093575800    0.0163711400
  -0.0000260300   -0.0113985000    0.0191229500
  -0.0013967200   -0.0092112000    0.0163447700
   0.0013992500   -0.0092634000    0.0160953800
   0.0000592600   -0.0113802500    0.0183850800
  -0.0013894300   -0.0092294900    0.0161521000
   0.0013042800   -0.0091651300    0.0161679800
  -0.0000140900   -0.0113341300    0.0182188100
   0.0033006800    0.0092271800   -0.0042529400
  -0.0016746900    0.0059737100   -0.0100149100
   0.0004180300    0.0076889500   -0.0095431900
   0.0000122100    0.0077158300   -0.0047681400
  -0.0011006200    0.0059500300   -0.0098047300
   0.0010488300    0.0060083100   -0.0098531200
   0.0001087100    0.0079624800   -0.0046070500
  -0.0011555100    0.0060850100   -0.0099810900
   0.0016936400    0.0064611800   -0.0101614300
  -0.0019492500    0.0106074000    0.0187053600
  -0.0013927700    0.0092677900    0.0161812700
   0.0028078900    0.0083165100    0.0158613100
   0.0000030000    0.0113878000    0.0182536400
  -0.0013856700    0.0091921100    0.0163628300
   0.0013986100    0.0092900100    0.0160051400
   0.0000899800    0.0113688200    0.0182048800
  -0.0013977300    0.0092636800    0.0159545400
   0.0012097300    0.0091567700    0.0166495600
   0.0027973900   -0.0120016100   -0.0138900400
   0.0025515200   -0.0058435700   -0.0209223400
   0.0004972300   -0.0091829200   -0.0169302600
  -0.0022160600   -0.0066963600   -0.0206818000
   0.0023066000   -0.0068614900   -0.0201871300
  -0.0000959000   -0.0086646700   -0.0168302500
  -0.0023045000   -0.0066647700   -0.0205353400
   0.0023376400   -0.0067648100   -0.0205070200
   0.0000924500   -0.0084987500   -0.0168943700
  -0.0038410400   -0.0048631400    0.0035631300
   0.0032539100   -0.0067451300    0.0034448700
  -0.0000358100   -0.0066811300    0.0098834700
  -0.0031995800   -0.0065944500    0.0034005300
   0.0031647000   -0.0067893600    0.0034975300
   0.0000788600   -0.0067063700    0.0099428600
  -0.0031622300   -0.0067229000    0.0034608300
   0.0030841900   -0.0066668700    0.0034263700
  -0.0000423000   -0.0066443200    0.0100107200
  -0.2972266800   -0.1651204100   -0.0029230900
  -0.0055625300   -0.0284491600    0.0003132200
  -0.0013242300   -0.0348156000    0.0003366000
   0.0007846600   -0.0297859000    0.0002564900
  -0.0011065100   -0.0297178900    0.0003422800
   0.0002487800   -0.0331265600    0.0004569700
   0.0007858600   -0.0297880900    0.0003453700
  -0.0009607100   -0.0295856600    0.0003588100
   0.0001105800   -0.0332566100    0.0004668100
  -0.0032537500   -0.0257867300    0.0053038600
   0.0038317700   -0.0261982900    0.0052448400
  -0.0000681400   -0.0311354700   -0.0018377300
  -0.0040308700   -0.0260092900    0.0052626800
   0.0040159800   -0.0256931600    0.0051417300
  -0.0000892500   -0.0308357800   -0.0019080200
  -0.0040298400   -0.0260095600    0.0052339600
   0.0038067800   -0.0258833400    0.0051736800
   0.0001235800   -0.0306459600   -0.0018953600
   0.0076802600    0.0368603900    0.0004609800
   0.0060818800    0.0302580600    0.0003532200
   0.0049382200    0.0319923400    0.0007736600
   0.0001695400    0.0335412200    0.0004850700
   0.0011024700    0.0299165100    0.0003226600
  -0.0011415700    0.0299047900    0.0003147500
  -0.0002067900    0.0329895300    0.0005735200
   0.0010939300    0.0297331700    0.0003738700
  -0.0004207200    0.0303663700    0.0003870500
   0.0005806600    0.0318576600   -0.0017760500
  -0.0040394000    0.0258385200    0.0051826200
   0.0034982700    0.0260047000    0.0051486500
  -0.0000556700    0.0306179000   -0.0018533000
  -0.0038311300    0.0260779700    0.0052071400
   0.0039891500    0.0258043700    0.0051895100
  -0.0002554800    0.0305842100   -0.0019783600
  -0.0039776400    0.0256224500    0.0051711600
   0.0039711700    0.0259398000    0.0051876100
   0.0008019400   -0.0017667100   -0.0025395600
   0.0000785800   -0.0037862900   -0.0022839300
  -0.0000016700   -0.0037758300   -0.0022168300
   0.0000077100   -0.0036777000   -0.0022467900
  -0.0000369700   -0.0037072900   -0.0022022600
   0.0000668800   -0.0037534800   -0.0022671500
  -0.0000009600   -0.0036951100   -0.0022204500
  -0.0000370500   -0.0036385900   -0.0022067500
  -0.0000391300   -0.0037207300   -0.0022543500
  -0.0011663700    0.0036420900   -0.0022327400
  -0.0000384800    0.0037223800   -0.0022176000
   0.0008885100    0.0030313000   -0.0021084800
   0.0000128100    0.0037285600   -0.0022456300
  -0.0000170400    0.0036780300   -0.0022183500
  -0.0000123900    0.0037115400   -0.0022134600
  -0.0000301800    0.0037356600   -0.0022704300
   0.0000126600    0.0036613400   -0.0021960300
  -0.0000627500    0.0036746100   -0.0022035000
   0.0001690600   -0.0048614500    0.0028990700
   0.0000492900   -0.0036196000    0.0028822100
  -0.0000041100   -0.0035661900    0.0029022700
  -0.0000307500   -0.0036409300    0.0028775300
   0.0000134300   -0.0036455300    0.0028582800
   0.0000164400   -0.0035949200    0.0029023500
  -0.0000296700   -0.0036528400    0.0028769900
   0.0000452000   -0.0036408600    0.0028752000
  -0.0000111100   -0.0035817600    0.0028942100
   0.0004328100    0.0038898200    0.0029058400
  -0.0000362300    0.0036654800    0.0028677200
  -0.0002962200    0.0039200900    0.0028611000
   0.0000160600    0.0035885900    0.0028900000
  -0.0000508300    0.0036654900    0.0028853100
   0.0000178600    0.0036644300    0.0028689300
  -0.0000566100    0.0036620700    0.0028960000
  -0.0000171000    0.0036417300    0.0028590600
   0.0000964700    0.0037194000    0.0028822800

217  
 -0.0067865028774124  -0.0073446156260810   0.0000000000000000
  -0.0617478500   -0.0593401400    0.0013643800
   0.0188969900   -0.0292977500   -0.0003763500
   0.0103095800   -0.0327613600    0.0024797100
   0.0188451100   -0.0302669700    0.0008948200
   0.0180894500   -0.0290077500   -0.0004307600
   0.0192485900   -0.0299359400    0.0025145000
   0.0188484000   -0.0309636900    0.0009807100
   0.0181802900   -0.0285139300   -0.0004457200
   0.0185760400   -0.0308826100    0.0024654000
   0.0190450300   -0.0310882200   -0.0008244400
   0.0193679700   -0.0253406300   -0.0020675400
   0.0190136000   -0.0292869200   -0.0027475800
   0.0200471000   -0.0300941800   -0.0006505900
   0.0193492500   -0.0256366300   -0.0021000000
   0.0195412600   -0.0298474600   -0.0030587700
   0.0199689800   -0.0301786300   -0.0007229100
   0.0194709300   -0.0253217800   -0.0020765200
   0.0189904200   -0.0303542000   -0.0031142600
  -0.0334601900    0.0400745900    0.0028596400
  -0.0157597300    0.0302394000   -0.0004320700
  -0.0248895400    0.0317891600    0.0010242500
  -0.0182852000    0.0308559600    0.0025379700
  -0.0183966200    0.0291043800   -0.0004673800
  -0.0191230400    0.0303463300    0.0009466700
  -0.0189173400    0.0300345000    0.0024633400
  -0.0180288500    0.0289754000   -0.0004264400
  -0.0183925000    0.0308503000    0.0009470500
  -0.0180012400    0.0300941700   -0.0033334200
  -0.0195471200    0.0254036000   -0.0020747100
  -0.0195826800    0.0303324500   -0.0006597600
  -0.0193997000    0.0299046200   -0.0030667500
  -0.0194214800    0.0253999700   -0.0020259700
  -0.0201111800    0.0302438700   -0.0007039700
  -0.0193800800    0.0299231600   -0.0030443400
  -0.0194274600    0.0255734900   -0.0020575200
  -0.0198051700    0.0300740100   -0.0006654500
  -0.0239162800   -0.0246642600    0.0010168500
  -0.0157884300   -0.0294561300    0.0023837400
  -0.0585897800   -0.0278431000   -0.0001174400
  -0.0188410500   -0.0304304300    0.0009109200
  -0.0187064600   -0.0299567100    0.0025330100
  -0.0182199800   -0.0288160100   -0.0004763700
  -0.0192310900   -0.0308346300    0.0008377600
  -0.0194858300   -0.0299198900    0.0025141500
  -0.0178388200   -0.0288902500   -0.0004587500
  -0.0196248700   -0.0291525200   -0.0002666300
  -0.0193657200   -0.0298676800   -0.0030100800
  -0.0192849100   -0.0263567800   -0.0022629100
  -0.0201725000   -0.0301393100   -0.0006962500
  -0.0189854400   -0.0299402900   -0.0030575800
  -0.0193299800   -0.0254451100   -0.0020402200
  -0.0199308900   -0.0308224500   -0.0005802700
  -0.0196796800   -0.0297755200   -0.0030627500
  -0.0192676700   -0.0256735700   -0.0020987600
  -0.0921127000   -0.0386086700   -0.0009728000
   0.0120375000    0.0307157300    0.0022927200
   0.0211531500    0.0286621700    0.0009897700
   0.0177687300    0.0293099800   -0.0003845600
   0.0189413900    0.0301477000    0.0025201100
   0.0187491500    0.0309684900    0.0008916200
   0.0181673800    0.0288927900   -0.0004203600
   0.0192196800    0.0300391900    0.0026073100
   0.0191087000    0.0309908800    0.0009273400
   0.0192170300    0.0271990700   -0.0027366000
   0.0190862800    0.0297586400   -0.0030200600
   0.0198586100    0.0302355900   -0.0006275800
   0.0192464500    0.0253515200   -0.0021182100
   0.0196206200    0.0298426300   -0.0030337900
   0.0196745500    0.0302532600   -0.0006021700
   0.0193185800    0.0254019900   -0.0020820200
   0.0191742300    0.0298801500   -0.0031424000
   0.0202775600    0.0302654000   -0.0006922200
   0.0018644300   -0.0140734700   -0.0026131300
  -0.0029540500   -0.0066882900    0.0008273300
   0.0055845800   -0.0089833900   -0.0041959000
   0.0035623100   -0.0070141400   -0.0028843300
  -0.0011573800   -0.0063517100    0.0008131200
   0.0031352600   -0.0072161400   -0.0039661900
   0.0031385700   -0.0088219700   -0.0029887500
  -0.0012757900   -0.0063496600    0.0007842800
   0.0024022800   -0.0072841600   -0.0040652900
   0.0042263400   -0.0074610400    0.0030915000
  -0.0000916000   -0.0075207200    0.0036746400
   0.0005842400   -0.0066831100    0.0045764200
   0.0042896800   -0.0081545500    0.0032881800
  -0.0003414600   -0.0071645800    0.0037041200
   0.0001825100   -0.0060210400    0.0036580800
   0.0048338900   -0.0081992900    0.0031505100
  -0.0001658300   -0.0075853500    0.0037605400
   0.0003111600   -0.0056604400    0.0037561100
  -0.0036216000    0.0101224900   -0.0036842800
   0.0029304500    0.0061548800    0.0009406800
  -0.0022832800    0.0073897200   -0.0029060400
  -0.0027870100    0.0053497900   -0.0039494000
   0.0012091700    0.0066392400    0.0007358200
  -0.0045404300    0.0072643900   -0.0028325800
  -0.0028719500    0.0069361400   -0.0039617400
   0.0010921500    0.0063787600    0.0008044900
  -0.0036205700    0.0071513300   -0.0029522600
  -0.0036065700    0.0070825800    0.0045810000
   0.0003448100    0.0073915700    0.0035449700
  -0.0041222200    0.0079743200    0.0032906400
   0.0002048800    0.0057919600    0.0037220600
   0.0000303300    0.0075594700    0.0037357200
  -0.0041909000    0.0078271300    0.0031357600
  -0.0000462700    0.0060082900    0.0036793000
   0.0003156000    0.0072708600    0.0037403400
  -0.0043672300    0.0082713400    0.0033124300
  -0.0062648900   -0.0073370400   -0.0030728200
  -0.0047316800   -0.0069035600   -0.0039914200
   0.0052350200   -0.0086557100    0.0012471100
  -0.0036372200   -0.0071110300   -0.0028783000
  -0.0028352400   -0.0070497500   -0.0040233800
   0.0007970500   -0.0067092500    0.0007629400
  -0.0040950200   -0.0066715600   -0.0028873900
  -0.0026429300   -0.0072076400   -0.0039812600
   0.0038828000   -0.0045720100    0.0007835400
  -0.0044364900   -0.0090483000    0.0037346700
  -0.0000883500   -0.0059804800    0.0037179900
  -0.0002225100   -0.0069787100    0.0034296300
  -0.0042765300   -0.0081926700    0.0032504000
   0.0000128900   -0.0058663000    0.0037435000
   0.0000256900   -0.0075151900    0.0037524100
  -0.0047372300   -0.0078321200    0.0032721700
  -0.0000206400   -0.0060309700    0.0036971800
  -0.0000198800   -0.0071025200    0.0036634700
  -0.0116315200   -0.0250641600    0.0012364600
   0.0040455500    0.0069888400   -0.0040660200
   0.0048160800    0.0068379400   -0.0029344000
  -0.0011449000    0.0061714300    0.0007939000
   0.0026041600    0.0065405000   -0.0039495500
   0.0040743800    0.0068062000   -0.0029056500
  -0.0008995800    0.0066472800    0.0008043100
   0.0026711700    0.0072486700   -0.0039836100
   0.0034788100    0.0068545100   -0.0028249100
   0.0029411800    0.0067091000    0.0042532300
  -0.0000537600    0.0059350400    0.0037320300
   0.0040510200    0.0079097100    0.0032503100
  -0.0003818400    0.0074272800    0.0037394600
   0.0001610500    0.0060212300    0.0036593400
   0.0043425900    0.0080834700    0.0032864700
  -0.0001246300    0.0075525100    0.0037351100
   0.0000341900    0.0060720700    0.0036898500
   0.0042863300    0.0080351900    0.0031859200
  -0.0045179700    0.0062911600   -0.0171846300
  -0.0017810900    0.0068675500   -0.0203605000
   0.0043090000    0.0046125000   -0.0212703700
  -0.0000190200    0.0087813400   -0.0167845600
  -0.0022868400    0.0067863500   -0.0201058000
   0.0023120100    0.0067572600   -0.0203890400
  -0.0001736300    0.0085612700   -0.0167772800
  -0.0022633400    0.0066692900   -0.0205093800
   0.0015922100    0.0061729500   -0.0200590600
   0.0010174200    0.0070734100    0.0101642000
  -0.0031464700    0.0067580800    0.0034499400
   0.0020422800    0.0071444300    0.0035318600
  -0.0000224600    0.0066176300    0.0099828300
  -0.0031512200    0.0068520800    0.0035494300
   0.0032035600    0.0067408600    0.0034652500
   0.0000431700    0.0064456700    0.0099557800
  -0.0031895200    0.0067704800    0.0034369400
   0.0032311400    0.0068520600    0.0035440000
  -0.0052547200   -0.0062932100   -0.0085114500
   0.0006050800   -0.0067274700   -0.0100446800
  -0.0004621100   -0.0072858600   -0.0042521300
  -0.0011172500   -0.0063162700   -0.0100755200
   0.0011181200   -0.0059974700   -0.0097715700
  -0.0000191300   -0.0076754700   -0.0047644200
  -0.0010842800   -0.0060945200   -0.0099608300
   0.0011263200   -0.0060966600   -0.0100115300
  -0.0000186100   -0.0078312400   -0.0047687600
  -0.0016511100   -0.0132438600    0.0189115600
   0.0013449900   -0.0091373800    0.0157037600
   0.0000230200   -0.0112875000    0.0172354900
  -0.0013619800   -0.0092792100    0.0157177100
   0.0013616000   -0.0092293600    0.0159700900
  -0.0000557500   -0.0113066700    0.0179757500
  -0.0013676100   -0.0092637300    0.0159046400
   0.0014565300   -0.0093272600    0.0158875000
   0.0000168100   -0.0113517500    0.0181383600
  -0.0031859700    0.0062969000   -0.0051764800
  -0.0004599400    0.0061857200   -0.0098377400
   0.0017325900    0.0044324100   -0.0102485700
  -0.0000105500    0.0077694300   -0.0046947600
  -0.0010367700    0.0062008600   -0.0100424200
   0.0010924200    0.0061437100   -0.0099936800
  -0.0001159900    0.0075306500   -0.0048501700
  -0.0009801500    0.0060681100   -0.0098656400
   0.0004420800    0.0056987000   -0.0096873000
   0.0018744900    0.0120554600    0.0177319300
  -0.0013633100    0.0092481000    0.0158747400
  -0.0000309100    0.0101873700    0.0162524100
  -0.0000015600    0.0113235400    0.0181026200
  -0.0013721400    0.0093239000    0.0156963400
   0.0013612000    0.0092279900    0.0160449300
  -0.0000895200    0.0113406800    0.0181690700
  -0.0013592100    0.0092526900    0.0160941000
   0.0015544700    0.0093586500    0.0154176000
  -0.0074202200   -0.0020518700   -0.0268153100
   0.0020782200   -0.0075817000   -0.0199320500
  -0.0004813700   -0.0081539600   -0.0166851900
  -0.0024234200   -0.0067654100   -0.0201501200
   0.0023407100   -0.0065950700   -0.0206367900
   0.0000978100   -0.0086731500   -0.0167847100
  -0.0023416600   -0.0067840000   -0.0202877400
   0.0023091300   -0.0066840200   -0.0203157200
  -0.0000889300   -0.0088335000   -0.0167177100
  -0.0024828400   -0.0085845900    0.0033442500
   0.0031027700   -0.0067435700    0.0035179500
   0.0000332700   -0.0065554700    0.0100845600
  -0.0031509800   -0.0068867600    0.0035657000
   0.0031872400   -0.0066972200    0.0034667900
  -0.0000753000   -0.0065260300    0.0100247300
  -0.0031871400   -0.0067649400    0.0035051400
   0.0032698400   -0.0068215800    0.0035403500
   0.0000448600   -0.0065913200    0.0099569000
   0.3006457500    0.1055236300    0.0006056500
   0.0036941000   -0.0309839600    0.0004500700
   0.0012462400   -0.0311723100    0.0005838400
   0.0011449700   -0.0296018100    0.0005086500
  -0.0008262500   -0.0296656900    0.0004222100
  -0.0002525900   -0.0328764600    0.0004581400
   0.0011462400   -0.0296032600    0.0004207800
  -0.0009643100   -0.0297965400    0.0004079900
  -0.0001071900   -0.0327444600    0.0004510700
  -0.0046733000   -0.0257831900    0.0050204300
   0.0040876100   -0.0253594100    0.0050897900
   0.0000699500   -0.0301879600   -0.0018712800
  -0.0038869900   -0.0255334600    0.0050731800
   0.0039087500   -0.0258507600    0.0051912600
   0.0000827400   -0.0304874600   -0.0017980600
  -0.0038859500   -0.0255329700    0.0050999900
   0.0041128800   -0.0256597200    0.0051580500
  -0.0001177900   -0.0306794000   -0.0018130300
  -0.0076688100    0.0290187900    0.0004612400
  -0.0041508200    0.0291650700    0.0004104000
  -0.0069058800    0.0273917700   -0.0000019500
  -0.0001670000    0.0324985900    0.0004317400
   0.0008253700    0.0295011800    0.0004432000
  -0.0007861700    0.0295009800    0.0004513100
   0.0002037000    0.0330462000    0.0003433000
   0.0008364300    0.0296685900    0.0003925800
  -0.0014898900    0.0290557200    0.0003807300
  -0.0005634700    0.0295243200   -0.0019333600
  -0.0038810500    0.0257301400    0.0051504400
   0.0044294100    0.0255889300    0.0051822300
   0.0000576000    0.0307375900   -0.0018543800
  -0.0040891100    0.0254971300    0.0051263800
   0.0039290700    0.0257629900    0.0051430200
   0.0002633300    0.0307734200   -0.0017289500
  -0.0039363500    0.0259414400    0.0051617600
   0.0039506600    0.0256306100    0.0051432400
  -0.0008619300   -0.0054486300   -0.0018271500
  -0.0000627000   -0.0035702700   -0.0021076200
   0.0000037000   -0.0036128400   -0.0022568900
  -0.0000185000   -0.0036753700   -0.0021429300
   0.0000500100   -0.0036479700   -0.0021867200
  -0.0000651700   -0.0036354900   -0.0022061600
  -0.0000092500   -0.0036591000   -0.0021686400
   0.0000528200   -0.0037161100   -0.0021819000
   0.0000409700   -0.0036689900   -0.0022189700
   0.0011052600    0.0037457000   -0.0022333800
   0.0000285600    0.0036558900   -0.0021702400
  -0.0008660200    0.0043368400   -0.0022819000
  -0.0000108600    0.0036858100   -0.0022279500
   0.0000060400    0.0037006800   -0.0021697900
   0.0000256400    0.0036668000   -0.0021752000
   0.0000326700    0.0036770100   -0.0022046700
  -0.0000226000    0.0037152700   -0.0021922500
   0.0000791300    0.0037045000   -0.0021858000
  -0.0002450200   -0.0024559200    0.0028439500
   0.0000247200   -0.0036654200    0.0028598200
   0.0000075100   -0.0036171500    0.0028921900
  -0.0000387900   -0.0036459300    0.0028637700
   0.0000604300   -0.0036402700    0.0028831000
  -0.0000153600   -0.0035867700    0.0028921300
  -0.0000405400   -0.0036327600    0.0028645100
   0.0000299600   -0.0036452600    0.0028662900
   0.0000127500   -0.0036009000    0.0029004200
  -0.0004199500    0.0033273700    0.0028889500
  -0.0000341800    0.0036443100    0.0028736700
   0.0003669000    0.0033898600    0.0028818100
  -0.0000138800    0.0036177400    0.0029044900
  -0.0000193700    0.0036444000    0.0028561600
   0.0000560700    0.0036449400    0.0028722000
   0.0000587200    0.0035445000    0.0028993200
  -0.0000529200    0.0036674200    0.0028821200
  -0.0000222400    0.0035920000    0.0028593400

217  
  0.0000000000000000   0.0000000000000000   0.0100000000000000
   0.0180111700   -0.0301563200    0.0046978700
   0.0187584700   -0.0294334000    0.0006290800
   0.0193574900   -0.0304616200    0.0036378200
   0.0186477000   -0.0298556600    0.0003036500
   0.0186868800   -0.0293877800    0.0010078000
   0.0190674200   -0.0303830500    0.0018997000
   0.0186960100   -0.0296223200    0.0001747900
   0.0186723300   -0.0293426400    0.0009186000
   0.0190282400   -0.0302530000    0.0012521300
   0.0197203000   -0.0277753500   -0.0011563600
   0.0194076400   -0.0277191000   -0.0026015100
   0.0198073800   -0.0300263400   -0.0019217700
   0.0197298700   -0.0278319000   -0.0014098400
   0.0194331100   -0.0276923300   -0.0025704200
   0.0197213700   -0.0300713600   -0.0018595500
   0.0197030900   -0.0280342300   -0.0013653100
   0.0194011600   -0.0277044000   -0.0025637900
   0.0196525600   -0.0298461200   -0.0018177100
  -0.0185486200    0.0290679800    0.0028215800
  -0.0186160900    0.0298652600    0.0005192300
  -0.0191759600    0.0303932700    0.0004994900
  -0.0186376400    0.0294184400    0.0008545300
  -0.0186242700    0.0297854900    0.0004327600
  -0.0190799100    0.0303544700    0.0015150200
  -0.0187706500    0.0294134600    0.0010978600
  -0.0185983200    0.0298633200    0.0001838100
  -0.0190400100    0.0303986800    0.0019026700
  -0.0200477700    0.0275159300   -0.0025983100
  -0.0197514700    0.0278266100   -0.0013930200
  -0.0197336100    0.0300396600   -0.0018850100
  -0.0194293500    0.0277778800   -0.0025762700
  -0.0197484500    0.0277991700   -0.0013849200
  -0.0197290600    0.0299826800   -0.0018585500
  -0.0194869500    0.0276971100   -0.0025787100
  -0.0197295400    0.0278353300   -0.0014039800
  -0.0196184600    0.0300979700   -0.0018999400
  -0.0193574900   -0.0304616200    0.0036378200
  -0.0187584700   -0.0294334000    0.0006290800
  -0.0180111700   -0.0301563200    0.0046978700
  -0.0190674200   -0.0303830500    0.0018997000
  -0.0186868800   -0.0293877800    0.0010078000
  -0.0186477000   -0.0298556600    0.0003036500
  -0.0190282400   -0.0302530000    0.0012521300
  -0.0186723300   -0.0293426400    0.0009186000
  -0.0186960100   -0.0296223200    0.0001747900
  -0.0198073800   -0.0300263400   -0.0019217700
  -0.0194076400   -0.0277191000   -0.0026015100
  -0.0197203000   -0.0277753500   -0.0011563600
  -0.0197213700   -0.0300713600   -0.0018595500
  -0.0194331100   -0.0276923300   -0.0025704200
  -0.0197298700   -0.0278319000   -0.0014098400
  -0.0196525600   -0.0298461200   -0.0018177100
  -0.0194011600   -0.0277044000   -0.0025637900
  -0.0197030900   -0.0280342300   -0.0013653100
   0.0185486200    0.0290679800    0.0028215800
   0.0191759600    0.0303932700    0.0004994900
   0.0186160900    0.0298652600    0.0005192300
   0.0186376400    0.0294184400    0.0008545300
   0.0190799100    0.0303544700    0.0015150200
   0.0186242700    0.0297854900    0.0004327600
   0.0187706500    0.0294134600    0.0010978600
   0.0190400100    0.0303986800    0.0019026700
   0.0185983200    0.0298633200    0.0001838100
   0.0200477700    0.0275159300   -0.0025983100
   0.0197336100    0.0300396600   -0.0018850100
   0.0197514700    0.0278266100   -0.0013930200
   0.0194293500    0.0277778800   -0.0025762700
   0.0197290600    0.0299826800   -0.0018585500
   0.0197484500    0.0277991700   -0.0013849200
   0.0194869500    0.0276971100   -0.0025787100
   0.0196184600    0.0300979700   -0.0018999400
   0.0197295400    0.0278353300   -0.0014039800
   0.0013601200   -0.0067351400   -0.0055702000
   0.0010635800   -0.0068236200   -0.0017447300
   0.0032461900   -0.0070044200   -0.0011690200
   0.0012992500   -0.0068204000   -0.0011340300
   0.0011084600   -0.0068842000   -0.0015961600
   0.0032626000   -0.0070925800   -0.0033639500
   0.0015529800   -0.0071713000   -0.0027776900
   0.0011393800   -0.0068997000   -0.0016027500
   0.0032170500   -0.0070582200   -0.0037783700
   0.0021681000   -0.0079032900    0.0035258300
  -0.0000051400   -0.0066814100    0.0037176500
   0.0022396600   -0.0070203400    0.0034953800
   0.0021012800   -0.0078014900    0.0034783400
   0.0000200000   -0.0067300300    0.0036954800
   0.0022108200   -0.0069967400    0.0035014100
   0.0016488200   -0.0072871900    0.0035727600
   0.0000084100   -0.0067033400    0.0036884100
   0.0020341000   -0.0071766300    0.0035251600
  -0.0013094000    0.0077050500   -0.0039417800
  -0.0013238100    0.0068504700   -0.0010423400
  -0.0032019500    0.0070920400   -0.0036432500
  -0.0012574900    0.0070028700   -0.0014573500
  -0.0012408200    0.0068704400   -0.0008426600
  -0.0031812600    0.0071073500   -0.0037712200
  -0.0010838200    0.0068970000   -0.0016700100
  -0.0013565500    0.0067893500   -0.0009516300
  -0.0032964700    0.0070740800   -0.0031957400
   0.0007611100    0.0064819600    0.0039999800
  -0.0021492800    0.0078113000    0.0034955000
  -0.0022587800    0.0070611600    0.0035018800
  -0.0000866000    0.0066965900    0.0037120000
  -0.0020389100    0.0078074300    0.0034707300
  -0.0021446700    0.0070536900    0.0034956600
  -0.0000258000    0.0067168000    0.0037091800
  -0.0021281300    0.0077975100    0.0034855600
  -0.0022257900    0.0069451400    0.0034898300
  -0.0032461900   -0.0070044200   -0.0011690200
  -0.0010635800   -0.0068236200   -0.0017447300
  -0.0013601200   -0.0067351400   -0.0055702000
  -0.0032626000   -0.0070925800   -0.0033639500
  -0.0011084600   -0.0068842000   -0.0015961600
  -0.0012992500   -0.0068204000   -0.0011340300
  -0.0032170500   -0.0070582200   -0.0037783700
  -0.0011393800   -0.0068997000   -0.0016027500
  -0.0015529800   -0.0071713000   -0.0027776900
  -0.0022396600   -0.0070203400    0.0034953800
   0.0000051400   -0.0066814100    0.0037176500
  -0.0021681000   -0.0079032900    0.0035258300
  -0.0022108200   -0.0069967400    0.0035014100
  -0.0000200000   -0.0067300300    0.0036954800
  -0.0021012800   -0.0078014900    0.0034783400
  -0.0020341000   -0.0071766300    0.0035251600
  -0.0000084100   -0.0067033400    0.0036884100
  -0.0016488200   -0.0072871900    0.0035727600
   0.0013094000    0.0077050500   -0.0039417800
   0.0032019500    0.0070920400   -0.0036432500
   0.0013238100    0.0068504700   -0.0010423400
   0.0012574900    0.0070028700   -0.0014573500
   0.0031812600    0.0071073500   -0.0037712200
   0.0012408200    0.0068704400   -0.0008426600
   0.0010838200    0.0068970000   -0.0016700100
   0.0032964700    0.0070740800   -0.0031957400
   0.0013565500    0.0067893500   -0.0009516300
  -0.0007611100    0.0064819600    0.0039999800
   0.0022587800    0.0070611600    0.0035018800
   0.0021492800    0.0078113000    0.0034955000
   0.0000866000    0.0066965900    0.0037120000
   0.0021446700    0.0070536900    0.0034956600
   0.0020389100    0.0078074300    0.0034707300
   0.0000258000    0.0067168000    0.0037091800
   0.0022257900    0.0069451400    0.0034898300
   0.0021281300    0.0077975100    0.0034855600
   0.0045270500    0.0047152200   -0.0190795300
   0.0000000000    0.0067043800   -0.0201776600
  -0.0045270500    0.0047152200   -0.0190795300
  -0.0010882800    0.0076546900   -0.0186845900
   0.0000000000    0.0068392000   -0.0203737000
   0.0010882800    0.0076546900   -0.0186845900
  -0.0015794400    0.0079352300   -0.0181871100
   0.0000000000    0.0068148900   -0.0203051200
   0.0015794400    0.0079352300   -0.0181871100
  -0.0016616100    0.0067897500    0.0066545000
   0.0000000000    0.0067866400    0.0034914000
   0.0016616100    0.0067897500    0.0066545000
  -0.0015645100    0.0066821500    0.0067347900
   0.0000000000    0.0067375100    0.0034774500
   0.0015645100    0.0066821500    0.0067347900
  -0.0014079200    0.0066338100    0.0067198200
   0.0000000000    0.0067457800    0.0034829400
   0.0014079200    0.0066338100    0.0067198200
   0.0000000000   -0.0130314400    0.0015542500
   0.0005349000   -0.0071936900   -0.0073532900
  -0.0005349000   -0.0071936900   -0.0073532900
   0.0000000000   -0.0060265500   -0.0097106900
   0.0003548200   -0.0068020600   -0.0073316600
  -0.0003548200   -0.0068020600   -0.0073316600
   0.0000000000   -0.0061715600   -0.0098934500
   0.0005743400   -0.0067204400   -0.0073343000
  -0.0005743400   -0.0067204400   -0.0073343000
   0.0000000000   -0.0137229100    0.0163535000
   0.0006826900   -0.0102814600    0.0172506600
  -0.0006826900   -0.0102814600    0.0172506600
   0.0000000000   -0.0092486600    0.0160974700
   0.0006647400   -0.0102881300    0.0171132000
  -0.0006647400   -0.0102881300    0.0171132000
   0.0000000000   -0.0092030300    0.0160986800
   0.0007127500   -0.0103067800    0.0171055500
  -0.0007127500   -0.0103067800    0.0171055500
  -0.0061689800    0.0100881700   -0.0081016100
   0.0000000000    0.0060726600   -0.0097899200
   0.0061689800    0.0100881700   -0.0081016100
  -0.0005710800    0.0069524700   -0.0073787500
   0.0000000000    0.0059311900   -0.0098580300
   0.0005710800    0.0069524700   -0.0073787500
  -0.0002847400    0.0068562000   -0.0068955500
   0.0000000000    0.0059981200   -0.0098370000
   0.0002847400    0.0068562000   -0.0068955500
  -0.0007446600    0.0106509500    0.0168823200
   0.0000000000    0.0092249700    0.0160230600
   0.0007446600    0.0106509500    0.0168823200
  -0.0007041900    0.0102905600    0.0170940900
   0.0000000000    0.0092390200    0.0160496200
   0.0007041900    0.0102905600    0.0170940900
  -0.0004276900    0.0102183900    0.0169221700
   0.0000000000    0.0092608600    0.0160109100
   0.0004276900    0.0102183900    0.0169221700
   0.0000000000   -0.0009025500   -0.0127341100
   0.0011704900   -0.0074344700   -0.0188110300
  -0.0011704900   -0.0074344700   -0.0188110300
   0.0000000000   -0.0067814900   -0.0203100400
   0.0013281600   -0.0077707600   -0.0186493300
  -0.0013281600   -0.0077707600   -0.0186493300
   0.0000000000   -0.0066047300   -0.0204768400
   0.0010796700   -0.0078146600   -0.0186659600
  -0.0010796700   -0.0078146600   -0.0186659600
   0.0000000000   -0.0058563300    0.0044867300
   0.0015971500   -0.0066920200    0.0067386300
  -0.0015971500   -0.0066920200    0.0067386300
   0.0000000000   -0.0067196700    0.0034811500
   0.0015780100   -0.0066800800    0.0067275000
  -0.0015780100   -0.0066800800    0.0067275000
   0.0000000000   -0.0067095600    0.0034640300
   0.0015842600   -0.0066952500    0.0067472000
  -0.0015842600   -0.0066952500    0.0067472000
   0.0000000000   -0.0325877900   -0.0325707500
  -0.0004823400   -0.0314823400    0.0002195000
   0.0004823400   -0.0314823400    0.0002195000
   0.0000000000   -0.0297487200    0.0002807500
  -0.0004577900   -0.0313603500    0.0003337700
   0.0004577900   -0.0313603500    0.0003337700
   0.0000000000   -0.0298621200    0.0002815600
  -0.0004529100   -0.0313774000    0.0003343000
   0.0004529100   -0.0313774000    0.0003343000
   0.0000000000   -0.0260038500    0.0054346800
   0.0020238500   -0.0282834200    0.0015978400
  -0.0020238500   -0.0282834200    0.0015978400
   0.0000000000   -0.0258634900    0.0051751300
   0.0020175600   -0.0281964600    0.0016351000
  -0.0020175600   -0.0281964600    0.0016351000
   0.0000000000   -0.0258996800    0.0051740100
   0.0020027100   -0.0281638200    0.0016344900
  -0.0020027100   -0.0281638200    0.0016344900
   0.0007703700    0.0310510900    0.0062493900
   0.0000000000    0.0297399900    0.0006048700
  -0.0007703700    0.0310510900    0.0062493900
   0.0004123600    0.0313859600    0.0004542500
   0.0000000000    0.0297856300    0.0000624300
  -0.0004123600    0.0313859600    0.0004542500
   0.0004023300    0.0312787000    0.0003643500
   0.0000000000    0.0297110700    0.0003118500
  -0.0004023300    0.0312787000    0.0003643500
  -0.0019104800    0.0282811700    0.0016401200
   0.0000000000    0.0258030800    0.0051263300
   0.0019104800    0.0282811700    0.0016401200
  -0.0019953800    0.0282441900    0.0016513800
   0.0000000000    0.0258365100    0.0051679600
   0.0019953800    0.0282441900    0.0016513800
  -0.0020863000    0.0281606100    0.0016818700
   0.0000000000    0.0257866900    0.0051822900
   0.0020863000    0.0281606100    0.0016818700
   0.0000000000    0.0033026600   -0.0006053400
   0.0000221300   -0.0036907900   -0.0022343500
  -0.0000221300   -0.0036907900   -0.0022343500
   0.0000000000   -0.0036075000   -0.0021986300
   0.0000136400   -0.0037009100   -0.0022283800
  -0.0000136400   -0.0037009100   -0.0022283800
   0.0000000000   -0.0036870500   -0.0022131100
   0.0000017000   -0.0036886000   -0.0022233400
  -0.0000017000   -0.0036886000   -0.0022233400
   0.0000697000    0.0033751300   -0.0021694600
   0.0000000000    0.0036833400   -0.0022073000
  -0.0000697000    0.0033751300   -0.0021694600
  -0.0000032400    0.0036989300   -0.0022236200
   0.0000000000    0.0036974100   -0.0022083900
   0.0000032400    0.0036989300   -0.0022236200
   0.0000000400    0.0036790000   -0.0022596700
   0.0000000000    0.0036878500   -0.0022066400
  -0.0000000400    0.0036790000   -0.0022596700
   0.0000000000   -0.0039605300    0.0029528800
   0.0000195200   -0.0036184700    0.0028797200
  -0.0000195200   -0.0036184700    0.0028797200
   0.0000000000   -0.0036493200    0.0028659500
   0.0000220300   -0.0036184000    0.0028796500
  -0.0000220300   -0.0036184000    0.0028796500
   0.0000000000   -0.0036525400    0.0028689900
   0.0000035100   -0.0036095200    0.0028760200
  -0.0000035100   -0.0036095200    0.0028760200
   0.0000122800    0.0036062400    0.0028829200
   0.0000000000    0.0036565400    0.0028647900
  -0.0000122800    0.0036062400    0.0028829200
  -0.0000139300    0.0036310100    0.0028799900
   0.0000000000    0.0036598800    0.0028685200
   0.0000139300    0.0036310100    0.0028799900
  -0.0000834800    0.0036769600    0.0028736400
   0.0000000000    0.0036505300    0.0028657600
   0.0000834800    0.0036769600    0.0028736400

217  
  0.0000000000000000   0.0000000000000000  -0.0100000000000000
   0.0185444200   -0.0297637100   -0.0041985600
   0.0185543600   -0.0293276800    0.0014294800
   0.0188317300   -0.0302608800   -0.0002109200
   0.0185317900   -0.0297749900    0.0001915800
   0.0186734700   -0.0293604400    0.0010526600
   0.0190641200   -0.0303889700    0.0015289400
   0.0184816300   -0.0299849600    0.0003204000
   0.0186832600   -0.0294037000    0.0011409300
   0.0191132800   -0.0305199400    0.0021756100
   0.0197466400   -0.0278333300   -0.0016330600
   0.0194206300   -0.0276762300   -0.0025325400
   0.0196656900   -0.0300519500   -0.0018215000
   0.0196941700   -0.0277885900   -0.0013780300
   0.0193947400   -0.0277004600   -0.0025640700
   0.0197483300   -0.0300180400   -0.0018775200
   0.0197204800   -0.0275875900   -0.0014229500
   0.0194243200   -0.0276911900   -0.0025700700
   0.0198250000   -0.0302423600   -0.0019150200
  -0.0190365800    0.0300281800   -0.0007560200
  -0.0185912900    0.0297722300   -0.0000238500
  -0.0189223100    0.0303595500    0.0029278100
  -0.0187129800    0.0293495600    0.0012072300
  -0.0185612200    0.0298655700    0.0000606600
  -0.0190494500    0.0304385000    0.0019129700
  -0.0185815800    0.0293510000    0.0009631000
  -0.0185749400    0.0297901600    0.0003107800
  -0.0190959800    0.0303888200    0.0015279400
  -0.0188371300    0.0279015000   -0.0025308100
  -0.0196704300    0.0278082700   -0.0013964500
  -0.0197348000    0.0300703700   -0.0018507500
  -0.0193998200    0.0276341700   -0.0025560400
  -0.0196783500    0.0278400100   -0.0014037600
  -0.0197420800    0.0301185600   -0.0018774300
  -0.0193394700    0.0277147400   -0.0025543100
  -0.0196915000    0.0278022700   -0.0013850900
  -0.0198507700    0.0300080000   -0.0018384400
  -0.0188317300   -0.0302608800   -0.0002109200
  -0.0185543600   -0.0293276800    0.0014294800
  -0.0185444200   -0.0297637100   -0.0041985600
  -0.0190641200   -0.0303889700    0.0015289400
  -0.0186734700   -0.0293604400    0.0010526600
  -0.0185317900   -0.0297749900    0.0001915800
  -0.0191132800   -0.0305199400    0.0021756100
  -0.0186832600   -0.0294037000    0.0011409300
  -0.0184816300   -0.0299849600    0.0003204000
  -0.0196656900   -0.0300519500   -0.0018215000
  -0.0194206300   -0.0276762300   -0.0025325400
  -0.0197466400   -0.0278333300   -0.0016330600
  -0.0197483300   -0.0300180400   -0.0018775200
  -0.0193947400   -0.0277004600   -0.0025640700
  -0.0196941700   -0.0277885900   -0.0013780300
  -0.0198250000   -0.0302423600   -0.0019150200
  -0.0194243200   -0.0276911900   -0.0025700700
  -0.0197204800   -0.0275875900   -0.0014229500
   0.0190365800    0.0300281800   -0.0007560200
   0.0189223100    0.0303595500    0.0029278100
   0.0185912900    0.0297722300   -0.0000238500
   0.0187129800    0.0293495600    0.0012072300
   0.0190494500    0.0304385000    0.0019129700
   0.0185612200    0.0298655700    0.0000606600
   0.0185815800    0.0293510000    0.0009631000
   0.0190959800    0.0303888200    0.0015279400
   0.0185749400    0.0297901600    0.0003107800
   0.0188371300    0.0279015000   -0.0025308100
   0.0197348000    0.0300703700   -0.0018507500
   0.0196704300    0.0278082700   -0.0013964500
   0.0193998200    0.0276341700   -0.0025560400
   0.0197420800    0.0301185600   -0.0018774300
   0.0196783500    0.0278400100   -0.0014037600
   0.0193394700    0.0277147400   -0.0025543100
   0.0198507700    0.0300080000   -0.0018384400
   0.0196915000    0.0278022700   -0.0013850900
   0.0012534200   -0.0068376900    0.0034700800
   0.0010967700   -0.0069317100   -0.0014436100
   0.0032981400   -0.0071677000   -0.0057357200
   0.0013178000   -0.0068263900   -0.0009710200
   0.0010522600   -0.0068653000   -0.0015941700
   0.0032320300   -0.0070739600   -0.0035290800
   0.0011445100   -0.0065146500    0.0006717500
   0.0010180200   -0.0068473800   -0.0015865700
   0.0032920400   -0.0070986400   -0.0031129900
   0.0020107400   -0.0077155000    0.0034502000
   0.0000310400   -0.0067461400    0.0036857600
   0.0021420600   -0.0070271600    0.0034626400
   0.0020852800   -0.0078079900    0.0035011700
   0.0000006600   -0.0066978500    0.0037092500
   0.0021738800   -0.0070369200    0.0034633800
   0.0025362300   -0.0083221100    0.0034073800
   0.0000167800   -0.0067244200    0.0037149000
   0.0023467500   -0.0068554000    0.0034377400
  -0.0009888900    0.0062268800    0.0007440400
  -0.0012703600    0.0068171200   -0.0010630600
  -0.0033298900    0.0070883700   -0.0032481800
  -0.0009181300    0.0067730800   -0.0017321900
  -0.0013790100    0.0067969800   -0.0012608600
  -0.0033121200    0.0070962300   -0.0031207300
  -0.0010846200    0.0068730200   -0.0015197300
  -0.0012571600    0.0068745900   -0.0011541900
  -0.0031960600    0.0071141500   -0.0036957400
  -0.0007299100    0.0069535300    0.0033798900
  -0.0020399700    0.0078197200    0.0034846300
  -0.0021252400    0.0069908900    0.0034613200
   0.0000630700    0.0067497900    0.0036919400
  -0.0021525100    0.0078204600    0.0035078200
  -0.0022467800    0.0070085200    0.0034673600
   0.0000006400    0.0067305500    0.0036959300
  -0.0020562900    0.0078289200    0.0034951100
  -0.0021573500    0.0071085200    0.0034728000
  -0.0032981400   -0.0071677000   -0.0057357200
  -0.0010967700   -0.0069317100   -0.0014436100
  -0.0012534200   -0.0068376900    0.0034700800
  -0.0032320300   -0.0070739600   -0.0035290800
  -0.0010522600   -0.0068653000   -0.0015941700
  -0.0013178000   -0.0068263900   -0.0009710200
  -0.0032920400   -0.0070986400   -0.0031129900
  -0.0010180200   -0.0068473800   -0.0015865700
  -0.0011445100   -0.0065146500    0.0006717500
  -0.0021420600   -0.0070271600    0.0034626400
  -0.0000310400   -0.0067461400    0.0036857600
  -0.0020107400   -0.0077155000    0.0034502000
  -0.0021738800   -0.0070369200    0.0034633800
  -0.0000006600   -0.0066978500    0.0037092500
  -0.0020852800   -0.0078079900    0.0035011700
  -0.0023467500   -0.0068554000    0.0034377400
  -0.0000167800   -0.0067244200    0.0037149000
  -0.0025362300   -0.0083221100    0.0034073800
   0.0009888900    0.0062268800    0.0007440400
   0.0033298900    0.0070883700   -0.0032481800
   0.0012703600    0.0068171200   -0.0010630600
   0.0009181300    0.0067730800   -0.0017321900
   0.0033121200    0.0070962300   -0.0031207300
   0.0013790100    0.0067969800   -0.0012608600
   0.0010846200    0.0068730200   -0.0015197300
   0.0031960600    0.0071141500   -0.0036957400
   0.0012571600    0.0068745900   -0.0011541900
   0.0007299100    0.0069535300    0.0033798900
   0.0021252400    0.0069908900    0.0034613200
   0.0020399700    0.0078197200    0.0034846300
  -0.0000630700    0.0067497900    0.0036919400
   0.0022467800    0.0070085200    0.0034673600
   0.0021525100    0.0078204600    0.0035078200
  -0.0000006400    0.0067305500    0.0036959300
   0.0021573500    0.0071085200    0.0034728000
   0.0020562900    0.0078289200    0.0034951100
  -0.0068150500    0.0106998700   -0.0181946100
   0.0000000000    0.0067754000   -0.0206459500
   0.0068150500    0.0106998700   -0.0181946100
  -0.0012361600    0.0077583700   -0.0185361500
   0.0000000000    0.0066291500   -0.0204505200
   0.0012361600    0.0077583700   -0.0185361500
  -0.0007576600    0.0074887500   -0.0190484300
   0.0000000000    0.0066569100   -0.0205186400
   0.0007576600    0.0074887500   -0.0190484300
  -0.0015164400    0.0065870400    0.0067934700
   0.0000000000    0.0067196100    0.0034704400
   0.0015164400    0.0065870400    0.0067934700
  -0.0016116600    0.0067004100    0.0067284800
   0.0000000000    0.0067700700    0.0034840200
   0.0016116600    0.0067004100    0.0067284800
  -0.0017649800    0.0067418500    0.0067429900
   0.0000000000    0.0067608200    0.0034798300
   0.0017649800    0.0067418500    0.0067429900
   0.0000000000    0.0003475300   -0.0217516700
   0.0005231300   -0.0065976400   -0.0072980000
  -0.0005231300   -0.0065976400   -0.0072980000
   0.0000000000   -0.0061118500   -0.0101364400
   0.0007136200   -0.0069950300   -0.0073275100
  -0.0007136200   -0.0069950300   -0.0073275100
   0.0000000000   -0.0059626100   -0.0099617300
   0.0004959800   -0.0070775200   -0.0073290900
  -0.0004959800   -0.0070775200   -0.0073290900
   0.0000000000   -0.0046681500    0.0158467600
   0.0006996500   -0.0103106400    0.0169461800
  -0.0006996500   -0.0103106400    0.0169461800
   0.0000000000   -0.0092456300    0.0159532600
   0.0007147900   -0.0103027800    0.0170891900
  -0.0007147900   -0.0103027800    0.0170891900
   0.0000000000   -0.0092911700    0.0159480000
   0.0006674100   -0.0102860200    0.0170894700
  -0.0006674100   -0.0102860200    0.0170894700
   0.0051408500    0.0037241200   -0.0065139000
   0.0000000000    0.0060788600   -0.0100619400
  -0.0051408500    0.0037241200   -0.0065139000
  -0.0004982900    0.0068647900   -0.0072839700
   0.0000000000    0.0062179700   -0.0099982900
   0.0004982900    0.0068647900   -0.0072839700
  -0.0007905500    0.0069643100   -0.0077594300
   0.0000000000    0.0061507900   -0.0100167800
   0.0007905500    0.0069643100   -0.0077594300
  -0.0006659600    0.0099358900    0.0173716200
   0.0000000000    0.0092881300    0.0160207000
   0.0006659600    0.0099358900    0.0173716200
  -0.0006749800    0.0103213800    0.0171021100
   0.0000000000    0.0092749200    0.0159948200
   0.0006749800    0.0103213800    0.0171021100
  -0.0009465800    0.0103868900    0.0172788100
   0.0000000000    0.0092527400    0.0160311400
   0.0009465800    0.0103868900    0.0172788100
   0.0000000000   -0.0130892200   -0.0278676700
   0.0011389400   -0.0079556300   -0.0184196400
  -0.0011389400   -0.0079556300   -0.0184196400
   0.0000000000   -0.0066799200   -0.0205280000
   0.0009948500   -0.0076255200   -0.0185776100
  -0.0009948500   -0.0076255200   -0.0185776100
   0.0000000000   -0.0068487200   -0.0203497400
   0.0012422300   -0.0075794700   -0.0185554100
  -0.0012422300   -0.0075794700   -0.0185554100
   0.0000000000   -0.0075542600    0.0024506300
   0.0015805500   -0.0066707000    0.0067234500
  -0.0015805500   -0.0066707000    0.0067234500
   0.0000000000   -0.0067665200    0.0034806600
   0.0015972700   -0.0066794900    0.0067326900
  -0.0015972700   -0.0066794900    0.0067326900
   0.0000000000   -0.0067793800    0.0034976600
   0.0015924100   -0.0066682700    0.0067165000
  -0.0015924100   -0.0066682700    0.0067165000
   0.0000000000   -0.0288897700    0.0321618800
  -0.0004013900   -0.0312169600    0.0006138600
   0.0004013900   -0.0312169600    0.0006138600
   0.0000000000   -0.0296418700    0.0004793000
  -0.0005056500   -0.0313346300    0.0004991100
   0.0005056500   -0.0313346300    0.0004991100
   0.0000000000   -0.0295153500    0.0004801100
  -0.0005114200   -0.0313178900    0.0004996900
   0.0005114200   -0.0313178900    0.0004996900
   0.0000000000   -0.0256168400    0.0049083800
   0.0019340100   -0.0281536700    0.0017086200
  -0.0019340100   -0.0281536700    0.0017086200
   0.0000000000   -0.0256790000    0.0051530900
   0.0019453300   -0.0282415500    0.0016729600
  -0.0019453300   -0.0282415500    0.0016729600
   0.0000000000   -0.0256410800    0.0051523000
   0.0019577200   -0.0282707900    0.0016722300
  -0.0019577200   -0.0282707900    0.0016722300
   0.0001980600    0.0315806400   -0.0054114500
   0.0000000000    0.0296638100    0.0001509300
  -0.0001980600    0.0315806400   -0.0054114500
   0.0005521000    0.0313308000    0.0003805800
   0.0000000000    0.0296232900    0.0006976200
  -0.0005521000    0.0313308000    0.0003805800
   0.0005669300    0.0314413000    0.0004696300
   0.0000000000    0.0296874300    0.0004467700
  -0.0005669300    0.0314413000    0.0004696300
  -0.0020512400    0.0282014500    0.0016640300
   0.0000000000    0.0257635800    0.0052006000
   0.0020512400    0.0282014500    0.0016640300
  -0.0019621200    0.0282158100    0.0016548100
   0.0000000000    0.0257311500    0.0051593300
   0.0019621200    0.0282158100    0.0016548100
  -0.0018701300    0.0283042400    0.0016274300
   0.0000000000    0.0257782400    0.0051450600
   0.0018701300    0.0283042400    0.0016274300
   0.0000000000   -0.0106803600   -0.0038782100
  -0.0000156100   -0.0036834500   -0.0022038100
   0.0000156100   -0.0036834500   -0.0022038100
   0.0000000000   -0.0037482700   -0.0021966600
  -0.0000073000   -0.0036732900   -0.0022087400
   0.0000073000   -0.0036732900   -0.0022087400
   0.0000000000   -0.0036689600   -0.0021811000
   0.0000055600   -0.0036862200   -0.0022135000
  -0.0000055600   -0.0036862200   -0.0022135000
  -0.0001035200    0.0040037500   -0.0022664300
   0.0000000000    0.0036918000   -0.0021871300
   0.0001035200    0.0040037500   -0.0022664300
  -0.0000028800    0.0036948400   -0.0022133100
   0.0000000000    0.0036792100   -0.0021857800
   0.0000028800    0.0036948400   -0.0022133100
  -0.0000036200    0.0037117200   -0.0021774300
   0.0000000000    0.0036869200   -0.0021874300
   0.0000036200    0.0037117200   -0.0021774300
   0.0000000000   -0.0033671900    0.0027847000
   0.0000160800   -0.0036182200    0.0028811700
  -0.0000160800   -0.0036182200    0.0028811700
   0.0000000000   -0.0036396200    0.0028684200
   0.0000146100   -0.0036176600    0.0028813600
  -0.0000146100   -0.0036176600    0.0028813600
   0.0000000000   -0.0036352300    0.0028651100
   0.0000326000   -0.0036270000    0.0028849300
  -0.0000326000   -0.0036270000    0.0028849300
  -0.0000437300    0.0036538700    0.0028786200
   0.0000000000    0.0036507700    0.0028694900
   0.0000437300    0.0036538700    0.0028786200
  -0.0000222600    0.0036245900    0.0028811000
   0.0000000000    0.0036476100    0.0028659400
   0.0000222600    0.0036245900    0.0028811000
   0.0000453900    0.0035814000    0.0028873000
   0.0000000000    0.0036564400    0.0028684600
  -0.0000453900    0.0035814000    0.0028873000

253  
  0.0067865028774124   0.0073446156260810   0.0000000000000000
   0.0162517300   -0.0324212200    0.0002465500
   0.0182677600   -0.0288349300   -0.0004338700
   0.0193841000   -0.0300446200    0.0025219000
   0.0189847300   -0.0308391500    0.0009300800
   0.0181880800   -0.0288235200   -0.0004484600
   0.0191443200   -0.0299549600    0.0024941800
   0.0190342500   -0.0307254700    0.0009501200
   0.0181663200   -0.0288065400   -0.0004362500
   0.0192378900   -0.0300153600    0.0024985300
   0.0208666300   -0.0298858100   -0.0006941100
   0.0194056400   -0.0254632100   -0.0020954800
   0.0192446100   -0.0299180800   -0.0031098600
   0.0200542100   -0.0301557100   -0.0007002300
   0.0194129100   -0.0254698500   -0.0020830300
   0.0194177400   -0.0299305700   -0.0030423300
   0.0199964100   -0.0302057400   -0.0007020500
   0.0193666400   -0.0254781300   -0.0020935800
   0.0196151300   -0.0298200300   -0.0029531300
  -0.0170671400    0.0307466400    0.0091047200
  -0.0182433600    0.0288536400   -0.0004519500
  -0.0190637400    0.0308280000    0.0009018400
  -0.0191826600    0.0299072100    0.0024938900
  -0.0181491000    0.0287278000   -0.0004288100
  -0.0189528900    0.0308398000    0.0009205500
  -0.0191683300    0.0299324900    0.0024846200
  -0.0181826900    0.0287976800   -0.0004469300
  -0.0191309500    0.0308042300    0.0009598600
  -0.0211495000    0.0294185500   -0.0027859300
  -0.0193796600    0.0254478100   -0.0021147500
  -0.0199583100    0.0301820100   -0.0006873100
  -0.0194379600    0.0299704500   -0.0030473700
  -0.0194038500    0.0254583700   -0.0021155800
  -0.0200242500    0.0301615800   -0.0006956800
  -0.0194147400    0.0299477200   -0.0030432300
  -0.0193847400    0.0254667900   -0.0020897100
  -0.0200607900    0.0301744500   -0.0007356800
  -0.0191769500   -0.0307273100    0.0009892400
  -0.0191614600   -0.0299676200    0.0024823400
  -0.0177194200   -0.0293031900   -0.0004841200
  -0.0190069800   -0.0308162600    0.0009336500
  -0.0191648800   -0.0299332300    0.0024934600
  -0.0182179100   -0.0288223800   -0.0004383300
  -0.0189903400   -0.0308215500    0.0009339400
  -0.0191287400   -0.0299716700    0.0024928600
  -0.0182388500   -0.0284139600   -0.0004510600
  -0.0200269700   -0.0304800500   -0.0007712700
  -0.0194515600   -0.0299154300   -0.0030445200
  -0.0195231100   -0.0253770300   -0.0020923900
  -0.0200372900   -0.0301564200   -0.0006967300
  -0.0194259300   -0.0299331400   -0.0030462200
  -0.0193761300   -0.0254835900   -0.0020965200
  -0.0200523300   -0.0301508200   -0.0006716700
  -0.0194240800   -0.0299632400   -0.0030428800
  -0.0193540000   -0.0256450200   -0.0021027000
   0.0184769600    0.0298240400   -0.0033695600
   0.0192114000    0.0298887500    0.0024720900
   0.0189863900    0.0308654800    0.0009436700
   0.0182148000    0.0288093900   -0.0004325300
   0.0191632800    0.0300227400    0.0024912200
   0.0189834600    0.0308318300    0.0009306900
   0.0181356600    0.0288449500   -0.0004255500
   0.0191984900    0.0299174600    0.0024990000
   0.0189611200    0.0308065100    0.0009321200
   0.0194487300    0.0264204500   -0.0022122600
   0.0194108500    0.0299648300   -0.0030430500
   0.0200218000    0.0301646200   -0.0006986400
   0.0193836300    0.0254735300   -0.0020882700
   0.0194435600    0.0299296900   -0.0030413800
   0.0200305700    0.0301672400   -0.0006979000
   0.0193948700    0.0254693900   -0.0020965600
   0.0194449700    0.0299380200   -0.0030517500
   0.0200242400    0.0301444000   -0.0006937100
   0.0037111100   -0.0068634900   -0.0030068500
  -0.0008520300   -0.0066391900    0.0007977200
   0.0031030000   -0.0071743100   -0.0039732500
   0.0034696900   -0.0070373400   -0.0029057400
  -0.0008418400   -0.0065928200    0.0007956100
   0.0030040700   -0.0071238400   -0.0039895000
   0.0037463300   -0.0070931200   -0.0028983100
  -0.0008315200   -0.0066319900    0.0007960400
   0.0032277900   -0.0070546700   -0.0040365100
   0.0040097000   -0.0083657900    0.0032940800
  -0.0000842200   -0.0075025500    0.0037052600
   0.0001325800   -0.0059195300    0.0036869000
   0.0042775200   -0.0081296300    0.0032630600
  -0.0000838900   -0.0075030600    0.0037077100
   0.0001075200   -0.0059261300    0.0036921000
   0.0042614000   -0.0080908200    0.0032758300
  -0.0001029600   -0.0074858300    0.0037067900
  -0.0000629100   -0.0060019600    0.0036767700
  -0.0022446000    0.0078612600   -0.0049974200
   0.0008472900    0.0066397400    0.0007875000
  -0.0034523400    0.0070594500   -0.0029215600
  -0.0030589200    0.0072153400   -0.0040040900
   0.0009098800    0.0066549900    0.0007959200
  -0.0035033000    0.0070683800   -0.0029084500
  -0.0030332000    0.0071367800   -0.0040167600
   0.0008603800    0.0066192500    0.0007893500
  -0.0034682400    0.0070628400   -0.0028799500
   0.0006772800    0.0064581900    0.0035707800
   0.0000813200    0.0075163200    0.0037113100
  -0.0042877900    0.0080933300    0.0032724900
  -0.0001096800    0.0058990300    0.0036897000
   0.0000922100    0.0075106300    0.0037159200
  -0.0042650600    0.0081014300    0.0032645000
  -0.0001048800    0.0059256800    0.0036899000
   0.0000915400    0.0074999600    0.0037118100
  -0.0042808300    0.0081030100    0.0032507400
  -0.0035332100   -0.0070328600   -0.0030269100
  -0.0030522700   -0.0071507300   -0.0039994700
   0.0008584400   -0.0062613400    0.0007059500
  -0.0034735900   -0.0070454400   -0.0029050300
  -0.0030381100   -0.0071524900   -0.0039939400
   0.0008720300   -0.0066036000    0.0008011300
  -0.0034446800   -0.0070129500   -0.0029259700
  -0.0030328700   -0.0071353300   -0.0039912400
  -0.0001388200   -0.0079153400    0.0006436700
  -0.0039949100   -0.0077950800    0.0030370700
  -0.0001238100   -0.0059435100    0.0036943700
   0.0000453600   -0.0077058900    0.0037671200
  -0.0042821500   -0.0081231000    0.0032680300
  -0.0001211500   -0.0059403800    0.0036916700
   0.0000952000   -0.0074904500    0.0037071600
  -0.0042834400   -0.0081508800    0.0032662500
  -0.0000891900   -0.0059101300    0.0036874400
   0.0003605700   -0.0072055800    0.0038142800
  -0.0004474100    0.0070641900   -0.0054564700
   0.0030004200    0.0070847800   -0.0039768900
   0.0034559200    0.0070290500   -0.0028914300
  -0.0008554200    0.0065964600    0.0007919600
   0.0029179600    0.0070319900   -0.0039853600
   0.0035025100    0.0070502500   -0.0028999600
  -0.0008427200    0.0065946800    0.0007892900
   0.0030229000    0.0071592900   -0.0039765100
   0.0034787100    0.0070806100   -0.0029097100
  -0.0010787100    0.0063035800    0.0032061000
   0.0001289200    0.0059855800    0.0036960800
   0.0042887300    0.0080974100    0.0032735900
  -0.0000764700    0.0075166100    0.0037035800
   0.0001000900    0.0059226000    0.0037119000
   0.0042723800    0.0081112500    0.0032604200
  -0.0000984800    0.0074949600    0.0037176600
   0.0001084100    0.0059319400    0.0036840600
   0.0042861900    0.0081379200    0.0032803100
   0.0009611600    0.0096442300   -0.0163534700
  -0.0023295200    0.0067343100   -0.0204186100
   0.0019716200    0.0063396800   -0.0205120000
   0.0000112500    0.0086625200   -0.0168323500
  -0.0023197200    0.0067323000   -0.0204168400
   0.0023296900    0.0067254200   -0.0204022700
  -0.0001330000    0.0086551600   -0.0168654100
  -0.0023289600    0.0067494600   -0.0203939400
   0.0027123300    0.0070334500   -0.0205987700
  -0.0003655300    0.0062924900    0.0099713000
  -0.0031667300    0.0067414100    0.0034707600
   0.0033311900    0.0068839300    0.0034782300
  -0.0000020200    0.0066242100    0.0099795000
  -0.0031848100    0.0067413100    0.0034773900
   0.0031698000    0.0067510800    0.0034823200
   0.0000392600    0.0066204400    0.0099885200
  -0.0031771400    0.0067441000    0.0034881600
   0.0030352900    0.0066108800    0.0034976000
   0.0127962500    0.0095498400   -0.0232126700
   0.0010640700   -0.0060257100   -0.0099145100
   0.0000258500   -0.0077404900   -0.0047534700
  -0.0010461500   -0.0060766700   -0.0099179900
   0.0010632100   -0.0060945500   -0.0099520600
  -0.0000010800   -0.0077407500   -0.0047391300
  -0.0010390400   -0.0061059600   -0.0099333000
   0.0010720900   -0.0060621500   -0.0099202600
  -0.0000058500   -0.0077160900   -0.0047306400
  -0.0003531400   -0.0081040300    0.0158715000
   0.0013759300   -0.0092896300    0.0160650300
  -0.0000325600   -0.0113731600    0.0181851300
  -0.0014020400   -0.0092498000    0.0160279500
   0.0013819000   -0.0092451000    0.0160460500
   0.0000013100   -0.0113447700    0.0181730900
  -0.0013998800   -0.0092429600    0.0160102000
   0.0013832900   -0.0092524000    0.0160157000
  -0.0000002400   -0.0113543700    0.0181945600
   0.0003570700    0.0083500800   -0.0050460200
  -0.0010605700    0.0060696700   -0.0099381800
   0.0009341600    0.0059927800   -0.0099523400
   0.0000062400    0.0077289500   -0.0047302700
  -0.0010773300    0.0060581000   -0.0099189200
   0.0010693800    0.0060654700   -0.0099330600
  -0.0000386500    0.0077579100   -0.0047041200
  -0.0010735700    0.0060771900   -0.0099351600
   0.0012639800    0.0062427200   -0.0097422300
  -0.0006622300    0.0106482300    0.0181239400
  -0.0013684500    0.0092432100    0.0160527400
   0.0016223100    0.0094216400    0.0161060800
  -0.0000087600    0.0113558600    0.0181918000
  -0.0013894000    0.0092486300    0.0160236500
   0.0013688700    0.0092609400    0.0160049600
   0.0000743900    0.0113639400    0.0181868300
  -0.0013773500    0.0092448600    0.0159952700
   0.0011347400    0.0090500700    0.0159800500
  -0.0046411200   -0.0096594300   -0.0212245000
   0.0023099000   -0.0066799700   -0.0204329000
   0.0000081700   -0.0086318400   -0.0168045600
  -0.0022898500   -0.0067254200   -0.0204216300
   0.0023335900   -0.0067462100   -0.0203639400
  -0.0000084200   -0.0086917100   -0.0168083500
  -0.0023035100   -0.0067163200   -0.0204182200
   0.0023018100   -0.0067391800   -0.0204203800
   0.0000157900   -0.0086573600   -0.0168885400
  -0.0020227500   -0.0054648100    0.0036720300
   0.0031698000   -0.0067805300    0.0034829800
  -0.0000075900   -0.0066344700    0.0099705700
  -0.0031881500   -0.0067389100    0.0034830200
   0.0031797800   -0.0067604700    0.0034718300
   0.0000033000   -0.0066143800    0.0099820400
  -0.0031876300   -0.0067446400    0.0034820700
   0.0031845200   -0.0067471700    0.0034835800
  -0.0000094600   -0.0066159200    0.0099891300
   0.0017739700   -0.0278289100    0.0055256500
  -0.0009150300   -0.0298289700    0.0003624200
   0.0000228900   -0.0330707000    0.0004638700
   0.0009688600   -0.0297160000    0.0003714300
  -0.0010399500   -0.0296895800    0.0003784700
  -0.0000066000   -0.0330037900    0.0004515400
   0.0009781600   -0.0296989300    0.0004299800
  -0.0009667900   -0.0296909900    0.0003609000
   0.0000283500   -0.0331039000    0.0004507800
  -0.0037541000   -0.0269810200    0.0053759400
   0.0039646800   -0.0257642000    0.0051615900
   0.0000033900   -0.0306397100   -0.0018611100
  -0.0039523100   -0.0257893700    0.0051668200
   0.0039622600   -0.0257828900    0.0051441200
  -0.0000052100   -0.0306563700   -0.0018565900
  -0.0039534300   -0.0257764000    0.0051638500
   0.0039554600   -0.0257635100    0.0051630700
  -0.0000012600   -0.0306942800   -0.0018622300
   0.0001973100    0.0317152000    0.0006229400
   0.0009308200    0.0297290900    0.0003789900
  -0.0014164200    0.0302757000    0.0006638200
  -0.0000028600    0.0330434200    0.0004505000
   0.0009526100    0.0296838000    0.0003692600
  -0.0009656800    0.0297029600    0.0003744200
  -0.0000260200    0.0330328200    0.0004626900
   0.0009827600    0.0296675500    0.0003755900
  -0.0010357000    0.0296851000    0.0003884400
   0.0000571700    0.0312943500   -0.0018564400
  -0.0039585200    0.0257873100    0.0051644200
   0.0039985200    0.0257019300    0.0051259000
  -0.0000141300    0.0306836900   -0.0018529100
  -0.0039740200    0.0257872400    0.0051670100
   0.0039710800    0.0257583400    0.0051618800
  -0.0000003200    0.0306775000   -0.0018663400
  -0.0039395000    0.0257629400    0.0051602400
   0.0039634300    0.0258921900    0.0052405800
  -0.0141847300   -0.0194307800    0.0111457800
  -0.0000029000   -0.0036981900   -0.0022062100
  -0.0000163900   -0.0037096800   -0.0022442000
  -0.0000159400   -0.0036847500   -0.0022042900
  -0.0000024900   -0.0036961600   -0.0022014100
   0.0000024700   -0.0036966700   -0.0022426000
  -0.0000158900   -0.0036847900   -0.0022009400
   0.0000127300   -0.0036822700   -0.0022009200
  -0.0000124200   -0.0037106200   -0.0022460400
  -0.0002035300    0.0034740600   -0.0021833500
  -0.0000032000    0.0036834700   -0.0022017400
   0.0001119500    0.0037415500   -0.0022004700
  -0.0000024700    0.0037031500   -0.0022450300
  -0.0000130500    0.0036775300   -0.0021999300
   0.0000037000    0.0036850700   -0.0021995800
   0.0000166200    0.0036957500   -0.0022475400
  -0.0000067900    0.0036787100   -0.0021985900
  -0.0000780900    0.0035848800   -0.0022129400
  -0.0005894100   -0.0043076600    0.0029059800
   0.0000434500   -0.0036391800    0.0028624200
   0.0000108600   -0.0035911600    0.0028890100
  -0.0000314600   -0.0036480700    0.0028632800
   0.0000368700   -0.0036476300    0.0028629500
   0.0000004600   -0.0035969100    0.0028903200
  -0.0000315200   -0.0036479900    0.0028635900
   0.0000364300   -0.0036480700    0.0028639900
   0.0000009100   -0.0035965400    0.0028925900
   0.0002232100    0.0038248900    0.0029090200
  -0.0000382700    0.0036502000    0.0028648900
  -0.0000424100    0.0035972100    0.0028598900
   0.0000026800    0.0035963500    0.0028914600
  -0.0000327700    0.0036504200    0.0028650000
   0.0000380700    0.0036470600    0.0028634100
  -0.0000187500    0.0035976100    0.0028896300
  -0.0000364200    0.0036519400    0.0028634300
   0.0001215200    0.0037451200    0.0028672800

253  
 -0.0067865028774124  -0.0073446156260810   0.0000000000000000
   0.0216760500   -0.0292522500    0.0016044500
   0.0181382700   -0.0287817900   -0.0004424400
   0.0189267900   -0.0298480400    0.0024656900
   0.0189684900   -0.0308310600    0.0009296400
   0.0182164900   -0.0287937800   -0.0004289800
   0.0191665700   -0.0299392000    0.0024938700
   0.0189192500   -0.0309429300    0.0009101600
   0.0182339300   -0.0288103600   -0.0004411100
   0.0190750800   -0.0298726200    0.0024872700
   0.0192029500   -0.0304348800   -0.0006999800
   0.0193779700   -0.0254720400   -0.0020946500
   0.0196307300   -0.0299528600   -0.0029754800
   0.0200133700   -0.0301676500   -0.0006959300
   0.0193726800   -0.0254668600   -0.0021065400
   0.0194566600   -0.0299428400   -0.0030426600
   0.0200714000   -0.0301162500   -0.0006940900
   0.0194148300   -0.0254579600   -0.0020960500
   0.0192610500   -0.0300530800   -0.0031336600
  -0.0211502400    0.0291193100   -0.0040738000
  -0.0181570100    0.0287614100   -0.0004254400
  -0.0188908700    0.0308414400    0.0009580900
  -0.0191287800    0.0299818700    0.0024944200
  -0.0182544000    0.0288842300   -0.0004476500
  -0.0189988900    0.0308262800    0.0009391100
  -0.0191418200    0.0299580200    0.0025033100
  -0.0182172300    0.0288155400   -0.0004298900
  -0.0188217500    0.0308637000    0.0009017700
  -0.0177148900    0.0304473400   -0.0033048300
  -0.0194023700    0.0254842400   -0.0020749400
  -0.0201085800    0.0301389700   -0.0007089400
  -0.0194366300    0.0298995200   -0.0030379100
  -0.0193812200    0.0254742100   -0.0020743200
  -0.0200418100    0.0301581700   -0.0007002400
  -0.0194596600    0.0299218300   -0.0030421700
  -0.0193954000    0.0254656600   -0.0020999500
  -0.0200081400    0.0301464300   -0.0006595900
  -0.0187799700   -0.0309393400    0.0008687100
  -0.0191535700   -0.0299269600    0.0025056900
  -0.0186932800   -0.0283064900   -0.0003901800
  -0.0189464800   -0.0308546300    0.0009261800
  -0.0191449100   -0.0299591400    0.0024949500
  -0.0181843400   -0.0287949900   -0.0004384400
  -0.0189653600   -0.0308474500    0.0009258600
  -0.0191819700   -0.0299229100    0.0024955200
  -0.0181619000   -0.0292092100   -0.0004270400
  -0.0200425400   -0.0298445900   -0.0006258900
  -0.0194241400   -0.0299578700   -0.0030408100
  -0.0192676200   -0.0255565600   -0.0020980600
  -0.0200301400   -0.0301678600   -0.0006994300
  -0.0194473800   -0.0299386400   -0.0030387500
  -0.0194067200   -0.0254531000   -0.0020935000
  -0.0200166100   -0.0301721100   -0.0007235700
  -0.0194499100   -0.0299107400   -0.0030422600
  -0.0194288800   -0.0252909100   -0.0020871800
   0.0179185000    0.0278234000    0.0025240600
   0.0191043400    0.0299999100    0.0025165200
   0.0189663000    0.0308027800    0.0009162600
   0.0181876700    0.0288025700   -0.0004446900
   0.0191474000    0.0298674300    0.0024974600
   0.0189679500    0.0308357600    0.0009286100
   0.0182665300    0.0287678600   -0.0004506100
   0.0191130000    0.0299727500    0.0024895600
   0.0189912600    0.0308600400    0.0009271100
   0.0193386900    0.0245164600   -0.0019795500
   0.0194656700    0.0299043200   -0.0030423400
   0.0200449300    0.0301556700   -0.0006973700
   0.0193990400    0.0254591500   -0.0021013900
   0.0194308000    0.0299389500   -0.0030438200
   0.0200353300    0.0301538200   -0.0006977800
   0.0193869100    0.0254638200   -0.0020934500
   0.0194286600    0.0299314800   -0.0030339300
   0.0200418400    0.0301755000   -0.0007023700
   0.0032395000   -0.0071996000   -0.0028089700
  -0.0008617600   -0.0065997800    0.0007969900
   0.0029431400   -0.0071140600   -0.0040091200
   0.0034752200   -0.0070367600   -0.0029070000
  -0.0008725100   -0.0066441500    0.0007986800
   0.0030410300   -0.0071584100   -0.0039922900
   0.0032025600   -0.0069896200   -0.0029158900
  -0.0008808400   -0.0066062200    0.0007984400
   0.0028125800   -0.0072281600   -0.0039458700
   0.0045370800   -0.0078592400    0.0032410400
  -0.0000876000   -0.0075116200    0.0037097400
   0.0000919100   -0.0059474900    0.0037002600
   0.0042690900   -0.0080957000    0.0032716000
  -0.0000883700   -0.0075099400    0.0037072500
   0.0001162500   -0.0059370000    0.0036932500
   0.0042873000   -0.0081379600    0.0032586200
  -0.0000687700   -0.0075270900    0.0037083000
   0.0002861300   -0.0058611300    0.0037084200
  -0.0037877500    0.0064230900   -0.0029610100
   0.0008651100    0.0066003500    0.0008065300
  -0.0034916500    0.0070156000   -0.0028912300
  -0.0029891000    0.0070704700   -0.0039779600
   0.0008038100    0.0065840900    0.0007990600
  -0.0034434500    0.0070077800   -0.0029041400
  -0.0030116500    0.0071463200   -0.0039654400
   0.0008550400    0.0066182900    0.0008044900
  -0.0034774100    0.0070099200   -0.0029319100
  -0.0008974500    0.0054055100    0.0038151800
   0.0000902300    0.0074987700    0.0037042000
  -0.0042586200    0.0081325400    0.0032619900
  -0.0001148500    0.0059656000    0.0036955600
   0.0000792500    0.0075036600    0.0036988800
  -0.0042821800    0.0081242800    0.0032700800
  -0.0001188400    0.0059380500    0.0036951900
   0.0000817100    0.0075130600    0.0037036600
  -0.0042661500    0.0081222300    0.0032839600
  -0.0034166900   -0.0070454900   -0.0027893900
  -0.0029933600   -0.0071317500   -0.0039822200
   0.0008551900   -0.0069748300    0.0008898300
  -0.0034710200   -0.0070281600   -0.0029075900
  -0.0030075500   -0.0071318200   -0.0039885100
   0.0008417300   -0.0066343700    0.0007934500
  -0.0035023300   -0.0070602400   -0.0028859900
  -0.0030133200   -0.0071477100   -0.0039904100
   0.0018560500   -0.0053208000    0.0009413200
  -0.0045523800   -0.0084299100    0.0034942700
  -0.0000998400   -0.0059199700    0.0036907800
   0.0001262500   -0.0073077000    0.0036470100
  -0.0042644000   -0.0081019600    0.0032667000
  -0.0001031200   -0.0059246000    0.0036942200
   0.0000766900   -0.0075231900    0.0037076800
  -0.0042636100   -0.0080739300    0.0032681500
  -0.0001345900   -0.0059532000    0.0036975500
  -0.0001899800   -0.0078113900    0.0036004800
  -0.0012973300    0.0061139600    0.0071131800
   0.0030445200    0.0071982700   -0.0040045500
   0.0034909700    0.0070460200   -0.0029209700
  -0.0008567800    0.0066424500    0.0008024000
   0.0031299500    0.0072559400   -0.0039945200
   0.0034438500    0.0070235600   -0.0029126100
  -0.0008714100    0.0066439000    0.0008052700
   0.0030212800    0.0071229700   -0.0040049600
   0.0034675100    0.0069949200   -0.0029026800
   0.0009015300    0.0087041000    0.0042010800
   0.0000954500    0.0058790600    0.0036892400
   0.0042585200    0.0081285900    0.0032611300
  -0.0000951800    0.0074974200    0.0037113300
   0.0001261300    0.0059449300    0.0036738800
   0.0042750400    0.0081139100    0.0032741900
  -0.0000732600    0.0075190300    0.0036974400
   0.0001144700    0.0059311200    0.0037010600
   0.0042617900    0.0080887900    0.0032547400
  -0.0009612100    0.0077021800   -0.0172691300
  -0.0023178100    0.0067285500   -0.0204126800
   0.0026793500    0.0071206600   -0.0203303400
  -0.0000112800    0.0086821200   -0.0167886800
  -0.0023272600    0.0067301300   -0.0204144000
   0.0023178500    0.0067373100   -0.0204283000
   0.0001316200    0.0086905900   -0.0167601300
  -0.0023182300    0.0067140500   -0.0204355800
   0.0019353300    0.0064322800   -0.0202285500
   0.0003622500    0.0069502800    0.0099841000
  -0.0031840200    0.0067564700    0.0034864300
   0.0030180700    0.0066139400    0.0034756000
   0.0000018800    0.0066216500    0.0099799200
  -0.0031656100    0.0067561000    0.0034792100
   0.0031809000    0.0067465400    0.0034748300
  -0.0000390800    0.0066237000    0.0099697000
  -0.0031738400    0.0067536900    0.0034694300
   0.0033168500    0.0068885200    0.0034594700
  -0.0148036000   -0.0214342600    0.0017627100
   0.0010741800   -0.0061151300   -0.0099446200
  -0.0000262800   -0.0077352000   -0.0047234900
  -0.0010915200   -0.0060642600   -0.0099406400
   0.0010737500   -0.0060473100   -0.0099073900
   0.0000012300   -0.0077344000   -0.0047370500
  -0.0010986400   -0.0060354200   -0.0099257800
   0.0010662300   -0.0060793400   -0.0099392400
   0.0000061900   -0.0077583500   -0.0047460300
  -0.0024071800   -0.0103939100    0.0162248100
   0.0013834200   -0.0092156100    0.0159813300
   0.0000326100   -0.0113254900    0.0181612000
  -0.0013569500   -0.0092551300    0.0160159000
   0.0013769500   -0.0092603100    0.0159994000
  -0.0000013600   -0.0113538500    0.0181708100
  -0.0013587300   -0.0092623200    0.0160333500
   0.0013759600   -0.0092528600    0.0160261500
   0.0000007600   -0.0113441800    0.0181502800
  -0.0003566300    0.0071282500   -0.0044227400
  -0.0010770300    0.0060705500   -0.0099219100
   0.0012039400    0.0061469000   -0.0099056700
  -0.0000063800    0.0077454200   -0.0047462800
  -0.0010603300    0.0060819700   -0.0099402900
   0.0010685300    0.0060746800   -0.0099264200
   0.0000381900    0.0077160200   -0.0047725700
  -0.0010643700    0.0060632900   -0.0099249100
   0.0008728200    0.0058973600   -0.0101154700
   0.0006565100    0.0120436400    0.0182301700
  -0.0013907200    0.0092611700    0.0159907700
   0.0011376400    0.0090803300    0.0159489900
   0.0000086500    0.0113421700    0.0181519700
  -0.0013697100    0.0092556800    0.0160190000
   0.0013903600    0.0092434900    0.0160370300
  -0.0000747700    0.0113334400    0.0181607400
  -0.0013818400    0.0092598200    0.0160459300
   0.0016260900    0.0094556900    0.0160655700
   0.0000008400   -0.0038050400   -0.0196776100
   0.0023366800   -0.0067835500   -0.0204011000
  -0.0000088600   -0.0087138700   -0.0168180200
  -0.0023568400   -0.0067384300   -0.0204108500
   0.0023134400   -0.0067179700   -0.0204700700
   0.0000088200   -0.0086542000   -0.0168125900
  -0.0023443400   -0.0067466900   -0.0204138900
   0.0023451300   -0.0067239500   -0.0204102900
  -0.0000152800   -0.0086884800   -0.0167338300
  -0.0043265100   -0.0080333800    0.0032627800
   0.0031817000   -0.0067184800    0.0034730200
   0.0000072300   -0.0066120000    0.0099881000
  -0.0031625800   -0.0067591500    0.0034734800
   0.0031706900   -0.0067381300    0.0034843300
  -0.0000032700   -0.0066317400    0.0099764300
  -0.0031629100   -0.0067543500    0.0034748800
   0.0031667100   -0.0067518100    0.0034734600
   0.0000098100   -0.0066305000    0.0099697900
   0.0001082100   -0.0315054600   -0.0047463100
  -0.0010142200   -0.0295659800    0.0003919500
  -0.0000182100   -0.0329442500    0.0004422500
   0.0009584300   -0.0296743800    0.0003831600
  -0.0008871800   -0.0297021700    0.0003761500
   0.0000062100   -0.0330076100    0.0004543500
   0.0009499300   -0.0296915800    0.0003250700
  -0.0009599900   -0.0296982700    0.0003939600
  -0.0000281200   -0.0329088100    0.0004553700
  -0.0041705000   -0.0245702000    0.0049425600
   0.0039529700   -0.0257902400    0.0051611600
  -0.0000022400   -0.0307001900   -0.0018569800
  -0.0039653300   -0.0257637900    0.0051561000
   0.0039563500   -0.0257719600    0.0051787000
   0.0000048900   -0.0306818700   -0.0018613300
  -0.0039635100   -0.0257765500    0.0051587800
   0.0039622200   -0.0257880300    0.0051594500
   0.0000026300   -0.0306460200   -0.0018557100
  -0.0001973900    0.0342846600    0.0002810900
   0.0009956900    0.0296677200    0.0003753900
  -0.0005097500    0.0291262800    0.0000869300
   0.0000033500    0.0329757800    0.0004557300
   0.0009733200    0.0297121000    0.0003850400
  -0.0009617500    0.0296927000    0.0003801000
   0.0000259600    0.0329872100    0.0004435800
   0.0009452000    0.0297268700    0.0003787400
  -0.0008871500    0.0297125700    0.0003644300
  -0.0000573300    0.0300527200   -0.0018611300
  -0.0039586000    0.0257713300    0.0051581600
   0.0039189600    0.0258621400    0.0051970900
   0.0000142800    0.0306616500   -0.0018653200
  -0.0039449100    0.0257719000    0.0051562200
   0.0039467300    0.0257997600    0.0051609000
   0.0000009000    0.0306686400   -0.0018509800
  -0.0039776800    0.0257941600    0.0051626300
   0.0039546100    0.0256669700    0.0050809200
   0.0140219600    0.0118419200   -0.0140691300
   0.0000154800   -0.0036677400   -0.0021925800
   0.0000166000   -0.0036925200   -0.0022392600
   0.0000035300   -0.0036808300   -0.0021943700
   0.0000148700   -0.0036697900   -0.0021975300
  -0.0000025300   -0.0037051800   -0.0022407600
   0.0000035600   -0.0036809400   -0.0021979800
   0.0000000400   -0.0036837100   -0.0021979100
   0.0000126500   -0.0036913400   -0.0022374300
   0.0001989500    0.0039230700   -0.0022996300
  -0.0000091000    0.0036821000   -0.0021969200
  -0.0000992400    0.0036235300   -0.0021977900
   0.0000025600    0.0036986000   -0.0022385600
   0.0000008200    0.0036880000   -0.0021987400
   0.0000086700    0.0036804200   -0.0021989000
  -0.0000163700    0.0037055200   -0.0022359700
  -0.0000055900    0.0036866100   -0.0021999800
   0.0000921900    0.0037824600   -0.0021858400
   0.0005179500   -0.0029908100    0.0028251000
   0.0000288700   -0.0036583300    0.0028682600
  -0.0000107600   -0.0036038400    0.0028948500
  -0.0000406900   -0.0036496700    0.0028672300
   0.0000354100   -0.0036500300    0.0028677900
  -0.0000004500   -0.0035979800    0.0028932800
  -0.0000407800   -0.0036496300    0.0028671400
   0.0000359800   -0.0036495700    0.0028666800
  -0.0000009700   -0.0035984900    0.0028911900
  -0.0002225000    0.0033706100    0.0028747200
  -0.0000338100    0.0036470800    0.0028658500
   0.0001148500    0.0037000900    0.0028710400
  -0.0000025800    0.0035982400    0.0028926200
  -0.0000392300    0.0036469200    0.0028656500
   0.0000341800    0.0036501800    0.0028671200
   0.0000188000    0.0035970800    0.0028944600
  -0.0000357800    0.0036452400    0.0028672100
  -0.0000494900    0.0035518800    0.0028632900

253  
  0.0000000000000000   0.0000000000000000   0.0100000000000000
   0.0182356900   -0.0300246400    0.0000801000
   0.0186325300   -0.0293736200    0.0010211100
   0.0191560100   -0.0303742300    0.0016944300
   0.0186160900   -0.0298044600    0.0002440800
   0.0187055100   -0.0293699400    0.0010220300
   0.0190730900   -0.0303808200    0.0017099600
   0.0186469600   -0.0297941600    0.0002432600
   0.0186887000   -0.0293751100    0.0010228000
   0.0190746900   -0.0303924600    0.0016707000
   0.0196885700   -0.0278112900   -0.0013925000
   0.0194068700   -0.0277056800   -0.0025709300
   0.0197514400   -0.0300911000   -0.0018793700
   0.0197137400   -0.0278155500   -0.0013989700
   0.0194301600   -0.0276968300   -0.0025689000
   0.0197250600   -0.0300514400   -0.0018693300
   0.0197175400   -0.0278291600   -0.0013991600
   0.0194043300   -0.0277054700   -0.0025695100
   0.0197354800   -0.0300310300   -0.0018775500
  -0.0194454500    0.0290688900    0.0023416700
  -0.0186597600    0.0297683100    0.0002333600
  -0.0191523000    0.0302954200    0.0017131900
  -0.0187005100    0.0293705300    0.0010195900
  -0.0186111600    0.0298087700    0.0002495900
  -0.0190681500    0.0303917200    0.0017078600
  -0.0187274200    0.0293397600    0.0010273600
  -0.0185888300    0.0298040000    0.0002406400
  -0.0191058400    0.0303680900    0.0017221100
  -0.0194302700    0.0277683200   -0.0024798000
  -0.0197136400    0.0278029800   -0.0013971600
  -0.0197545100    0.0300382400   -0.0018739600
  -0.0194189900    0.0277005200   -0.0025687100
  -0.0197231000    0.0278126800   -0.0014014000
  -0.0197243700    0.0300462300   -0.0018708900
  -0.0194233300    0.0276954000   -0.0025712700
  -0.0196998700    0.0278038600   -0.0013980600
  -0.0197413000    0.0300557100   -0.0018686400
  -0.0191560100   -0.0303742300    0.0016944300
  -0.0186325300   -0.0293736200    0.0010211100
  -0.0182356900   -0.0300246400    0.0000801000
  -0.0190730900   -0.0303808200    0.0017099600
  -0.0187055100   -0.0293699400    0.0010220300
  -0.0186160900   -0.0298044600    0.0002440800
  -0.0190746900   -0.0303924600    0.0016707000
  -0.0186887000   -0.0293751100    0.0010228000
  -0.0186469600   -0.0297941600    0.0002432600
  -0.0197514400   -0.0300911000   -0.0018793700
  -0.0194068700   -0.0277056800   -0.0025709300
  -0.0196885700   -0.0278112900   -0.0013925000
  -0.0197250600   -0.0300514400   -0.0018693300
  -0.0194301600   -0.0276968300   -0.0025689000
  -0.0197137400   -0.0278155500   -0.0013989700
  -0.0197354800   -0.0300310300   -0.0018775500
  -0.0194043300   -0.0277054700   -0.0025695100
  -0.0197175400   -0.0278291600   -0.0013991600
   0.0194454500    0.0290688900    0.0023416700
   0.0191523000    0.0302954200    0.0017131900
   0.0186597600    0.0297683100    0.0002333600
   0.0187005100    0.0293705300    0.0010195900
   0.0190681500    0.0303917200    0.0017078600
   0.0186111600    0.0298087700    0.0002495900
   0.0187274200    0.0293397600    0.0010273600
   0.0191058400    0.0303680900    0.0017221100
   0.0185888300    0.0298040000    0.0002406400
   0.0194302700    0.0277683200   -0.0024798000
   0.0197545100    0.0300382400   -0.0018739600
   0.0197136400    0.0278029800   -0.0013971600
   0.0194189900    0.0277005200   -0.0025687100
   0.0197243700    0.0300462300   -0.0018708900
   0.0197231000    0.0278126800   -0.0014014000
   0.0194233300    0.0276954000   -0.0025712700
   0.0197413000    0.0300557100   -0.0018686400
   0.0196998700    0.0278038600   -0.0013980600
   0.0013042000   -0.0069000700   -0.0011150600
   0.0010781100   -0.0068908900   -0.0016019900
   0.0032403500   -0.0070216000   -0.0034924900
   0.0013106700   -0.0068421300   -0.0010573500
   0.0011038300   -0.0069001100   -0.0016036100
   0.0032510100   -0.0070923100   -0.0034538900
   0.0012600700   -0.0066897400   -0.0011378500
   0.0010817700   -0.0068888300   -0.0016011900
   0.0032429000   -0.0071428200   -0.0034606700
   0.0020876000   -0.0078555500    0.0035029700
   0.0000089700   -0.0067165900    0.0037007600
   0.0021725400   -0.0069738800    0.0034376200
   0.0020901200   -0.0078081000    0.0034844700
   0.0000276300   -0.0067333600    0.0036987800
   0.0021909900   -0.0070176700    0.0034837900
   0.0020694900   -0.0077727800    0.0034965600
   0.0000147200   -0.0067153400    0.0036982000
   0.0021905400   -0.0070371000    0.0034832100
  -0.0020054300    0.0078984500   -0.0009211700
  -0.0012984800    0.0068511300   -0.0010730300
  -0.0032946600    0.0071090100   -0.0034505700
  -0.0011076300    0.0069370400   -0.0016013000
  -0.0012998600    0.0068385500   -0.0010524700
  -0.0032383300    0.0070821100   -0.0034568500
  -0.0010869900    0.0068978700   -0.0016087300
  -0.0013224400    0.0068472500   -0.0010538000
  -0.0032532000    0.0070869400   -0.0034440600
   0.0000756800    0.0066525900    0.0037285900
  -0.0021035500    0.0078235300    0.0034939100
  -0.0022020500    0.0070312100    0.0034771200
  -0.0000286300    0.0067310100    0.0036986500
  -0.0020877300    0.0078077100    0.0034865700
  -0.0021915500    0.0070248300    0.0034856300
  -0.0000166000    0.0067264700    0.0037021700
  -0.0021052300    0.0078222900    0.0034898400
  -0.0021951700    0.0070116100    0.0034778600
  -0.0032403500   -0.0070216000   -0.0034924900
  -0.0010781100   -0.0068908900   -0.0016019900
  -0.0013042000   -0.0069000700   -0.0011150600
  -0.0032510100   -0.0070923100   -0.0034538900
  -0.0011038300   -0.0069001100   -0.0016036100
  -0.0013106700   -0.0068421300   -0.0010573500
  -0.0032429000   -0.0071428200   -0.0034606700
  -0.0010817700   -0.0068888300   -0.0016011900
  -0.0012600700   -0.0066897400   -0.0011378500
  -0.0021725400   -0.0069738800    0.0034376200
  -0.0000089700   -0.0067165900    0.0037007600
  -0.0020876000   -0.0078555500    0.0035029700
  -0.0021909900   -0.0070176700    0.0034837900
  -0.0000276300   -0.0067333600    0.0036987800
  -0.0020901200   -0.0078081000    0.0034844700
  -0.0021905400   -0.0070371000    0.0034832100
  -0.0000147200   -0.0067153400    0.0036982000
  -0.0020694900   -0.0077727800    0.0034965600
   0.0020054300    0.0078984500   -0.0009211700
   0.0032946600    0.0071090100   -0.0034505700
   0.0012984800    0.0068511300   -0.0010730300
   0.0011076300    0.0069370400   -0.0016013000
   0.0032383300    0.0070821100   -0.0034568500
   0.0012998600    0.0068385500   -0.0010524700
   0.0010869900    0.0068978700   -0.0016087300
   0.0032532000    0.0070869400   -0.0034440600
   0.0013224400    0.0068472500   -0.0010538000
  -0.0000756800    0.0066525900    0.0037285900
   0.0022020500    0.0070312100    0.0034771200
   0.0021035500    0.0078235300    0.0034939100
   0.0000286300    0.0067310100    0.0036986500
   0.0021915500    0.0070248300    0.0034856300
   0.0020877300    0.0078077100    0.0034865700
   0.0000166000    0.0067264700    0.0037021700
   0.0021951700    0.0070116100    0.0034778600
   0.0021052300    0.0078222900    0.0034898400
  -0.0009676700    0.0078228200   -0.0186119100
  -0.0000000000    0.0067289800   -0.0204465000
   0.0009676700    0.0078228200   -0.0186119100
  -0.0011650600    0.0076938200   -0.0186406800
  -0.0000000000    0.0067248800   -0.0204529800
   0.0011650600    0.0076938200   -0.0186406800
  -0.0011537800    0.0076730000   -0.0187019700
  -0.0000000000    0.0067307800   -0.0204397500
   0.0011537800    0.0076730000   -0.0187019700
  -0.0016333500    0.0066765200    0.0067289400
  -0.0000000000    0.0067526500    0.0034811700
   0.0016333500    0.0066765200    0.0067289400
  -0.0015850200    0.0066895100    0.0067315500
  -0.0000000000    0.0067433900    0.0034738100
   0.0015850200    0.0066895100    0.0067315500
  -0.0015811100    0.0066920900    0.0067289500
  -0.0000000000    0.0067505700    0.0034809500
   0.0015811100    0.0066920900    0.0067289500
  -0.0000000000   -0.0238950400    0.2199689600
   0.0005275400   -0.0068645800   -0.0071676800
  -0.0005275400   -0.0068645800   -0.0071676800
  -0.0000000000   -0.0060577400   -0.0098087400
   0.0005296900   -0.0069007000   -0.0072765300
  -0.0005296900   -0.0069007000   -0.0072765300
  -0.0000000000   -0.0060534300   -0.0098117900
   0.0005342100   -0.0068872100   -0.0072714500
  -0.0005342100   -0.0068872100   -0.0072714500
  -0.0000000000   -0.0090708000    0.0154481900
   0.0006911000   -0.0103118300    0.0171366400
  -0.0006911000   -0.0103118300    0.0171366400
  -0.0000000000   -0.0092563200    0.0160563000
   0.0006887200   -0.0103042900    0.0171098500
  -0.0006887200   -0.0103042900    0.0171098500
  -0.0000000000   -0.0092601500    0.0160575000
   0.0006930300   -0.0103051900    0.0171105900
  -0.0006930300   -0.0103051900    0.0171105900
  -0.0004652900    0.0069659000   -0.0068765600
  -0.0000000000    0.0060582300   -0.0098530900
   0.0004652900    0.0069659000   -0.0068765600
  -0.0005344700    0.0068952800   -0.0072754700
  -0.0000000000    0.0060571700   -0.0098776700
   0.0005344700    0.0068952800   -0.0072754700
  -0.0004935200    0.0068374000   -0.0070199400
  -0.0000000000    0.0060610300   -0.0098629200
   0.0004935200    0.0068374000   -0.0070199400
  -0.0007363600    0.0102912900    0.0170599600
  -0.0000000000    0.0092557400    0.0160282900
   0.0007363600    0.0102912900    0.0170599600
  -0.0006895500    0.0103053200    0.0171040800
  -0.0000000000    0.0092491300    0.0160522500
   0.0006895500    0.0103053200    0.0171040800
  -0.0006761700    0.0103011400    0.0171189400
  -0.0000000000    0.0092549700    0.0160244600
   0.0006761700    0.0103011400    0.0171189400
  -0.0000000000   -0.0073879700   -0.0169517100
   0.0011295000   -0.0076665400   -0.0187129200
  -0.0011295000   -0.0076665400   -0.0187129200
  -0.0000000000   -0.0067415600   -0.0204862300
   0.0011660000   -0.0077004300   -0.0186399900
  -0.0011660000   -0.0077004300   -0.0186399900
  -0.0000000000   -0.0067037000   -0.0204857500
   0.0011556500   -0.0076948400   -0.0186511800
  -0.0011556500   -0.0076948400   -0.0186511800
  -0.0000000000   -0.0066347200    0.0036626400
   0.0015935300   -0.0066921100    0.0067251500
  -0.0015935300   -0.0066921100    0.0067251500
  -0.0000000000   -0.0067460100    0.0034768900
   0.0015842900   -0.0066926100    0.0067289600
  -0.0015842900   -0.0066926100    0.0067289600
  -0.0000000000   -0.0067563900    0.0034772600
   0.0015890700   -0.0066872800    0.0067287000
  -0.0015890700   -0.0066872800    0.0067287000
  -0.0000000000   -0.0301743400    0.0020092900
  -0.0004027400   -0.0313964300    0.0004010900
   0.0004027400   -0.0313964300    0.0004010900
  -0.0000000000   -0.0297278800    0.0003626100
  -0.0004855600   -0.0313701600    0.0004112400
   0.0004855600   -0.0313701600    0.0004112400
  -0.0000000000   -0.0297643600    0.0003775500
  -0.0004986400   -0.0313760800    0.0004064800
   0.0004986400   -0.0313760800    0.0004064800
  -0.0000000000   -0.0258154400    0.0052452400
   0.0019837800   -0.0282337300    0.0016503200
  -0.0019837800   -0.0282337300    0.0016503200
  -0.0000000000   -0.0257826600    0.0051631100
   0.0019851900   -0.0282232700    0.0016466900
  -0.0019851900   -0.0282232700    0.0016466900
  -0.0000000000   -0.0257844100    0.0051601500
   0.0019665600   -0.0282173100    0.0016502700
  -0.0019665600   -0.0282173100    0.0016502700
   0.0005452600    0.0312944000    0.0004649600
  -0.0000000000    0.0297294400    0.0003685200
  -0.0005452600    0.0312944000    0.0004649600
   0.0004741900    0.0313711600    0.0004111100
  -0.0000000000    0.0297303200    0.0003668800
  -0.0004741900    0.0313711600    0.0004111100
   0.0004993600    0.0313809800    0.0003753700
  -0.0000000000    0.0296996000    0.0003687900
  -0.0004993600    0.0313809800    0.0003753700
  -0.0019657500    0.0282245900    0.0016533000
  -0.0000000000    0.0257750100    0.0051589100
   0.0019657500    0.0282245900    0.0016533000
  -0.0019833200    0.0282182700    0.0016505600
  -0.0000000000    0.0257986700    0.0051628300
   0.0019833200    0.0282182700    0.0016505600
  -0.0019892000    0.0282317900    0.0016445800
  -0.0000000000    0.0257629100    0.0051600500
   0.0019892000    0.0282317900    0.0016445800
  -0.0000000000    0.0141090300   -0.2410041200
   0.0000062600   -0.0036981100   -0.0022765800
  -0.0000062600   -0.0036981100   -0.0022765800
  -0.0000000000   -0.0036846900   -0.0022426100
   0.0000010400   -0.0036957800   -0.0022423600
  -0.0000010400   -0.0036957800   -0.0022423600
  -0.0000000000   -0.0036894700   -0.0022428400
   0.0000038400   -0.0036938100   -0.0022423500
  -0.0000038400   -0.0036938100   -0.0022423500
  -0.0000471600    0.0036527000   -0.0024076200
  -0.0000000000    0.0036858400   -0.0022243500
   0.0000471600    0.0036527000   -0.0024076200
  -0.0000010600    0.0036939100   -0.0022414700
  -0.0000000000    0.0036833100   -0.0022157300
   0.0000010600    0.0036939100   -0.0022414700
  -0.0000087300    0.0037046200   -0.0023275700
  -0.0000000000    0.0036814400   -0.0022215600
   0.0000087300    0.0037046200   -0.0023275700
  -0.0000000000   -0.0037050800    0.0028930300
   0.0000180300   -0.0036195300    0.0028785000
  -0.0000180300   -0.0036195300    0.0028785000
  -0.0000000000   -0.0036467800    0.0028648500
   0.0000166000   -0.0036230700    0.0028776200
  -0.0000166000   -0.0036230700    0.0028776200
  -0.0000000000   -0.0036466100    0.0028650900
   0.0000173400   -0.0036208700    0.0028776400
  -0.0000173400   -0.0036208700    0.0028776400
  -0.0000012700    0.0036311000    0.0028778000
  -0.0000000000    0.0036483200    0.0028645300
   0.0000012700    0.0036311000    0.0028778000
  -0.0000171700    0.0036216100    0.0028776000
  -0.0000000000    0.0036484200    0.0028652300
   0.0000171700    0.0036216100    0.0028776000
  -0.0000213700    0.0036230800    0.0028779600
  -0.0000000000    0.0036462800    0.0028640400
   0.0000213700    0.0036230800    0.0028779600

253  
  0.0000000000000000   0.0000000000000000  -0.0100000000000000
   0.0189443100   -0.0296174500    0.0004134800
   0.0187248200   -0.0293816000    0.0010344600
   0.0189757200   -0.0304065500    0.0017301500
   0.0185599000   -0.0298394400    0.0002477600
   0.0186520700   -0.0293843300    0.0010329200
   0.0190588900   -0.0304011400    0.0017143600
   0.0185296400   -0.0298469400    0.0002487600
   0.0186684700   -0.0293805300    0.0010324600
   0.0190581200   -0.0303891400    0.0017543500
   0.0197397900   -0.0278183000   -0.0014001300
   0.0194219200   -0.0276986100   -0.0025681500
   0.0197190300   -0.0300058100   -0.0018621500
   0.0197114400   -0.0278150600   -0.0013934900
   0.0193989200   -0.0277061400   -0.0025697600
   0.0197459000   -0.0300467800   -0.0018721100
   0.0197081500   -0.0278002000   -0.0013934300
   0.0194247200   -0.0276989900   -0.0025693400
   0.0197362000   -0.0300665700   -0.0018635300
  -0.0179044500    0.0296839200   -0.0003098000
  -0.0185168000    0.0298717700    0.0002579500
  -0.0189778800    0.0304838900    0.0017105100
  -0.0186529300    0.0293823300    0.0010369400
  -0.0185661300    0.0298301800    0.0002412500
  -0.0190635800    0.0303859900    0.0017159300
  -0.0186269000    0.0294112200    0.0010290600
  -0.0185888300    0.0298358600    0.0002503400
  -0.0190256200    0.0304104100    0.0017015600
  -0.0194022400    0.0276313800   -0.0026590900
  -0.0197102900    0.0278224700   -0.0013975500
  -0.0197156000    0.0300567800   -0.0018671500
  -0.0194079600    0.0277022500   -0.0025687000
  -0.0197008200    0.0278120100   -0.0013930600
  -0.0197468100    0.0300477900   -0.0018700300
  -0.0194048100    0.0277050100   -0.0025662000
  -0.0197246300    0.0278219400   -0.0013964000
  -0.0197295400    0.0300389600   -0.0018724600
  -0.0189757200   -0.0304065500    0.0017301500
  -0.0187248200   -0.0293816000    0.0010344600
  -0.0189443100   -0.0296174500    0.0004134800
  -0.0190588900   -0.0304011400    0.0017143600
  -0.0186520700   -0.0293843300    0.0010329200
  -0.0185599000   -0.0298394400    0.0002477600
  -0.0190581200   -0.0303891400    0.0017543500
  -0.0186684700   -0.0293805300    0.0010324600
  -0.0185296400   -0.0298469400    0.0002487600
  -0.0197190300   -0.0300058100   -0.0018621500
  -0.0194219200   -0.0276986100   -0.0025681500
  -0.0197397900   -0.0278183000   -0.0014001300
  -0.0197459000   -0.0300467800   -0.0018721100
  -0.0193989200   -0.0277061400   -0.0025697600
  -0.0197114400   -0.0278150600   -0.0013934900
  -0.0197362000   -0.0300665700   -0.0018635300
  -0.0194247200   -0.0276989900   -0.0025693400
  -0.0197081500   -0.0278002000   -0.0013934300
   0.0179044500    0.0296839200   -0.0003098000
   0.0189778800    0.0304838900    0.0017105100
   0.0185168000    0.0298717700    0.0002579500
   0.0186529300    0.0293823300    0.0010369400
   0.0190635800    0.0303859900    0.0017159300
   0.0185661300    0.0298301800    0.0002412500
   0.0186269000    0.0294112200    0.0010290600
   0.0190256200    0.0304104100    0.0017015600
   0.0185888300    0.0298358600    0.0002503400
   0.0194022400    0.0276313800   -0.0026590900
   0.0197156000    0.0300567800   -0.0018671500
   0.0197102900    0.0278224700   -0.0013975500
   0.0194079600    0.0277022500   -0.0025687000
   0.0197468100    0.0300477900   -0.0018700300
   0.0197008200    0.0278120100   -0.0013930600
   0.0194048100    0.0277050100   -0.0025662000
   0.0197295400    0.0300389600   -0.0018724600
   0.0197246300    0.0278219400   -0.0013964000
   0.0013118200   -0.0067552400   -0.0009937200
   0.0010875500   -0.0068693200   -0.0015914000
   0.0032558300   -0.0071584800   -0.0034037900
   0.0013044200   -0.0068139600   -0.0010518700
   0.0010619700   -0.0068610000   -0.0015901400
   0.0032440900   -0.0070853500   -0.0034427100
   0.0013591300   -0.0069713000   -0.0009698500
   0.0010840500   -0.0068719300   -0.0015924300
   0.0032537400   -0.0070349200   -0.0034361400
   0.0020992400   -0.0077638900    0.0034709200
   0.0000169200   -0.0067225100    0.0036980400
   0.0022133300   -0.0070714900    0.0035230300
   0.0020965600   -0.0078111400    0.0034897600
  -0.0000014300   -0.0067065300    0.0037004000
   0.0021944400   -0.0070261100    0.0034761500
   0.0021175100   -0.0078467800    0.0034775800
   0.0000115300   -0.0067244200    0.0037007800
   0.0021953100   -0.0070075700    0.0034767600
  -0.0001600500    0.0058608700   -0.0023133000
  -0.0013176300    0.0068049200   -0.0010354700
  -0.0031998000    0.0070695400   -0.0034466800
  -0.0010571300    0.0068219100   -0.0015921600
  -0.0013165800    0.0068178800   -0.0010563900
  -0.0032571600    0.0070971900   -0.0034404900
  -0.0010789100    0.0068627400   -0.0015845800
  -0.0012932700    0.0068093000   -0.0010552900
  -0.0032417800    0.0070921700   -0.0034534800
  -0.0001002900    0.0067868000    0.0036693400
  -0.0020844400    0.0077965400    0.0034803000
  -0.0021828200    0.0070137500    0.0034815100
   0.0000037900    0.0067061500    0.0037015100
  -0.0021008000    0.0078127200    0.0034878700
  -0.0021938100    0.0070207500    0.0034730600
  -0.0000090700    0.0067118300    0.0036978200
  -0.0020826800    0.0077981800    0.0034847300
  -0.0021898800    0.0070336500    0.0034808900
  -0.0032558300   -0.0071584800   -0.0034037900
  -0.0010875500   -0.0068693200   -0.0015914000
  -0.0013118200   -0.0067552400   -0.0009937200
  -0.0032440900   -0.0070853500   -0.0034427100
  -0.0010619700   -0.0068610000   -0.0015901400
  -0.0013044200   -0.0068139600   -0.0010518700
  -0.0032537400   -0.0070349200   -0.0034361400
  -0.0010840500   -0.0068719300   -0.0015924300
  -0.0013591300   -0.0069713000   -0.0009698500
  -0.0022133300   -0.0070714900    0.0035230300
  -0.0000169200   -0.0067225100    0.0036980400
  -0.0020992400   -0.0077638900    0.0034709200
  -0.0021944400   -0.0070261100    0.0034761500
   0.0000014300   -0.0067065300    0.0037004000
  -0.0020965600   -0.0078111400    0.0034897600
  -0.0021953100   -0.0070075700    0.0034767600
  -0.0000115300   -0.0067244200    0.0037007800
  -0.0021175100   -0.0078467800    0.0034775800
   0.0001600500    0.0058608700   -0.0023133000
   0.0031998000    0.0070695400   -0.0034466800
   0.0013176300    0.0068049200   -0.0010354700
   0.0010571300    0.0068219100   -0.0015921600
   0.0032571600    0.0070971900   -0.0034404900
   0.0013165800    0.0068178800   -0.0010563900
   0.0010789100    0.0068627400   -0.0015845800
   0.0032417800    0.0070921700   -0.0034534800
   0.0012932700    0.0068093000   -0.0010552900
   0.0001002900    0.0067868000    0.0036693400
   0.0021828200    0.0070137500    0.0034815100
   0.0020844400    0.0077965400    0.0034803000
  -0.0000037900    0.0067061500    0.0037015100
   0.0021938100    0.0070207500    0.0034730600
   0.0021008000    0.0078127200    0.0034878700
   0.0000090700    0.0067118300    0.0036978200
   0.0021898800    0.0070336500    0.0034808900
   0.0020826800    0.0077981800    0.0034847300
  -0.0013558400    0.0075798600   -0.0186149100
  -0.0000000000    0.0067327200   -0.0203841700
   0.0013558400    0.0075798600   -0.0186149100
  -0.0011577900    0.0077101900   -0.0185846000
  -0.0000000000    0.0067367600   -0.0203789100
   0.0011577900    0.0077101900   -0.0185846000
  -0.0011701700    0.0077310300   -0.0185248400
  -0.0000000000    0.0067311000   -0.0203908800
   0.0011701700    0.0077310300   -0.0185248400
  -0.0015421800    0.0066951800    0.0067299000
  -0.0000000000    0.0067450300    0.0034766200
   0.0015421800    0.0066951800    0.0067299000
  -0.0015907400    0.0066824100    0.0067275600
  -0.0000000000    0.0067538400    0.0034826900
   0.0015907400    0.0066824100    0.0067275600
  -0.0015944000    0.0066791500    0.0067300000
  -0.0000000000    0.0067470800    0.0034764800
   0.0015944000    0.0066791500    0.0067300000
  -0.0000000000    0.0105311900   -0.2279486700
   0.0005416700   -0.0069444700   -0.0075036200
  -0.0005416700   -0.0069444700   -0.0075036200
  -0.0000000000   -0.0060851600   -0.0100552100
   0.0005396700   -0.0069076600   -0.0073930600
  -0.0005396700   -0.0069076600   -0.0073930600
  -0.0000000000   -0.0060889500   -0.0100506400
   0.0005351900   -0.0069213800   -0.0073982500
  -0.0005351900   -0.0069213800   -0.0073982500
  -0.0000000000   -0.0094304100    0.0166115000
   0.0006885400   -0.0102897800    0.0170564000
  -0.0006885400   -0.0102897800    0.0170564000
  -0.0000000000   -0.0092492200    0.0159837100
   0.0006911600   -0.0102971900    0.0170839400
  -0.0006911600   -0.0102971900    0.0170839400
  -0.0000000000   -0.0092443100    0.0159853800
   0.0006868100   -0.0102964900    0.0170826300
  -0.0006868100   -0.0102964900    0.0170826300
  -0.0006029200    0.0068425500   -0.0077987600
  -0.0000000000    0.0060821900   -0.0100089300
   0.0006029200    0.0068425500   -0.0077987600
  -0.0005342800    0.0069127000   -0.0073954400
  -0.0000000000    0.0060825700   -0.0099827000
   0.0005342800    0.0069127000   -0.0073954400
  -0.0005759800    0.0069711700   -0.0076534200
  -0.0000000000    0.0060791600   -0.0099991000
   0.0005759800    0.0069711700   -0.0076534200
  -0.0006434000    0.0103089300    0.0171339200
  -0.0000000000    0.0092480100    0.0160134800
   0.0006434000    0.0103089300    0.0171339200
  -0.0006897500    0.0102956100    0.0170878100
  -0.0000000000    0.0092544800    0.0159904800
   0.0006897500    0.0102956100    0.0170878100
  -0.0007030200    0.0102991600    0.0170742200
  -0.0000000000    0.0092490500    0.0160173300
   0.0007030200    0.0102991600    0.0170742200
  -0.0000000000   -0.0060829500   -0.0239510000
   0.0011949600   -0.0077378500   -0.0185126700
  -0.0011949600   -0.0077378500   -0.0185126700
  -0.0000000000   -0.0067229100   -0.0203424100
   0.0011583000   -0.0077036300   -0.0185869900
  -0.0011583000   -0.0077036300   -0.0185869900
  -0.0000000000   -0.0067604400   -0.0203462000
   0.0011687500   -0.0077092700   -0.0185754100
  -0.0011687500   -0.0077092700   -0.0185754100
  -0.0000000000   -0.0068616200    0.0032919200
   0.0015814900   -0.0066807900    0.0067330700
  -0.0015814900   -0.0066807900    0.0067330700
  -0.0000000000   -0.0067536300    0.0034816400
   0.0015909000   -0.0066799600    0.0067286300
  -0.0015909000   -0.0066799600    0.0067286300
  -0.0000000000   -0.0067423200    0.0034805400
   0.0015861200   -0.0066854700    0.0067293500
  -0.0015861200   -0.0066854700    0.0067293500
  -0.0000000000   -0.0292051300   -0.0012640000
  -0.0005622100   -0.0313031500    0.0004300000
   0.0005622100   -0.0313031500    0.0004300000
  -0.0000000000   -0.0296587900    0.0003927000
  -0.0004778500   -0.0313298500    0.0004192400
   0.0004778500   -0.0313298500    0.0004192400
  -0.0000000000   -0.0296233300    0.0003777700
  -0.0004649600   -0.0313244200    0.0004241800
   0.0004649600   -0.0313244200    0.0004241800
  -0.0000000000   -0.0257414000    0.0050761200
   0.0019747100   -0.0282114900    0.0016509400
  -0.0019747100   -0.0282114900    0.0016509400
  -0.0000000000   -0.0257675300    0.0051586100
   0.0019741000   -0.0282222900    0.0016550000
  -0.0019741000   -0.0282222900    0.0016550000
  -0.0000000000   -0.0257670600    0.0051615800
   0.0019926100   -0.0282283900    0.0016512600
  -0.0019926100   -0.0282283900    0.0016512600
   0.0004177800    0.0314128500    0.0003665300
  -0.0000000000    0.0296641300    0.0003869400
  -0.0004177800    0.0314128500    0.0003665300
   0.0004895400    0.0313340200    0.0004194600
  -0.0000000000    0.0296644000    0.0003876000
  -0.0004895400    0.0313340200    0.0004194600
   0.0004640400    0.0313248200    0.0004558600
  -0.0000000000    0.0296947500    0.0003861600
  -0.0004640400    0.0313248200    0.0004558600
  -0.0019935400    0.0282275200    0.0016480800
  -0.0000000000    0.0257824000    0.0051628500
   0.0019935400    0.0282275200    0.0016480800
  -0.0019749800    0.0282321500    0.0016510200
  -0.0000000000    0.0257595100    0.0051595600
   0.0019749800    0.0282321500    0.0016510200
  -0.0019695800    0.0282192900    0.0016572600
  -0.0000000000    0.0257953700    0.0051620100
   0.0019695800    0.0282192900    0.0016572600
  -0.0000000000   -0.0201902900    0.2250087200
  -0.0000001300   -0.0036857500   -0.0021637900
   0.0000001300   -0.0036857500   -0.0021637900
  -0.0000000000   -0.0036809100   -0.0021554100
   0.0000050600   -0.0036881100   -0.0021985200
  -0.0000050600   -0.0036881100   -0.0021985200
  -0.0000000000   -0.0036761600   -0.0021557100
   0.0000023500   -0.0036901300   -0.0021986100
  -0.0000023500   -0.0036901300   -0.0021986100
   0.0000405700    0.0037304000   -0.0020307800
  -0.0000000000    0.0036793100   -0.0021741600
  -0.0000405700    0.0037304000   -0.0020307800
  -0.0000053000    0.0036892700   -0.0021994700
  -0.0000000000    0.0036819800   -0.0021825600
   0.0000053000    0.0036892700   -0.0021994700
   0.0000026900    0.0036783100   -0.0021123300
  -0.0000000000    0.0036838100   -0.0021769200
  -0.0000026900    0.0036783100   -0.0021123300
  -0.0000000000   -0.0035942200    0.0028368500
   0.0000180900   -0.0036267800    0.0028784100
  -0.0000180900   -0.0036267800    0.0028784100
  -0.0000000000   -0.0036508500    0.0028653700
   0.0000195200   -0.0036232400    0.0028791900
  -0.0000195200   -0.0036232400    0.0028791900
  -0.0000000000   -0.0036511400    0.0028654400
   0.0000187300   -0.0036254600    0.0028791300
  -0.0000187300   -0.0036254600    0.0028791300
  -0.0000346600    0.0036148600    0.0028789200
  -0.0000000000    0.0036486600    0.0028659100
   0.0000346600    0.0036148600    0.0028789200
  -0.0000190600    0.0036240900    0.0028794300
  -0.0000000000    0.0036486700    0.0028646600
   0.0000190600    0.0036240900    0.0028794300
  -0.0000148600    0.0036228100    0.0028792100
  -0.0000000000    0.0036508200    0.0028663200
   0.0000148600    0.0036228100    0.0028792100
