    2  128   18
 10.811  1.000
    1    1  0.0150  0.0000  0.0000
 -0.393496362100  -0.073369307796   0.005262821039
  0.001802940723  -0.001175028382  -0.000113717181
 -0.002263291807  -0.000194469354   0.000074706998
 -0.002415581997  -0.001107935320   0.000071157201
  0.002526875164  -0.001154593116  -0.000926074679
  0.001844508818  -0.000610112823   0.000090135696
  0.001361304886  -0.000135044028   0.000067798750
 -0.002419874226  -0.000987259060   0.000145332916
 -0.025974880993   0.033955290636   0.000629455578
  0.000011954663   0.002678119389   0.000236783046
  0.001752749991  -0.001037297235   0.000024624264
  0.000937063571   0.001040679685  -0.000306568891
 -0.002352878987   0.001410757197  -0.000384966861
 -0.001212763270   0.001136599476  -0.000098027940
 -0.002566533801  -0.000406280562   0.000399262911
  0.001513062817   0.000860943742   0.000389044615
  0.035115202201   0.016253622047   0.001156987390
  0.002156167080   0.001181986989   0.000152325794
  0.011577397695  -0.001774569021   0.000109918482
  0.001197937964   0.000794181982  -0.000073178647
  0.001757331874   0.004789515083   0.000351666783
  0.001054682096   0.000240480089  -0.000153006347
  0.002468145074  -0.000227379476   0.000197364533
  0.000571716631  -0.000720533392   0.000077407823
 -0.016994118925   0.000030231418   0.000434952189
 -0.000974370876   0.001338944722   0.000091173943
 -0.017067866942   0.003211188964  -0.000700216795
 -0.000969236641  -0.000013925263  -0.000043627159
 -0.002594265380  -0.000948224768   0.000270050297
 -0.000565389366   0.000359531507  -0.000174598652
 -0.002572190795  -0.000233565569   0.000144260118
 -0.000545309712  -0.000615759395   0.000198552355
  0.015301191332   0.038592623615   0.001097090690
 -0.002401413149   0.000838940716   0.000005059576
 -0.001809110613   0.000876878714   0.000694114747
  0.000597159402   0.001732959030   0.000102857977
  0.001393341291   0.001147031733  -0.001301997183
 -0.000432886638   0.000602781946  -0.000045407929
 -0.000555321880   0.000531910633  -0.000604315890
 -0.000380849062   0.000702477802   0.000027203343
  0.005834534496   0.000674285440   0.000999313279
  0.001017124202  -0.002680552761  -0.000208393633
 -0.000485046447  -0.001142264984   0.000495125108
  0.001407194217  -0.000904723656   0.000058477865
 -0.000788260427  -0.001511767531  -0.000586110008
 -0.000009265414  -0.000893363727   0.000036549239
  0.000943798260  -0.000118604439  -0.000638324741
 -0.000195272996  -0.000319827035  -0.000023046365
  0.023005918894   0.007634054316  -0.000979135469
  0.000397765538   0.001061107869  -0.000065631764
  0.003730117733  -0.001047577372  -0.000532423714
 -0.001267016838   0.001904291212   0.000026129765
 -0.002310588053  -0.005538516410   0.002197932955
  0.000284570465   0.000165686133   0.000256613164
  0.000475337995   0.000275578476   0.000415359556
  0.001208361170   0.001993261550  -0.000181056613
  0.008132854250  -0.001744435778  -0.000879079176
 -0.000122331573  -0.000501567447  -0.000332681594
  0.003018600509   0.000041520259  -0.000760315342
 -0.001926672162  -0.000719885059   0.000208650548
  0.001046874219   0.000996867321   0.002657744146
 -0.000017041427  -0.000676534649   0.000115060776
 -0.000850826988  -0.000119743965   0.000349600611
 -0.000080204431  -0.000062809705  -0.000340189986
  0.017473009603   0.000421519970   0.004213372570
 -0.000113932814  -0.000351575134  -0.000150609109
 -0.001906558777   0.000950348581   0.001243262415
 -0.000279525365  -0.000133462309   0.001395525077
  0.002823025233   0.002245998324  -0.000335630408
 -0.000438939860  -0.000107149418   0.000041609253
 -0.000191350778  -0.000351278099   0.000314971328
 -0.000134893571  -0.000047707775   0.000544593089
  0.005296580390   0.008846073178   0.000607194678
  0.000250278131  -0.000414924087  -0.000315145524
 -0.001107019541  -0.001666515531   0.000089203335
  0.000442967626   0.000486494540   0.000388712710
 -0.002120992198  -0.003496554053  -0.000569990794
  0.000064906251   0.000690750383  -0.000252218835
  0.001441495099   0.000719773130  -0.001195626039
  0.000039258737  -0.000430845368  -0.001470118373
  0.027078164856   0.006470192452  -0.014776182785
 -0.000405512512  -0.000147887448   0.000217710675
 -0.001546092885   0.000666762265  -0.000166365257
 -0.000277536616  -0.000010874860  -0.000307676559
  0.004210534099   0.003532550062   0.004988851146
 -0.000452012200  -0.000337182085  -0.000376880507
 -0.000806927493  -0.000435860821  -0.001893195680
 -0.000078863144   0.000112113847  -0.002330236669
  0.007094432846   0.010961281184  -0.003538624843
  0.000357812097  -0.000320820168  -0.000087009196
 -0.001097293340  -0.001673211828   0.000533206662
  0.000361318400   0.000361658609   0.000448327631
 -0.001553403969  -0.001122681570   0.000681243925
  0.000102973311   0.000535712958   0.000211572484
  0.000911313706   0.000453727095   0.000065150143
  0.000393021902   0.000008887585   0.000077214277
  0.146047264080   0.046597618150  -0.000115877065
  0.000486615355  -0.000470864308   0.000417162975
  0.007034626768   0.004478643044   0.000576220768
  0.001010948697   0.002236890995  -0.000062113660
  0.001824272540  -0.000380763227  -0.000137561860
  0.000507514859  -0.001151404105   0.000067320930
  0.001618723443   0.000678259080  -0.000015943217
  0.000468039991   0.001974533276   0.000124482969
  0.141693912417  -0.097401563434   0.000076469343
 -0.002088923996  -0.001079226016   0.000104365680
  0.003998946103  -0.002144809448   0.000107232710
  0.000158310435  -0.001891295339   0.000212899185
 -0.002688573197  -0.000391487466  -0.000711825578
 -0.001261617170   0.000589604561  -0.000131554124
 -0.000644756734  -0.000658973837  -0.000135325257
  0.000535599915  -0.001561008492   0.000108478074
 -0.002405820950  -0.003097608567  -0.000617156835
 -0.000124369367  -0.000007572241   0.000102392737
 -0.000002348821   0.000441209866   0.000139309906
  0.000077146683   0.000234536997   0.000097397862
  0.001840074936   0.001050891641   0.001363963379
  0.000109957011   0.000034528305   0.000070394065
  0.000017673843  -0.000130643779   0.000109069136
 -0.000093969283  -0.000117678180   0.000138754496
  0.000266272150   0.000534050815   0.000082934065
 -0.000126769170  -0.000231106674   0.000016032842
 -0.000450211725  -0.000246378182  -0.000020810246
  0.000178422846   0.000295794874  -0.000076695802
 -0.001050137032  -0.001198523884   0.000019375083
  0.000223181634   0.000118971444   0.000018803744
  0.000284280523   0.000161909350  -0.000009531970
 -0.000101285315  -0.000042719440  -0.000081448662
    1    2  0.0000  0.0150  0.0000
 -0.073648798895  -0.467915589178   0.003290374987
 -0.001198240728   0.003721963075  -0.000210938634
 -0.000176665902  -0.000900815615  -0.000025648917
 -0.001089235408   0.001378853690  -0.000261183998
 -0.001148067386   0.006063260480  -0.000079967255
 -0.000626077616   0.001674193847   0.000150965976
 -0.000117382781   0.002657302356   0.000096327417
 -0.000945626638   0.000700840041   0.000313137761
  0.034036265892   0.163778569626   0.000221745033
  0.002695181248   0.003643181550   0.000183034478
 -0.001066707580   0.006241809927   0.000289349341
  0.001015059253   0.000380626243   0.000148042485
  0.001418804002   0.003086504959   0.000092489520
  0.001133947951   0.000206108168   0.000059434520
 -0.000434906609   0.002436060166  -0.000249857078
  0.000797313152  -0.001107391671  -0.000192092076
 -0.016298650249  -0.004720703817  -0.000588653092
 -0.001174218225   0.003390378364  -0.000273740756
  0.001755995582  -0.005365682126  -0.000059183471
 -0.000793994300   0.001648460296  -0.000049395565
 -0.004737705952   0.007232027256   0.000678180488
 -0.000223984510   0.001233663476   0.000170204197
  0.000204908471   0.002131964624   0.000005344713
  0.000695118101   0.001107021995  -0.000144932181
 -0.003212187878   0.011015091160   0.000194274489
  0.000011640947   0.001148726750   0.000012062129
 -0.000180076943   0.011032195447   0.000083969224
 -0.001343691381   0.001113311273   0.000066251105
  0.000233841097   0.001891318057  -0.000050351939
  0.000620726673   0.000477922232   0.000303709501
  0.000959745156   0.001897943744  -0.000244116875
 -0.000331534922   0.000491585572   0.000117965575
  0.053925791737   0.158539562401  -0.001420883480
 -0.002779061008   0.000349049841  -0.000154989668
 -0.001588074335  -0.002347849054   0.000393017587
 -0.000075242284   0.000047249545  -0.000120052946
 -0.004653185568  -0.004423313203  -0.000757301766
 -0.001671086691  -0.000643568242   0.000113469942
 -0.001239571555  -0.002347188719  -0.000205825359
 -0.001375507067   0.000461445744   0.000049463683
  0.002756228919  -0.018810125320   0.000050075213
 -0.001428865841   0.011110182320   0.000032520138
 -0.001873560921  -0.002625415489  -0.000556715712
 -0.001644368874   0.002180192492  -0.000113709082
 -0.002312199322  -0.002674371613   0.000124232933
 -0.000745655233   0.000046224568   0.000173396224
 -0.001466495373  -0.002381058453   0.000443942659
 -0.000731653512   0.001330709889   0.000172360047
  0.016245516223   0.024337531363  -0.000160884532
  0.001806968437   0.000174400164   0.000256565023
  0.000627367201  -0.002213702978   0.000010539515
  0.001512386283  -0.002947089425   0.000246163352
  0.005555504565  -0.004791730210  -0.000016442137
  0.001783225976  -0.000110422494  -0.000304486320
  0.001458641303  -0.001593905630  -0.000140183102
  0.000696440188  -0.000809855566  -0.000258722461
 -0.000344268310   0.003443305283   0.000289939416
  0.001750557876   0.000134523099   0.000077170667
  0.001995502467  -0.003857061464  -0.000027953932
  0.001347315688  -0.006046829194   0.000274829046
  0.003102232476  -0.001036256356   0.000677975051
  0.000858397123  -0.000121622263  -0.000275860384
  0.001171076395  -0.002157275683  -0.000027061806
 -0.000427830529  -0.001150366420  -0.000205877951
  0.002680869311   0.012336157617   0.002318774135
  0.000237309674  -0.000005695135   0.000497926584
 -0.000318624925   0.001506791610   0.001106875202
  0.000249245005   0.000418622122   0.000765881047
  0.001753664374   0.000685901503   0.000023404298
 -0.000380019376   0.000625407921  -0.000208342630
 -0.000232827700   0.000856674344   0.000102172402
 -0.000269561935   0.000707586144   0.000174041459
  0.005472496804   0.012702050149   0.000492835888
  0.000765854691  -0.001920478840   0.000028129981
  0.001147605282   0.000239395611  -0.001053241833
  0.001649843749  -0.000304861848   0.000190527006
 -0.001286338895  -0.002433397493  -0.001445365741
 -0.000730077791  -0.000354855789   0.000139552568
  0.000044093447   0.000914903293  -0.000157003054
  0.000646704822  -0.000926275374  -0.000528146591
  0.009393047781   0.011119010561  -0.005402064503
 -0.000076736265   0.000121226150   0.000330829967
  0.000092184385   0.001568396569  -0.001654154905
 -0.000221433652   0.000570097161  -0.000435790304
  0.002767259511   0.002332803103   0.001267826920
 -0.000390809407   0.000298427815  -0.000382411636
 -0.000210128125   0.000611356362   0.000463427940
 -0.000086433800   0.000407577248  -0.000537335233
  0.004891298960   0.011462761865  -0.000658389491
  0.001134005009  -0.002590595505  -0.000917421767
  0.001445024790  -0.000019466936   0.000975758897
  0.001805965777  -0.000049820812   0.000115641807
 -0.000463362035  -0.000030337438   0.000505994249
 -0.000521712490  -0.000255144036   0.000067320132
  0.000606979414   0.000636335850   0.000193576237
  0.000876262422  -0.000940865145   0.000154642223
  0.036793007023   0.022740090105  -0.000570366452
 -0.000466460300  -0.000570670935  -0.000085840036
  0.006739847605  -0.005926109939   0.000046576173
  0.001118719224   0.000208979914   0.000064648459
 -0.000119912508  -0.001533738306   0.000201929301
 -0.000845635029   0.000355705935   0.000394649512
  0.000744486475  -0.003637398968  -0.000016848920
 -0.000274695040   0.000992799344  -0.000158062166
 -0.081810187527   0.055271092611   0.000777138226
  0.000307552761  -0.003015632940  -0.000149929164
 -0.002131632471  -0.004166060559   0.000219646086
  0.000077308111  -0.001652809849   0.000156524217
  0.001568881539  -0.003978940752  -0.000228224971
  0.000303880663  -0.001537754540  -0.000220634615
  0.000030413589  -0.002208910987  -0.000332926719
 -0.000342137574  -0.001591441415  -0.000206606644
 -0.000979829968  -0.002493951505  -0.000317775847
 -0.000182976740   0.000615348474   0.000086880466
 -0.000223962305  -0.000350760045   0.000052472757
 -0.000234046795   0.000097057094   0.000045084493
 -0.000808680050   0.002191115721   0.000597517317
 -0.000111696821  -0.000116943539   0.000131341667
  0.000025786124  -0.000203583457   0.000128793889
 -0.000183285619  -0.000178168722   0.000094284303
  0.000261643831   0.000186057120   0.000058271957
  0.000170503259   0.000052243386  -0.000002392233
  0.000151572675  -0.000492450368   0.000054969343
 -0.000100509255   0.000250549840  -0.000045058363
 -0.001077257884   0.000050511720   0.000092939208
  0.000047335718  -0.000093687831  -0.000059815855
  0.000072647294  -0.000233990417   0.000012418216
 -0.000059648870  -0.000154305738  -0.000042585815
    1    3  0.0000  0.0000  0.0150
  0.005335483604   0.002981994537  -0.098761060265
  0.000010692885  -0.000116890587  -0.000955672285
 -0.000118165517  -0.000141728831  -0.001580869832
 -0.000020778788  -0.000310166481   0.001261440720
  0.001036118875   0.000109965742   0.000881707385
  0.000081059313  -0.000057344445  -0.000169497360
 -0.000220313583  -0.000168024696   0.000030346371
 -0.000189753439  -0.000352351165   0.000012339164
 -0.000584256173  -0.000017980019  -0.009921273686
 -0.000298537662  -0.000228262192   0.000126093901
  0.000106285520  -0.000226961329   0.002333823883
  0.000325368536  -0.000156984704  -0.001283970355
 -0.000417986733   0.000103838211  -0.000195351736
 -0.000205113961  -0.000001590799   0.000115439774
  0.000475432793  -0.000229881666   0.000180691507
  0.000364047102  -0.000215027085   0.000009085991
 -0.001207511757  -0.000582726505  -0.012750642289
 -0.000257498477  -0.000172451701   0.000275409077
 -0.000028434496  -0.000187716784   0.003259771319
  0.000146029898  -0.000095367302   0.000139934872
  0.000290555137  -0.000663976367   0.000637392455
 -0.000307823288  -0.000078659615  -0.000070852957
  0.000310239632  -0.000102965256  -0.000017450078
  0.000097620733   0.000119522343  -0.000065047541
 -0.000779674509  -0.000080413188   0.005378938012
 -0.000029755362  -0.000108742868  -0.000298250175
  0.000474578701  -0.000209062458   0.005418877831
  0.000120490902  -0.000036337775  -0.000284800066
 -0.000149028681  -0.000207899065   0.000002001807
 -0.000149543222   0.000073419467   0.000077052713
 -0.000280743080  -0.000009016967  -0.000001254674
  0.000262126550   0.000259941292   0.000065021649
  0.000210817339  -0.001970096667  -0.007487562024
  0.000278880521   0.000142311725  -0.000323953685
  0.000007898566   0.000056617873  -0.000860399627
  0.000038774282   0.000150009233   0.000399700284
  0.000613455647  -0.000718599302  -0.000494350980
  0.000200920879  -0.000064755851  -0.000000988547
 -0.000050553759   0.000207779372  -0.000120722093
  0.000092238605   0.000382851964  -0.000078133646
  0.000226325684  -0.000273941108   0.012744217028
  0.000068702226   0.000000353838   0.001750077661
  0.000314304817   0.000098602086   0.002450206413
  0.000088028550  -0.000043993935  -0.000920235773
  0.000017079459   0.000080067454   0.000144815521
 -0.000093971652  -0.000015820174  -0.000046695464
  0.000267082999   0.000000010564   0.000279763365
  0.000434167341   0.000080517177   0.000033455479
 -0.000462250685   0.000299430720   0.004366329697
 -0.000214734581  -0.000064172746   0.000685664956
  0.000144549785   0.000054456731   0.001944563213
 -0.000150970383   0.000031178799  -0.000736460335
  0.000324894149   0.000998604995   0.001095505436
 -0.000093686781   0.000124124466   0.000014140604
 -0.000054611189   0.000072521580   0.000102661031
 -0.000377526569  -0.000378141613  -0.000105344968
  0.000144478278   0.000562248427  -0.003796535959
  0.000065378643  -0.000059769736  -0.000043173033
 -0.000312929784   0.000048364599  -0.004501185952
 -0.000092499637   0.000196151715  -0.000869033696
  0.000192602315   0.000433617643  -0.000192989890
  0.000177272042   0.000081232359   0.000007467263
 -0.000218743883   0.000246905825  -0.000163411220
 -0.000880328041  -0.001009735260   0.000198274949
  0.015121127861   0.009584303089   0.038653317174
  0.000585249594   0.000137722126   0.000112699391
  0.001784792575   0.000691567849  -0.000110399175
 -0.000004933589  -0.000083070954  -0.000903130194
 -0.001054769397  -0.000719889885   0.000821347035
  0.000009691610  -0.000052389885  -0.000070978290
  0.000051087153   0.000059406620   0.000084614142
  0.000079807217   0.000036741480   0.000066011704
  0.005445114475   0.017022878659   0.003445557797
 -0.000050766846   0.000066862025  -0.000262005435
 -0.003881875550  -0.002042012115  -0.001034152096
  0.000325468830   0.000126953467   0.000922830504
  0.000268415700   0.000280065447  -0.000264169768
 -0.000007363510  -0.000025148855   0.000027721723
 -0.000080086379  -0.000588124612  -0.000584425549
  0.000171310146   0.000393778910  -0.000528225534
 -0.016978828088  -0.008603226142   0.045291091538
 -0.000650155144  -0.000375311819   0.000336264652
 -0.001837857163  -0.000505850787  -0.000304410517
  0.000054884008  -0.000044342059  -0.000502294575
  0.008169293062   0.002625691154   0.001818337768
 -0.000044008294  -0.000185901217   0.000298637403
 -0.000037061175  -0.000023316870  -0.000121515783
  0.000212952931   0.000231513951   0.000233002559
 -0.004889184332  -0.016344839105   0.004651589525
  0.000132616823   0.000070788173  -0.000498726443
  0.003559842134   0.002569669753  -0.000699619987
 -0.000543719929  -0.000345951852   0.001473016169
  0.000041730381  -0.000061154593  -0.000142287348
  0.000038901092   0.000099395248  -0.000122695537
  0.000145203146  -0.000231252052   0.000041225538
  0.000061889927   0.000205325519  -0.000056026198
  0.000242099234  -0.000354138868   0.003321411963
  0.000123625191   0.000038963300   0.000781311423
 -0.000159937615   0.000046124498   0.004406379879
 -0.000337145776   0.000167139387  -0.000591959273
  0.000275120146  -0.000102367837  -0.000003639448
  0.000154268558  -0.000028026097   0.000129423867
 -0.000375772454   0.000737035077  -0.000037420458
 -0.000382792912   0.000056032646   0.000019964909
  0.000995934968   0.000025757522   0.001198974803
  0.000108794661   0.000472691337  -0.000600995639
  0.000259925062  -0.000215636550  -0.002133701491
 -0.000224053261  -0.000099034715   0.000340545801
 -0.000196791114   0.001168237998   0.000259659576
  0.000104355603   0.000426349892  -0.000106054772
 -0.000141299729  -0.000314799161  -0.000060916557
 -0.000138263706  -0.000196319764   0.000035626972
 -0.000777050607  -0.000785164411  -0.000339345191
  0.000006682800   0.000021012145  -0.000021352625
 -0.000039279647   0.000140727824   0.000014374542
  0.000018595840  -0.000023838807  -0.000081729085
 -0.010992408029  -0.003856368034   0.001891599952
  0.000037874679   0.000042866669  -0.000020898457
  0.000087044075   0.000048322387  -0.000033190589
 -0.000027153525  -0.000072126225   0.000014784488
 -0.000018758334  -0.000017678495   0.000011057561
 -0.000020000222   0.000011207092   0.000019735057
  0.000025604269   0.000130232295  -0.000000056119
 -0.000043879556  -0.000142909663  -0.000011545613
  0.000226954723   0.000119719418   0.000192359951
 -0.000000493130   0.000043740594  -0.000002148644
 -0.000013923007  -0.000020991998   0.000003285569
 -0.000072903091  -0.000076724618   0.000007214311
   33    1  0.0150  0.0000  0.0000
  0.015345103058   0.054116623662  -0.000048761428
 -0.002317825352  -0.002760107408   0.000235353295
 -0.001891456621  -0.001632650005   0.000076407713
  0.000578215688  -0.000082394123   0.000095668170
  0.001415481145  -0.004644662728  -0.000557809375
 -0.000358591903  -0.001644560164  -0.000130688069
 -0.000618838443  -0.001281984387  -0.000001271237
 -0.000419577398  -0.001399240557  -0.000125730378
  0.005844072710   0.002668715095  -0.000285827821
  0.000969343795  -0.001395509220  -0.000029169152
 -0.000444441901  -0.001848374130  -0.000284772389
  0.001417553832  -0.001630519659  -0.000062742879
 -0.000788723401  -0.002302153335   0.000010353861
 -0.000039082697  -0.000757900282  -0.000071079842
  0.000980782959  -0.001446432772   0.000237924403
 -0.000185924711  -0.000737975124   0.000438655068
  0.022901294926  -0.016104196345   0.000388086307
  0.000316201628  -0.001761154803   0.000147679735
  0.003776126630  -0.000689884382  -0.000090412856
 -0.001258078613  -0.001524720307   0.000202519605
 -0.002317260900  -0.005531500259   0.000375781403
  0.000224016485  -0.001745215560  -0.000010993223
  0.000550183342  -0.001518679202  -0.000101976397
  0.001242043917  -0.000711267973  -0.000403608700
  0.002979970091  -0.001965356639  -0.000233110501
 -0.001909397646  -0.001339280642  -0.000090231990
  0.008062009752   0.000347593275   0.000116315432
 -0.000097684978  -0.001773661003   0.000053786377
 -0.000890848467  -0.001159906741   0.000185989461
 -0.000094068546   0.000401411880   0.000877159439
  0.001040688006  -0.003067949301  -0.000186492685
 -0.000003331769  -0.000855746898  -0.000133034745
 -0.377764024281   0.142804911271   0.002378246266
  0.001426941177   0.000606904094  -0.000188628151
 -0.000450235076   0.002397542462   0.000001312519
 -0.002420988262   0.001325172323  -0.000093205905
  0.003669284300   0.002200829093  -0.000406655722
  0.001552537048   0.000698217186   0.000222625431
  0.000967754180   0.000970961833   0.000045614312
 -0.001197148202   0.002387147124   0.000168180966
  0.003750489317  -0.000649399837  -0.000179050163
  0.122795060243  -0.109959632794   0.000492204952
  0.004807977551  -0.000064862811   0.000061846663
  0.002902126106  -0.000257376787   0.000236200382
  0.001285638620   0.002733238063   0.000277153976
 -0.000128523965   0.001166653390  -0.000032033708
  0.003409814454  -0.000072764040   0.000026038591
  0.001203418511   0.000121618475  -0.000225110343
  0.131723392078  -0.015534253841   0.001095187650
 -0.000783865604   0.000664840696  -0.000165127180
 -0.001359854876   0.001301371083   0.000057018301
  0.003422078722  -0.000098995635  -0.000106391685
 -0.003257420191   0.003152809222  -0.000786299214
 -0.001496591290   0.000840363975   0.000057574807
 -0.000939114977   0.001221305778   0.000058161323
  0.000523575836   0.000873990062   0.000158400863
 -0.005897329666   0.002203297437  -0.000050244939
  0.005563514381  -0.004684192148   0.000466269467
 -0.005916572405   0.003240072869  -0.000029533684
  0.005539461423   0.003799177811  -0.000025372820
 -0.002070781708   0.000514241147  -0.000305840632
 -0.000712911794  -0.000551083404  -0.000326540674
 -0.002090452112   0.003213784938   0.000118377581
 -0.000727826960   0.000717900653   0.000041210090
  0.021838319126  -0.019180283550   0.012983977842
  0.000116978728   0.000114291479   0.000403274553
  0.000540816823  -0.000206650459   0.000276057902
 -0.000351613040  -0.000564639367   0.001080049151
  0.000022352405  -0.003320112496   0.000230456822
 -0.000158220132  -0.000112437641   0.000217150022
 -0.000085403003  -0.000236329451  -0.000060503114
 -0.000007934144  -0.000089103024   0.000576524156
 -0.000588192152  -0.000054374840   0.000396726114
  0.003265886652  -0.000644576366  -0.001095217140
  0.001092236250  -0.001083105899   0.000356574175
 -0.001452428489  -0.000419417243   0.000736364344
  0.001128021290  -0.000282362767  -0.000137395523
 -0.000324918018   0.001210171392  -0.000801980357
 -0.000929349368  -0.000235217670  -0.000635161693
  0.000162614147   0.000574271124  -0.000070285018
  0.024202695852  -0.028840636446  -0.018344073345
  0.000139606661   0.000144552326  -0.000194141429
  0.000575359147  -0.000382804029   0.000292841144
 -0.000357599007  -0.000402352193  -0.000077741947
  0.001155936675  -0.003093801944   0.001941109839
 -0.000138985250   0.000052334179  -0.000690941188
 -0.000116994198   0.000074456777  -0.000579475028
  0.000072260937  -0.000067764968  -0.001887894358
 -0.000790269680   0.000107684163  -0.000174687401
  0.003593620688  -0.001383314236  -0.000012257648
  0.001357121547  -0.000946432155   0.000036703447
 -0.001775118279  -0.000607548187  -0.001051986310
  0.000979359175  -0.000825708315  -0.000054496416
  0.000198488827   0.000924118525   0.000138637185
 -0.000696297557  -0.000906911529   0.000067377401
 -0.000035802616   0.000598038342  -0.000054454047
 -0.002103554659   0.005932178724   0.000202132822
 -0.000322421341   0.004314781715   0.000121462926
  0.002010968615  -0.002841922364  -0.000004604916
 -0.000642278412   0.001375474355   0.000037077066
  0.000088588425   0.001813093830  -0.000200480053
 -0.000415571223   0.000467459871   0.000593535128
  0.000134019393   0.001958649583  -0.000272561183
  0.000163041651   0.000509578563   0.000124313126
  0.006257477947  -0.009264304906  -0.000148687640
  0.000703602752   0.001136511312   0.000001928998
 -0.000770684581   0.000039136342  -0.000302123392
 -0.000118622737   0.000080792247  -0.000165085496
  0.000709809644   0.007124706748   0.000540892623
  0.000065085752   0.000780636556   0.000154954948
  0.000005803739   0.000627459669   0.000146557525
 -0.000532666539  -0.000295840225   0.000124350085
  0.000090435978   0.000350532146   0.000051819302
 -0.000992215806   0.001293532598  -0.000109069513
  0.000232799413   0.000215383811   0.000010500787
  0.000377525394   0.000176529866  -0.000006358044
  0.001342014817   0.001106492114   0.001483850180
 -0.000016030176  -0.000001010688   0.000030035255
 -0.000051409609   0.000141945734   0.000045663090
 -0.000080233029   0.000251433834  -0.000007274187
 -0.000411808595   0.000070998914  -0.000006175609
 -0.000007143737  -0.000121387040   0.000047044739
  0.000455957283  -0.000027318754  -0.000005902651
 -0.000051760510  -0.000105287826   0.000006929706
 -0.000099860403   0.001270728473   0.000100124949
  0.000025234370   0.000008921043   0.000004651650
  0.000021364878   0.000016323863  -0.000014573928
 -0.000037395887   0.000174606710  -0.000031616348
   33    2  0.0000  0.0150  0.0000
  0.038642622404   0.158814675036  -0.002087899868
  0.000789644674   0.000298078869   0.000221454108
  0.000891620829  -0.002352765039  -0.000052900457
  0.001740249371   0.000050681789   0.000088340732
  0.001101171519  -0.004451113805   0.000664596881
  0.000579747512  -0.000673146974  -0.000023577849
  0.000596383213  -0.002322459148  -0.000125620877
  0.000730450349   0.000473566587  -0.000334749255
  0.000718939116  -0.018930604574   0.000193498363
 -0.002646250522   0.011297621375   0.000032843271
 -0.001112325769  -0.002593939709  -0.000138583988
 -0.000883921489   0.002202659979   0.000042440119
 -0.001499462995  -0.002612994710   0.000072014111
 -0.000874388687   0.000064271874  -0.000069016598
 -0.000162988618  -0.002382763237   0.000015624877
 -0.000316981082   0.001338600262   0.000067860320
 -0.007721687116   0.024481090516   0.000345480807
 -0.001015332293   0.000149131560   0.000026392878
  0.001047411571  -0.002164088904  -0.000049322904
 -0.001913778816  -0.002939552785  -0.000007636742
  0.005557601463  -0.004768925057  -0.001017281164
 -0.000157525766  -0.000120996248  -0.000232264708
 -0.000304965762  -0.001548798124   0.000014974879
 -0.002015600527  -0.000789358017   0.000409411752
 -0.000080149880  -0.003795502910  -0.000051418028
  0.000680046345  -0.006015878012  -0.000153026739
  0.001725592922   0.003431350309  -0.000527023381
  0.000486132527   0.000165081872   0.000074031933
  0.000113762726  -0.002170644601   0.000268342763
  0.000048880738  -0.001129890455  -0.001037534834
 -0.000979291837  -0.001051254766   0.000451712262
  0.000698790446  -0.000115822666   0.000029999411
  0.142586683177  -0.450203866042  -0.002612359213
  0.000632069112   0.001533936379   0.000200140240
  0.002369205874   0.002746265751  -0.000179333069
  0.001315686839  -0.002625632255   0.000010464561
  0.002203660879   0.003770842481   0.000556671988
  0.000708382400   0.000209672178  -0.000135717539
  0.000947037947   0.002290512728   0.000054940856
  0.002354495926  -0.002437604183  -0.000036820930
 -0.000613051726   0.003984630179   0.000032570089
 -0.109885380894   0.144550043500  -0.000647504002
 -0.000067992572   0.003802087805   0.000564145994
 -0.000206064720  -0.001319587995  -0.000008587817
  0.002713320662   0.001746767317  -0.000384027476
  0.001149418189  -0.000539825611  -0.000097658365
 -0.000086516331   0.002904773803  -0.000697628676
  0.000109242948  -0.001180428813  -0.000011480895
  0.015559921640   0.019566212262  -0.001296798828
 -0.000685514420  -0.000974835315  -0.000304814483
 -0.001304541628   0.000333788497  -0.000131705996
  0.000103309363   0.002272721297  -0.000025566795
 -0.003137067447   0.004109225037   0.001120970916
 -0.000842267224  -0.000424649329   0.000254134509
 -0.001184796249   0.001075683640   0.000186903165
 -0.000837048514   0.000797238086   0.000125361326
 -0.003310234359   0.001388958265   0.000018933432
 -0.003868597623   0.001904402634  -0.000345444624
 -0.002184405523   0.001402689677  -0.000114692726
  0.004660082589   0.001934446397   0.000214857127
 -0.003212316790   0.000990505639  -0.000089324882
 -0.000721709689   0.000593966979   0.000300009253
 -0.000492901554   0.001010572049   0.000103225895
  0.000578636660   0.000619582870   0.000187495461
 -0.018261139584   0.024853914277  -0.011271666050
 -0.000132842535  -0.000715529023  -0.000700704043
 -0.000010055047  -0.000418008253   0.000160338169
  0.000005631748  -0.000494992705  -0.001404945959
 -0.001916369727  -0.000018853284   0.000360528886
  0.000510023711  -0.000280256102   0.000085615464
  0.000387390448  -0.000781695960  -0.000074498044
  0.000126377049  -0.000442846229  -0.000564132437
  0.000883158261  -0.002081818310  -0.000201395155
 -0.001496805009   0.001925786638  -0.000138749184
 -0.001038851167   0.000805297742  -0.000192834326
 -0.000783262312   0.000544543672   0.000422358330
 -0.000203039514   0.001333978006  -0.000623979658
  0.001320047486  -0.000310809591   0.001756097261
  0.000050529232  -0.000741055353   0.001100821955
 -0.000722212877   0.000561758798   0.000397052997
 -0.028174323504   0.031714710808   0.020373021333
  0.000344715015  -0.000958928897   0.000223066930
  0.000116607154  -0.000803495703   0.000212589723
  0.000102379786  -0.000840931819   0.000345580644
 -0.002733830521   0.000740450173  -0.003591820808
  0.000580354154  -0.000164326315   0.000721312381
  0.000455375913  -0.000723301598   0.000006961852
 -0.000083022121  -0.000220865147   0.002048168190
  0.000753153581  -0.002728457542   0.000746433161
 -0.002144704687   0.002636090084   0.001586716950
 -0.000944312923   0.000857104238  -0.000033607946
 -0.000604426122   0.000375033549  -0.000698252982
 -0.000025967405   0.000646292977   0.000080777564
  0.000430145309  -0.000482397405  -0.000379585563
 -0.000590872504  -0.000313033833  -0.000289436952
 -0.000856257261   0.000510394517  -0.000166072326
  0.005822136154   0.011190984129   0.000417801213
  0.003907293932  -0.000309010295  -0.000317680529
  0.001403676944   0.003420600289   0.000048817907
  0.000781375136  -0.001147392021  -0.000043279125
  0.000317540501   0.001175833967  -0.000092394007
  0.000999734890  -0.000751491746  -0.000940127967
 -0.000983871550   0.002911353974  -0.000092751615
 -0.000058321956  -0.001145688645   0.000169424717
 -0.038776229052   0.029679431196  -0.000874345978
  0.001013008294   0.003256357517  -0.000194308731
 -0.001148454616   0.002267181693  -0.000198681373
 -0.000069029299   0.002387375199  -0.000169286470
 -0.002383873506   0.001635162379  -0.000373324907
 -0.000191231854   0.001005361448   0.000035832604
 -0.000125476923   0.002122109538   0.000136585231
  0.001040736585   0.001798643154   0.000086434245
 -0.000381598577   0.000604643238  -0.000144564520
  0.001372675445  -0.001492435634   0.000225145018
 -0.000131188492   0.000249885470   0.000043735500
  0.000204746848  -0.000024812913  -0.000134316000
  0.000988204243   0.001089060488  -0.001607434700
  0.000070726233   0.000086227389  -0.000137024700
  0.000146448230   0.000201868847  -0.000060618104
  0.000243569009   0.000035721970  -0.000040802038
 -0.000083388330  -0.000324132811   0.000053249687
 -0.000105960833  -0.000015416753  -0.000047491368
 -0.000268061052   0.000531772971  -0.000044910852
  0.000151927266  -0.000212182538   0.000034966950
  0.001226069932  -0.000203275426  -0.000068283940
 -0.000103324111   0.000053267641   0.000047666140
 -0.000132353325   0.000262781453   0.000008805587
  0.000093756296   0.000007056228   0.000054881195
   33    3  0.0000  0.0000  0.0150
  0.001041205978  -0.001298985689  -0.007397160701
 -0.000142500340  -0.000317289098  -0.000317406371
  0.000824771028   0.000496832054  -0.000859723147
  0.000041912921  -0.000155309373   0.000407615691
  0.001381908885   0.000823193529  -0.000499860700
 -0.000065907999  -0.000221608374   0.000003978205
  0.000763644650   0.000322788158  -0.000128871265
 -0.000046984385  -0.000056731039  -0.000086543547
 -0.001101712445  -0.000207577116   0.012758124018
  0.000271883611  -0.000010989887   0.001759327642
 -0.000564149638   0.000531666714   0.002471943006
  0.000078507569   0.000201654923  -0.000937079343
 -0.000720368240   0.000060339551   0.000154117754
  0.000100342871   0.000220741116  -0.000031362575
 -0.000747893130   0.000383080732   0.000262917057
  0.000058953050   0.000225193756   0.000029654884
  0.001045162856  -0.000084374704   0.004437798848
  0.000215155149   0.000111231356   0.000688350829
  0.000410356259   0.000117506513   0.001942215687
  0.000028262511   0.000205568601  -0.000725942094
  0.002137764420   0.000091184206   0.001082202629
  0.000365897745   0.000213144174   0.000010950134
  0.000270898318   0.000252349599   0.000104817705
 -0.000177876970   0.000259614348  -0.000117758898
 -0.000613999436  -0.000001543959  -0.004493566921
  0.000097794865  -0.000191975693  -0.000862351515
 -0.000905917795  -0.000284737472  -0.003748207152
 -0.000464127900   0.000016927837  -0.000038485549
 -0.000224723666  -0.000111860903  -0.000160201342
  0.000327113890  -0.000172814661   0.000196108210
 -0.002598660034   0.000623169148  -0.000200353835
 -0.000217536148  -0.000218277212   0.000010568611
  0.002286733969  -0.002698524533  -0.139868394313
 -0.000273910663   0.000339507700  -0.000010298863
  0.000052893144  -0.000279464729   0.000731024076
 -0.000102539555   0.000041415721   0.000992296889
  0.000401735645  -0.000608340346   0.000691431351
 -0.000254445515   0.000196546541  -0.000127653570
 -0.000005096310  -0.000139635789  -0.000160275685
 -0.000156594315   0.000024564966  -0.000125931442
  0.000139679262   0.000103020189   0.005043252950
 -0.000665312961   0.000781761162   0.041423575503
 -0.000071227111  -0.000551831969  -0.002600892895
 -0.000194405904  -0.000084746842  -0.000135390747
  0.000246160504  -0.000327804898   0.000090478815
 -0.000041938174  -0.000095709767   0.000079332378
  0.000005290856  -0.000682338278  -0.000151141414
 -0.000206431941  -0.000053976059   0.000023948995
 -0.000880889557  -0.001381632533  -0.014318541398
  0.000253833013  -0.000188139854   0.000523080941
 -0.000097016957  -0.000234977219  -0.000190185429
  0.000126458052   0.000008115229   0.001468529485
 -0.000817816262  -0.001162952536  -0.001121373013
  0.000078058401  -0.000198086094   0.000100963493
  0.000008400975  -0.000272274492   0.000155363026
  0.000149452909  -0.000140783704  -0.000047720460
  0.000003943628   0.000170975182  -0.002414358937
  0.000027850320  -0.000264857729   0.001095409384
 -0.000015980450   0.000001626970  -0.002408496326
  0.000423948886   0.000254879285   0.001056731890
 -0.000084452798   0.000159505237   0.000179534223
 -0.000042357131   0.000178503596  -0.000033031624
  0.000330376304  -0.000057060654   0.000179783776
  0.000309716962   0.000266150085  -0.000016232681
  0.019739638700  -0.026252003351   0.053769446682
  0.000607405295   0.000282521915   0.000272967924
 -0.000312236616   0.000206110813  -0.000485663900
  0.000685937714  -0.000111759883  -0.001140133398
 -0.000901397968   0.000964669587   0.000428785240
  0.000149389776   0.000100788591   0.000051244944
  0.000012805226  -0.000049563587  -0.000135948182
  0.000037899944   0.000097047298   0.000127693217
 -0.003148032988   0.003983043243   0.001190675678
  0.003311376879  -0.004825481782  -0.001993431977
 -0.000685718477  -0.001385955684   0.000459617858
  0.000135788308   0.000113720205   0.000363241512
 -0.000401105189   0.000523224308  -0.000123040517
 -0.000663278140   0.000462057493  -0.001002523126
  0.000314146041  -0.000589288613  -0.000531643611
 -0.000125386173   0.000001596758  -0.000219586877
 -0.018902177338   0.028327950363   0.059011670116
 -0.000497910151  -0.000057145606  -0.000172812927
  0.000176994569  -0.000116638567   0.000032613360
 -0.000659107141   0.000229838118  -0.000647854656
  0.004052066178  -0.004627233465   0.003431433120
  0.000006673507   0.000111725692  -0.000335861939
 -0.000150625727  -0.000098912786   0.000301172135
 -0.000001843121   0.000041913097   0.000353501644
  0.003362306571  -0.004096961643   0.001213725178
 -0.003322921446   0.004657831520  -0.001435143846
  0.000345453739   0.001607604559   0.000727360885
 -0.000091044655  -0.000188070102   0.000888924423
 -0.000022898718   0.000015462844  -0.000082090080
 -0.000295164935   0.000217464712  -0.000035804980
  0.000331158053  -0.000313941585  -0.000085467047
 -0.000050179402  -0.000041816350  -0.000061706386
  0.000143910701  -0.000737451202  -0.009043767030
  0.000067627960   0.000148318879  -0.001551951466
  0.000316965445   0.000236135939   0.004787830274
  0.000240032982   0.000232636342  -0.000777710420
  0.000250498589  -0.000482333184  -0.000197084776
 -0.000158406525  -0.000179322455   0.000173723493
  0.000905228345   0.000857747005   0.000282698045
  0.000162715902   0.000245758446   0.000038508081
 -0.000256461753   0.000074120908  -0.005053307998
 -0.000075058102  -0.000328408284   0.000079936621
 -0.000074478127   0.000095736841   0.000046022398
 -0.000122703350   0.000051813028   0.000164561303
 -0.000312835153  -0.001238006617   0.000626361247
 -0.000236982055  -0.000359811803   0.000070681422
 -0.000232781945   0.000224769692   0.000024034723
 -0.000039598626   0.000093174461  -0.000082909459
 -0.000002049686  -0.000250436936  -0.000113199774
  0.000187029209  -0.000101517205  -0.000114929273
  0.000106124188  -0.000093498792  -0.000081115674
 -0.000038527266  -0.000012417989  -0.000075851476
 -0.006019747407   0.007783886253   0.000792449791
  0.000020326419   0.000008796494  -0.000054497691
  0.000169014212  -0.000017120878  -0.000052699324
  0.000000366953  -0.000017580689  -0.000010454435
  0.000013543456  -0.000131029450   0.000020564298
  0.000109925579  -0.000076840876   0.000032792273
 -0.000257144855   0.000180352877  -0.000030817418
  0.000016929709   0.000059782949   0.000017502851
  0.000290743702  -0.000404785433   0.000102889299
 -0.000014068876  -0.000017169312  -0.000000613882
  0.000040755442   0.000020588409   0.000003767093
 -0.000042203054   0.000018769500   0.000020592089
   65    1  0.0150  0.0000  0.0000
  0.017517349558   0.002613837537   0.015204005926
 -0.000039981534   0.000282205617   0.000596165925
 -0.002044582647  -0.000372217658   0.001772234073
 -0.000173829404   0.000308894152  -0.000003714255
  0.004099859269   0.002717517973  -0.008260416798
 -0.000382210763  -0.000370359899   0.000042068602
 -0.000865693415  -0.000239038397   0.000044370807
  0.000063103226  -0.000031256961  -0.000209257213
  0.007325249089   0.004856032507   0.004934141026
  0.000319672840   0.001155421921  -0.000099411146
 -0.001051062475   0.001428134264  -0.003640747053
  0.000211531557   0.001735433225   0.000522862008
 -0.001946147700  -0.001227921651   0.000222631221
  0.000021995284  -0.000745981214  -0.000052680423
  0.001460960045   0.000045916565  -0.000039538568
 -0.000130424400   0.000555610388   0.000204058786
  0.017797180468  -0.002731393464  -0.015151468757
 -0.000223443426  -0.000188983159  -0.000576380857
 -0.001824985024   0.000267583164  -0.001771094059
 -0.000363985597  -0.000212191146   0.000029680567
  0.004312595379  -0.002809993943   0.008275140658
 -0.000603187391   0.000469547868  -0.000045907368
 -0.000682504505   0.000144152674  -0.000030952620
 -0.000160216433   0.000131233788   0.000203626812
 -0.001282172955  -0.001316437845   0.003653277706
  0.000401719877  -0.001841503556  -0.000484793065
  0.007090408290  -0.004753094986  -0.004943391681
  0.000509346359  -0.001257970570   0.000106869624
  0.001268494708   0.000053560513   0.000055631609
  0.000082620505  -0.000662148180  -0.000214937711
 -0.002121937810   0.001320051634  -0.000206662354
  0.000241849709   0.000633919792   0.000049792458
  0.021810367825  -0.018149470689   0.019519867714
  0.000164404796  -0.000216589926   0.000592384189
  0.000471976649   0.000091938103  -0.000310795031
 -0.000324180701  -0.000065682891   0.000692934201
  0.001160215537  -0.002645237424  -0.004127231385
 -0.000094645880   0.000498315117   0.000008378415
 -0.000151946253   0.000538876868   0.000141205483
  0.000107756656  -0.000157247486   0.000011735250
 -0.000721026194   0.000590425053  -0.003387165081
  0.003565102606  -0.002033333461   0.003209180805
  0.001385729626  -0.000996034853  -0.000298129867
 -0.001862092581  -0.000509347742   0.000089166863
  0.001181503675  -0.000341316924  -0.000373416828
 -0.000366908830   0.001371552096  -0.000642796649
 -0.000911033283   0.000025571479   0.000296496898
  0.000099845387  -0.000590354522  -0.000137000290
  0.021930021964   0.018368286983  -0.019704144710
  0.000089626727   0.000053553898  -0.000595726464
  0.000559904085   0.000087141236   0.000322578383
 -0.000396328522  -0.000097495980  -0.000684286009
  0.001232710200   0.002813402763   0.004097168948
 -0.000184472738  -0.000677241868  -0.000001644307
 -0.000080591504  -0.000380938030  -0.000143652100
  0.000022589318  -0.000021289800  -0.000003367743
  0.001290172596   0.000800733592   0.000311567779
 -0.001787243716   0.000678059734  -0.000068641258
 -0.000821797997  -0.000782695218   0.003379698289
  0.003639064215   0.002209413152  -0.003339659085
 -0.000986279791  -0.000194322192  -0.000294523575
  0.000187124490   0.000759466848   0.000137933909
  0.001103465321   0.000179399467   0.000374934204
 -0.000273288361  -0.001187074371   0.000643677550
 -0.149200126794  -0.000063343460   0.000191260607
 -0.000719806603  -0.000020490143  -0.000130837216
 -0.000229692478   0.000020696335   0.000137674173
  0.000277120031  -0.000022423501  -0.000133038194
 -0.002897158962   0.000005808999   0.000080555049
  0.000804221603  -0.000011162343  -0.000081971653
  0.000400295153   0.000007786561   0.000065678203
  0.000119391682  -0.000012226688  -0.000079814536
  0.001986006433  -0.004430568464  -0.002026841314
 -0.000246012777  -0.000029568621  -0.000015774833
  0.001970726172   0.004403088662   0.001838860496
 -0.000281179921   0.000012913936   0.000163584935
  0.000360005292   0.002585628496   0.000821809902
  0.000117895415  -0.000725963402   0.000655359713
  0.000360009121  -0.002629067067  -0.001083364431
  0.000120407215   0.000771672196  -0.000378105583
  0.011907864790   0.000125072154  -0.000118154700
  0.000862841336  -0.000006483161   0.000064124786
  0.000378541307   0.000009134504  -0.000088340896
  0.000991221058  -0.000007270414   0.000065855999
  0.023324693264   0.000016257878  -0.000162949733
  0.001127663275  -0.000021086060   0.000139725209
  0.000798833104   0.000020563167  -0.000132934949
  0.000145594765  -0.000024285008   0.000141589398
 -0.003024907290  -0.000369862756  -0.001440845525
 -0.000853728821   0.000565341946   0.000815795592
 -0.003017620402   0.000332211829   0.001735808916
 -0.000828504294  -0.000492457640  -0.001077984839
 -0.000302453956   0.001519450668  -0.000125220034
 -0.000339862364  -0.000637038106  -0.000120573351
 -0.000305897614  -0.001535709167   0.000268408813
 -0.000344602990   0.000653263533  -0.000042394560
  0.002172349184   0.007587641700   0.010526784807
  0.000789053775  -0.000053886512  -0.000541038894
  0.002154745916  -0.007326917015  -0.010524850210
  0.000785088091  -0.000145327524   0.000583091086
 -0.001046560286  -0.002342442658   0.000269704630
 -0.000135071314   0.000598967691  -0.000401000374
 -0.001045418806   0.002536791052  -0.000247375534
 -0.000136681457  -0.000828757133   0.000396283303
  0.011930102811  -0.000150844489   0.000091089761
  0.000480801162   0.000094604285   0.000005087181
 -0.000093357097  -0.000117924138   0.000003085094
  0.000204357962   0.000099391416   0.000011787021
  0.001682062678  -0.000109492265   0.000003968344
  0.000396010741   0.000119284181   0.000002687550
  0.000197720018  -0.000094251926   0.000006523354
 -0.000012463803   0.000120172700  -0.000000457126
  0.000568622437   0.001289680130   0.000287987197
  0.000308923969  -0.000441890842   0.000042881706
  0.000569045779  -0.001275603635  -0.000357186190
  0.000297533247   0.000420644342  -0.000014906368
 -0.003163021239   0.000033893899  -0.000031893961
  0.000036419660   0.000004109719   0.000016853223
 -0.000013443235  -0.000010903826  -0.000024800152
 -0.000066629605   0.000007027658   0.000017012029
 -0.000147046088  -0.000766802774   0.000105695498
 -0.000035695004   0.000303924012  -0.000016494018
 -0.000147886462   0.000777576310  -0.000066724537
 -0.000036020118  -0.000319088204  -0.000013369788
  0.000706053743  -0.000008023854   0.000038456960
 -0.000250152298   0.000007798307  -0.000019240975
 -0.000288474553  -0.000006277247   0.000020242815
  0.000009938434   0.000008017815  -0.000018761256
   65    2  0.0000  0.0150  0.0000
  0.000361942843   0.012366907192   0.009567397595
 -0.000452382483  -0.000057861515   0.000162688461
  0.001015016163   0.001555852635   0.000652675825
 -0.000098214022   0.000460297551  -0.000086084689
  0.003471245493   0.002332134284  -0.002638056929
 -0.000406216977   0.000260501817   0.000147498363
 -0.000357500014   0.000691240075   0.000054743332
  0.000181537179   0.000474663734  -0.000218131106
  0.010931807646   0.011401521863   0.016299796267
 -0.000258477600  -0.002588290936  -0.000072930621
 -0.001692365688  -0.000020123285  -0.002558908305
  0.000396417797  -0.000014872580   0.000355351987
 -0.003534329053  -0.002482720860   0.000282927996
  0.000702812342  -0.000341097685  -0.000032334497
  0.000660250461   0.000880518592  -0.000584145870
 -0.000428052958  -0.000920948919   0.000383520362
 -0.000361942843   0.012366907192   0.009567397595
  0.000452382483  -0.000057861515   0.000162688461
 -0.001015016163   0.001555852635   0.000652675825
  0.000098214022   0.000460297551  -0.000086084689
 -0.003471245493   0.002332134284  -0.002638056929
  0.000406216977   0.000260501817   0.000147498363
  0.000357500014   0.000691240075   0.000054743332
 -0.000181537179   0.000474663734  -0.000218131106
  0.001692365688  -0.000020123285  -0.002558908305
 -0.000396417797  -0.000014872580   0.000355351987
 -0.010931807646   0.011401521863   0.016299796267
  0.000258477600  -0.002588290936  -0.000072930621
 -0.000660250461   0.000880518592  -0.000584145870
  0.000428052958  -0.000920948919   0.000383520362
  0.003534329053  -0.002482720860   0.000282927996
 -0.000702812342  -0.000341097685  -0.000032334497
 -0.019206985460   0.024860064005  -0.026291397539
  0.000090702286  -0.000686439789   0.000258485414
 -0.000208558522  -0.000471681688   0.000222682633
 -0.000542664764  -0.000531835627  -0.000099416994
 -0.003121048794   0.000767578559   0.004633398021
  0.000020561180  -0.000108687285  -0.000091691567
  0.000100354780  -0.000784760204   0.000058269139
 -0.000037489600  -0.000258760167  -0.000058771689
  0.000055199327  -0.002765135057   0.004155288467
 -0.001374668331   0.002567899112  -0.004725201347
 -0.000955317482   0.000885404535  -0.001600127411
 -0.000594135643   0.000318494818   0.000153814030
 -0.000298590502   0.001360935943   0.000492754888
  0.001197333617  -0.000330375318   0.000470374193
 -0.000242438178  -0.000722491789  -0.000600338740
  0.000575047688   0.000527781679   0.000009080719
  0.019206985460   0.024860064005  -0.026291397539
 -0.000090702286  -0.000686439789   0.000258485414
  0.000208558522  -0.000471681688   0.000222682633
  0.000542664764  -0.000531835627  -0.000099416994
  0.003121048794   0.000767578559   0.004633398021
 -0.000020561180  -0.000108687285  -0.000091691567
 -0.000100354780  -0.000784760204   0.000058269139
  0.000037489600  -0.000258760167  -0.000058771689
  0.000955317482   0.000885404535  -0.001600127411
  0.000594135643   0.000318494818   0.000153814030
 -0.000055199327  -0.002765135057   0.004155288467
  0.001374668331   0.002567899112  -0.004725201347
  0.000242438178  -0.000722491789  -0.000600338740
 -0.000575047688   0.000527781679   0.000009080719
  0.000298590502   0.001360935943   0.000492754888
 -0.001197333617  -0.000330375318   0.000470374193
  0.000000000000  -0.134039206120   0.030374331171
  0.000000000000   0.000530478397  -0.000043075009
  0.000000000000   0.000127617591  -0.000788644301
  0.000000000000   0.000382646470  -0.000021139918
  0.000000000000  -0.003056115213   0.000842462842
  0.000000000000   0.000224148902  -0.000026842425
  0.000000000000   0.001037994910  -0.000187038631
  0.000000000000   0.000121820727   0.000039366965
 -0.004473321988   0.002887889656  -0.000347589951
  0.000005022624  -0.000399692991   0.000085416867
  0.004473321988   0.002887889656  -0.000347589951
 -0.000005022624  -0.000399692991   0.000085416867
  0.002603591548   0.001159007519   0.001340331163
 -0.000751795175   0.000007866400  -0.000613343970
 -0.002603591548   0.001159007519   0.001340331163
  0.000751795175   0.000007866400  -0.000613343970
  0.000000000000   0.013514749578   0.001563343825
  0.000000000000   0.000844798057  -0.000431895916
  0.000000000000  -0.000728928384   0.000393217857
  0.000000000000   0.000953570993  -0.000015390593
  0.000000000000   0.023504316617   0.001549061717
  0.000000000000   0.000313410422  -0.000239379183
  0.000000000000   0.001156256093   0.000462655928
  0.000000000000   0.000022777806   0.000392836206
 -0.000364121849  -0.004183202789  -0.000070434276
  0.000508341372  -0.000246998669  -0.000200009843
  0.000364121849  -0.004183202789  -0.000070434276
 -0.000508341372  -0.000246998669  -0.000200009843
  0.001697343150  -0.000186216945  -0.000267686492
 -0.000509367460  -0.000306980014   0.000065959635
 -0.001697343150  -0.000186216945  -0.000267686492
  0.000509367460  -0.000306980014   0.000065959635
 -0.001199896488   0.003438257582  -0.005914403505
 -0.000798464822   0.001406479065   0.000414816818
  0.001199896488   0.003438257582  -0.005914403505
  0.000798464822   0.001406479065   0.000414816818
 -0.000010722880  -0.001223417450  -0.000549653659
 -0.000308126424   0.000716686501   0.000114797872
  0.000010722880  -0.001223417450  -0.000549653659
  0.000308126424   0.000716686501   0.000114797872
  0.000000000000  -0.008218284307  -0.012616327996
  0.000000000000  -0.000763930001   0.000355436134
  0.000000000000   0.000200289580  -0.000474215207
  0.000000000000  -0.000217233535   0.000401571641
  0.000000000000   0.005081703798  -0.008292402264
  0.000000000000  -0.000854202165   0.000125660297
  0.000000000000  -0.000901903557   0.000056843214
  0.000000000000  -0.000034435331  -0.000124958975
  0.001407859868   0.000360469815   0.000195477704
 -0.000255638225   0.000363167866  -0.000063009849
 -0.001407859868   0.000360469815   0.000195477704
  0.000255638225   0.000363167866  -0.000063009849
  0.000000000000  -0.003874238485   0.000791506631
  0.000000000000  -0.000080638702   0.000003243575
  0.000000000000   0.000155390222  -0.000074864201
  0.000000000000  -0.000063557653   0.000008844385
 -0.000807749409  -0.000240038423   0.000015080088
  0.000241537848  -0.000006868099   0.000003286123
  0.000807749409  -0.000240038423   0.000015080088
 -0.000241537848  -0.000006868099   0.000003286123
  0.000000000000   0.000786482695   0.000205134752
  0.000000000000  -0.000141778893  -0.000013960023
  0.000000000000  -0.000325842621  -0.000028389288
  0.000000000000  -0.000002403322  -0.000011483438
   65    3  0.0000  0.0000  0.0150
  0.004385201693   0.002413805926   0.038799796289
 -0.000135921412   0.000469358908   0.000309244158
  0.001176378463   0.001139883684  -0.000311748310
  0.001277362025   0.000755905349  -0.001004001628
 -0.004860762815  -0.001305553821   0.001684889812
  0.000370241759   0.000321374034   0.000109951362
  0.001867096972  -0.000410142112   0.000076583819
  0.002206162910   0.000532658414   0.000309952081
  0.003314173130   0.000499474719   0.004640881671
  0.000133061301   0.000940298232  -0.000404155941
 -0.000574983448  -0.000958347973  -0.000793331622
 -0.000384471135  -0.000135288180   0.001491741670
 -0.000660667869  -0.001450005628  -0.000228781447
 -0.000186650433   0.000163400880  -0.000080025387
 -0.001220211545  -0.000191838348  -0.000504653931
 -0.001414435823  -0.000538444858  -0.000547598297
 -0.004385201693   0.002413805926   0.038799796289
  0.000135921412   0.000469358908   0.000309244158
 -0.001176378463   0.001139883684  -0.000311748310
 -0.001277362025   0.000755905349  -0.001004001628
  0.004860762815  -0.001305553821   0.001684889812
 -0.000370241759   0.000321374034   0.000109951362
 -0.001867096972  -0.000410142112   0.000076583819
 -0.002206162910   0.000532658414   0.000309952081
  0.000574983448  -0.000958347973  -0.000793331622
  0.000384471135  -0.000135288180   0.001491741670
 -0.003314173130   0.000499474719   0.004640881671
 -0.000133061301   0.000940298232  -0.000404155941
  0.001220211545  -0.000191838348  -0.000504653931
  0.001414435823  -0.000538444858  -0.000547598297
  0.000660667869  -0.001450005628  -0.000228781447
  0.000186650433   0.000163400880  -0.000080025387
  0.013193628779  -0.011320053902   0.053700926981
  0.000501589347  -0.000743765265   0.000038677117
  0.000184875360   0.000181424896  -0.000273482923
  0.000987183576  -0.001285508170  -0.001200315868
 -0.001878407755   0.003434564568   0.003322092194
  0.000766872599  -0.000745930777  -0.000131221510
  0.000479716414   0.000019178129   0.000110677678
  0.001774692319  -0.001927705726   0.000395327626
  0.000172885765  -0.000653005592   0.001397915400
  0.000029605711  -0.001569962021  -0.001512149251
 -0.000010711281   0.000038222125   0.000810024290
  0.001055136932   0.000668433240   0.000734569000
 -0.000126749331  -0.000571335932  -0.000285330956
 -0.000813664707   0.001751101846  -0.000912839641
 -0.000627946092   0.001099564687  -0.000638151420
 -0.000074151088   0.000323083085  -0.000067270654
 -0.013193628779  -0.011320053902   0.053700926981
 -0.000501589347  -0.000743765265   0.000038677117
 -0.000184875360   0.000181424896  -0.000273482923
 -0.000987183576  -0.001285508170  -0.001200315868
  0.001878407755   0.003434564568   0.003322092194
 -0.000766872599  -0.000745930777  -0.000131221510
 -0.000479716414   0.000019178129   0.000110677678
 -0.001774692319  -0.001927705726   0.000395327626
  0.000010711281   0.000038222125   0.000810024290
 -0.001055136932   0.000668433240   0.000734569000
 -0.000172885765  -0.000653005592   0.001397915400
 -0.000029605711  -0.001569962021  -0.001512149251
  0.000627946092   0.001099564687  -0.000638151420
  0.000074151088   0.000323083085  -0.000067270654
  0.000126749331  -0.000571335932  -0.000285330956
  0.000813664707   0.001751101846  -0.000912839641
 -0.000000000000   0.030180385499  -0.542784353137
 -0.000000000000  -0.000168698471  -0.001153144731
 -0.000000000000  -0.000654700672  -0.001634709143
 -0.000000000000   0.000045022102  -0.001157830786
 -0.000000000000   0.001585033430  -0.001108240587
 -0.000000000000  -0.000408502099  -0.000108813425
 -0.000000000000  -0.000485471903   0.000032451053
 -0.000000000000  -0.000349567240  -0.000882971608
 -0.001832300794  -0.000081009348  -0.000523433322
  0.000479587331  -0.000148199156   0.000603590339
  0.001832300794  -0.000081009348  -0.000523433322
 -0.000479587331  -0.000148199156   0.000603590339
  0.001053493705   0.001304171504   0.002386024871
  0.000638984265  -0.000605513161   0.001356093667
 -0.001053493705   0.001304171504   0.002386024871
 -0.000638984265  -0.000605513161   0.001356093667
 -0.000000000000  -0.001453990246   0.066658045257
 -0.000000000000   0.000197733986   0.000216368042
 -0.000000000000  -0.000845900222   0.001565223787
 -0.000000000000  -0.000127661339   0.001794714128
 -0.000000000000  -0.001671697661   0.268351556061
 -0.000000000000   0.000132899710   0.000192756008
 -0.000000000000  -0.000346690303   0.000489370071
 -0.000000000000  -0.000291886162   0.001969726538
  0.001698468711   0.000069831245  -0.004473079910
 -0.000825209168   0.000225868650  -0.002410015578
 -0.001698468711   0.000069831245  -0.004473079910
  0.000825209168   0.000225868650  -0.002410015578
  0.000916684362   0.001182858694  -0.000154855096
  0.000760354770  -0.000559905232   0.000083014856
 -0.000916684362   0.001182858694  -0.000154855096
 -0.000760354770  -0.000559905232   0.000083014856
 -0.000587326525   0.001417325068  -0.001370451766
  0.000109531797  -0.000674955634   0.000506763494
  0.000587326525   0.001417325068  -0.001370451766
 -0.000109531797  -0.000674955634   0.000506763494
 -0.000008150366  -0.000184250129  -0.000073588415
  0.000382208050  -0.001475679458  -0.000171228485
  0.000008150366  -0.000184250129  -0.000073588415
 -0.000382208050  -0.001475679458  -0.000171228485
 -0.000000000000  -0.013144968405   0.012618694890
 -0.000000000000  -0.000111303427   0.000905039590
 -0.000000000000   0.000908795271  -0.000128098160
 -0.000000000000   0.001491589349  -0.000705035705
 -0.000000000000  -0.004925578981   0.000078578216
 -0.000000000000   0.000531034384   0.000407509666
 -0.000000000000   0.002594960300   0.000379436203
 -0.000000000000   0.002712514913   0.000217035649
  0.000589767612   0.000380715423   0.000011824537
  0.000201168179  -0.000246672522  -0.000170001474
 -0.000589767612   0.000380715423   0.000011824537
 -0.000201168179  -0.000246672522  -0.000170001474
 -0.000000000000   0.001408693740   0.005401171487
 -0.000000000000  -0.000052853864  -0.000125345484
 -0.000000000000   0.000082589904  -0.000245701169
 -0.000000000000   0.000059130337  -0.000243157876
  0.000203644293   0.000027822523  -0.000046492664
  0.000053985798  -0.000094823747   0.000108961571
 -0.000203644293   0.000027822523  -0.000046492664
 -0.000053985798  -0.000094823747   0.000108961571
 -0.000000000000  -0.000132981367  -0.000890541371
 -0.000000000000  -0.000011473598   0.000110885769
 -0.000000000000   0.000185829552   0.000158202062
 -0.000000000000   0.000102855206   0.000218540734
   69    1  0.0150  0.0000  0.0000
  0.002648516565   0.001615240816  -0.001064129002
 -0.000380752052  -0.000388314662   0.000015080258
 -0.000263577304  -0.000224626801   0.000052192959
 -0.000009035917  -0.000190678943   0.000070225742
  0.027241976694   0.009287255640   0.016940791673
 -0.000328337195  -0.000060359271   0.000640874515
 -0.001661211837   0.000048644690   0.001884001425
 -0.000152856255  -0.000129817979  -0.000049990033
 -0.001437940816  -0.000399291060  -0.000037445048
  0.000025228422  -0.000589774873  -0.000016122261
  0.000936514775   0.000656001331  -0.000145682443
  0.000258593955   0.000788872066  -0.000068758082
  0.005433533213   0.005477316508   0.005417671088
  0.000182352037   0.000739790252  -0.000070757474
 -0.001059927406   0.001204493340  -0.003840598536
  0.000313761550   0.001595145409   0.000335203618
  0.002958412603  -0.001873051930   0.001060209840
 -0.000516815777   0.000405018122  -0.000004695562
 -0.000094184214   0.000226012291  -0.000055533926
 -0.000251700102   0.000366522767  -0.000071921830
  0.027324507395  -0.009428325589  -0.017114411597
 -0.000472083880   0.000085007755  -0.000636318105
 -0.001514728216  -0.000080885151  -0.001875386375
 -0.000415671873   0.000315768482   0.000044630930
  0.000807436309  -0.000536808140   0.000161067796
  0.000481028418  -0.000968696786   0.000090018794
 -0.001611167204   0.000490741137   0.000013350891
  0.000236663787   0.000448148000   0.000023842327
 -0.001227566309  -0.001091268451   0.003842283554
  0.000535775393  -0.001758942917  -0.000343960888
  0.005312514945  -0.005286376137  -0.005425705667
  0.000368884684  -0.000838122818   0.000073749050
 -0.000028251331  -0.001838882658  -0.000889501749
 -0.000169349423   0.000488809073   0.000135808417
 -0.000092226413   0.000405102891   0.000019819499
 -0.000002540422   0.000087093517   0.000025693801
  0.024374941161  -0.028247038309   0.018959557784
  0.000158063869   0.000306379224   0.000514991391
  0.000525201398   0.000154418003  -0.000170733792
 -0.000332644952   0.000039708018   0.000665561506
  0.000987739607  -0.000057476574   0.000010150502
  0.000142212059   0.000469332566   0.000266222778
 -0.000689023696  -0.000619502624  -0.000309213089
 -0.000075723354  -0.000764679436   0.000052699246
 -0.000579256663   0.000795135765  -0.003151260937
  0.003239681700  -0.001401585791   0.003295404806
  0.001105374165  -0.001087167645  -0.000718733091
 -0.001510761291  -0.000729209741   0.000141692137
  0.000079644699   0.002009456140   0.000910138963
 -0.000132690003  -0.000533972839  -0.000144500392
 -0.000091409408  -0.000371939077  -0.000013928111
 -0.000034328693  -0.000186263495  -0.000041550683
  0.024325944838   0.028181176446  -0.019100279286
  0.000151983337  -0.000374963118  -0.000499920331
  0.000546185611  -0.000080647332   0.000168568304
 -0.000392920314  -0.000171407959  -0.000649654771
 -0.000707837831   0.000507499777   0.000335431557
 -0.000007285835   0.000904017325  -0.000050680968
  0.000968490151   0.000036820722  -0.000015504797
  0.000246822260  -0.000336692280  -0.000263694856
  0.001052506010   0.000965307063   0.000717348818
 -0.001471607652   0.000859336158  -0.000132900400
 -0.000623371511  -0.000895774145   0.003165009846
  0.003298686042   0.001545111987  -0.003290131576
 -0.002928884083   0.000039075860   0.000123994778
  0.000813686879  -0.000016560327  -0.000089928893
  0.000378588566   0.000007606768   0.000059430112
  0.000106844094  -0.000040109564  -0.000188760003
 -0.170816375262   0.000039514388   0.000114927637
 -0.000090192841  -0.000004244170  -0.000020889449
  0.000036650224  -0.000006650697   0.000070272522
  0.000219075258  -0.000020022746  -0.000074403189
 -0.000370410856   0.000623620172   0.000086274718
 -0.000521205272  -0.000408219699   0.000154126396
 -0.000371167882  -0.000619166010  -0.000184540023
 -0.000497814284   0.000415091572   0.000015390119
  0.001960502381  -0.004452866434  -0.002005482699
 -0.000303506071   0.000024277258   0.000612350156
  0.001993973000   0.004462357199   0.001747001859
 -0.000262681798   0.000014010910  -0.000319711898
 -0.003140308482   0.000026842928  -0.000266543308
  0.000894751105  -0.000005313261   0.000044015180
  0.000341304415  -0.000003318542  -0.000022295733
  0.000222884888  -0.000028639147   0.000090479613
  0.011961550945   0.000024337482   0.000005341516
  0.000861832541  -0.000011383814   0.000073243763
  0.000401795478   0.000006120235  -0.000084960757
  0.000996526594  -0.000037071049   0.000193955610
 -0.000318802743   0.001684579866  -0.000740854591
 -0.000365413729  -0.000489357549  -0.000881440814
 -0.000282317243  -0.001702743483   0.000993147047
 -0.000315896113   0.000514983162   0.000572545247
 -0.002679061310   0.001297828621  -0.001242018176
 -0.000710092859  -0.000075728476   0.000483430235
 -0.002663327986  -0.001288653279   0.001372137066
 -0.000683349483   0.000090126205  -0.000587286620
 -0.000185959304  -0.001108393799   0.000103057280
 -0.000207017021   0.000357929294   0.000232616221
 -0.000115437559   0.001301813787  -0.000096703917
 -0.000192575613  -0.000585724092  -0.000227895535
  0.002171849121   0.005417193765   0.010377754386
  0.000624358936  -0.000017062935  -0.000461371267
  0.002185529819  -0.005243419260  -0.010400102314
  0.000630121994  -0.000209249522   0.000458100685
 -0.000722249529  -0.000190896311  -0.000006451383
  0.000373303950   0.000086914259   0.000005444340
 -0.000182909118  -0.000067423832  -0.000000660071
 -0.000156932784   0.000134820547  -0.000005247721
  0.010202590875  -0.000022224853  -0.000078838177
  0.000560235217   0.000081721818   0.000002523564
  0.000019700108  -0.000087739823   0.000006774580
  0.000023213882   0.000132325955  -0.000000079366
 -0.000029100117  -0.000444864777  -0.000062953004
  0.000044322099   0.000179588007   0.000032597307
 -0.000028366358   0.000460531937   0.000062334574
  0.000046551452  -0.000195573872   0.000056973789
  0.001698608584  -0.000007214461   0.000045293905
 -0.000203942217   0.000007487557   0.000047158041
 -0.000154338257  -0.000006130807  -0.000019726304
 -0.000032233215   0.000008027664  -0.000012703706
  0.000238941718   0.000458283742  -0.000033330649
  0.000251519511  -0.000176178420  -0.000074055357
  0.000244727054  -0.000443834641   0.000080966666
  0.000250417261   0.000162452398   0.000045868603
  0.030774408383  -0.000006403128  -0.000012416602
 -0.000014461356   0.000003261462  -0.000023117226
  0.000129785377  -0.000008276479   0.000046725803
 -0.000044213469   0.000005795694   0.000022827275
   69    2  0.0000  0.0150  0.0000
  0.002283834243   0.000717531306  -0.000687480617
 -0.000207607152   0.000566606099  -0.000024310540
 -0.000232383355   0.000964732403   0.000046439766
 -0.000050237569   0.000724406316   0.000020145304
  0.006502642547   0.011164156472   0.008515068371
 -0.000282639079   0.000039747998   0.000384729918
  0.000768766666   0.001645388594   0.000523254052
 -0.000070046787   0.000560153643   0.000070831098
 -0.001186276489  -0.000099595240   0.000063558936
  0.000604433085  -0.000213080051  -0.000094692634
  0.000342198039   0.000573805975   0.000240429474
  0.000048833242  -0.000916606144  -0.000197141157
  0.008775483924   0.012609753938   0.017059167128
 -0.000296644604  -0.001891400278   0.000073773092
 -0.001728736075   0.000196327009  -0.002027953503
  0.000574368230  -0.000233512301   0.000131209529
 -0.002283834243   0.000717531306  -0.000687480617
  0.000207607152   0.000566606099  -0.000024310540
  0.000232383355   0.000964732403   0.000046439766
  0.000050237569   0.000724406316   0.000020145304
 -0.006502642547   0.011164156472   0.008515068371
  0.000282639079   0.000039747998   0.000384729918
 -0.000768766666   0.001645388594   0.000523254052
  0.000070046787   0.000560153643   0.000070831098
 -0.000342198039   0.000573805975   0.000240429474
 -0.000048833242  -0.000916606144  -0.000197141157
  0.001186276489  -0.000099595240   0.000063558936
 -0.000604433085  -0.000213080051  -0.000094692634
  0.001728736075   0.000196327009  -0.002027953503
 -0.000574368230  -0.000233512301   0.000131209529
 -0.008775483924   0.012609753938   0.017059167128
  0.000296644604  -0.001891400278   0.000073773092
 -0.003334495593  -0.000026583224   0.000981652436
 -0.000156607942  -0.000203339551   0.000101473063
 -0.000193405029  -0.000861887711  -0.000025961800
 -0.000086503690  -0.000432820538   0.000126781296
 -0.028838180696   0.031695241221  -0.028224599339
  0.000106603093  -0.000906010738   0.000060131929
 -0.000372607592  -0.000869665067   0.000121557807
 -0.000403137319  -0.000835109403  -0.000234716258
 -0.000840768550   0.000699165860   0.000010824751
  0.000938160057  -0.000524540761  -0.000196156924
 -0.000924870820  -0.000276747124   0.000325788144
  0.000608146340   0.000462996165   0.000048080892
 -0.000130034833  -0.002114735164   0.003960795248
 -0.000622112042   0.001837804629  -0.004786884671
 -0.001109511945   0.000858096740  -0.001355340394
 -0.000408429461   0.000464371438   0.000133239518
  0.003334495593  -0.000026583224   0.000981652436
  0.000156607942  -0.000203339551   0.000101473063
  0.000193405029  -0.000861887711  -0.000025961800
  0.000086503690  -0.000432820538   0.000126781296
  0.028838180696   0.031695241221  -0.028224599339
 -0.000106603093  -0.000906010738   0.000060131929
  0.000372607592  -0.000869665067   0.000121557807
  0.000403137319  -0.000835109403  -0.000234716258
  0.000924870820  -0.000276747124   0.000325788144
 -0.000608146340   0.000462996165   0.000048080892
  0.000840768550   0.000699165860   0.000010824751
 -0.000938160057  -0.000524540761  -0.000196156924
  0.001109511945   0.000858096740  -0.001355340394
  0.000408429461   0.000464371438   0.000133239518
  0.000130034833  -0.002114735164   0.003960795248
  0.000622112042   0.001837804629  -0.004786884671
  0.000000000000  -0.003070298681   0.001511885525
  0.000000000000   0.000233694468  -0.000246872813
  0.000000000000   0.001030609233  -0.000654532628
  0.000000000000   0.000146853555  -0.000345297744
  0.000000000000  -0.159198917791   0.059758420355
  0.000000000000   0.000318739687  -0.000216093683
  0.000000000000   0.001110473519  -0.000395058248
  0.000000000000   0.000275203681  -0.000043674501
  0.000630284356  -0.000269954136   0.000291562912
 -0.000416848801  -0.000513786056  -0.000129186898
 -0.000630284356  -0.000269954136   0.000291562912
  0.000416848801  -0.000513786056  -0.000129186898
 -0.004430598393   0.002889653022   0.000003212153
 -0.000004202118  -0.000413373624  -0.000266843208
  0.004430598393   0.002889653022   0.000003212153
  0.000004202118  -0.000413373624  -0.000266843208
  0.000000000000  -0.002921055380  -0.000484353226
  0.000000000000   0.000375526737  -0.000017689685
  0.000000000000   0.001024524220   0.000121731598
  0.000000000000   0.000311163934   0.000057239777
  0.000000000000   0.013503185311   0.001574637819
  0.000000000000   0.000871968341  -0.000375424522
  0.000000000000  -0.000751118258   0.001028571291
  0.000000000000   0.000984893781   0.000081495109
  0.001534942402  -0.000179373510  -0.001286271139
 -0.000647105702  -0.000326534377   0.000648493392
 -0.001534942402  -0.000179373510  -0.001286271139
  0.000647105702  -0.000326534377   0.000648493392
  0.001279615268  -0.002931559968  -0.000427089306
 -0.000085301656  -0.000483338826  -0.000022133893
 -0.001279615268  -0.002931559968  -0.000427089306
  0.000085301656  -0.000483338826  -0.000022133893
  0.000120788588  -0.001109432535   0.000051433954
 -0.000062671714   0.000933078965   0.000059556766
 -0.000120788588  -0.001109432535   0.000051433954
  0.000062671714   0.000933078965   0.000059556766
 -0.001372460288   0.001766070134  -0.005655274216
 -0.000280472519   0.001300604210   0.000051520226
  0.001372460288   0.001766070134  -0.005655274216
  0.000280472519   0.001300604210   0.000051520226
  0.000000000000   0.002006155601  -0.001266151687
  0.000000000000  -0.000781734398   0.000229542433
  0.000000000000  -0.001029035330   0.000079437541
  0.000000000000  -0.000642349654   0.000072348776
  0.000000000000   0.001100440984  -0.012069501612
  0.000000000000  -0.000365562099   0.000457143295
  0.000000000000  -0.000425319387  -0.000541574982
  0.000000000000  -0.000640751541   0.000456489537
 -0.000433665823  -0.000020078375  -0.000017907096
  0.000174507756   0.000020016041   0.000014251082
  0.000433665823  -0.000020078375  -0.000017907096
 -0.000174507756   0.000020016041   0.000014251082
  0.000000000000   0.001684552180  -0.000153347737
  0.000000000000  -0.000143106735   0.000008849548
  0.000000000000  -0.000259793646   0.000026747011
  0.000000000000  -0.000097159431   0.000016708625
  0.000676204590   0.000498261347  -0.000091835403
 -0.000127948224   0.000285957001   0.000098174978
 -0.000676204590   0.000498261347  -0.000091835403
  0.000127948224   0.000285957001   0.000098174978
  0.000000000000   0.032005730998  -0.025741788161
  0.000000000000  -0.000159235447   0.000031410830
  0.000000000000  -0.000020870121   0.000076890065
  0.000000000000  -0.000119131979   0.000031095650
   69    3  0.0000  0.0000  0.0150
 -0.000323036713   0.000019185491   0.000852181203
  0.000046769371  -0.000189167171   0.000061558612
  0.000323695534   0.000096014639  -0.000002366315
  0.000474552185   0.000150747375   0.000021132277
  0.014903543488   0.005486647345   0.045291644456
 -0.000200171542  -0.000295160326   0.000249012991
  0.000123889630   0.001667735893  -0.000173334197
  0.000250901085   0.000423261529  -0.000415140310
 -0.000674980458  -0.000480998665  -0.000155057544
 -0.000186218245  -0.000060692563  -0.000058391419
 -0.000071011020  -0.000187691242   0.000007222719
 -0.000042145339  -0.000159996411  -0.000001844932
  0.000541085209   0.000419705773   0.003462712853
 -0.000302678804   0.000028331900  -0.000263853314
  0.000136401487  -0.001044102155  -0.000963222755
  0.000405211567   0.000175173675   0.000923137510
  0.000323036713   0.000019185491   0.000852181203
 -0.000046769371  -0.000189167171   0.000061558612
 -0.000323695534   0.000096014639  -0.000002366315
 -0.000474552185   0.000150747375   0.000021132277
 -0.014903543488   0.005486647345   0.045291644456
  0.000200171542  -0.000295160326   0.000249012991
 -0.000123889630   0.001667735893  -0.000173334197
 -0.000250901085   0.000423261529  -0.000415140310
  0.000071011020  -0.000187691242   0.000007222719
  0.000042145339  -0.000159996411  -0.000001844932
  0.000674980458  -0.000480998665  -0.000155057544
  0.000186218245  -0.000060692563  -0.000058391419
 -0.000136401487  -0.001044102155  -0.000963222755
 -0.000405211567   0.000175173675   0.000923137510
 -0.000541085209   0.000419705773   0.003462712853
  0.000302678804   0.000028331900  -0.000263853314
  0.000259083885   0.000327859436   0.000445763092
  0.000260650567   0.000082098797  -0.000007314238
 -0.000100139987  -0.000051971209  -0.000021963456
  0.000498921909  -0.000482137711   0.000140892184
  0.018395029552  -0.020407896854   0.059116850767
  0.000275191166  -0.000275523653  -0.000016277290
 -0.000349008458  -0.000196425404  -0.000022657824
  0.000023609057  -0.000291654434  -0.000599054796
  0.000062234473  -0.000088698826   0.000017954307
 -0.000130611450   0.000364507837  -0.000047316451
 -0.000063709153   0.000272562413  -0.000025102270
  0.000066887258   0.000129213234  -0.000104539069
  0.000428828215  -0.000186975386   0.001109490406
 -0.001052400890  -0.000146725206  -0.001945646435
  0.000408964250  -0.000205672251   0.000446484961
  0.000747384971   0.000445789211   0.000502837710
 -0.000259083885   0.000327859436   0.000445763092
 -0.000260650567   0.000082098797  -0.000007314238
  0.000100139987  -0.000051971209  -0.000021963456
 -0.000498921909  -0.000482137711   0.000140892184
 -0.018395029552  -0.020407896854   0.059116850767
 -0.000275191166  -0.000275523653  -0.000016277290
  0.000349008458  -0.000196425404  -0.000022657824
 -0.000023609057  -0.000291654434  -0.000599054796
  0.000063709153   0.000272562413  -0.000025102270
 -0.000066887258   0.000129213234  -0.000104539069
 -0.000062234473  -0.000088698826   0.000017954307
  0.000130611450   0.000364507837  -0.000047316451
 -0.000408964250  -0.000205672251   0.000446484961
 -0.000747384971   0.000445789211   0.000502837710
 -0.000428828215  -0.000186975386   0.001109490406
  0.001052400890  -0.000146725206  -0.001945646435
 -0.000000000000   0.000809305229  -0.001201259079
 -0.000000000000  -0.000081599505  -0.000150157772
 -0.000000000000  -0.000103094525   0.000005987439
 -0.000000000000   0.000118888962  -0.000891284337
 -0.000000000000   0.059606256804  -0.628119749272
 -0.000000000000  -0.000337916341  -0.001230254510
 -0.000000000000  -0.000340231405  -0.001854804730
 -0.000000000000  -0.000079223574  -0.000581213024
  0.000169516096   0.000227965505   0.000227898246
  0.000114695776  -0.000125066444   0.000127473672
 -0.000169516096   0.000227965505   0.000227898246
 -0.000114695776  -0.000125066444   0.000127473672
 -0.001861713358  -0.000339281949  -0.000543978846
 -0.000049261550   0.000155176019   0.000601099852
  0.001861713358  -0.000339281949  -0.000543978846
  0.000049261550   0.000155176019   0.000601099852
 -0.000000000000   0.000514307379   0.001481211599
 -0.000000000000  -0.000038538342  -0.000063690701
 -0.000000000000  -0.000010105300  -0.000113408738
 -0.000000000000  -0.000027513783   0.000098914259
 -0.000000000000  -0.001644624912   0.066872596686
 -0.000000000000   0.000324851937   0.000229433951
 -0.000000000000  -0.000321637489   0.001573731578
 -0.000000000000   0.000050991410   0.001789646441
  0.000270201611   0.000229213164  -0.000140285997
  0.000117949142  -0.000069955968   0.000064617614
 -0.000270201611   0.000229213164  -0.000140285997
 -0.000117949142  -0.000069955968   0.000064617614
  0.001336305003   0.000416822839  -0.004263521904
 -0.000494727424   0.000104893874  -0.002412666475
 -0.001336305003   0.000416822839  -0.004263521904
  0.000494727424   0.000104893874  -0.002412666475
  0.000185481329  -0.000203763706  -0.000023340342
  0.000228906548  -0.000114152228   0.000012393055
 -0.000185481329  -0.000203763706  -0.000023340342
 -0.000228906548  -0.000114152228   0.000012393055
 -0.000637925041  -0.000426747303  -0.001444414381
  0.000045264493   0.000284284833   0.000417788094
  0.000637925041  -0.000426747303  -0.001444414381
 -0.000045264493   0.000284284833   0.000417788094
 -0.000000000000  -0.000037069107   0.001081756583
 -0.000000000000   0.000379627144   0.000029008923
 -0.000000000000   0.000183113834   0.000034346896
 -0.000000000000   0.000482374590   0.000002935202
 -0.000000000000  -0.004008176221   0.018829169204
 -0.000000000000   0.000334264697   0.000902996392
 -0.000000000000  -0.000983379706   0.000303393394
 -0.000000000000   0.000055860519  -0.000265341532
 -0.000001051642  -0.000019430510   0.000004728887
  0.000001015461  -0.000001062538  -0.000006498503
  0.000001051642  -0.000019430510   0.000004728887
 -0.000001015461  -0.000001062538  -0.000006498503
 -0.000000000000  -0.000201584830   0.000281968400
 -0.000000000000   0.000021840150  -0.000010679396
 -0.000000000000   0.000026680087  -0.000000553629
 -0.000000000000  -0.000039652793  -0.000023308970
  0.000307254509   0.000419068436   0.000767465417
  0.000157235823  -0.000218113945   0.000563665952
 -0.000307254509   0.000419068436   0.000767465417
 -0.000157235823  -0.000218113945   0.000563665952
 -0.000000000000  -0.025956170652   0.336395525384
 -0.000000000000   0.000037346768   0.000346449147
 -0.000000000000   0.000009241724   0.000449736596
 -0.000000000000  -0.000058823077   0.000240462064
   97    1  0.0150  0.0000  0.0000
  0.146170979795   0.036800076462   0.000072350701
  0.000428563884  -0.000551454575   0.000076533727
  0.007087780910   0.006812194512  -0.000081126588
  0.001130527198   0.001213253287  -0.000289413841
  0.001652684754  -0.000253236355  -0.000254878150
  0.000397911643  -0.000995764778  -0.000095073161
  0.001652277023   0.000798900507   0.000316746175
  0.000526429569  -0.000238638277   0.000339840650
  0.141861823339  -0.082100203419  -0.001168118948
 -0.002072645688   0.000326671393  -0.000116844350
  0.003902862085  -0.002190459688  -0.000204029024
  0.000094198572   0.000047869547   0.000244159855
 -0.002598603252   0.001613909901  -0.000165767260
 -0.001225416810   0.000352786639   0.000122762464
 -0.000694549675   0.000065413370  -0.000164083006
  0.000530629513  -0.000325115518  -0.000140579301
  0.007068014908  -0.006695705736   0.000079094709
  0.001057944412  -0.001191442987   0.000304426050
  0.146100922086  -0.036739272220  -0.000074995797
  0.000357390737   0.000580220867  -0.000060101014
  0.001742956537  -0.000840489278  -0.000344289189
  0.000562029991   0.000160431982  -0.000325282305
  0.001760592501   0.000228202396   0.000233342083
  0.000429333653   0.000900534798   0.000111983711
  0.141971913422   0.082041011435   0.001175826200
 -0.002028202257  -0.000334954089   0.000131538892
  0.004017193525   0.002070254694   0.000207675654
  0.000148164254  -0.000064016926  -0.000230927674
 -0.002623212676  -0.001601456816   0.000176073150
 -0.001261512221  -0.000285220630  -0.000117130287
 -0.000720171447  -0.000045760394   0.000173292298
  0.000507247667   0.000379324710   0.000148331176
 -0.002129709738   0.005945077394   0.000249311831
 -0.000407309343   0.003923277202   0.000132100703
  0.002023043058   0.001283101292   0.000298808404
 -0.000546901158   0.000643821670   0.000232324682
 -0.000000771555   0.000399417440  -0.000267532661
 -0.000521350721   0.001063950962   0.000120969935
  0.000222741885  -0.001066337814  -0.000851061349
  0.000246806069  -0.000152245600  -0.000131449654
  0.006214263059  -0.038797302986   0.000323138643
  0.000670119297   0.001043205959   0.000061722525
 -0.000824725710  -0.001130559773   0.000106260933
 -0.000147103247  -0.000011261411   0.000145983681
  0.000705133263  -0.002352061021  -0.000270704998
  0.000062039597  -0.000210293265  -0.000215902364
 -0.000013862381  -0.000116884007  -0.000240666762
 -0.000563997312   0.001099553063  -0.000048724237
  0.002057518193  -0.001237989738  -0.000297711299
 -0.000608645570  -0.000741170119  -0.000214429886
 -0.002085129537  -0.005907379337  -0.000254120148
 -0.000462678160  -0.004036859340  -0.000115664741
  0.000230390380   0.001119519969   0.000846227294
  0.000254701829   0.000127106428   0.000150663836
  0.000011929869  -0.000353781667   0.000268954325
 -0.000511544842  -0.001082212489  -0.000101190550
  0.006221633445   0.038801930250  -0.000304574239
  0.000721314955  -0.000967173958  -0.000058503970
 -0.000820630891   0.001127525541  -0.000087627493
 -0.000096353055   0.000086979234  -0.000140653325
  0.000712102656   0.002364628073   0.000271468087
  0.000077289076   0.000223243409   0.000235895729
 -0.000009504640   0.000122601241   0.000243330585
 -0.000541255424  -0.001075540151   0.000068071771
  0.002299417148  -0.001128222087  -0.000355198404
  0.000773659760  -0.000750651166   0.000223670192
  0.002272143687   0.001099227539   0.000389240378
  0.000778218345   0.000707928707  -0.000240439363
 -0.000156782391   0.000259338954   0.000189876153
 -0.000198423619  -0.000040215563   0.000305051997
 -0.000151588878  -0.000127940935  -0.000159467204
 -0.000197815563   0.000039518155  -0.000265618497
  0.010161192429   0.000033943606   0.000041250717
  0.000503919322   0.000016011298   0.000054450731
  0.000006120229   0.000029846076   0.000045652148
  0.000045004176   0.000014214360   0.000052649337
  0.001595438608  -0.000017135393  -0.000004532844
  0.000339056050  -0.000007656841  -0.000011904296
  0.000210995624  -0.000023500563   0.000009390900
  0.000043074795  -0.000008451871  -0.000002577484
  0.002259792380  -0.001315177778   0.000647615283
  0.000615459799  -0.000258374892  -0.000039960433
  0.002251035689   0.001270485520  -0.000613691527
  0.000620015668   0.000213479627   0.000162607886
 -0.000997434805   0.000073500148  -0.000456003651
 -0.000134700521  -0.000261993113  -0.000509337339
 -0.001009075060  -0.000028924673   0.000155993018
 -0.000135719187   0.000262919408   0.000517875046
  0.011804360398   0.000035508927  -0.000028720191
  0.000395060045   0.000020500395  -0.000000314652
 -0.000088535769   0.000027560060  -0.000045991540
  0.000260258707   0.000016022934  -0.000004389324
 -0.000772245850  -0.000039260729   0.000090968082
  0.000324647645  -0.000002708595   0.000049825332
 -0.000155623668  -0.000040716038   0.000087957251
 -0.000106512575  -0.000001372332   0.000047252960
 -0.679179670204  -0.000066657023  -0.000007364051
  0.001173705657  -0.000039110947   0.000001380097
  0.000619243871  -0.000061607498  -0.000006457599
 -0.000653604790  -0.000039788019   0.000001328881
  0.002513384364   0.000028332964  -0.000003314768
  0.001312078409   0.000020985157  -0.000002957853
  0.000036292801   0.000028209389  -0.000003461959
 -0.000874417796   0.000013941808  -0.000001717915
  0.016909448836  -0.000025934057  -0.000364826829
  0.000348572462   0.000709264542   0.000337726771
  0.016959272222   0.000114189086   0.000340762606
  0.000345795990  -0.000626781853  -0.000337269008
 -0.000811456876   0.000811691871  -0.000277536396
 -0.000732327014   0.000659268515  -0.000088492344
 -0.000824950813  -0.000912935970   0.000218446157
 -0.000724072641  -0.000682446696   0.000102191208
  0.002216391350  -0.000006053961  -0.000016870699
 -0.000111436372   0.000000621117  -0.000003099105
 -0.000002215540  -0.000007430406  -0.000025270306
 -0.000132021089   0.000000050333  -0.000003339957
 -0.000142601152   0.000736812420  -0.000235859296
 -0.000081462389   0.000171590627  -0.000024306253
 -0.000143292501  -0.000729278871   0.000153793725
 -0.000081123312  -0.000178617238   0.000031923291
  0.000167480381  -0.000019509690  -0.000063176519
 -0.000149600642   0.000013878103  -0.000079073986
 -0.000080327620  -0.000020063623  -0.000055645699
 -0.000016385000   0.000013284836  -0.000077260173
  0.000295496155   0.000040216695   0.000138503061
  0.000008960782   0.000148330802  -0.000080020261
  0.000295793446  -0.000085899865  -0.000066339576
  0.000009025112  -0.000150006958  -0.000071628795
   97    2  0.0000  0.0150  0.0000
  0.046450465608   0.022608290401  -0.000405585904
 -0.000504890935  -0.000591193460   0.000068438158
  0.004431727008  -0.005921575587  -0.000049791525
  0.002194880021   0.000208206213   0.000158444550
 -0.000362216307  -0.001538460788   0.000091703673
 -0.001167005572   0.000341886583  -0.000058093633
  0.000685667663  -0.003631515399  -0.000674882898
  0.001951644940   0.001013632984  -0.000107694197
 -0.097433093249   0.055173835470   0.000120764191
 -0.001071120416  -0.002986938317  -0.000358983256
 -0.002181370216  -0.004179244077   0.000056867354
 -0.001798080734  -0.001640641318   0.000006980846
 -0.000456663382  -0.004010651935   0.001041992435
  0.000585197403  -0.001553576591   0.000250347191
 -0.000639840253  -0.002204768596  -0.000195648597
 -0.001479661528  -0.001583980803  -0.000160786257
 -0.004431727008  -0.005921575587  -0.000049791525
 -0.002194880021   0.000208206213   0.000158444550
 -0.046450465608   0.022608290401  -0.000405585904
  0.000504890935  -0.000591193460   0.000068438158
 -0.000685667663  -0.003631515399  -0.000674882898
 -0.001951644940   0.001013632984  -0.000107694197
  0.000362216307  -0.001538460788   0.000091703673
  0.001167005572   0.000341886583  -0.000058093633
  0.097433093249   0.055173835470   0.000120764191
  0.001071120416  -0.002986938317  -0.000358983256
  0.002181370216  -0.004179244077   0.000056867354
  0.001798080734  -0.001640641318   0.000006980846
  0.000456663382  -0.004010651935   0.001041992435
 -0.000585197403  -0.001553576591   0.000250347191
  0.000639840253  -0.002204768596  -0.000195648597
  0.001479661528  -0.001583980803  -0.000160786257
  0.005947650244   0.011285401875  -0.000545114448
  0.004409380047  -0.000317291990   0.000030170300
 -0.002850401428   0.003456364952   0.000277989256
  0.001385632068  -0.001143920116   0.000081783911
  0.001805469228   0.001179298441   0.000334450108
  0.000455189586  -0.000732493310   0.000214866481
  0.001958112637   0.002946558155  -0.000953935178
  0.000501927623  -0.001104980977  -0.000141906043
 -0.009241048334   0.030036805120  -0.000287302475
  0.001039863101   0.003299215827   0.000156565223
  0.000131577000   0.002271392046   0.000028583034
  0.000140002971   0.002322339893  -0.000114721374
  0.007129940616   0.001740260787  -0.001298991578
  0.000720404962   0.001025610849  -0.000246956039
  0.000693784355   0.002088465020   0.000053515147
 -0.000221206359   0.001711976825   0.000108944789
  0.002850401428   0.003456364952   0.000277989256
 -0.001385632068  -0.001143920116   0.000081783911
 -0.005947650244   0.011285401875  -0.000545114448
 -0.004409380047  -0.000317291990   0.000030170300
 -0.001958112637   0.002946558155  -0.000953935178
 -0.000501927623  -0.001104980977  -0.000141906043
 -0.001805469228   0.001179298441   0.000334450108
 -0.000455189586  -0.000732493310   0.000214866481
  0.009241048334   0.030036805120  -0.000287302475
 -0.001039863101   0.003299215827   0.000156565223
 -0.000131577000   0.002271392046   0.000028583034
 -0.000140002971   0.002322339893  -0.000114721374
 -0.007129940616   0.001740260787  -0.001298991578
 -0.000720404962   0.001025610849  -0.000246956039
 -0.000693784355   0.002088465020   0.000053515147
  0.000221206359   0.001711976825   0.000108944789
  0.007465180776   0.003442229144   0.001522552767
 -0.000024195135   0.001359378824  -0.000707926100
 -0.007465180776   0.003442229144   0.001522552767
  0.000024195135   0.001359378824  -0.000707926100
 -0.001246800370  -0.000998638092  -0.000209202210
  0.000440496259   0.000882032019  -0.000120027495
  0.001246800370  -0.000998638092  -0.000209202210
 -0.000440496259   0.000882032019  -0.000120027495
 -0.000000000000   0.001070717374  -0.003968952820
 -0.000000000000  -0.000194896720   0.000334810038
 -0.000000000000  -0.000519476184  -0.000963013649
 -0.000000000000  -0.000587542841   0.000050756998
 -0.000000000000   0.005163580329  -0.005005219981
 -0.000000000000  -0.000781729732   0.000558994393
 -0.000000000000  -0.000989655467   0.002580997964
 -0.000000000000  -0.000129591864   0.002732424726
  0.005366917863   0.001813391664   0.000402439043
  0.000078563381   0.001179351417  -0.000277837188
 -0.005366917863   0.001813391664   0.000402439043
 -0.000078563381   0.001179351417  -0.000277837188
 -0.002531152556  -0.001180290163   0.000131913622
  0.000619592663   0.000725907340   0.001501346069
  0.002531152556  -0.001180290163   0.000131913622
 -0.000619592663   0.000725907340   0.001501346069
 -0.000000000000  -0.008082478167   0.013035285089
 -0.000000000000  -0.000635879589   0.000099596837
 -0.000000000000   0.000148281605  -0.000919430474
 -0.000000000000  -0.000271060139  -0.001490158297
 -0.000000000000   0.001973338025   0.000015444053
 -0.000000000000  -0.000673934813  -0.000371762200
 -0.000000000000  -0.001175960076  -0.000163003356
 -0.000000000000  -0.000654005876  -0.000484889791
 -0.000000000000  -0.270920763557  -0.003907142226
 -0.000000000000   0.002058369282  -0.000380204566
 -0.000000000000   0.003177554158  -0.000089079795
 -0.000000000000  -0.001690275696   0.000010512097
 -0.000000000000   0.003646129876   0.000445116967
 -0.000000000000   0.001950840929   0.000032129356
 -0.000000000000   0.000797077448  -0.000156783864
 -0.000000000000  -0.001525431007  -0.000336203280
 -0.000032963265   0.012210101686  -0.000058442397
  0.000732880151   0.001772166393  -0.000124881468
  0.000032963265   0.012210101686  -0.000058442397
 -0.000732880151   0.001772166393  -0.000124881468
  0.000986612940   0.002641429081   0.000287522871
  0.000731171511   0.000160518497  -0.000032150296
 -0.000986612940   0.002641429081   0.000287522871
 -0.000731171511   0.000160518497  -0.000032150296
 -0.000000000000   0.002782863486  -0.000850138679
 -0.000000000000   0.000123690998  -0.000084672691
 -0.000000000000  -0.000140752236  -0.000107655666
 -0.000000000000  -0.000168539122  -0.000171570598
 -0.001978090894  -0.000296182198   0.000057944953
 -0.000196892460  -0.000083445668  -0.000091435337
  0.001978090894  -0.000296182198   0.000057944953
  0.000196892460  -0.000083445668  -0.000091435337
 -0.000000000000  -0.001424881705  -0.000022945011
 -0.000000000000   0.000259013559  -0.000045348426
 -0.000000000000   0.000375918687   0.000009532126
 -0.000000000000  -0.000024188327   0.000092083220
  0.000481520127   0.000408613527  -0.000036488790
 -0.000333657330  -0.000073037965   0.000032904463
 -0.000481520127   0.000408613527  -0.000036488790
  0.000333657330  -0.000073037965   0.000032904463
   97    3  0.0000  0.0000  0.0150
 -0.000015605228  -0.000547154319   0.003386985433
  0.000488297950  -0.000044301837   0.000767402471
  0.000536903967  -0.000031811133   0.004375585309
 -0.000002088747   0.000119243256  -0.000620632144
  0.000118011689  -0.000228283945  -0.000003082820
  0.000019804530  -0.000338927314   0.000116970674
 -0.000016505197   0.000021766509  -0.000042721484
 -0.000031224710   0.000259015043  -0.000000939380
  0.000108758538  -0.000584178849   0.001368039842
 -0.000149691091   0.000160598539  -0.000612388088
 -0.000005155687  -0.000175854536  -0.002146112975
 -0.000310211799  -0.000202679857   0.000328299854
 -0.000669229020  -0.000159250685   0.000231636285
 -0.000194364121  -0.000234925783  -0.000125110545
 -0.000097916561  -0.000358096150  -0.000066752198
  0.000000427351  -0.000312518529   0.000012297901
 -0.000536903967  -0.000031811133   0.004375585309
  0.000002088747   0.000119243256  -0.000620632144
  0.000015605228  -0.000547154319   0.003386985433
 -0.000488297950  -0.000044301837   0.000767402471
  0.000016505197   0.000021766509  -0.000042721484
  0.000031224710   0.000259015043  -0.000000939380
 -0.000118011689  -0.000228283945  -0.000003082820
 -0.000019804530  -0.000338927314   0.000116970674
 -0.000108758538  -0.000584178849   0.001368039842
  0.000149691091   0.000160598539  -0.000612388088
  0.000005155687  -0.000175854536  -0.002146112975
  0.000310211799  -0.000202679857   0.000328299854
  0.000669229020  -0.000159250685   0.000231636285
  0.000194364121  -0.000234925783  -0.000125110545
  0.000097916561  -0.000358096150  -0.000066752198
 -0.000000427351  -0.000312518529   0.000012297901
  0.000182065457   0.000296016884  -0.009039010053
  0.000097081516  -0.000337258961  -0.001580375997
 -0.000056704311   0.000097866459   0.004765319124
  0.000031607824  -0.000084745962  -0.000776243676
  0.000173220648   0.000128274015  -0.000211678127
 -0.000565362229   0.000896097296   0.000167570523
  0.000220451589   0.000133258250   0.000271902653
 -0.000105180998  -0.000211370660   0.000023065146
  0.000190173579   0.000634934750  -0.005031703295
 -0.000002535197   0.000218218393   0.000077100351
  0.000276941132   0.000173891534   0.000041556553
  0.000123385935   0.000242098339   0.000146570253
  0.000562068802  -0.000439645542   0.000591608205
  0.000124167612   0.000067577794   0.000060087943
  0.000158363833   0.000104610152   0.000019828979
  0.000069007282   0.000163538709  -0.000090792004
  0.000056704311   0.000097866459   0.004765319124
 -0.000031607824  -0.000084745962  -0.000776243676
 -0.000182065457   0.000296016884  -0.009039010053
 -0.000097081516  -0.000337258961  -0.001580375997
 -0.000220451589   0.000133258250   0.000271902653
  0.000105180998  -0.000211370660   0.000023065146
 -0.000173220648   0.000128274015  -0.000211678127
  0.000565362229   0.000896097296   0.000167570523
 -0.000190173579   0.000634934750  -0.005031703295
  0.000002535197   0.000218218393   0.000077100351
 -0.000276941132   0.000173891534   0.000041556553
 -0.000123385935   0.000242098339   0.000146570253
 -0.000562068802  -0.000439645542   0.000591608205
 -0.000124167612   0.000067577794   0.000060087943
 -0.000158363833   0.000104610152   0.000019828979
 -0.000069007282   0.000163538709  -0.000090792004
  0.010417550541  -0.005935031968  -0.001324100266
 -0.000554604677   0.000424728063   0.000415406460
 -0.010417550541  -0.005935031968  -0.001324100266
  0.000554604677   0.000424728063   0.000415406460
  0.000117253069   0.000033273734  -0.000001526882
  0.000240168025   0.000071145866  -0.000080324628
 -0.000117253069   0.000033273734  -0.000001526882
 -0.000240168025   0.000071145866  -0.000080324628
 -0.000000000000  -0.012236094878   0.018414506379
 -0.000000000000   0.000454165305   0.000879758781
 -0.000000000000  -0.000562138147   0.000233478005
 -0.000000000000   0.000475372700  -0.000233616093
 -0.000000000000  -0.008320117368  -0.000041345398
 -0.000000000000   0.000138948238   0.000459222599
 -0.000000000000   0.000056716585   0.000323895650
 -0.000000000000  -0.000110557037   0.000375523579
 -0.010455136768   0.005608791053  -0.001507701790
  0.000482522246  -0.000043769160   0.000417215250
  0.010455136768   0.005608791053  -0.001507701790
 -0.000482522246  -0.000043769160   0.000417215250
 -0.000263127864   0.000539531342  -0.000146302251
  0.000417661029  -0.000111924086  -0.000058753416
  0.000263127864   0.000539531342  -0.000146302251
 -0.000417661029  -0.000111924086  -0.000058753416
 -0.000000000000   0.012448750384   0.012868682132
 -0.000000000000  -0.000364420631   0.000845103507
 -0.000000000000   0.000450504602  -0.000055740082
 -0.000000000000  -0.000365567310  -0.000871292516
 -0.000000000000   0.001274605493   0.001136129816
 -0.000000000000  -0.000235766549  -0.000026746011
 -0.000000000000  -0.000063445271   0.000052907808
 -0.000000000000  -0.000069927961  -0.000104529891
 -0.000000000000  -0.003716168476  -0.042963262696
 -0.000000000000  -0.000452690036  -0.001565905521
 -0.000000000000   0.000007164070  -0.001838438090
 -0.000000000000  -0.000090983525   0.000116393268
 -0.000000000000  -0.000442311893   0.001086594205
 -0.000000000000  -0.000119104248  -0.000461102077
 -0.000000000000   0.000191394395  -0.000141778511
 -0.000000000000   0.000216255443  -0.000036045982
  0.000363017686   0.000094755826   0.011004671639
 -0.000327529332   0.000191405839  -0.000455935956
 -0.000363017686   0.000094755826   0.011004671639
  0.000327529332   0.000191405839  -0.000455935956
 -0.000232736335   0.000239335146  -0.000073271523
 -0.000103191731   0.000065392287  -0.000123764004
  0.000232736335   0.000239335146  -0.000073271523
  0.000103191731   0.000065392287  -0.000123764004
 -0.000000000000   0.011159399884   0.002332940519
 -0.000000000000   0.000053112814  -0.000047993747
 -0.000000000000   0.000006119867  -0.000075300980
 -0.000000000000   0.000020031492  -0.000008983988
  0.000186943073  -0.000538496134   0.000084903254
  0.000012916145   0.000031814605  -0.000070114466
 -0.000186943073  -0.000538496134   0.000084903254
 -0.000012916145   0.000031814605  -0.000070114466
 -0.000000000000  -0.000160666364   0.000234732348
 -0.000000000000   0.000027640863  -0.000010628965
 -0.000000000000   0.000017416146   0.000024138712
 -0.000000000000   0.000064508759   0.000011518780
  0.000045040530  -0.000033349604   0.000053448799
 -0.000096485306   0.000060321659   0.000005457297
 -0.000045040530  -0.000033349604   0.000053448799
  0.000096485306   0.000060321659   0.000005457297
  113    1  0.0150  0.0000  0.0000
 -0.002079403255  -0.000918355381  -0.000816109503
 -0.000406256670  -0.000354863091   0.000005081580
  0.000249442754  -0.000041676075  -0.000033496882
 -0.000209231237  -0.000380796008  -0.000012493786
  0.000553060300   0.000407855467   0.000032766320
 -0.000408017076   0.000022562965   0.000021209621
 -0.000170373861   0.000319706231  -0.000036023192
 -0.000069381699  -0.000217533536   0.000053532844
  0.001557730819  -0.001035973163   0.011099898375
  0.000413570310   0.000045950370  -0.000049104553
 -0.000293232115  -0.000120214694  -0.000053281937
  0.000183240704  -0.000041292628   0.000008576789
 -0.001313441193  -0.001218858579   0.000185397631
  0.000502786181   0.000179965840   0.000000622855
 -0.000006338279  -0.000085948158  -0.000026012073
  0.000150825308   0.000064259992  -0.000067426663
 -0.000289695301   0.000335027078   0.000051846344
  0.000373259576   0.000068089816  -0.000040462128
 -0.002634780872   0.001201485559   0.000737242554
  0.000153830028   0.000028877743  -0.000024058122
 -0.000725719947  -0.000014177614   0.000008151101
  0.000460325376  -0.000047971623  -0.000038547945
 -0.000025780820  -0.000113898562  -0.000003893785
  0.000122201553  -0.000303726390  -0.000011732299
  0.002135150230   0.000753236805  -0.010798980113
 -0.000159399902   0.000267180662   0.000030193448
  0.000262177129  -0.000164047768   0.000069778172
 -0.000386367440   0.000347639274  -0.000040288585
 -0.000738399792   0.000936356588  -0.000232490872
 -0.000022102410   0.000085441204   0.000001727827
  0.000549217081  -0.000240173964  -0.000000040201
 -0.000371962126   0.000201726852   0.000077036515
  0.000151658192  -0.000568751925   0.000016366672
 -0.001109141863   0.001595104456   0.000209470538
  0.000321419327  -0.000340898128   0.000075109725
  0.000267472933   0.000379825663  -0.000016914181
 -0.000334735832  -0.000261514366  -0.000006687996
 -0.000075568650   0.000059283128  -0.000119829997
  0.000546219308  -0.000453820193   0.000245656464
 -0.000126813033   0.000309031907  -0.000026020894
  0.001349019328   0.001299166401   0.006199943154
  0.000077751274  -0.000113332723  -0.000012544799
 -0.000143836575   0.000322458990  -0.000159548537
  0.000014152504   0.000063078217  -0.000002718400
 -0.000170377878   0.001374975334   0.000271739106
  0.000110189828  -0.000270004741  -0.000018084183
 -0.000065248176   0.000043934374   0.000043949623
  0.000029117840  -0.000059383114  -0.000053752006
  0.000147936293  -0.000058138826  -0.000100143559
  0.000458122151  -0.000008758965   0.000029606220
 -0.000005680270   0.000194465496   0.000016947684
 -0.000900487140  -0.001173167771  -0.000144685985
  0.000380512357   0.000102135240  -0.000242363646
  0.000019302373   0.000018988745   0.000009611437
 -0.000503876956  -0.000106826972   0.000017622021
  0.000071084226   0.000281886826   0.000098973122
  0.001545322674  -0.000864341889  -0.005873056487
 -0.000104479643  -0.000264454677   0.000022176910
  0.000009597559   0.000042389979   0.000153377808
 -0.000177005361  -0.000449956536   0.000011510479
 -0.000043385247  -0.001043947026  -0.000287948861
 -0.000037260545  -0.000057341668   0.000002049198
  0.000099643939   0.000322320326  -0.000035863104
 -0.000109809640  -0.000266117531   0.000028575222
  0.000551838450   0.001332877307   0.000250496920
  0.000294561908  -0.000201187067   0.000605813239
  0.000547880025  -0.001420566819  -0.001002370664
  0.000293922376   0.000311932088   0.000151363330
 -0.000037439031  -0.000475084390  -0.000206730927
  0.000054066307   0.000196718165   0.000163273892
 -0.000021324508   0.000419166355  -0.000213924420
  0.000037288925  -0.000156413495   0.000158843755
  0.030941666994   0.000020664423   0.000106780544
 -0.000022755731  -0.000022858288  -0.000219015314
  0.000129370839   0.000016778946   0.000160002221
 -0.000023835827  -0.000017615371  -0.000234881531
  0.000707934661   0.000062827643   0.000316667563
 -0.000242639135  -0.000042190951  -0.000365008345
 -0.000300564046   0.000049946599   0.000366718731
  0.000009869917  -0.000051688904  -0.000358963170
  0.000227759002   0.000610653009  -0.000171507288
  0.000266605449  -0.000106975113  -0.000387842559
  0.000253630655  -0.000713909977   0.000497998383
  0.000236096343   0.000126874324  -0.000056193113
 -0.000145694907  -0.000868021762   0.000140559936
 -0.000029500987   0.000294564401  -0.000443506174
 -0.000156731454   0.000771768592   0.000638387095
 -0.000040057209  -0.000196869070  -0.000292824599
 -0.003034678169   0.000093308822  -0.000444060357
  0.000021007270  -0.000049392712   0.000371330658
  0.000016337683   0.000057929294  -0.000378780121
 -0.000044408390  -0.000054225234   0.000353169474
  0.001673778627   0.000032705155  -0.000211868491
 -0.000203959947  -0.000020407499   0.000161216418
 -0.000167041099   0.000018413172  -0.000204867434
 -0.000027910310  -0.000018571890   0.000165651848
  0.002295586813  -0.000305636925   0.000034023833
 -0.000127881843   0.000302901422  -0.000011891734
  0.000048069036  -0.000295979313   0.000013033170
 -0.000106482624   0.000314285934  -0.000004429620
  0.000165304138  -0.000315875373  -0.000008044099
 -0.000145497151   0.000283247197   0.000001608121
 -0.000075420142  -0.000297907481  -0.000008648198
 -0.000013402022   0.000285321811   0.000004510050
 -0.000213481156  -0.001686577946  -0.000217691578
 -0.000090044179  -0.000521325137  -0.000014944756
 -0.000207822620   0.002278554427   0.000230582240
 -0.000076489992  -0.000100910210  -0.000005649419
  0.000294796789   0.000784094357   0.000036944872
  0.000009944545  -0.000645406708  -0.000087009982
  0.000319666476  -0.000160091517  -0.000048000790
  0.000014468874   0.000073849586   0.000093804296
 -0.032062466001   0.000010988203   0.000082628111
 -0.000005360207   0.000020682634  -0.000057291554
 -0.000071746160  -0.000023610622   0.000048022559
 -0.000055204608   0.000028513321  -0.000046632498
 -0.000049305071  -0.000230664105   0.000156816534
 -0.000080599019   0.000045420402  -0.000014442275
 -0.000018761041   0.000245551512  -0.000036610821
 -0.000088042183  -0.000100541484  -0.000083001000
 -0.000812404259  -0.000017153154   0.000003332673
  0.000075302853   0.000021191010   0.000051681920
  0.000104011948  -0.000023556023  -0.000047183052
 -0.000025186352   0.000022216599   0.000049472356
  0.000065402703   0.000283591576  -0.000021629664
  0.000026363276  -0.000125923605   0.000039107984
  0.000066596559  -0.000246499247  -0.000064457324
  0.000027259291   0.000081955864   0.000064918062
  113    2  0.0000  0.0150  0.0000
 -0.003163481392  -0.002551306732  -0.000826027388
 -0.000032021777   0.000591117912   0.000026728761
  0.000434503628  -0.000346293997   0.000145207592
  0.000239288146   0.000090611682  -0.000038329963
  0.000536863746   0.000209358582   0.000021617368
 -0.000227682030   0.000052723427  -0.000016837312
 -0.000208419791  -0.000478266069  -0.000122355855
  0.000325477089   0.000268974220   0.000123833591
  0.001061694791   0.002319281204   0.003821561153
  0.000078184542  -0.000084290004  -0.000028896404
 -0.000175944849  -0.000224630393  -0.000065647615
 -0.000154356327  -0.000194940508   0.000071679372
 -0.001170310525   0.000058609948   0.000121008624
  0.000150626708  -0.000074021109   0.000027731300
  0.000101936939  -0.000281696107  -0.000011491199
 -0.000096679238  -0.000199332919  -0.000086042698
 -0.000434503628  -0.000346293997   0.000145207592
 -0.000239288146   0.000090611682  -0.000038329963
  0.003163481392  -0.002551306732  -0.000826027388
  0.000032021777   0.000591117912   0.000026728761
  0.000208419791  -0.000478266069  -0.000122355855
 -0.000325477089   0.000268974220   0.000123833591
 -0.000536863746   0.000209358582   0.000021617368
  0.000227682030   0.000052723427  -0.000016837312
 -0.001061694791   0.002319281204   0.003821561153
 -0.000078184542  -0.000084290004  -0.000028896404
  0.000175944849  -0.000224630393  -0.000065647615
  0.000154356327  -0.000194940508   0.000071679372
  0.001170310525   0.000058609948   0.000121008624
 -0.000150626708  -0.000074021109   0.000027731300
 -0.000101936939  -0.000281696107  -0.000011491199
  0.000096679238  -0.000199332919  -0.000086042698
  0.000334747789   0.000605646452  -0.000250743114
  0.001285524477  -0.001475474476  -0.000070936165
  0.000206413739   0.000253464211  -0.000077298851
  0.000162527011  -0.000033964303  -0.000023200291
  0.000062830919  -0.000329091042   0.000118156514
 -0.000105957433  -0.000023794054   0.000085881162
 -0.000032697903   0.000532243821  -0.000189614084
 -0.000091934169  -0.000219016811  -0.000056825854
  0.001258297387   0.000984696655  -0.007589951172
  0.000020623201   0.000051985772  -0.000027462125
  0.000117434194   0.000240906066   0.000019303863
  0.000234680393   0.000053781375   0.000014459525
  0.001276444488  -0.000218601687  -0.000402688592
  0.000013141893   0.000034274005  -0.000007035460
 -0.000000453496   0.000293967116  -0.000002260649
  0.000140598685   0.000053104512   0.000020577281
 -0.000206413739   0.000253464211  -0.000077298851
 -0.000162527011  -0.000033964303  -0.000023200291
 -0.000334747789   0.000605646452  -0.000250743114
 -0.001285524477  -0.001475474476  -0.000070936165
  0.000032697903   0.000532243821  -0.000189614084
  0.000091934169  -0.000219016811  -0.000056825854
 -0.000062830919  -0.000329091042   0.000118156514
  0.000105957433  -0.000023794054   0.000085881162
 -0.001258297387   0.000984696655  -0.007589951172
 -0.000020623201   0.000051985772  -0.000027462125
 -0.000117434194   0.000240906066   0.000019303863
 -0.000234680393   0.000053781375   0.000014459525
 -0.001276444488  -0.000218601687  -0.000402688592
 -0.000013141893   0.000034274005  -0.000007035460
  0.000000453496   0.000293967116  -0.000002260649
 -0.000140598685   0.000053104512   0.000020577281
  0.001302987333   0.000374067180   0.000425657874
 -0.000414943832   0.000365854525  -0.000259096469
 -0.001302987333   0.000374067180   0.000425657874
  0.000414943832   0.000365854525  -0.000259096469
 -0.000455500177  -0.000025929701  -0.000037931811
  0.000188007413   0.000010668458  -0.000024849168
  0.000455500177  -0.000025929701  -0.000037931811
 -0.000188007413   0.000010668458  -0.000024849168
 -0.000000000000   0.032318913833  -0.026028534789
 -0.000000000000  -0.000153136814  -0.000017656702
 -0.000000000000  -0.000026163824   0.000031788067
 -0.000000000000  -0.000101953485  -0.000045622027
 -0.000000000000   0.000782479243  -0.000189250797
 -0.000000000000  -0.000147171026  -0.000062847372
 -0.000000000000  -0.000313723175   0.000270054970
 -0.000000000000   0.000012998585   0.000180032828
  0.000463907136   0.000513527542  -0.000464686853
 -0.000151748187   0.000270813877   0.000204927850
 -0.000463907136   0.000513527542  -0.000464686853
  0.000151748187   0.000270813877   0.000204927850
 -0.000762998653  -0.000246544833  -0.000029619614
  0.000315312540  -0.000014426276   0.000112348016
  0.000762998653  -0.000246544833  -0.000029619614
 -0.000315312540  -0.000014426276   0.000112348016
 -0.000000000000  -0.003879752951  -0.001292928606
 -0.000000000000  -0.000064848811   0.000121157689
 -0.000000000000   0.000145664136  -0.000148960938
 -0.000000000000  -0.000048901716  -0.000125333048
 -0.000000000000   0.001676404966   0.000194551543
 -0.000000000000  -0.000148301619  -0.000007848990
 -0.000000000000  -0.000257416208  -0.000074959000
 -0.000000000000  -0.000081630820  -0.000015892373
 -0.000000000000   0.002728623775   0.011011062792
 -0.000000000000   0.000168399360   0.000055191288
 -0.000000000000  -0.000178952402  -0.000003815599
 -0.000000000000  -0.000209875320   0.000021537440
 -0.000000000000  -0.001391172527   0.000169095340
 -0.000000000000   0.000286553753  -0.000027947588
 -0.000000000000   0.000310272837  -0.000003797511
 -0.000000000000  -0.000090445403  -0.000070389991
  0.000714919730  -0.000346981585   0.000505939817
  0.000194798126  -0.000090377489  -0.000035194495
 -0.000714919730  -0.000346981585   0.000505939817
 -0.000194798126  -0.000090377489  -0.000035194495
  0.000107143283   0.000425237910  -0.000023770457
  0.000169519142  -0.000052819075   0.000046826609
 -0.000107143283   0.000425237910  -0.000023770457
 -0.000169519142  -0.000052819075   0.000046826609
 -0.000000000000  -0.032722694476   0.025521006077
 -0.000000000000   0.000020373037  -0.000011369763
 -0.000000000000  -0.000029280955  -0.000006296776
 -0.000000000000  -0.000049513526   0.000000568600
 -0.000241604663  -0.000082799601   0.000082060014
  0.000068277598  -0.000109479416  -0.000029672403
  0.000241604663  -0.000082799601   0.000082060014
 -0.000068277598  -0.000109479416  -0.000029672403
 -0.000000000000  -0.000851755082   0.000093479292
 -0.000000000000   0.000064303372   0.000003686847
 -0.000000000000   0.000097303457  -0.000008938223
 -0.000000000000  -0.000012859762   0.000003266117
  0.000260305005   0.000095145052   0.000026703183
 -0.000104363248   0.000027646457   0.000009212193
 -0.000260305005   0.000095145052   0.000026703183
  0.000104363248   0.000027646457   0.000009212193
  113    3  0.0000  0.0000  0.0150
 -0.000541919603  -0.000307687272  -0.000269451422
  0.000126616583   0.000115522118  -0.000005820690
  0.000126369273   0.000032884558  -0.000015487378
  0.000092500326   0.000033700373  -0.000069068271
 -0.000108179279  -0.000059547948  -0.000003050887
 -0.000035589826   0.000006057544  -0.000007199381
 -0.000035277574  -0.000067484833  -0.000006389482
  0.000032311721   0.000035958183  -0.000008620293
 -0.001448126678  -0.000542475313   0.001947592291
 -0.000114566671  -0.000108005528  -0.000043260179
 -0.000049028790  -0.000110571980  -0.000016254502
 -0.000098511790  -0.000067774768  -0.000009614968
  0.000004994288   0.000069531165   0.000132098926
 -0.000006274779  -0.000060992360  -0.000004205200
  0.000076653331   0.000026783366  -0.000016074173
  0.000011022620  -0.000002475786  -0.000008817188
 -0.000126369273   0.000032884558  -0.000015487378
 -0.000092500326   0.000033700373  -0.000069068271
  0.000541919603  -0.000307687272  -0.000269451422
 -0.000126616583   0.000115522118  -0.000005820690
  0.000035277574  -0.000067484833  -0.000006389482
 -0.000032311721   0.000035958183  -0.000008620293
  0.000108179279  -0.000059547948  -0.000003050887
  0.000035589826   0.000006057544  -0.000007199381
  0.001448126678  -0.000542475313   0.001947592291
  0.000114566671  -0.000108005528  -0.000043260179
  0.000049028790  -0.000110571980  -0.000016254502
  0.000098511790  -0.000067774768  -0.000009614968
 -0.000004994288   0.000069531165   0.000132098926
  0.000006274779  -0.000060992360  -0.000004205200
 -0.000076653331   0.000026783366  -0.000016074173
 -0.000011022620  -0.000002475786  -0.000008817188
  0.000040233447  -0.000150890828  -0.000094583535
 -0.000044125425   0.000148965239  -0.000116028791
 -0.000021165283   0.000060990971  -0.000050651449
  0.000016770105  -0.000125964753  -0.000038208172
 -0.000007291658  -0.000021251995   0.000015831177
 -0.000050396565   0.000065120118   0.000014419099
 -0.000015445577   0.000085742697  -0.000047347431
 -0.000003389539  -0.000015303223   0.000003487666
 -0.001449047135   0.001664078789   0.000951548466
 -0.000035131347   0.000148433928  -0.000032394501
 -0.000012681202   0.000018048669  -0.000029540693
  0.000030458206   0.000025185067  -0.000026273447
  0.000087368042  -0.000064109059   0.000052412665
 -0.000012188224   0.000053649122  -0.000001387007
  0.000007918889  -0.000042976323   0.000006914394
  0.000009674863  -0.000009138803   0.000009479628
  0.000021165283   0.000060990971  -0.000050651449
 -0.000016770105  -0.000125964753  -0.000038208172
 -0.000040233447  -0.000150890828  -0.000094583535
  0.000044125425   0.000148965239  -0.000116028791
  0.000015445577   0.000085742697  -0.000047347431
  0.000003389539  -0.000015303223   0.000003487666
  0.000007291658  -0.000021251995   0.000015831177
  0.000050396565   0.000065120118   0.000014419099
  0.001449047135   0.001664078789   0.000951548466
  0.000035131347   0.000148433928  -0.000032394501
  0.000012681202   0.000018048669  -0.000029540693
 -0.000030458206   0.000025185067  -0.000026273447
 -0.000087368042  -0.000064109059   0.000052412665
  0.000012188224   0.000053649122  -0.000001387007
 -0.000007918889  -0.000042976323   0.000006914394
 -0.000009674863  -0.000009138803   0.000009479628
  0.000273550851   0.000145935302  -0.000045146835
  0.000000495030  -0.000058858387  -0.000215876997
 -0.000273550851   0.000145935302  -0.000045146835
 -0.000000495030  -0.000058858387  -0.000215876997
 -0.000062378515  -0.000004464368   0.000028478043
 -0.000001067053   0.000035750645   0.000020492898
  0.000062378515  -0.000004464368   0.000028478043
  0.000001067053   0.000035750645   0.000020492898
  0.000000000000  -0.025766705256   0.336538228550
  0.000000000000   0.000046611557   0.000390749275
  0.000000000000   0.000093350771   0.000412435210
  0.000000000000   0.000049583515   0.000220134686
  0.000000000000   0.000171364796  -0.000843150807
  0.000000000000  -0.000028853768   0.000140119546
  0.000000000000  -0.000048358072   0.000050744284
  0.000000000000  -0.000026354841   0.000075329335
  0.000089300325   0.000077353698   0.000769640332
  0.000067787193  -0.000122989064   0.000583113760
 -0.000089300325   0.000077353698   0.000769640332
 -0.000067787193  -0.000122989064   0.000583113760
 -0.000080801143   0.000004344755  -0.000080837769
 -0.000000599312   0.000021685281   0.000063844787
  0.000080801143   0.000004344755  -0.000080837769
  0.000000599312   0.000021685281   0.000063844787
  0.000000000000  -0.000760149831   0.005326048949
  0.000000000000   0.000010324317  -0.000240211089
  0.000000000000   0.000076795749  -0.000213987885
  0.000000000000   0.000021691255  -0.000192598623
  0.000000000000   0.000131480914   0.000282376099
  0.000000000000  -0.000027443616  -0.000021091067
  0.000000000000  -0.000041241731   0.000054458095
  0.000000000000  -0.000037353349   0.000066757150
  0.000000000000  -0.000946072093   0.002463092453
  0.000000000000  -0.000138795076  -0.000050280901
  0.000000000000  -0.000085510113  -0.000061898688
  0.000000000000  -0.000140998980  -0.000042912897
  0.000000000000  -0.000002883750   0.000118827376
  0.000000000000   0.000041326461  -0.000014525971
  0.000000000000   0.000075434134  -0.000012838993
  0.000000000000   0.000005899307  -0.000014063355
  0.000176234159  -0.000011793137   0.000075898062
  0.000012767815   0.000103861126  -0.000082741507
 -0.000176234159  -0.000011793137   0.000075898062
 -0.000012767815   0.000103861126  -0.000082741507
 -0.000024791119  -0.000070444926   0.000000159262
 -0.000017708334  -0.000006022402  -0.000015936820
  0.000024791119  -0.000070444926   0.000000159262
  0.000017708334  -0.000006022402  -0.000015936820
  0.000000000000   0.025545115366  -0.349879089766
  0.000000000000  -0.000019667893  -0.000084974488
  0.000000000000  -0.000021583614  -0.000138923135
  0.000000000000  -0.000015781536  -0.000100447828
 -0.000038294114  -0.000029118841  -0.000258181444
  0.000000670549   0.000008859699  -0.000169604336
  0.000038294114  -0.000029118841  -0.000258181444
 -0.000000670549   0.000008859699  -0.000169604336
  0.000000000000  -0.000062079409  -0.000019367484
  0.000000000000   0.000012231729  -0.000015863155
  0.000000000000   0.000019573149   0.000012816322
  0.000000000000   0.000008739507   0.000033226446
  0.000023147788   0.000003780824  -0.000009195993
 -0.000010590998  -0.000001726140   0.000002280463
 -0.000023147788   0.000003780824  -0.000009195993
  0.000010590998  -0.000001726140   0.000002280463
