    1  252   15
 10.811
    1    1  0.0150  0.0000  0.0000
 -0.465480997515  -0.152326354663   0.025444238917
 -0.000136646914   0.000161963698  -0.000048114958
 -0.000135095510   0.000188994021  -0.000205819799
  0.003612233088   0.000665373473   0.000459392087
  0.000750401990   0.000231215646   0.000140271946
 -0.000162067105   0.000174345078   0.000044706000
  0.003617638593   0.003508729972   0.000283371525
 -0.000158892513  -0.000439702282  -0.000020835972
  0.000740588542   0.000640596017   0.000166224974
 -0.002493080721  -0.000939167328  -0.001092054013
 -0.000100573749  -0.000020955090   0.000002339857
 -0.000096087331   0.000039831167   0.000023289338
  0.000465494902   0.000301029386  -0.000039681932
  0.000215221974   0.000188648728  -0.000031939358
 -0.000025820121  -0.000017490022  -0.000010908849
  0.000476206932   0.000112327069  -0.000025115569
 -0.000026272759  -0.000105606796  -0.000001435385
  0.000217897942   0.000050563222  -0.000018021705
 -0.000930667835   0.020141422389  -0.000940652482
  0.000328483009  -0.000669064506   0.000376351091
 -0.000162756289   0.000104938956   0.000049632965
  0.002265716564   0.004156950010  -0.000729825053
  0.001280239008   0.000090532799  -0.000179082839
  0.000170232662  -0.000269269653   0.000004010100
  0.004356146688   0.000268002222  -0.000533946088
 -0.000431766252   0.000211645744   0.000010859459
  0.001079963443   0.000406758714  -0.000128655461
 -0.001934737962  -0.000848031142  -0.000029666437
 -0.000129558659   0.000081815382  -0.000052198334
 -0.000116635731  -0.000021847561  -0.000006885253
  0.000590182459   0.000215482080  -0.000006766922
  0.000232479685   0.000049603808   0.000052063003
 -0.000001010917  -0.000070391137   0.000000245619
  0.000323798167   0.000286157250   0.000031654408
 -0.000057695973  -0.000018716561   0.000005433261
  0.000174785777   0.000184132687   0.000022495122
  0.043054076065  -0.009418194861  -0.003596119455
 -0.000277523655   0.000441121674   0.000052354404
 -0.000271996983  -0.000249152082   0.000213448274
  0.001754450934  -0.001033075315  -0.000337985224
  0.000406068415  -0.000309017869  -0.000119051873
  0.000407022099  -0.000239410567  -0.000152560712
  0.027247441892   0.001527913718  -0.001482890300
 -0.000784557064  -0.000154480976   0.000129353542
 -0.000778838102  -0.000516402531  -0.000029309926
  0.000725943329   0.000090180255   0.000376242134
 -0.000111875853   0.000157833709  -0.000029779045
 -0.000115257750   0.000003427836  -0.000042194347
  0.000524554685  -0.000276064170   0.000051713327
  0.000167252843  -0.000146608552   0.000024557546
  0.000166608434  -0.000025816316   0.000040184252
 -0.000123617551  -0.000244961175  -0.000034310667
 -0.000151748985   0.000044059314  -0.000024765942
 -0.000154828953   0.000096286647  -0.000021840509
  0.006904765028  -0.015607330695  -0.000272331578
 -0.000806978750   0.000610948174  -0.000119671811
 -0.000246463078   0.000701720898  -0.000045510208
  0.006865711938   0.009043441834   0.001236649595
 -0.000824752646  -0.000341077113   0.000208149398
 -0.000248397626   0.000015327908  -0.000054292868
  0.002740429715  -0.001634069797   0.000369031771
  0.000106662450  -0.000171914418   0.000184853188
  0.000709934134  -0.000432935571   0.000059253560
  0.000144679137   0.000344356205  -0.000026129974
 -0.000102557648   0.000017295238   0.000052090238
 -0.000112000094   0.000172101852   0.000023943767
  0.000144595126  -0.000503528600  -0.000003384505
 -0.000103981067   0.000133122223  -0.000009551510
 -0.000113728267   0.000032373808   0.000013913620
  0.000542023495  -0.000240186568  -0.000049138543
  0.000180382781  -0.000017032536  -0.000041810576
  0.000159866959  -0.000108130221  -0.000015966589
  0.047290259247   0.027609727403   0.000979188414
  0.000044954712   0.000103334551  -0.000084515230
 -0.000859593583   0.000808075314  -0.000245305709
 -0.001326875824  -0.000428033304   0.000095677766
 -0.000257727377  -0.000030031948   0.000035947162
  0.000193194654  -0.000982889381   0.000157133595
 -0.001684233955   0.000488399184   0.000381458332
  0.000088071026  -0.000030515919  -0.000069692710
 -0.000062753623  -0.000326030460  -0.000093330740
 -0.000145141232   0.000488984955  -0.000406972076
 -0.000024047034   0.000055575603   0.000044984672
 -0.000099611247   0.000228402908   0.000056911448
 -0.000127794904  -0.000055014556  -0.000038074339
 -0.000095599725   0.000001970838  -0.000006118782
  0.000121280873  -0.000183851804  -0.000041688576
 -0.000013353290  -0.000166721210  -0.000038092818
  0.000002396336   0.000014887922   0.000019015041
 -0.000031198672  -0.000073321766   0.000011060143
 -0.001808740714  -0.004736005033   0.001937502527
 -0.003311551162  -0.003027227515  -0.000361442067
  0.000020954585   0.000055509746   0.000096766293
 -0.001678123845  -0.000512549625  -0.000432921987
  0.000802642076   0.001061163953   0.000193618151
 -0.000042816194   0.000022413929   0.000016820624
 -0.001777260275  -0.000379689683  -0.000124867233
  0.000509438663  -0.000722957676  -0.000154587885
 -0.000467833678   0.000008225003  -0.000026797241
  0.000098333061   0.000259301723   0.000021530032
 -0.000189683392   0.000418468654  -0.000031254069
 -0.000013844574   0.000057664647  -0.000036353869
 -0.000035019839  -0.000171820236   0.000076987402
 -0.000052032026  -0.000116960329  -0.000044754581
  0.000005039011   0.000002746231  -0.000012095789
 -0.000092165452  -0.000025749850   0.000036972560
  0.000108834315  -0.000155096162   0.000035998283
 -0.000074887837   0.000002803875   0.000007356276
  0.008158850058   0.011718528343  -0.005809371472
  0.000080556095   0.000070099420  -0.000029898914
 -0.000052343435  -0.001208330205  -0.000044595154
 -0.000888308329   0.000258769503  -0.000211645905
 -0.000014654271   0.000174357902  -0.000141550417
 -0.000182647620   0.000722880086   0.000021988853
 -0.005665618691   0.002427571273  -0.000007888045
  0.000418306976  -0.000064188035   0.000037605875
  0.001878024489  -0.000655353829  -0.000251910318
  0.000391881238   0.000273162724  -0.000024022988
  0.000070677363   0.000006691292   0.000013340884
 -0.000112062863  -0.000269735307  -0.000019586313
 -0.000109605851   0.000103372993   0.000045022491
 -0.000025415037   0.000052186841   0.000051023402
  0.000025658663   0.000152217092  -0.000002195500
 -0.000096467589  -0.000280329011  -0.000011020774
  0.000069179310   0.000015210746  -0.000004999198
  0.000096351057   0.000098341697   0.000017709476
  0.000011315409   0.000418219340   0.000329403134
  0.000033585752  -0.001911096883   0.000044701210
  0.000068621973   0.000051057343   0.000019361103
 -0.004971624438  -0.000019529617   0.000256362951
  0.005210044134  -0.001216840561   0.000299743219
  0.000142300486  -0.000023109749  -0.000009916676
 -0.000868573958   0.000246833105   0.000173151317
  0.000018241545   0.000625522545  -0.000050292935
 -0.000254363018  -0.000007933344   0.000126300994
  0.000313867196   0.000150396340   0.000308407974
 -0.000067606556  -0.000308363099   0.000004222020
  0.000064634912   0.000008889687  -0.000005950165
 -0.000196448841  -0.000257638515  -0.000000128563
  0.000189581501   0.000251845850  -0.000098365074
  0.000047764967   0.000015692781   0.000006708571
 -0.000107245511   0.000119484543  -0.000040648617
  0.000017163331   0.000145357972  -0.000000106307
 -0.000033881671   0.000038214509  -0.000037306338
  0.035406819543   0.019810778309   0.023021276707
  0.000089397479  -0.000165846519  -0.000025303135
  0.000449283362  -0.000155282425  -0.000181873360
 -0.000367038653  -0.000068375710   0.000101369950
 -0.000280727508  -0.000111671841  -0.000043578941
  0.000046319428   0.000152311513   0.000031223858
 -0.000829399175   0.000548878819  -0.001127503275
  0.000111286975  -0.000027642720   0.000045512801
  0.000199939511  -0.000456562363  -0.000436733818
  0.000562252353   0.000471764392  -0.001430801582
  0.000031412389   0.000012031255   0.000019751063
  0.000035552969  -0.000007371840   0.000055529268
 -0.000086858516   0.000006822647  -0.000044185173
 -0.000051613221   0.000005040174   0.000001799114
 -0.000031465593   0.000010696348  -0.000024706605
 -0.000093601148  -0.000035527099   0.000393953911
  0.000023827120   0.000004850808   0.000032372845
 -0.000016157630  -0.000044713904   0.000127292629
  0.000397419173   0.011342268127   0.003058841962
 -0.000404465634  -0.000592114834  -0.000287406629
  0.000107822191   0.000001614756   0.000054173752
  0.000220045261   0.000631484920  -0.001493282975
 -0.000030057761  -0.000945004735   0.000060900111
  0.000089656877  -0.000032196584   0.000040521708
  0.000142572470   0.000010560340   0.000398520984
  0.000091659060  -0.000083334849   0.000107471515
 -0.000127585427  -0.000001480075   0.000081709542
 -0.000073631621  -0.000300328965  -0.000542300374
  0.000062680183  -0.000042311356   0.000081761426
  0.000045540165  -0.000067290317  -0.000049485771
 -0.000097276601   0.000237559351   0.000501700242
  0.000003459477  -0.000064011373   0.000166698094
  0.000023393811  -0.000013831749   0.000001013562
 -0.000121216457  -0.000036365768  -0.000164367400
 -0.000037115528   0.000017049819  -0.000054593809
 -0.000065129441  -0.000044086123  -0.000043949937
  0.099742273792   0.052481200281  -0.047216672056
  0.000080105948   0.000043730836   0.000019424090
  0.000006916810  -0.000222735891   0.000130977680
  0.000016290161  -0.000036744611  -0.000070651141
 -0.000087843319  -0.000036345873   0.000104527119
  0.000123110490  -0.000073974779  -0.000030945682
 -0.000162565618   0.000084130473   0.001466259925
 -0.000004558142   0.000010204662  -0.000042896090
  0.000488638723  -0.000146876337   0.000482532586
  0.002031254115   0.000808474895   0.003350770654
  0.000044877158  -0.000072173018   0.000025007441
  0.000033668810   0.000031209997  -0.000036081838
 -0.000141851593  -0.000030080125   0.000069730595
 -0.000075966035  -0.000036454861  -0.000000222578
 -0.000045155205   0.000042404631   0.000018540791
 -0.000023926274   0.000201930583  -0.000577436622
  0.000028295953  -0.000012195796  -0.000013444016
 -0.000009737387  -0.000009866362  -0.000174620298
  0.003336920526   0.006413132068  -0.005752748760
  0.000181844262  -0.000355795560   0.000108688320
  0.000134429371  -0.000174628882  -0.000055379802
 -0.000952285575   0.000810626137   0.001087576670
 -0.000199149722  -0.001075660909  -0.000048963988
  0.000063422815  -0.000040356802  -0.000059542416
 -0.000310679422  -0.000006017391  -0.000410476668
 -0.000009472309   0.000184948378  -0.000148325078
 -0.000231320385  -0.000083519469  -0.000067461408
  0.000200706299   0.000108785477   0.000929995725
  0.000044824634   0.000013705202   0.000140794135
  0.000035987975  -0.000000565068   0.000026266734
 -0.000146588598   0.000021119557  -0.000328182937
 -0.000044814900  -0.000040584857  -0.000016094735
  0.000011058548   0.000000972919   0.000005406491
 -0.000084827231   0.000009522289   0.000122604940
 -0.000026872133   0.000015234842   0.000098208042
 -0.000049956069   0.000002886976   0.000020600987
  0.122680057312   0.072858746218   0.005158457569
  0.001942941369  -0.000985771048  -0.000048525788
  0.000375753578  -0.000022102424  -0.000049284039
 -0.002673380008   0.001277738659   0.000053311420
 -0.001290765342  -0.000684679846  -0.000277119327
  0.000184662393  -0.000102744668  -0.000035970483
 -0.002975925264   0.000063172418   0.000080085720
 -0.000556994436   0.000287885718   0.000067407890
 -0.000765584569  -0.000129470221  -0.000054979474
  0.000899236727   0.000116599570   0.000230389504
  0.000324325273  -0.000077007001  -0.000009531436
  0.000130832787  -0.000046600929   0.000039553677
 -0.000188504097   0.000156933282  -0.000136696806
 -0.000154876007  -0.000100653679   0.000030791586
  0.000035999191  -0.000032702104   0.000005499929
 -0.000411852802   0.000012203378   0.000044507405
 -0.000170964144   0.000009602360  -0.000016227541
 -0.000169339547  -0.000036939747   0.000033411376
  0.077652079314  -0.050807764803   0.003517313108
  0.000287421682   0.000066184326  -0.000038491712
  0.001040032008  -0.000207969921   0.000069747943
 -0.002803874731  -0.000098396267   0.000002810349
 -0.000325681682   0.000088149771   0.000007705113
 -0.000978344265   0.000178007396  -0.000048025452
 -0.005467161081   0.000859454937  -0.000096918047
  0.000470941251  -0.000103780374   0.000002263160
 -0.001290390263  -0.001048115934   0.000212157467
  0.000664279631  -0.000173397969  -0.000841034703
  0.000118612787  -0.000066620773  -0.000050556836
  0.000267047174   0.000000921521   0.000002266884
 -0.000482400848   0.000013949819  -0.000021625611
 -0.000199686040  -0.000059648529  -0.000027540626
 -0.000195140384   0.000022104157   0.000024688539
 -0.000020201396   0.000111891455   0.000133169670
  0.000079089976  -0.000054685271  -0.000010427277
 -0.000070262745  -0.000044727408   0.000004495233
    1    2  0.0000  0.0150  0.0000
 -0.152534837266  -0.344532473189   0.002906279653
  0.000186130465   0.000174268526  -0.000011847911
  0.000161153803   0.000180928223  -0.000168338635
  0.003525006295  -0.001110522376   0.000428428351
  0.000637587205   0.000000828141   0.000050900042
 -0.000426526973   0.000379568737  -0.000049087665
  0.000659720946  -0.001114359990   0.000217510723
  0.000193974468   0.000374013829   0.000073443919
  0.000243098014  -0.000002466288   0.000213517903
 -0.000908255390  -0.002160098899  -0.000188546355
  0.000035976503   0.000073075283  -0.000000688028
 -0.000030988732   0.000076157446   0.000033125908
  0.000113494678   0.000126245498   0.000009776335
  0.000047624898   0.000051185959  -0.000007067663
 -0.000099924286  -0.000020390279   0.000018647856
  0.000283672939   0.000131436468  -0.000015347474
 -0.000005682555  -0.000023635400   0.000000250705
  0.000183771491   0.000052672847  -0.000033075166
  0.020198957039   0.048411740746  -0.001335520824
 -0.000729902338   0.000857325439   0.000042192281
  0.000091603883   0.000288991099  -0.000003607175
  0.004186814917   0.003844054145   0.000246747529
  0.000091214351   0.001318551445   0.000158663239
 -0.000261022017  -0.000517431722   0.000007310390
  0.000247205157   0.001344576841  -0.000019747244
  0.000226852762   0.000262169368  -0.000140797179
  0.000400898221   0.000383071364  -0.000075444882
 -0.000847326652  -0.000083951238  -0.000101474129
  0.000070635948   0.000059038299  -0.000013725930
 -0.000029468251   0.000040781367   0.000009064977
  0.000207290151   0.000002672980   0.000010761260
  0.000042304220   0.000019071202   0.000017966463
 -0.000062584750  -0.000107957243   0.000003863294
  0.000282155410   0.000118365849   0.000012206211
 -0.000006619535   0.000002649896   0.000019768896
  0.000185573135   0.000140689630   0.000031780512
  0.009283829753  -0.028177967463  -0.007806489571
  0.000232933090   0.000066760058   0.000038903216
 -0.000463742225   0.000076925934   0.000234049828
  0.001028266674  -0.001561006755  -0.000145541904
  0.000240709043   0.000035620539   0.000012137579
  0.000315553415   0.000034764243  -0.000166656938
 -0.001506461243  -0.007544862146  -0.000457013947
  0.000521658407   0.000571950362  -0.000030695968
  0.000146465542   0.000579189003  -0.000031530181
 -0.000097107774   0.000157820266  -0.000657402575
 -0.000014059489   0.000037204938  -0.000001817407
 -0.000161863429   0.000045177139  -0.000011336437
  0.000262789055  -0.000092617986   0.000026520912
  0.000028902438  -0.000000902178   0.000003894509
  0.000151338086  -0.000001176997   0.000034767116
  0.000248155186  -0.000437817042   0.000024944659
 -0.000096441294   0.000077591986   0.000000739504
 -0.000038547941   0.000080062499  -0.000001324901
 -0.009077228213   0.007290366619   0.000828126153
  0.000381974708  -0.002178274205  -0.000437232659
 -0.000017074740   0.000189309554  -0.000043965471
  0.015495855564   0.007240686443   0.001436232757
 -0.000615603852  -0.002193864247  -0.000241947437
 -0.000702703774   0.000188505506  -0.000131322925
  0.001628211811  -0.000063854395   0.000187665879
  0.000182106274   0.000118976857   0.000014406957
  0.000439205690  -0.000560843792   0.000039623171
  0.000501001722  -0.000225563659  -0.000024247107
 -0.000131925561   0.000006876787   0.000048304458
 -0.000034940391   0.000091154422   0.000023723492
 -0.000328084261  -0.000221447068  -0.000006721361
 -0.000019725625   0.000000898927   0.000009850881
 -0.000176541729   0.000090039954   0.000030645672
  0.000227677310  -0.000158063690  -0.000023810664
  0.000020867244   0.000014848659  -0.000010556066
  0.000108795476  -0.000118621790  -0.000003291052
  0.046201228448   0.107078446838   0.004759939756
 -0.000114762749   0.000059941326  -0.000042522945
 -0.000744143137   0.001632203090  -0.000146669145
 -0.001699295699  -0.000059134515   0.000041112641
 -0.000367727655  -0.000103119919  -0.000013986808
  0.000530397561  -0.000364040610   0.000133220944
 -0.000200841131  -0.000008069252   0.000469151323
 -0.000029471499   0.000017643088  -0.000008027569
 -0.000301677390  -0.001004056506  -0.000049520235
  0.000821758324   0.000597536934  -0.000627007267
 -0.000043717420   0.000045240737   0.000016659502
 -0.000105660822   0.000226225483   0.000062325045
 -0.000042872437   0.000021279833  -0.000010586976
 -0.000035060784   0.000007824276   0.000003514476
  0.000071489262  -0.000058114842  -0.000008926523
 -0.000038957718  -0.000072608777  -0.000099566480
 -0.000002695493   0.000010664558   0.000018753074
 -0.000015734974  -0.000119377737   0.000017650509
 -0.008205249568  -0.004498127740  -0.000268472751
 -0.002476813598   0.014897383823  -0.000969162112
 -0.000020816820   0.000019259325   0.000070438626
 -0.000157122351   0.000695691952  -0.000413073101
 -0.000242229649   0.000105503014  -0.000035821662
  0.000121555587  -0.000023252107   0.000076373076
  0.000211944988   0.000117690175  -0.000056593161
  0.000223763350  -0.000512213088  -0.000044246886
 -0.000204751611   0.000051232037  -0.000002040038
 -0.000046384817   0.000323853622   0.000106286031
 -0.000087798918   0.000180252659   0.000032258367
 -0.000029287286   0.000034162062  -0.000025396020
  0.000049875826  -0.000082454112   0.000030936976
 -0.000046489195   0.000012045713   0.000010667902
  0.000026070890   0.000000078000  -0.000017184577
 -0.000028492843  -0.000079019599   0.000020232477
  0.000074022218  -0.000091571261   0.000024784945
 -0.000073969876  -0.000006371848   0.000009754613
  0.002353197813   0.020375995071   0.004903171052
 -0.000089456937   0.000054731785   0.000036239446
 -0.000005512353  -0.001739732346  -0.000034307441
 -0.000419804511   0.000088862237  -0.000116437720
 -0.000019726280  -0.000169405886   0.000031141520
 -0.000095586846   0.000517362442   0.000079658283
  0.000577193049  -0.000192958480  -0.000155343239
 -0.000250862638   0.000236631394  -0.000036313851
 -0.001485365863   0.001305636667  -0.000328220649
 -0.000019408805   0.000447350777   0.000512893224
  0.000013015743  -0.000000429714   0.000014699882
 -0.000048635637  -0.000189824441  -0.000001688073
 -0.000056398824   0.000046228375   0.000013411142
  0.000008674669   0.000018409148   0.000017243078
 -0.000001261701   0.000076642525  -0.000002863294
 -0.000178964354  -0.000114280645  -0.000015756613
  0.000057362243   0.000038546300   0.000007903928
  0.000112590280   0.000193056302   0.000053483478
  0.006891580794   0.003052572901   0.001521956755
 -0.000998668217   0.000330656320   0.000186411408
  0.000062028346  -0.000029062297   0.000076400338
 -0.005946289051   0.002867628726  -0.000327444184
  0.002637167499  -0.001903969695  -0.001148027601
  0.000254859804  -0.000049164975  -0.000013571169
 -0.000628905440   0.000234713733   0.000034139446
  0.000047471476  -0.000036471837   0.000032987387
 -0.000131337276   0.000211189957   0.000080257703
  0.000100218968   0.000271044221   0.000323098906
 -0.000080381095  -0.000143733076   0.000006175642
  0.000043581322   0.000020026187  -0.000012273987
 -0.000072575232  -0.000167151228   0.000021349282
  0.000011641055   0.000055094934  -0.000007199229
  0.000061691233  -0.000003784449   0.000010155780
 -0.000060420057   0.000047669358  -0.000014960747
  0.000022521695   0.000061120020   0.000007918603
 -0.000031648489   0.000013655343  -0.000029757894
  0.019638251381   0.020598135029   0.008512882505
  0.000000733657  -0.000103931384  -0.000058647498
  0.000254463557  -0.000227236548  -0.000356678754
 -0.000080837586   0.000050075177   0.000463298012
  0.000082083805   0.000066392994  -0.000011781916
  0.000020836594   0.000184976494   0.000121768009
 -0.000676319405   0.000457237873  -0.000025085854
  0.000094273362  -0.000199733905  -0.000140896967
 -0.000200915495  -0.000153998716  -0.000105388496
  0.000170242587   0.000195291469  -0.000784910456
 -0.000002080139  -0.000018011648  -0.000040328881
  0.000032633415  -0.000034410607  -0.000074726812
 -0.000036591550   0.000010750424  -0.000107083847
 -0.000016041113  -0.000016736468  -0.000022093869
 -0.000018938149   0.000007850992  -0.000159380183
 -0.000096870583  -0.000006087422   0.000115739543
  0.000011822248  -0.000019879907  -0.000032498297
 -0.000028367926  -0.000030635053   0.000034788720
  0.015151919489   0.010135882452  -0.000677058313
  0.001091909244  -0.000062902114   0.000601255902
  0.000024537065   0.000046153281   0.000118655400
 -0.000057627335   0.000754339777  -0.000710344277
  0.001132417827   0.000405742500  -0.000015426245
  0.000132474263   0.000058625877   0.000142752199
 -0.000031237924   0.000040509919  -0.000015759307
  0.000068418999   0.000096003826  -0.000045756927
 -0.000142080398   0.000074898952   0.000082303324
 -0.000166267763  -0.000662183019  -0.000534848630
  0.000027202180   0.000099276103   0.000109732369
  0.000015055382  -0.000069552406  -0.000043930663
  0.000019791609   0.000045989725   0.000308108139
 -0.000070834581  -0.000057252760  -0.000017882398
  0.000043469571  -0.000017852525  -0.000001830720
 -0.000064597869   0.000022854026   0.000019090093
 -0.000017629996   0.000020720630   0.000025233356
 -0.000064526843  -0.000027298406  -0.000007324338
  0.047067256734   0.020606862890  -0.018713911861
 -0.000124290198  -0.000067745463   0.000072432234
 -0.000059884705   0.000027800209   0.000553576831
  0.000167266070   0.000164760203  -0.000543250276
  0.000077541650   0.000049288486  -0.000095903364
  0.000051157702  -0.000127034102   0.000015649753
 -0.000223740487  -0.000100697228  -0.000278916291
  0.000233094431  -0.000226758577   0.000168584218
 -0.000128470070   0.000189053093   0.000080360999
  0.001046769790  -0.000216216134   0.000984520423
 -0.000001436998  -0.000052079710   0.000021329540
  0.000030274458  -0.000009450171  -0.000101768738
 -0.000041602659  -0.000037530283   0.000143621311
 -0.000021964836  -0.000042589047   0.000023858152
 -0.000010329554   0.000010029450   0.000046197180
 -0.000126862483   0.000095525159  -0.000103953437
  0.000008288174  -0.000036168144   0.000014411845
 -0.000040124758  -0.000027856685  -0.000064923727
  0.007887062439   0.007526931435  -0.001045569092
  0.001516702976  -0.001122094785  -0.000333492671
  0.000017437659  -0.000143034282  -0.000085909496
  0.000112239977   0.000882827352   0.001003411554
  0.001038645225   0.000411653257   0.000062257598
  0.000189146944  -0.000052156462  -0.000117538838
 -0.000179553889  -0.000007769056   0.000018115177
 -0.000057194326   0.000035783186   0.000092206240
 -0.000195974359  -0.000045244770  -0.000073082768
 -0.000077937888   0.000006689036   0.000694534085
  0.000022402629  -0.000053005059  -0.000246205649
  0.000006421354   0.000007329169  -0.000021967700
 -0.000070882786  -0.000024182285  -0.000266327353
 -0.000002430484  -0.000008757348  -0.000092096436
  0.000033559878   0.000011704692  -0.000053626712
 -0.000040677420   0.000004526864  -0.000018988154
 -0.000009491224  -0.000004027649  -0.000070110170
 -0.000042488153   0.000011832517  -0.000034652841
  0.074405046442   0.056030484748   0.004243416918
 -0.000331048442   0.001358416908  -0.000402122992
 -0.000023036667  -0.000130441840  -0.000098972458
 -0.001769376395   0.002631201268   0.000840450815
 -0.000342398382  -0.000710007952   0.000065892379
  0.000459911040  -0.000237420393  -0.000022811677
 -0.001565191822   0.000185425385  -0.000058276117
 -0.000479915737  -0.000175819715  -0.000003378494
 -0.000513660603  -0.000111483995  -0.000046549171
  0.000401958198  -0.000074553635   0.000029144803
  0.000130594955   0.000016291504   0.000039140448
  0.000038253799  -0.000054123835   0.000053265799
  0.000140204425   0.000138048280  -0.000073239603
 -0.000017915785  -0.000028022427   0.000032583697
  0.000101237468  -0.000042545272   0.000021985651
 -0.000269345431   0.000048487110  -0.000000054207
 -0.000073391713   0.000008278146  -0.000004152196
 -0.000137778457  -0.000036644160   0.000029177188
 -0.088798808162   0.056343023459   0.002420161148
 -0.000052878038   0.000006599990  -0.000016267976
  0.001170973374  -0.000671112765   0.000031987807
 -0.002094308579  -0.000485510249  -0.000066610354
 -0.000293944259  -0.000096777122  -0.000025362486
 -0.000418580714   0.000269373231  -0.000111684585
 -0.002471152433  -0.000815534363   0.000103621791
 -0.000567154975  -0.000082646746   0.000211910608
 -0.000365772989   0.000018444020   0.000092284766
 -0.000366361000   0.000098620937   0.000432285797
  0.000021056083  -0.000038714969  -0.000012436860
  0.000219176295  -0.000052163609   0.000019002045
 -0.000151716250   0.000023953397  -0.000024100446
 -0.000047153609  -0.000023803864  -0.000003554288
 -0.000070508642  -0.000010906608   0.000030155892
 -0.000153939926   0.000114011451   0.000104870437
  0.000021223212  -0.000037172327  -0.000016939819
 -0.000152489172  -0.000053631948  -0.000014948722
    1    3  0.0000  0.0000  0.0150
  0.025353809633   0.002416718254  -0.117919049656
 -0.000198809591  -0.000165318370  -0.000009454855
 -0.000065498879  -0.000018202096  -0.000008114581
  0.000271457266   0.000210145814   0.000196565004
  0.000151691150   0.000203379553  -0.000253308891
 -0.000024928232   0.000074966294   0.000085593539
  0.000434704891   0.000420454534   0.000197879107
  0.000037543919  -0.000051083526   0.000082851659
  0.000127368350   0.000054055578  -0.000251909403
  0.001097293981   0.000195992524  -0.001783584690
 -0.000017695874  -0.000037364058   0.000010270176
 -0.000005143393  -0.000004484312   0.000011145517
  0.000025430394   0.000017695330   0.000008420700
  0.000015690789   0.000034179836   0.000000199281
 -0.000000374388   0.000004136831  -0.000002291299
  0.000034258404  -0.000010832364   0.000010971975
  0.000019260730  -0.000015882072  -0.000002304658
  0.000031116619   0.000008236965   0.000000503246
  0.000962478740   0.001575682824  -0.006412396657
 -0.000352929278  -0.000027926204   0.000247517918
 -0.000046750586  -0.000001675035   0.000016213318
  0.000729332154  -0.000226465255  -0.001309014111
  0.000168221036  -0.000167091421   0.000254391840
  0.000010189379  -0.000001071533  -0.000009393238
  0.000521997366   0.000013057089  -0.000314926915
 -0.000010057502   0.000140162073  -0.000016696268
  0.000127783991   0.000066350051   0.000153619736
 -0.000021105638  -0.000092589988   0.000271408349
 -0.000061896615  -0.000012067130  -0.000022400811
 -0.000016322023   0.000006302703   0.000001239874
 -0.000008680960   0.000006925908  -0.000013243707
  0.000043201551   0.000010787316  -0.000009449073
 -0.000001529125   0.000003036933   0.000001365945
  0.000022536511   0.000013430849   0.000005293165
  0.000001088633   0.000020857218   0.000000587646
  0.000016649651   0.000030060857   0.000013385516
  0.003664570133  -0.007805328065  -0.015651484547
 -0.000211109544   0.000225877414   0.000034315204
 -0.000020268581   0.000041918015   0.000036620170
  0.000313865081  -0.000143576400  -0.000068756259
  0.000147308551  -0.000162041642   0.000037833210
  0.000111189053   0.000015512044   0.000039210682
  0.001456347991  -0.000410750067  -0.000633563300
  0.000034972277  -0.000028024397  -0.000242916778
 -0.000120025735  -0.000035445960  -0.000246538800
  0.000394568162   0.000655203994   0.002407372507
 -0.000052391703   0.000014588374  -0.000008975980
 -0.000026722670   0.000006064098  -0.000009999796
  0.000051398357  -0.000027637734   0.000014073291
  0.000037200883  -0.000034733624   0.000013724641
  0.000021944687  -0.000000994731   0.000013802891
 -0.000044507798  -0.000015197842  -0.000019576006
 -0.000025773510  -0.000003235616  -0.000010477683
 -0.000027121489  -0.000006028591  -0.000009794149
  0.001205824091  -0.001494258580   0.010970951097
  0.000197254290   0.000239803219   0.000381869406
 -0.000057572225   0.000124124723  -0.000006629842
 -0.000251472029  -0.000903318171   0.010969614755
 -0.000110652691   0.000449412903   0.000379084215
 -0.000048181109   0.000034740427  -0.000003577707
  0.000339071772  -0.000182733043   0.000305392724
  0.000173517079  -0.000018932412   0.000001443160
  0.000043050884  -0.000030938288   0.000009149694
 -0.000004844480   0.000003874101   0.000017849899
  0.000022719181   0.000010201127   0.000030923152
 -0.000005404701   0.000028910059   0.000005452451
  0.000024305027  -0.000027867338   0.000016992021
 -0.000049785666   0.000047750714   0.000032812368
 -0.000022990408   0.000022052104   0.000004595008
  0.000051159121  -0.000029180208  -0.000016881146
  0.000044939100  -0.000015542235  -0.000005053050
  0.000015601284  -0.000003475726  -0.000010386763
 -0.001278794604  -0.003732092603   0.002080170583
  0.000041196471   0.000005797498  -0.000057962913
 -0.000092012811   0.000051331594   0.000297964164
  0.000054526421  -0.000118124125   0.000002772396
 -0.000081511401   0.000015390390  -0.000070690433
  0.000278780003  -0.000005742803  -0.000043042054
 -0.000139614161  -0.000045267687  -0.000434635939
 -0.000067549209   0.000003840142   0.000056595823
  0.000019058444   0.000006951105   0.000081505993
 -0.000136890804  -0.000686092488  -0.001338908473
 -0.000005159776   0.000008782703   0.000013965914
 -0.000000568243   0.000032563443   0.000001125050
  0.000013673848  -0.000021366839  -0.000004558893
 -0.000019552624   0.000008933981  -0.000001536940
  0.000006227136  -0.000012410533   0.000006523731
  0.000006068100  -0.000015476243   0.000014466276
 -0.000007349318  -0.000000175750   0.000000906195
 -0.000008972646  -0.000006135991  -0.000000129436
 -0.001002563125   0.000567029372   0.003448912989
  0.000401807080   0.000450230656   0.001013162324
 -0.000000794656   0.000005445549   0.000029303291
 -0.000129266640   0.000045790983  -0.000745053152
  0.000050821853  -0.000372342188  -0.000196198575
 -0.000005825457   0.000005769079  -0.000000928136
 -0.000224768576  -0.000064547346  -0.000134872694
  0.000135060273  -0.000048470711   0.000020254640
 -0.000037567223  -0.000073798280   0.000023562929
  0.000034618180   0.000055594919   0.000102591880
 -0.000031072916   0.000191716482   0.000031962115
 -0.000005570182   0.000014961894  -0.000002040635
  0.000011613706  -0.000035225390  -0.000035001060
  0.000013246520  -0.000026890397  -0.000004768720
 -0.000002778551   0.000004974011  -0.000004663391
 -0.000005385880  -0.000004422328   0.000009885196
  0.000011262142  -0.000009812641   0.000007270132
 -0.000003477171  -0.000010152251   0.000004911795
 -0.002124206472   0.005027020630   0.001748759086
  0.000097662515   0.000009592470  -0.000003287431
 -0.000035912169   0.000108070255   0.000153912197
 -0.000112397490   0.000020277285  -0.000059132096
 -0.000039972806   0.000059252937  -0.000047319347
  0.000017688158  -0.000021343462  -0.000015622565
 -0.000485560340   0.000388770373  -0.000366910243
  0.000018433652  -0.000028981723  -0.000049118723
  0.000690718740   0.000028314248  -0.002559161892
  0.000514400810  -0.000231669442   0.002275304330
  0.000025437803   0.000002022081  -0.000004873291
 -0.000005439783  -0.000017551702   0.000006318005
 -0.000020116622   0.000010236018  -0.000005123200
 -0.000002245607   0.000019339357   0.000014692881
  0.000003201818   0.000013825481  -0.000000887199
 -0.000018733980  -0.000025545568  -0.000003891036
  0.000003808779  -0.000002861115  -0.000001772789
 -0.000015172229  -0.000013799588   0.000009901867
 -0.002040321432  -0.001715316998   0.001006905297
  0.000261876859  -0.000376953318  -0.000342853078
 -0.000003349300  -0.000025231400   0.000010203948
  0.000189046703  -0.000257365690   0.000792124535
  0.000452716128   0.001079905813   0.002905256766
  0.000001961535  -0.000017548474   0.000017275673
 -0.000138901717   0.000034758170  -0.000019360155
 -0.000071975792   0.000051289145  -0.000007471326
 -0.000007281533   0.000024099195   0.000036010160
  0.000032243984   0.000073860850  -0.000254862257
  0.000032191448  -0.000052233305  -0.000010837705
  0.000004969005  -0.000000634342   0.000003114105
 -0.000007623494  -0.000018199394   0.000033196986
 -0.000058296634  -0.000119602905  -0.000162148862
  0.000001110959  -0.000000049618   0.000002873533
 -0.000012923885   0.000017807075   0.000002189507
 -0.000015412549   0.000014694505  -0.000000192100
 -0.000000834643   0.000014061528  -0.000009901064
  0.008445839666   0.009429562520   0.044979848008
  0.000096018905  -0.000052879111   0.000037668490
  0.000037704117   0.000016851149  -0.000021597892
 -0.000036421552   0.000109035915   0.000022283793
 -0.000054000083  -0.000086051945   0.000051622986
 -0.000095145758   0.000018106055  -0.000008146680
  0.000303672107  -0.000299039317  -0.000201813188
 -0.000069724739  -0.000000209312   0.000029561511
  0.000006380919   0.000301338767   0.000170945518
  0.002444127969   0.000774365446   0.000754187627
  0.000000949999   0.000006452587   0.000002537446
  0.000008298649  -0.000005466257   0.000027820141
 -0.000022433120   0.000005364157   0.000022945982
  0.000000757759   0.000011599480  -0.000012724380
 -0.000004616107  -0.000008012551   0.000002031260
 -0.000019898285  -0.000001289166   0.000031634413
  0.000005963196  -0.000003134477   0.000013392100
 -0.000003171338  -0.000006143285   0.000029002256
  0.012880024632   0.017305348307   0.000749493676
  0.000011673135  -0.000462883507  -0.000089420689
 -0.000001253361   0.000013673934   0.000005315949
 -0.000568174664   0.000334479129   0.000076524076
 -0.000101821539  -0.000977921211  -0.000098407232
  0.000019781295  -0.000010111158  -0.000014984727
  0.000060986627  -0.000065498941   0.000047180658
  0.000018274479   0.000007449099  -0.000012842669
  0.000003596454   0.000025384453  -0.000023898337
  0.000297229962   0.000496175903  -0.000876774687
  0.000064921407  -0.000032997748  -0.000086529634
  0.000004660007  -0.000014628058  -0.000012370947
 -0.000056663411  -0.000028288008  -0.000021095010
  0.000023319263   0.000028281661   0.000082352098
  0.000005000240  -0.000010360837  -0.000003179321
 -0.000017288252   0.000001861111  -0.000022016867
 -0.000011596286   0.000005473984  -0.000001423911
 -0.000007883494  -0.000015193045  -0.000011685399
 -0.045522358395  -0.021091252498   0.037463798397
  0.000041818223   0.000053432901  -0.000052267822
 -0.000026411510  -0.000060593548  -0.000058181608
 -0.000047579235  -0.000059005663  -0.000056254296
 -0.000116667672  -0.000011699933   0.000034329672
  0.000087355195   0.000087002331   0.000063588418
 -0.000553749425   0.000206638417   0.000085683425
  0.000014853923   0.000049545462  -0.000049835739
 -0.000080239660  -0.000672881369   0.000061685681
  0.010579025487   0.003078163568   0.007638007176
  0.000015550586  -0.000011440319   0.000009527555
  0.000007611865   0.000001912346  -0.000012817588
 -0.000011885625  -0.000001501759   0.000003139732
 -0.000009951679  -0.000010031801   0.000013502989
 -0.000008001780  -0.000000277515  -0.000014372907
 -0.000017021513   0.000008136955  -0.000041433851
 -0.000001575693  -0.000003409390  -0.000011006021
 -0.000022168055  -0.000005119783  -0.000012396023
 -0.012698645927  -0.012772064542  -0.001354887057
 -0.000094713999   0.000766939914  -0.000163193948
  0.000031737948  -0.000044971564   0.000009265320
 -0.000612845789   0.000069473987  -0.000703918928
 -0.000430985044   0.000286407485  -0.000178798873
  0.000004824350  -0.000023687216   0.000023330229
 -0.000070346560   0.000105306052  -0.000061156057
 -0.000017653841   0.000022053836   0.000015104739
 -0.000037463184  -0.000047442496  -0.000001961801
  0.000100148791   0.000173774167   0.000069261263
  0.000006603240   0.000023552767   0.000032755939
  0.000002324604  -0.000005503540   0.000003423035
 -0.000072613491   0.000016338074  -0.000032413732
 -0.000036822930  -0.000025214623  -0.000064643363
  0.000001394038  -0.000006101004   0.000013670606
 -0.000008118696   0.000006832142   0.000022794319
 -0.000010924238   0.000000467107   0.000010166130
 -0.000000525866  -0.000003161266   0.000015595817
  0.000562556660   0.000147650061   0.020924672211
 -0.000138576479   0.000104504160  -0.000011911577
  0.000064082407  -0.000040257920  -0.000062165848
 -0.000137365797   0.000960419503  -0.001052684021
 -0.000337919226  -0.000067181807  -0.000206043261
  0.000020803085  -0.000026947009  -0.000026102547
 -0.000431488016  -0.000027076356   0.000207844744
 -0.000158179643   0.000034630835   0.000020750124
 -0.000101817386  -0.000027363358  -0.000040389563
  0.000053791296   0.000152006781   0.000355667243
  0.000020419129  -0.000011879309   0.000024153489
  0.000014289413  -0.000020076318   0.000008690820
 -0.000051230695   0.000080980248  -0.000156831534
  0.000022968925   0.000010617977  -0.000026575019
  0.000007144254  -0.000009691427   0.000001796378
 -0.000038064344   0.000000659494   0.000006167441
 -0.000030512224   0.000000171498  -0.000005250651
 -0.000027900771  -0.000014108842   0.000005106675
 -0.002735495723   0.006257314962   0.000814340496
  0.000190082512  -0.000103775184   0.000171988056
  0.000067586671  -0.000002146310   0.000011726909
 -0.000438497563   0.000037585584   0.000083799789
 -0.000179102746  -0.000099401499   0.000135958419
 -0.000122474564  -0.000016728002  -0.000070148203
 -0.000951984769   0.000129392796   0.000239130572
  0.000022977497  -0.000022940755   0.000059501432
 -0.000233515795  -0.000164792305   0.000129564401
 -0.000520211322   0.000348595812  -0.001170724886
  0.000023229512  -0.000011043906  -0.000013888494
  0.000026356960  -0.000005571544  -0.000005083518
 -0.000044069303   0.000015391402  -0.000007968305
 -0.000034797289  -0.000018184363   0.000000331556
 -0.000020974420  -0.000010340575   0.000011675516
  0.000010298174   0.000018487649   0.000014364105
  0.000010229917  -0.000001830225   0.000005127213
 -0.000000775918  -0.000002606344   0.000010392666
   73    1  0.0150  0.0000  0.0000
  0.047309813839   0.046244390916  -0.001539547030
 -0.000859721813  -0.000762753356  -0.000087972437
  0.000038406898  -0.000122577131   0.000039606677
 -0.001672949139  -0.000189795388  -0.000127921983
 -0.000062789894  -0.000310590791   0.000028566819
  0.000078468158  -0.000030261582  -0.000065044149
 -0.001331301570  -0.001711344001   0.000055090617
  0.000214468753   0.000539043965   0.000290765833
 -0.000262974553  -0.000368525287  -0.000084520305
 -0.000102272522   0.000822324049   0.000127211513
 -0.000092686286  -0.000105566153   0.000008523528
 -0.000017231927  -0.000046043734   0.000011357122
 -0.000007872641  -0.000039093819  -0.000006000248
 -0.000029108015  -0.000017234927   0.000009874808
  0.000001151448  -0.000001601337   0.000010981111
 -0.000115775744  -0.000042026931  -0.000019977063
  0.000119934775   0.000074133929  -0.000006598884
 -0.000095718333  -0.000033300886   0.000019791130
 -0.001773290749  -0.008229794693   0.000914861384
 -0.003353787729  -0.002469182051  -0.000395229040
  0.000020346473  -0.000020784130   0.000008799000
 -0.001649394282  -0.000170010259   0.000145464983
  0.000765957876  -0.000253202866  -0.000029348939
 -0.000049090646   0.000122321128   0.000014110074
 -0.001776217087   0.000219320373   0.000226292139
  0.000520578022   0.000240413186  -0.000139444858
 -0.000465826519  -0.000200797395   0.000043688893
  0.000095465051  -0.000037393763   0.000030489996
 -0.000185052397  -0.000086383043  -0.000019084880
 -0.000013488746  -0.000028470684   0.000000347631
 -0.000020065546   0.000053936851   0.000015356275
 -0.000057307937  -0.000041081445   0.000018411862
  0.000000774515   0.000024860573  -0.000002004812
 -0.000087214858  -0.000034531547  -0.000000446862
  0.000106406677   0.000078963684   0.000017717399
 -0.000073591978  -0.000074983541  -0.000001363608
  0.008230331883  -0.002336116935   0.002128398748
 -0.000067999712   0.000006453099   0.000054803181
  0.000083390642   0.000084996841  -0.000098722016
 -0.000858880198   0.000426374006   0.000110903241
 -0.000175289328   0.000093792481  -0.000015375149
  0.000000210790   0.000019039831   0.000038371768
 -0.005695562491  -0.000579791387   0.000486286753
  0.001859727983   0.001472679694  -0.000693206557
  0.000425945097   0.000247069352  -0.000019761339
  0.000358574437   0.000016722907   0.000503105697
 -0.000109555242   0.000046023197  -0.000006303983
  0.000066107312  -0.000014729724   0.000030461294
 -0.000120082753   0.000057886869  -0.000019492199
  0.000019674130   0.000001422843   0.000006477723
 -0.000020622373  -0.000009041540   0.000000971373
 -0.000099188685   0.000179338645  -0.000015898123
  0.000101103554  -0.000109816660  -0.000005514833
  0.000072004783  -0.000058973576   0.000011570705
 -0.005005767156   0.005937037350   0.000209631472
  0.005184177520  -0.002610095495   0.000431229918
  0.000145137067  -0.000256276933   0.000015740992
 -0.000046370985  -0.006918926261  -0.002084480600
  0.000060530074   0.001007879387   0.000258466859
  0.000070004614  -0.000060323894   0.000003616959
 -0.000856412080   0.000631477959  -0.000132448363
  0.000024800582  -0.000048834812  -0.000063770037
 -0.000248341985   0.000129554160   0.000000917967
 -0.000195715117   0.000074200116   0.000010503273
  0.000191711800  -0.000009315497   0.000065842931
  0.000052750223  -0.000066101027  -0.000003854879
  0.000312299411  -0.000101309462  -0.000034440274
 -0.000060362978   0.000087096374  -0.000026315310
  0.000068298929  -0.000042824379   0.000000286756
 -0.000114503408   0.000062349364   0.000011518091
  0.000017231363  -0.000023864752   0.000015863162
 -0.000030646517   0.000028968803   0.000000322764
 -0.391310790525   0.222118185646   0.015911538926
  0.000187380884  -0.000017777472  -0.000024374476
  0.000180286548  -0.000496387499   0.000003075019
  0.000162878726  -0.000260252029  -0.000114756641
 -0.000146299909  -0.000024900931   0.000046337403
 -0.000174689014   0.000415108468  -0.000038968211
  0.000169060927  -0.000491457006  -0.000183710070
 -0.000168910453  -0.000236993163   0.000305076632
 -0.000149853847   0.000180527053   0.000074085502
 -0.001110349337   0.000092192311  -0.000635662732
  0.000070932936  -0.000052271849   0.000000505836
  0.000072160057  -0.000098703490  -0.000016072256
 -0.000011811854  -0.000006613898   0.000012976297
  0.000017347177  -0.000000195314  -0.000000222185
 -0.000008173183   0.000024888518   0.000004356465
 -0.000014093414   0.000015032046   0.000022178752
 -0.000009027835  -0.000040186345  -0.000017358543
  0.000011868457   0.000036127681  -0.000011035920
  0.000744379234   0.000730991838  -0.000315509278
  0.117037224645  -0.117368101699   0.001435667418
  0.000157125741  -0.000109707091  -0.000053204516
  0.000380306168  -0.000716881411   0.000260834184
  0.000501493155   0.001791151352   0.000052350169
  0.000059218422  -0.000011774112  -0.000013477309
  0.001128429048   0.000229906619   0.000043680052
  0.000128116412   0.000143923193   0.000034283926
  0.000293821622  -0.000133207079  -0.000032656914
  0.000038658698  -0.000125118047  -0.000062684195
  0.000088982045  -0.000048459375   0.000157961610
  0.000051676543  -0.000047783144   0.000027818334
 -0.000017600325  -0.000001436298   0.000064474639
  0.000001022873  -0.000002341278  -0.000017246930
  0.000011817504  -0.000004295234   0.000021463485
  0.000023084289   0.000022158498  -0.000013368703
 -0.000064962375   0.000047136514  -0.000006616911
  0.000078698908  -0.000054461805   0.000016002291
  0.101082239619  -0.006822359119   0.003766435740
  0.000145044189  -0.000044510101   0.000201641530
  0.000151791722   0.000446530117  -0.000007845907
  0.000733733934   0.000163315358   0.000023176587
  0.000151390820  -0.000030968150   0.000001692553
  0.000151694320  -0.000163191510   0.000010759587
  0.001112959958   0.000151443389  -0.000154689119
 -0.000922939985   0.000063119388  -0.000176405800
 -0.000910461952   0.000185919422  -0.000000724536
  0.000569771031  -0.000209567753  -0.000889878681
  0.000001702997  -0.000037761404  -0.000022101203
  0.000005284798   0.000058053257   0.000005838834
  0.000035350159  -0.000011215963  -0.000000237767
 -0.000014546699  -0.000004685118  -0.000005273841
 -0.000012334341  -0.000033993233   0.000000272320
  0.000116331618   0.000123884311   0.000031084223
 -0.000063183429  -0.000042895325   0.000006007444
 -0.000063826895  -0.000066815463  -0.000018181442
  0.002639911170   0.000465851689   0.000222083038
  0.010001986539  -0.009500679982  -0.000005062178
 -0.000188822337  -0.000242498490  -0.000026925170
  0.002652089531  -0.000570396030  -0.000187267176
  0.009986305876   0.001908745339  -0.000895550434
 -0.000185649895  -0.000114398705  -0.000033424397
  0.000031653161  -0.000029595310  -0.000056268866
 -0.000195996546  -0.000464658140   0.000069728197
 -0.000087737113   0.000105924875  -0.000039167970
 -0.000019364784  -0.000094234885   0.000023865339
  0.000128079385   0.000155954244  -0.000053582119
 -0.000063475347  -0.000047064952   0.000024491168
 -0.000016495140   0.000055635031  -0.000059996544
  0.000130783374   0.000131887790   0.000052263963
 -0.000060590080  -0.000047286059   0.000017104324
  0.000009895179  -0.000028611491   0.000001480146
 -0.000011125654  -0.000017061912  -0.000008235863
 -0.000014523433  -0.000012778606   0.000021268103
  0.027641766845  -0.036504942239   0.014708018064
  0.000257728799   0.000134888419  -0.000219401824
 -0.000144846663   0.000112507055  -0.000054588037
  0.000058533893  -0.000129797760  -0.000247470910
  0.000024717828   0.000010924939  -0.000096830639
  0.000035704648  -0.000020808145  -0.000068943762
  0.000149549026  -0.000212584246   0.000403353172
 -0.000320188629   0.000161951404  -0.000348699954
 -0.000109021399   0.000274460737   0.000180490267
 -0.000115333700  -0.000243690357  -0.000467860012
  0.000018147759  -0.000001713767   0.000055478456
 -0.000008017860   0.000004514089  -0.000096734244
  0.000017710134  -0.000003249365   0.000039647034
  0.000003455732  -0.000004077515  -0.000021661678
  0.000002970451  -0.000000411246  -0.000003543060
  0.000021588693  -0.000005234501  -0.000045723292
 -0.000018312980  -0.000015866324   0.000058665607
  0.000008369824   0.000021050386  -0.000070170079
  0.003378629192  -0.000833795851  -0.002012498639
  0.002032839416   0.003337805143  -0.000494897077
 -0.000023793715   0.000019423718   0.000115704065
 -0.001053145865  -0.000684155195   0.000982942336
 -0.000200887429  -0.001314236521   0.000325706754
 -0.000044382338   0.000055638790   0.000097454031
 -0.000161927122  -0.000036380477  -0.000074991482
 -0.000108657604   0.000135865195   0.000183521295
  0.000072031937   0.000032387560   0.000037721378
  0.000030024978   0.000018513063   0.000307688962
  0.000135272788   0.000114465171  -0.000177886923
 -0.000009177294   0.000058637500  -0.000004998088
  0.000013252120   0.000046044474  -0.000138098692
  0.000060043532  -0.000067024368   0.000040282178
 -0.000007822302   0.000030499514  -0.000006889867
  0.000021602808   0.000009467750   0.000039366624
 -0.000010031357  -0.000038217183  -0.000022732180
  0.000016286924   0.000035995148  -0.000010656319
  0.047069901746  -0.084335623610  -0.028751825692
 -0.000091139230  -0.000029757995   0.000128083572
  0.000002863473   0.000011990540   0.000160782885
 -0.000119579589  -0.000185657397   0.000285375311
  0.000087184971  -0.000054246367   0.000138809047
 -0.000111702235  -0.000036393245   0.000100260022
  0.000036855521   0.000284987206  -0.000615058647
  0.000338611737   0.000025825512   0.000219947374
 -0.000179006716   0.000018710410  -0.000149598425
 -0.000505584546  -0.001875262244   0.001831173611
  0.000033163805   0.000052304181  -0.000078505411
 -0.000007612333   0.000030652162   0.000011007861
  0.000022501750  -0.000014631252  -0.000040578371
  0.000016012649   0.000019013864  -0.000010987331
  0.000006153821   0.000021769895  -0.000025077302
 -0.000005601473  -0.000094236000   0.000171761454
 -0.000026286684   0.000033935172  -0.000097600386
  0.000004464841   0.000033611951   0.000058162835
  0.001297957528  -0.000375729072   0.001794685790
  0.000951069673   0.002828649877  -0.000422497605
 -0.000025415920   0.000143717027  -0.000066524233
 -0.000527966026  -0.000237739006  -0.000934736621
 -0.000625317957  -0.001201790541  -0.000455195560
  0.000006270512   0.000063464910  -0.000055776945
  0.000043603831  -0.000082475009   0.000072968554
 -0.000155842629  -0.000067352756  -0.000078527898
  0.000056907658   0.000039743212  -0.000013226275
 -0.000012354076  -0.000033059900  -0.000220264735
 -0.000001449056   0.000100566204   0.000153715899
 -0.000006362306   0.000016560733  -0.000040601150
  0.000030301918   0.000054600634   0.000159350024
  0.000011235047  -0.000004601686   0.000101057655
 -0.000009373707   0.000009100181  -0.000036388610
  0.000017832408  -0.000007263300  -0.000020200021
 -0.000005270392   0.000001730157  -0.000042254666
  0.000019172634   0.000015392935  -0.000026204641
  0.011469208770   0.014457487017   0.000850484827
 -0.004904552470   0.004083632498   0.000448948595
 -0.000143028389   0.000123440515   0.000043602564
  0.000681664505  -0.002262466363   0.000267315578
 -0.000478298956  -0.000080425851  -0.000157239034
 -0.000014881154   0.000085959851   0.000053233432
  0.001217858764  -0.000014870516  -0.000100854619
  0.000061450028  -0.000091321960  -0.000048394526
  0.000082513780   0.000166408899   0.000009314982
  0.000022399475   0.000029314939  -0.000049252927
 -0.000040456116  -0.000022018998   0.000132282047
 -0.000013067135   0.000056938371  -0.000018215936
 -0.000136640146  -0.000024208059  -0.000017949333
  0.000010065469  -0.000051660778   0.000006218899
 -0.000010776438   0.000038492326  -0.000008725744
  0.000092437253  -0.000013243595   0.000004119846
 -0.000031562965  -0.000014048480   0.000028376399
  0.000027010760   0.000053746885  -0.000006700396
  0.013691383043  -0.017348936146  -0.007019924027
  0.000718003423   0.000012264446   0.000003275337
 -0.000269866341  -0.000016921398  -0.000079635255
  0.001430178725  -0.000078706705   0.000041202713
  0.000201284433   0.000156786968  -0.000032144892
  0.000322587097  -0.000061483872   0.000006307179
  0.002507894447  -0.000411385706   0.000156578098
 -0.000792334230  -0.000122420590   0.000195145330
  0.000558542811   0.000480753528  -0.000111879475
  0.000168656433  -0.000119821208  -0.000287176653
  0.000070781621   0.000030377443   0.000043856592
 -0.000067804890   0.000042359548   0.000035602290
  0.000033722644  -0.000015166459   0.000005193676
  0.000003579287  -0.000005147902   0.000009968109
  0.000024951605   0.000024618623   0.000013063892
  0.000051382466  -0.000062464035  -0.000039077370
 -0.000062766212   0.000029395953   0.000040539059
  0.000045509425   0.000041918897   0.000021639003
   73    2  0.0000  0.0150  0.0000
  0.027839632869   0.107112112840  -0.004110649456
  0.000813785628   0.001668614002   0.000040489023
  0.000127320718   0.000065115835   0.000009858252
  0.000486668564  -0.000015785502  -0.000057753442
 -0.000335501407  -0.000998721686   0.000000046225
 -0.000011464997   0.000020366818   0.000000788367
 -0.000443036257  -0.000060522231  -0.000126373885
 -0.001003023090  -0.000367224643  -0.000017246638
 -0.000031057059  -0.000099619871   0.000013001240
  0.000455077667   0.000575190831   0.000679247333
  0.000239468197   0.000230823698  -0.000038445815
  0.000055695341   0.000050581321  -0.000017663728
 -0.000169844428  -0.000075478990   0.000013751035
 -0.000070611674  -0.000123129202   0.000002931523
  0.000013914157   0.000011966785  -0.000007631963
 -0.000072471736   0.000025034421   0.000022108234
 -0.000186647691  -0.000060997292   0.000012116352
 -0.000006788109   0.000010299041  -0.000010579500
 -0.004730273817  -0.004543423401  -0.000621831838
 -0.002964916506   0.014889889021  -0.000439572108
  0.000064983120   0.000021403160  -0.000016620305
 -0.000536991869   0.000763867695  -0.000070263709
  0.001038613147   0.000102406646   0.000384127153
  0.000025247201  -0.000020382458  -0.000019667021
 -0.000402618343   0.000114155457   0.000063782443
 -0.000738657990  -0.000531945105   0.000051161565
  0.000003645851   0.000056503580   0.000066338644
  0.000266857832   0.000319704237   0.000064498737
  0.000429551396   0.000173831787   0.000178501528
  0.000064915364   0.000032898058   0.000008634580
 -0.000172007650  -0.000085214044  -0.000034916736
 -0.000109574763   0.000003219349  -0.000030610505
  0.000003653075   0.000006090660   0.000003802857
 -0.000035448348  -0.000076403108  -0.000007093606
 -0.000158889837  -0.000095654540  -0.000015922373
 -0.000001279326  -0.000001663128  -0.000010917137
 -0.011635942783   0.020418855397   0.004971775023
  0.001222824336  -0.001731077321   0.000077440679
 -0.000081081061   0.000062966317   0.000008911094
 -0.000292032444   0.000084098541   0.000024389148
 -0.000727535432   0.000518623989  -0.000021324729
 -0.000197396521  -0.000170103074   0.000062861991
 -0.002440900862  -0.000198009651   0.000368431069
  0.000671066719   0.001335159926   0.000028649954
  0.000060706637   0.000243583883  -0.000027901168
 -0.000208100266   0.000435048961   0.000241980019
  0.000270042070  -0.000192489001   0.000015045973
  0.000008629196   0.000004814783  -0.000009548828
 -0.000095319058   0.000047572626  -0.000008575268
 -0.000153833446   0.000076742277  -0.000013482378
 -0.000056185189   0.000018392393  -0.000022895417
  0.000278964344  -0.000121228215   0.000026213382
 -0.000100708175   0.000194534609   0.000005424426
 -0.000008120097   0.000043147583  -0.000005549768
 -0.000049675655   0.002899127883   0.000266686245
  0.001242841350  -0.001934803873  -0.001078475667
  0.000023196259  -0.000042248729   0.000005909988
 -0.000285352276   0.003043798169   0.001811641914
  0.001925950947   0.000321882574   0.000364518658
 -0.000041778453  -0.000023749028   0.000016066252
 -0.000254113928   0.000233016063  -0.000049685616
 -0.000629877614  -0.000038779140  -0.000059150053
 -0.000001274627   0.000211149676  -0.000036562413
  0.000258488733  -0.000178379984  -0.000020999852
 -0.000249696673   0.000045597156  -0.000122661401
 -0.000015676536   0.000002302667   0.000001186037
 -0.000140179647   0.000270225278   0.000081833914
  0.000305976241  -0.000152185389  -0.000067086211
  0.000000979265   0.000021937855  -0.000007771237
 -0.000121879329   0.000052715564   0.000014693019
 -0.000151728369   0.000061513236   0.000010689706
 -0.000043707496   0.000015548164   0.000012821644
  0.221880261727  -0.471931300136  -0.022415679150
 -0.000490500499  -0.000182702306  -0.000063253654
 -0.000005486290  -0.000211722740  -0.000008392428
 -0.000487909399  -0.000285772314  -0.000038548387
  0.000179790372   0.000160061673   0.000053913056
 -0.000202945059   0.000352600610  -0.000158419967
 -0.000273039452  -0.000275227242   0.000043338752
  0.000400743178   0.000392966782  -0.000217778339
 -0.000028202803   0.000160843644  -0.000011279094
  0.000082148506  -0.001103256042   0.000707911941
 -0.000091129966   0.000015902869  -0.000028061440
 -0.000045934623   0.000018201402   0.000009429723
  0.000012257640   0.000060116092  -0.000006382047
  0.000036950752  -0.000013001287   0.000011741588
 -0.000039418583   0.000042831136   0.000011795323
 -0.000007574801   0.000061133236  -0.000039460286
  0.000023135348   0.000044742719   0.000033700147
  0.000003612085  -0.000007869528   0.000010150617
  0.000754675297   0.002033923027  -0.000207747984
 -0.117391596977   0.137859758030  -0.001139372101
 -0.000106157239   0.000070665832  -0.000007930146
 -0.000694960431   0.000276515581   0.000680018148
  0.001800438458   0.003634704021  -0.000136299377
 -0.000016625904  -0.000124439469   0.000032094073
  0.000219804231  -0.000186072070   0.000024875210
  0.000143688120   0.000039928792   0.000023251536
 -0.000130960816   0.000030505791   0.000045586145
 -0.000117856428   0.000010027109  -0.000011976822
 -0.000058457211  -0.000138296565  -0.000130322549
 -0.000043754299   0.000013340009  -0.000014720956
  0.000001420652   0.000078681973  -0.000082673753
 -0.000007740733   0.000101741376  -0.000007543284
 -0.000007176811  -0.000008417045  -0.000014378074
  0.000025985886  -0.000011459955  -0.000008540407
  0.000043748906   0.000017929136  -0.000002410611
 -0.000052333370   0.000074441423  -0.000025576371
  0.006948939759   0.045064816997  -0.001376492796
 -0.000444198620  -0.000193452948  -0.000051624596
  0.000038095747  -0.000211211523  -0.000009617201
 -0.000157814710  -0.000295206646   0.000017109150
  0.000167310986  -0.000127814409  -0.000002765608
  0.000035478488  -0.000141103477  -0.000028909977
 -0.000169216916  -0.000697900613   0.000147017827
 -0.000171664434   0.000304374431  -0.000037728715
 -0.000075779676   0.000294988541  -0.000160821356
  0.000236981065  -0.000290063807   0.000271205679
 -0.000059986152   0.000028498829   0.000039146092
  0.000035794485   0.000032855944   0.000013932199
  0.000009708294  -0.000034685449  -0.000023344775
  0.000034769950  -0.000030688138  -0.000018006433
  0.000000448671  -0.000029959797   0.000008626462
 -0.000120101497  -0.000082587553  -0.000048457294
  0.000071435479   0.000046124594   0.000003838937
  0.000048614594   0.000048393768   0.000017140382
  0.000530646569  -0.000192574677   0.000723356746
 -0.001903728328  -0.003928759509   0.000279159377
  0.000120485809   0.000124802488   0.000009010537
 -0.000499412438  -0.000171297416   0.000270902816
  0.009499281468  -0.003894823941   0.000294119464
  0.000246445104   0.000126367226   0.000016154664
  0.000049649287   0.000045857808  -0.000050842145
  0.000467435279   0.000006788390  -0.000026443745
 -0.000106322466   0.000112340947  -0.000001609537
 -0.000058940966   0.000015212646  -0.000030370876
 -0.000120205150  -0.000106910101   0.000054811393
  0.000050455066   0.000047664282  -0.000023520376
  0.000097460866   0.000021131879  -0.000026245519
 -0.000141244109  -0.000107928281   0.000016781632
  0.000050886518   0.000051459946  -0.000020183870
  0.000025244836  -0.000033555274   0.000011706389
  0.000019665920  -0.000053129056   0.000018927083
  0.000012039711  -0.000027819045  -0.000003346694
 -0.041149944159   0.041716641025  -0.020843306457
 -0.000403786303  -0.000046877736   0.000381311471
 -0.000024460453  -0.000047085468   0.000064146560
  0.000028400612  -0.000045539545  -0.000018873946
  0.000154630988   0.000026137446  -0.000028619875
  0.000033685997  -0.000098047966   0.000076145397
  0.000284107661   0.000376904152   0.000248121665
  0.000420056410  -0.000325834125   0.000234129459
 -0.000108866472  -0.000058497526   0.000096141239
  0.000082667218  -0.000025203224   0.000733295219
 -0.000062107701  -0.000000584873  -0.000030005774
 -0.000007774654   0.000004800609   0.000024931931
  0.000019969525  -0.000013126818  -0.000007317135
  0.000035739524   0.000006688629   0.000024547596
  0.000013691757   0.000007145874   0.000034977936
 -0.000002692765   0.000001218677  -0.000070283278
  0.000033529106   0.000008841104  -0.000076714472
  0.000003570705   0.000001924678   0.000003550953
  0.000130283943  -0.001686274386  -0.001112629538
  0.002216271853   0.002436497209   0.002147942528
  0.000000396615  -0.000014016434  -0.000071130359
 -0.000101423256   0.000227393506  -0.001328620982
 -0.000139967872  -0.001405292725   0.000144463274
  0.000003052455  -0.000008115206  -0.000116941805
  0.000022794504   0.000031842634  -0.000024785785
  0.000002450182   0.000020705395  -0.000096844719
 -0.000006677747  -0.000084836304  -0.000112279011
 -0.000090586097  -0.000007430942  -0.000148231356
  0.000117516796   0.000153476396   0.000208960950
 -0.000008857702  -0.000034638361   0.000020843280
 -0.000001442466   0.000023753686  -0.000055685264
  0.000037812769  -0.000012508528  -0.000063594116
 -0.000003327718  -0.000020045494   0.000009809572
  0.000034034080   0.000005882969   0.000024897370
  0.000039013862   0.000030030492   0.000023089073
  0.000017907796  -0.000016214121   0.000020340151
 -0.084605313596   0.084814841438   0.040960288522
 -0.000717987644   0.000096121237  -0.000382534699
 -0.000023218962   0.000026144570  -0.000071615463
 -0.000086245768  -0.000129770362   0.000082973966
  0.000367988408  -0.000023455109   0.000028759373
  0.000066319610   0.000006675757  -0.000124644997
  0.000035922109   0.000120415700  -0.000313148244
  0.000569662288  -0.000085819462   0.000020613850
 -0.000097028458  -0.000076401664  -0.000110238357
 -0.000947647132   0.000518509236  -0.002358572265
 -0.000093903574  -0.000041401257   0.000061201456
 -0.000010597007  -0.000047296195   0.000003367512
  0.000039298753   0.000022562810  -0.000011317161
  0.000046982919   0.000012931030  -0.000035346491
  0.000010205368  -0.000027937762   0.000012274797
 -0.000030744160   0.000030115855   0.000091250468
  0.000051706093  -0.000038052002   0.000107625536
  0.000007705893  -0.000029430819   0.000012327355
 -0.001039431643  -0.002137289836   0.000956886464
  0.001869009909   0.000349488960  -0.000414372394
 -0.000000042208  -0.000073743779   0.000044807148
  0.000740385576  -0.001221042974   0.000582998918
 -0.000112824560  -0.000299520727  -0.000456645161
 -0.000000283085  -0.000039365441   0.000072136225
  0.000097551924   0.000033045457   0.000098512707
  0.000111287769   0.000038043816   0.000079594851
  0.000057729978  -0.000092254214   0.000053539438
 -0.000071410950  -0.000005235792   0.000018941839
  0.000037454355  -0.000072662008  -0.000447647011
 -0.000005690539  -0.000005931387   0.000018037124
  0.000056210962   0.000041516673   0.000038760014
 -0.000008767715   0.000019988690   0.000279303304
  0.000002652845  -0.000003367173   0.000028849046
  0.000027626067  -0.000003906414  -0.000038955357
  0.000024279564  -0.000004762309  -0.000022142348
  0.000006488735  -0.000005888145   0.000020090821
  0.009543279530   0.006964428908   0.000865691561
 -0.001609334796   0.003054548320  -0.000440101572
 -0.000029394693  -0.000070670004  -0.000027185294
 -0.000406691405   0.001158429833  -0.000365035469
 -0.000492296814  -0.000060906056   0.000113180339
 -0.000020525722  -0.000125043133  -0.000005049134
  0.000206175983   0.000031756196  -0.000003253282
  0.000701128125  -0.000002525105   0.000014558801
  0.000201222296  -0.000054582690  -0.000017629603
 -0.000146146606   0.000002494693   0.000005892424
 -0.000072975168   0.000089150368  -0.000126263937
 -0.000037237885  -0.000040248265   0.000011401928
  0.000068117624  -0.000021003648   0.000108944795
 -0.000032966769   0.000010802801  -0.000043828192
 -0.000017089793  -0.000034725971   0.000007157805
  0.000076003530   0.000026830674  -0.000011319666
  0.000161260529   0.000014715722  -0.000013587586
  0.000056463180  -0.000040222310   0.000001687550
 -0.014436838347   0.016636244105   0.000779606229
 -0.002621202919  -0.001469355011   0.000165802479
 -0.000035789595  -0.000053952504   0.000026389741
  0.000543922890  -0.000151040091   0.000054656745
  0.000784976542   0.000610928833  -0.000147341879
  0.000079073409   0.000006134245   0.000042509642
  0.000570242742   0.000015253732  -0.000158055489
  0.000941497454  -0.001090153883   0.000264068517
 -0.000008219964   0.000099614652   0.000024720438
 -0.000190442448   0.000026074318  -0.000241662559
 -0.000197623611  -0.000011126183  -0.000041086258
 -0.000033110616  -0.000050863172  -0.000024720405
  0.000150715433  -0.000005667245   0.000015949668
  0.000104775567   0.000032370220   0.000008771271
  0.000054176303  -0.000028207281  -0.000026572356
 -0.000038240108   0.000028437235   0.000033889540
  0.000086294844  -0.000024176615  -0.000044440485
 -0.000011253183  -0.000038771606  -0.000020088641
   73    3  0.0000  0.0000  0.0150
  0.000988118534   0.005092332515   0.002116138061
 -0.000277610730  -0.000127789936   0.000296049650
 -0.000101453032  -0.000042679108  -0.000057045356
  0.000385150906   0.000465645493  -0.000432747465
 -0.000101231979  -0.000034064212   0.000083275606
 -0.000076291914  -0.000011984610   0.000056810731
  0.000093293525   0.000039451289   0.000003923373
  0.000150485685   0.000127247220  -0.000043430282
  0.000027996894  -0.000013339120  -0.000070720211
  0.000420379369   0.000649005892  -0.001342655331
 -0.000051106149  -0.000057679446  -0.000001244430
 -0.000037847465  -0.000017748841   0.000013779188
  0.000050324878   0.000102636258   0.000012435208
 -0.000008751737  -0.000017152610   0.000000025163
 -0.000015950072  -0.000020713745   0.000001882944
  0.000035224001   0.000012508846  -0.000005543214
  0.000040126690   0.000011897257   0.000004794016
  0.000010246729  -0.000001402089  -0.000002523868
 -0.001906479167   0.000192210163   0.003431200538
  0.000319965009   0.000974933863   0.001027394517
 -0.000085404945  -0.000073340885   0.000033853196
  0.000380174458   0.000405968806  -0.000748108350
 -0.000165373716   0.000027263616  -0.000195961057
 -0.000012910009  -0.000078931146  -0.000000760744
  0.000137929054   0.000062179324  -0.000135692965
  0.000179946477   0.000045038315   0.000022649619
  0.000044276884   0.000000535481   0.000024323731
  0.000036030986   0.000096959430   0.000100002295
 -0.000029889650   0.000031741234   0.000028325869
 -0.000035040193  -0.000024285547  -0.000002256440
  0.000085363743   0.000035760212  -0.000035202597
 -0.000044253790   0.000010500797  -0.000007121933
 -0.000019194407  -0.000018391688  -0.000004541369
  0.000030369240   0.000017552959   0.000007887363
  0.000035134625   0.000020666530   0.000004133497
  0.000011001382   0.000005634210   0.000003213125
  0.005809637769   0.004909386638   0.001723655331
  0.000039618188  -0.000013528623   0.000153439891
  0.000045570852   0.000037336725  -0.000003094283
  0.000228824843  -0.000115753969  -0.000057997384
  0.000010443613   0.000073134036  -0.000014496148
  0.000147529268   0.000035496140  -0.000049256986
  0.000019916937  -0.000161416736  -0.000368245959
  0.000281157249  -0.000316070385  -0.002554692891
 -0.000018752869  -0.000041034594  -0.000048568255
 -0.000026161333  -0.000503909670   0.002267088281
 -0.000029009934   0.000004525190   0.000006308717
  0.000007412033  -0.000016884685  -0.000003637787
  0.000041954865  -0.000012298537  -0.000006548309
 -0.000003733662   0.000006207767  -0.000002230052
  0.000045219573  -0.000014169240   0.000014141835
 -0.000015165227   0.000026222806  -0.000006010137
  0.000027989518  -0.000051351162   0.000006768429
 -0.000001373433  -0.000009177974  -0.000002573041
  0.000278901225   0.000340989289   0.000783626017
  0.000249430332   0.001174013907   0.002916095550
 -0.000018853559   0.000008616344   0.000019083360
  0.000313080440  -0.001507245193   0.000971675173
  0.000007280860  -0.000199505467  -0.000346286121
  0.000014037009  -0.000079590157   0.000013114080
  0.000176829085  -0.000034368386  -0.000019021830
 -0.000051935295  -0.000034643269  -0.000006062694
  0.000114234625  -0.000080629180   0.000038841566
 -0.000018166561   0.000024841640   0.000031662085
  0.000101872571  -0.000012351528  -0.000170893769
 -0.000001796846   0.000006137323   0.000001505414
 -0.000305481133   0.000307450769  -0.000253690861
 -0.000007595849   0.000010546903  -0.000013150834
  0.000010067111  -0.000012165197   0.000003503659
  0.000046938220  -0.000011923570   0.000003949970
  0.000003268897   0.000009929295  -0.000000731272
  0.000036273539  -0.000029494104  -0.000010402434
  0.015959461682  -0.023044609373  -0.140953279355
 -0.000004531182   0.000005588903  -0.000081277289
 -0.000031282837  -0.000052858575  -0.000077819744
 -0.000170785605   0.000053350546   0.000275156717
  0.000060905384   0.000004374877  -0.000021602431
  0.000295887715  -0.000204442431  -0.000099356019
 -0.000120291111  -0.000033140169   0.000275940565
 -0.000052263488  -0.000138937679  -0.000096876496
  0.000035509450   0.000065910766  -0.000019993538
  0.000664504991  -0.000736363324  -0.001907915669
  0.000021165608  -0.000016156362  -0.000005689257
  0.000001935350   0.000021346442  -0.000001670640
 -0.000016572156   0.000038444021   0.000014836357
  0.000014684636  -0.000012162483   0.000000574932
  0.000023181500  -0.000037742317   0.000004462734
 -0.000007909143   0.000009812761   0.000013699406
 -0.000006745491  -0.000007024570   0.000001800265
 -0.000001729472  -0.000009374651   0.000001456043
  0.000313238119   0.000239077800   0.000403431586
 -0.001640326809   0.001248324385   0.030980971320
  0.000061440810  -0.000005026531  -0.000010780279
 -0.000293027658  -0.000613207752   0.000582835819
 -0.000050441257   0.000124956976  -0.000294893453
  0.000018702793  -0.000033658424  -0.000003802255
 -0.000038297207  -0.000032317507   0.000114709138
 -0.000020792829  -0.000039226635  -0.000045458684
  0.000040140720  -0.000056960848   0.000108313820
 -0.000056698415  -0.000025232331  -0.000064339582
  0.000155543758  -0.000128609243   0.000444775144
  0.000023901380  -0.000014351608   0.000005049060
  0.000062367153  -0.000086774454  -0.000063398389
 -0.000012065627  -0.000008014759   0.000024128074
  0.000016612272  -0.000006804698   0.000006317637
 -0.000015047629  -0.000001411695   0.000005857491
 -0.000003988384   0.000002444341  -0.000004109022
  0.000015983128  -0.000025559330   0.000008743991
 -0.003701420166  -0.001602172239   0.015146348974
  0.000021687338   0.000001080889  -0.000085142163
 -0.000185723694  -0.000039355488  -0.000084633112
 -0.000022325821   0.000017374090   0.000323364820
 -0.000000079229  -0.000009217053  -0.000033465589
  0.000003968646   0.000001047577  -0.000032898761
  0.000162919475   0.000162114864   0.000720801953
  0.000018053227  -0.000150494677  -0.000277895833
  0.000186478807  -0.000024369796  -0.000279889353
 -0.000931486519  -0.000288189423  -0.001733488269
  0.000001388252  -0.000016244073  -0.000015155856
 -0.000022059802  -0.000043813616  -0.000011730177
 -0.000002922829   0.000019147194   0.000022101216
 -0.000000540004  -0.000012956232  -0.000007963876
 -0.000004508604   0.000013931363  -0.000005334133
  0.000028893420   0.000054778684   0.000018031993
 -0.000013106838  -0.000015362325   0.000000695647
  0.000005475754  -0.000003826625   0.000002463234
 -0.000162863448  -0.000242450402   0.001514892165
 -0.000879099100  -0.000289539328   0.000818946665
 -0.000042402096  -0.000028760354  -0.000023788956
  0.000278999002  -0.000712690763   0.001517135079
  0.000018149258  -0.000259850630   0.000791763613
 -0.000031141011  -0.000016521242  -0.000026374133
 -0.000061636377   0.000048647600   0.000140103766
  0.000056983696   0.000010862850  -0.000039207830
 -0.000045650633  -0.000008859164  -0.000001502872
  0.000055782863  -0.000035510996   0.000018651928
 -0.000053663669   0.000018916177   0.000004893761
 -0.000012233240  -0.000016345378   0.000010950175
 -0.000025930789  -0.000031518838   0.000016770402
  0.000061571730   0.000060277623   0.000003938817
 -0.000016186125  -0.000018099120   0.000012296706
  0.000005379136   0.000014789323   0.000002420111
  0.000009649723   0.000018902747  -0.000008695789
 -0.000017335075  -0.000005350941   0.000002061313
  0.020588854877  -0.017814463366   0.047871169482
  0.000082226697   0.000042599690  -0.000086148664
  0.000022227744   0.000106528347   0.000043271992
 -0.000054965768  -0.000000396141   0.000042913641
  0.000017215276   0.000012934937  -0.000035602628
 -0.000151068479   0.000099533746   0.000022385097
 -0.000028951389   0.000011835856  -0.000000507056
  0.000145455189  -0.000305711571   0.000245803845
 -0.000015792340   0.000040724058   0.000056324738
  0.001320831647  -0.002811522120   0.001011342667
  0.000012258877   0.000013128153   0.000015110054
  0.000007853063   0.000007846763  -0.000018216757
 -0.000025439146   0.000010881778  -0.000017334578
 -0.000004358956   0.000001802969   0.000021605163
  0.000003749889  -0.000001841161  -0.000015791200
  0.000007239615   0.000009894296  -0.000002343012
 -0.000015708278   0.000020452037   0.000040560314
 -0.000004004790   0.000002748189   0.000017608878
  0.001845829200   0.001835584149   0.000325902596
  0.008710169724  -0.010338970314   0.000942536171
  0.000020918998   0.000021269927   0.000010382553
 -0.001148427106   0.001624172998   0.000776948163
 -0.000119511333   0.000035139853   0.000042875337
 -0.000014558677   0.000014213769   0.000012097104
  0.000021497282   0.000019487531  -0.000016965941
 -0.000026518172  -0.000047556900   0.000009678678
 -0.000032785992  -0.000000897141  -0.000005517326
 -0.000005472383   0.000041970181  -0.000049091867
  0.000529812389  -0.000636475588  -0.000846312009
  0.000006280327   0.000015407463  -0.000005958845
 -0.000010136304  -0.000053305922   0.000241229589
 -0.000022786673  -0.000045120315  -0.000077076772
  0.000007080088   0.000021026265   0.000010455827
 -0.000007422608  -0.000005072639   0.000024566589
 -0.000002465915  -0.000011632718  -0.000015271859
 -0.000005282494   0.000007078664  -0.000005534581
 -0.041132522019   0.046029406208   0.038384636952
 -0.000007486048  -0.000016676381   0.000011159526
 -0.000017643182  -0.000003103521   0.000007965657
 -0.000144397159  -0.000132498407   0.000008764791
  0.000046324337   0.000045891680  -0.000012574019
  0.000074986387   0.000126517740   0.000038452002
 -0.000016478407  -0.000052397940   0.000054531914
 -0.000744779660   0.000747651092  -0.000067450207
 -0.000005348527  -0.000133596057  -0.000063053267
  0.005454465572  -0.008095705394   0.007527054740
  0.000013204222   0.000021079872  -0.000030011036
  0.000010970008  -0.000006560922   0.000025372557
 -0.000016358931  -0.000029029089   0.000047362022
  0.000002988668   0.000012144482  -0.000011437607
  0.000000095344  -0.000000289058   0.000022657612
 -0.000003197858  -0.000003280579   0.000001593826
 -0.000031265725   0.000027261581  -0.000039464848
  0.000000147959  -0.000001045692  -0.000000769181
 -0.001502908443  -0.001210526890  -0.000316124000
 -0.007210658483   0.008600823929  -0.004342387171
  0.000029833883   0.000042617989   0.000001235272
 -0.000881242082  -0.000450613766  -0.000039532716
  0.000311662446   0.000245519860  -0.000142949232
  0.000005417997   0.000051974337  -0.000003903546
 -0.000036951904  -0.000027637156   0.000040108603
 -0.000006499644  -0.000010924632  -0.000011007495
 -0.000039464685   0.000072350456  -0.000011170780
 -0.000002107459   0.000062260372   0.000022823982
  0.000144427152  -0.000219155190   0.000035652992
  0.000006148841   0.000001937639   0.000002723640
 -0.000023943975  -0.000011875797  -0.000224327631
  0.000023179376   0.000003930049   0.000076055895
  0.000001475554  -0.000001305317  -0.000002114019
 -0.000003571306  -0.000009495451  -0.000001159094
 -0.000001827211   0.000003744822   0.000016203053
 -0.000001714140   0.000000425716   0.000014393532
  0.000116940145  -0.000595623395  -0.000617857722
 -0.001037595391   0.000188024237   0.001197624397
  0.000053498509   0.000073368687   0.000028951927
 -0.000250591649   0.001154686909  -0.001768914422
  0.000286976476  -0.000003015167   0.000375057079
  0.000024719490   0.000055245375   0.000029262117
 -0.000185458020   0.000006413344  -0.000249650414
 -0.000084326356  -0.000005970594   0.000061129218
 -0.000055599055   0.000090373029   0.000046226442
 -0.000011609006  -0.000052627704   0.000044537607
 -0.000002519074  -0.000034351251  -0.000134073000
  0.000017863291   0.000019636603  -0.000005663913
  0.000076685781   0.000029493458  -0.000102446029
  0.000032008936  -0.000014691194   0.000004900480
  0.000010078343   0.000015259274  -0.000010704985
 -0.000035843288  -0.000023535210  -0.000009233356
 -0.000023394852  -0.000006905957   0.000012990331
 -0.000024212212   0.000023457693  -0.000010816941
 -0.002850204724  -0.003480418390  -0.009785023448
  0.000024541716   0.000001287914   0.000771098603
  0.000108409283   0.000054537251  -0.000064858857
 -0.000323443595  -0.000114073568  -0.000417204170
  0.000053744880   0.000040545751   0.000042082186
 -0.000176389674   0.000054093698  -0.000080844493
 -0.000166227598  -0.000059187398  -0.000428007350
 -0.000048319952   0.000250880755  -0.000371364128
 -0.000058252614   0.000025733219   0.000038921596
  0.000632807109   0.000047665148   0.002665829844
  0.000024357066   0.000005473781   0.000014198729
  0.000033413583   0.000014337305   0.000009806495
 -0.000023129236  -0.000015847706  -0.000036220622
  0.000002428211   0.000008147748   0.000005361400
 -0.000024158388   0.000015610000   0.000014699742
 -0.000024980251  -0.000020843694  -0.000029120843
 -0.000014659275   0.000005538482   0.000004620333
 -0.000004012028   0.000004639047   0.000002624045
  145    1  0.0150  0.0000  0.0000
  0.035522618631   0.019579282362   0.008349693694
  0.000449139040   0.000251280954   0.000042145551
  0.000086417667  -0.000003421919   0.000102071431
 -0.000847666426  -0.000686879051   0.000301058561
  0.000197046923  -0.000196571701   0.000012381749
  0.000108971745   0.000094355919  -0.000067406302
 -0.000367829813  -0.000080994987  -0.000035533999
  0.000036872747   0.000024328600  -0.000094428808
 -0.000284676657   0.000082011136  -0.000051855316
  0.002044230223   0.001070842033  -0.010586288816
  0.000040554704   0.000036903892  -0.000003495315
  0.000049532061  -0.000002616814  -0.000011716609
 -0.000017093835  -0.000128467665   0.000022735192
 -0.000003256751  -0.000043442298   0.000023399341
  0.000034500660   0.000011622394   0.000000479304
 -0.000142650581  -0.000044324517   0.000011947102
 -0.000051053299  -0.000008120810   0.000007863998
 -0.000079501041  -0.000019544188   0.000011953217
  0.003403407688   0.007843214793   0.012737747088
  0.000188638416   0.001521840936   0.000079239850
  0.000146412157   0.000018285907  -0.000027778726
 -0.000967895910   0.000094211504   0.000604563979
 -0.000187450993   0.001041961593   0.000437924097
  0.000062154253   0.000190117073  -0.000007327041
 -0.000303921077  -0.000172698309   0.000079059764
 -0.000005136224  -0.000051712478   0.000020866889
 -0.000222927273  -0.000187804560   0.000044078258
 -0.000075646599  -0.000178375199   0.000306145932
  0.000067202344   0.000020050073   0.000070718476
  0.000050950660   0.000014762853   0.000008198574
 -0.000097783774   0.000017490533  -0.000053667980
  0.000003498184  -0.000071210635   0.000025079151
  0.000020696123   0.000044452797   0.000008892770
 -0.000119743962  -0.000070465292  -0.000010888968
 -0.000038320139  -0.000017428278  -0.000005903877
 -0.000063723746  -0.000062813105  -0.000004121837
  0.035461469415  -0.019576487654  -0.008362792330
  0.000454020527  -0.000247720752  -0.000038234460
  0.000095827496   0.000002453351  -0.000094314788
 -0.000359956187   0.000080532558   0.000046425090
  0.000055812987  -0.000028966000   0.000101029769
 -0.000276010045  -0.000081809185   0.000058544807
 -0.000837504321   0.000679051277  -0.000287928827
  0.000205223438   0.000201675994  -0.000004047564
  0.000120971849  -0.000095516940   0.000074947831
  0.002061821202  -0.001055799396   0.010601453711
  0.000032676849  -0.000035143069   0.000009012906
  0.000045944671   0.000004249079   0.000017337316
 -0.000146183249   0.000048362160  -0.000006391638
 -0.000049536768   0.000009883015  -0.000003500596
 -0.000078461048   0.000021741126  -0.000007152276
 -0.000021888722   0.000131484893  -0.000014953862
 -0.000004359018   0.000047670977  -0.000018968387
  0.000034101018  -0.000010114083   0.000004829683
 -0.000967416909  -0.000100795138  -0.000597387055
 -0.000207989724  -0.001046850613  -0.000443218750
  0.000056920675  -0.000188731675   0.000014816522
  0.003389279147  -0.007832897964  -0.012719072435
  0.000175733059  -0.001515550319  -0.000074987917
  0.000136888075  -0.000014966299   0.000035258735
 -0.000311883785   0.000175612862  -0.000070321618
 -0.000012013263   0.000054742846  -0.000015265797
 -0.000234791694   0.000190553988  -0.000037217254
 -0.000098533961  -0.000015799110   0.000059903767
 -0.000001074183   0.000068968099  -0.000018823073
  0.000022775392  -0.000045822020  -0.000003487715
 -0.000068848375   0.000166233519  -0.000293393666
  0.000069331509  -0.000026057176  -0.000066454695
  0.000053551502  -0.000014134056  -0.000002685704
 -0.000118401791   0.000069695841   0.000017329660
 -0.000034667212   0.000015471994   0.000011148730
 -0.000064140317   0.000061579312   0.000009459946
  0.027665335749  -0.041114600481   0.020316563264
 -0.000150161040  -0.000022003186   0.000026242031
  0.000244224658  -0.000391055884   0.000078776403
  0.000136551036   0.000273465005  -0.000028150574
 -0.000115475337  -0.000103756531  -0.000012360495
 -0.000322965075   0.000426940902   0.000142127947
  0.000054668557   0.000026594360  -0.000056141868
  0.000029731290   0.000035972817  -0.000151505560
  0.000018802989   0.000155224441   0.000027506853
 -0.000480468857  -0.000951199550  -0.005475206416
 -0.000006941837  -0.000012920465  -0.000008515720
  0.000036997510  -0.000096721189  -0.000009673767
  0.000005272984  -0.000043177666   0.000011514297
  0.000009391830   0.000000080031   0.000003213072
 -0.000022287543   0.000047691274   0.000035612548
  0.000015175183   0.000046152861   0.000024287578
 -0.000000324010   0.000016952550   0.000004360661
  0.000008673709   0.000049880832   0.000002251609
  0.001310979760  -0.001055704113   0.001527079293
  0.000927477509   0.001892298309   0.007050241773
 -0.000017402235  -0.000010541539  -0.000024426790
 -0.000537347422   0.000780809787   0.000912940151
 -0.000657305119  -0.000144852961  -0.000308643942
  0.000004500349   0.000000644399  -0.000000543549
  0.000042276127   0.000083547989   0.000039006027
 -0.000150659345   0.000104971659   0.000006331555
  0.000061970583   0.000049323703   0.000042968648
  0.000045022505  -0.000090630623  -0.000004348337
  0.000127250819   0.000121897290   0.000527966897
 -0.000004736508  -0.000012260886   0.000010703823
  0.000010324077   0.000002423799  -0.000004844806
  0.000054462227   0.000040590774  -0.000022150659
 -0.000013559139   0.000001438035   0.000007825889
  0.000019849703   0.000031123685  -0.000007963353
 -0.000013540469   0.000040474743  -0.000001840808
  0.000015388020   0.000015599725  -0.000005055945
  0.027637378219   0.041025393624  -0.020819062812
 -0.000143626086   0.000032718800  -0.000021777614
  0.000252511779   0.000404243375  -0.000069606148
  0.000061514835  -0.000021509683   0.000062879525
  0.000038503860  -0.000020093009   0.000158515019
  0.000025642907  -0.000145731285  -0.000018189933
  0.000143591911  -0.000264305799   0.000034219635
 -0.000103614351   0.000119405396   0.000020291151
 -0.000313211874  -0.000411710686  -0.000133603233
 -0.000495096181   0.000939527910   0.005478275177
 -0.000009199521   0.000011229251   0.000012975108
  0.000034527510   0.000093312328   0.000016956601
  0.000013085875  -0.000050844303  -0.000017691260
  0.000002278164  -0.000012609136  -0.000001318491
  0.000008680867  -0.000048773559   0.000003417282
  0.000002830333   0.000037291342  -0.000003617650
  0.000011470587   0.000002148639   0.000001711854
 -0.000024358786  -0.000047631658  -0.000029438371
 -0.000537629583  -0.000776526579  -0.000914491916
 -0.000658634175   0.000139697466   0.000311625527
 -0.000001187709  -0.000006340961   0.000008329383
  0.001312501325   0.001045395408  -0.001527038661
  0.000903843545  -0.001927402508  -0.007247714979
 -0.000024156023   0.000003114186   0.000032449775
  0.000035667142  -0.000094035033  -0.000032054381
 -0.000158738397  -0.000113282521  -0.000000698250
  0.000054021827  -0.000059346186  -0.000035104954
  0.000010695360  -0.000003958360   0.000008879937
  0.000060067471  -0.000040217400   0.000025675072
 -0.000010843477   0.000002763975  -0.000001858684
  0.000043942225   0.000088920146   0.000010333816
  0.000135692135  -0.000115948116  -0.000523016307
 -0.000002108276   0.000017326123  -0.000003952402
  0.000019845684  -0.000030206846   0.000013779600
 -0.000010787684  -0.000034756921   0.000009039108
  0.000016151989  -0.000014640539   0.000010029507
 -0.151960727194  -0.000167291192  -0.000019278950
 -0.000122754539   0.000000407959  -0.000006120853
 -0.000118905480   0.000001515337   0.000000563235
  0.000211185178   0.000152275400   0.000010139373
  0.000222254800   0.000162593916  -0.000013885768
  0.000223740408  -0.000196905795  -0.000046578721
  0.000212402581  -0.000153690305  -0.000016462204
  0.000225078674  -0.000161732115   0.000013934625
  0.000222130173   0.000197914725   0.000047655484
  0.008065900979  -0.000001154314   0.000006008476
 -0.000006143538   0.000000253811  -0.000001989986
 -0.000017087487   0.000000178943   0.000000294335
  0.000035981956   0.000001246016   0.000042586858
  0.000003035756  -0.000006802692   0.000008193867
  0.000005156390  -0.000006447680   0.000046036855
  0.000035709597   0.000000711719  -0.000041393599
  0.000003782758   0.000007843485   0.000001068929
  0.000005444159   0.000008069232  -0.000038897957
  0.001177085287   0.002969133728   0.000854105191
  0.001479588679  -0.000707105351   0.000037322310
 -0.000026821301  -0.000009639561  -0.000011559505
  0.001191001845  -0.002981049113  -0.000852193322
  0.001477523478   0.000689726790  -0.000050661783
 -0.000026393952   0.000011439614   0.000010521211
  0.000017599673   0.000001665584  -0.000004068957
  0.000048876194   0.000001912635  -0.000002829395
  0.000113927555   0.000001386664  -0.000003940936
  0.000042739315  -0.000097414854   0.000538739954
 -0.000028072411  -0.000009688417   0.000133730020
 -0.000014930384   0.000010363538   0.000013633692
  0.000042589420   0.000095543330  -0.000534742463
 -0.000030178938   0.000005495987  -0.000133736021
 -0.000014538413  -0.000009942996  -0.000012878654
  0.000041672455   0.000000418927  -0.000000193207
  0.000023636110   0.000001103392   0.000001408236
  0.000025987266   0.000000279862  -0.000001371890
 -0.019733590003   0.000189421740   0.000081069173
 -0.000112281934   0.000001029533  -0.000002984202
  0.000016808313  -0.000001522180  -0.000002471571
  0.000142812241   0.000044586523  -0.000072627239
 -0.000009894377  -0.000000704107  -0.000075450561
 -0.000029802888  -0.000126097516  -0.000049672034
  0.000137770926  -0.000044239869   0.000069112329
 -0.000006787629  -0.000000627700   0.000057788603
 -0.000030192793   0.000125737439   0.000043092481
  0.000034964322   0.000012303805   0.000027683618
 -0.000018009035   0.000001817150   0.000003409551
 -0.000015832657  -0.000000570601   0.000001648298
  0.000043080359   0.000026442148  -0.000079818384
 -0.000001594985  -0.000015389597  -0.000034483676
 -0.000001715050   0.000025263679  -0.000055008295
  0.000042239130  -0.000025097154   0.000083239252
 -0.000002317373   0.000015945886   0.000029545592
 -0.000002487526  -0.000024878449   0.000051705247
  0.001013677911   0.000413918849  -0.000527607811
  0.000160092723  -0.000577767431  -0.000374953957
 -0.000054579022   0.000029628859  -0.000005610300
  0.001010107027  -0.000400462036   0.000515626621
  0.000157946568   0.000577314291   0.000377913388
 -0.000053186008  -0.000029690143   0.000001919223
  0.000101378586  -0.000000063963   0.000000663064
  0.000059891258   0.000000233837  -0.000002448059
  0.000129861946   0.000000769481   0.000001359679
 -0.000230370660  -0.000321831514  -0.000081106599
 -0.000061681971   0.000145675234  -0.000081401678
 -0.000008567577  -0.000000677212   0.000004972835
 -0.000230495778   0.000321850416   0.000086995857
 -0.000058132077  -0.000142980968   0.000090506530
 -0.000008691854  -0.000000059979  -0.000003250563
  0.000022743596   0.000000318780   0.000002895584
  0.000013008070  -0.000000194660  -0.000000524884
  0.000017925487  -0.000000356826   0.000003498389
 -0.001774998755   0.001436758307   0.003579856838
 -0.000018101331   0.000279033962   0.000069816298
 -0.000122082691   0.000007928897   0.000019844893
 -0.001780100180  -0.001432484627  -0.003566016073
 -0.000017643913  -0.000257766913  -0.000066196228
 -0.000119980990   0.000001791084  -0.000013171587
  0.000415608679   0.000006377000   0.000004791201
  0.000016897719   0.000006234877   0.000002041084
  0.000275761079   0.000007823475   0.000002922083
 -0.000345429251  -0.000358452559   0.000378451239
 -0.000115525289   0.000035530911  -0.000030693175
 -0.000032410646   0.000005682795  -0.000005626804
 -0.000344393829   0.000357297005  -0.000366344422
 -0.000113830302  -0.000030123879   0.000038231170
 -0.000032549785  -0.000007564327   0.000011093375
  0.000120175913  -0.000001629000   0.000003002613
  0.000066864546  -0.000001843309   0.000002864211
  0.000066932927   0.000000500778   0.000002420037
  0.024423528699   0.000009826201   0.000092905740
 -0.000321233920  -0.000002285808  -0.000003996090
 -0.000440772286  -0.000002912670   0.000003110262
  0.000297094236   0.000045854228   0.000040866507
 -0.000092760916   0.000032037064   0.000034419291
  0.000323850370  -0.000052720006   0.000147537931
  0.000304831227  -0.000056697531  -0.000032890050
 -0.000088151416  -0.000050023448  -0.000029390397
  0.000322173543   0.000043908559  -0.000141837492
 -0.000080842785  -0.000015039780   0.000015386467
 -0.000048804733   0.000007618264   0.000004094224
 -0.000096784065   0.000002419383   0.000002455218
  0.000055617452   0.000027520587   0.000024912325
  0.000025256536   0.000010047451   0.000007713765
  0.000036717755   0.000001589498  -0.000003147219
  0.000054582055  -0.000023108929  -0.000017897044
  0.000023945442  -0.000007315005  -0.000002477487
  0.000037323562  -0.000001690259   0.000008540110
  145    2  0.0000  0.0150  0.0000
  0.019868092578   0.020667861535   0.009436413466
 -0.000163101121  -0.000221337310   0.000007060256
 -0.000167685221  -0.000108366515  -0.000056512080
  0.000565793059   0.000460402003  -0.000297204245
 -0.000467535115  -0.000158811024   0.000297767450
 -0.000031310133  -0.000201627165   0.000000746416
 -0.000074900738   0.000048728390   0.000109709451
  0.000152760248   0.000188123865   0.000023756011
 -0.000114966764   0.000065780192  -0.000089416370
  0.000816904054  -0.000201946763  -0.003078878526
  0.000027156282  -0.000009874963  -0.000001407055
 -0.000070493603  -0.000053999217   0.000012314236
  0.000198515176   0.000100178428  -0.000009029606
 -0.000010825893  -0.000034160182   0.000005541668
 -0.000013007797  -0.000038195679   0.000003714070
 -0.000027093779  -0.000040644811  -0.000001544945
  0.000042191276   0.000012608787  -0.000001739074
 -0.000037213053  -0.000042672981   0.000009820213
  0.006481992373   0.007473270458   0.012720089524
 -0.000370817268  -0.001135403808  -0.000780459051
 -0.000171461136  -0.000147286595   0.000048410684
  0.000828164624   0.000879407261  -0.000069818979
 -0.001096267922   0.000408345002  -0.000284429257
 -0.000038622705  -0.000050664151   0.000026319304
 -0.000007666789  -0.000005959832  -0.000103776661
  0.000190200872   0.000038916042  -0.000024319312
 -0.000082231581  -0.000043902047   0.000049153769
 -0.000304013448  -0.000673624620   0.000499799027
 -0.000042331453   0.000097393661  -0.000038362081
 -0.000066596935  -0.000069242371  -0.000014796076
  0.000239906651   0.000052033676  -0.000030712820
 -0.000065002736  -0.000059870425   0.000030532706
 -0.000013815137  -0.000016326864  -0.000012234197
 -0.000033771494   0.000020935305   0.000001569028
  0.000016530545   0.000023318219   0.000004386419
 -0.000043807883  -0.000026412755  -0.000015329694
 -0.019868092578   0.020667861535   0.009436413466
  0.000163101121  -0.000221337310   0.000007060256
  0.000167685221  -0.000108366515  -0.000056512080
  0.000074900738   0.000048728390   0.000109709451
 -0.000152760248   0.000188123865   0.000023756011
  0.000114966764   0.000065780192  -0.000089416370
 -0.000565793059   0.000460402003  -0.000297204245
  0.000467535115  -0.000158811024   0.000297767450
  0.000031310133  -0.000201627165   0.000000746416
 -0.000816904054  -0.000201946763  -0.003078878526
 -0.000027156282  -0.000009874963  -0.000001407055
  0.000070493603  -0.000053999217   0.000012314236
  0.000027093779  -0.000040644811  -0.000001544945
 -0.000042191276   0.000012608787  -0.000001739074
  0.000037213053  -0.000042672981   0.000009820213
 -0.000198515176   0.000100178428  -0.000009029606
  0.000010825893  -0.000034160182   0.000005541668
  0.000013007797  -0.000038195679   0.000003714070
 -0.000828164624   0.000879407261  -0.000069818979
  0.001096267922   0.000408345002  -0.000284429257
  0.000038622705  -0.000050664151   0.000026319304
 -0.006481992373   0.007473270458   0.012720089524
  0.000370817268  -0.001135403808  -0.000780459051
  0.000171461136  -0.000147286595   0.000048410684
  0.000007666789  -0.000005959832  -0.000103776661
 -0.000190200872   0.000038916042  -0.000024319312
  0.000082231581  -0.000043902047   0.000049153769
 -0.000239906651   0.000052033676  -0.000030712820
  0.000065002736  -0.000059870425   0.000030532706
  0.000013815137  -0.000016326864  -0.000012234197
  0.000304013448  -0.000673624620   0.000499799027
  0.000042331453   0.000097393661  -0.000038362081
  0.000066596935  -0.000069242371  -0.000014796076
  0.000033771494   0.000020935305   0.000001569028
 -0.000016530545   0.000023318219   0.000004386419
  0.000043807883  -0.000026412755  -0.000015329694
 -0.036418205739   0.041763744803  -0.017801383634
  0.000107104440  -0.000039853260   0.000101047168
  0.000119026631  -0.000048741941   0.000040465736
 -0.000212468659   0.000378540487   0.000013949325
  0.000271039616  -0.000057542255   0.000040002469
  0.000155470000  -0.000320872060  -0.000306024602
 -0.000125337002  -0.000052427850  -0.000000684629
 -0.000026408467  -0.000094765169   0.000099939968
  0.000009553430   0.000027748979   0.000017860461
 -0.001868141078   0.000540989359   0.008130288973
  0.000030316428  -0.000050170527   0.000002279367
  0.000046245870  -0.000040081618  -0.000016694028
 -0.000095944596   0.000035683352   0.000005157206
  0.000032160082  -0.000032455359  -0.000002035081
  0.000031600983  -0.000036180522  -0.000028682520
 -0.000015265320   0.000024293925   0.000031868560
  0.000020611723  -0.000029304046  -0.000002943444
  0.000013933880   0.000014087631  -0.000010875408
 -0.000407118766  -0.002161074290   0.001231550501
  0.002881741028   0.000333865722  -0.008628473012
  0.000144818572  -0.000078760445  -0.000039610433
 -0.000253013917  -0.001224157978   0.000432861136
 -0.001217753422  -0.000309522773  -0.000260638404
  0.000063534399  -0.000041423152  -0.000049659614
 -0.000083967533   0.000039211202   0.000030760917
 -0.000064135001   0.000031663636   0.000010253605
  0.000038220137  -0.000093395906  -0.000068887883
  0.000022065332  -0.000010967797   0.000035746978
  0.000123809349   0.000149483462  -0.000629125854
  0.000057583341  -0.000037404068   0.000015694936
  0.000048221370   0.000020668729  -0.000055001365
 -0.000068831028  -0.000009395442  -0.000048579269
  0.000029749758  -0.000022494326   0.000022187913
  0.000007782651   0.000004831609  -0.000004767734
 -0.000036761214   0.000031151329  -0.000016888424
  0.000034273881  -0.000017023917   0.000007375472
  0.036418205739   0.041763744803  -0.017801383634
 -0.000107104440  -0.000039853260   0.000101047168
 -0.000119026631  -0.000048741941   0.000040465736
  0.000125337002  -0.000052427850  -0.000000684629
  0.000026408467  -0.000094765169   0.000099939968
 -0.000009553430   0.000027748979   0.000017860461
  0.000212468659   0.000378540487   0.000013949325
 -0.000271039616  -0.000057542255   0.000040002469
 -0.000155470000  -0.000320872060  -0.000306024602
  0.001868141078   0.000540989359   0.008130288973
 -0.000030316428  -0.000050170527   0.000002279367
 -0.000046245870  -0.000040081618  -0.000016694028
  0.000015265320   0.000024293925   0.000031868560
 -0.000020611723  -0.000029304046  -0.000002943444
 -0.000013933880   0.000014087631  -0.000010875408
  0.000095944596   0.000035683352   0.000005157206
 -0.000032160082  -0.000032455359  -0.000002035081
 -0.000031600983  -0.000036180522  -0.000028682520
  0.000253013917  -0.001224157978   0.000432861136
  0.001217753422  -0.000309522773  -0.000260638404
 -0.000063534399  -0.000041423152  -0.000049659614
  0.000407118766  -0.002161074290   0.001231550501
 -0.002881741028   0.000333865722  -0.008628473012
 -0.000144818572  -0.000078760445  -0.000039610433
  0.000083967533   0.000039211202   0.000030760917
  0.000064135001   0.000031663636   0.000010253605
 -0.000038220137  -0.000093395906  -0.000068887883
 -0.000048221370   0.000020668729  -0.000055001365
  0.000068831028  -0.000009395442  -0.000048579269
 -0.000029749758  -0.000022494326   0.000022187913
 -0.000022065332  -0.000010967797   0.000035746978
 -0.000123809349   0.000149483462  -0.000629125854
 -0.000057583341  -0.000037404068   0.000015694936
 -0.000007782651   0.000004831609  -0.000004767734
  0.000036761214   0.000031151329  -0.000016888424
 -0.000034273881  -0.000017023917   0.000007375472
 -0.000000000000  -0.156793473669   0.022562755080
 -0.000000000000   0.000265597203  -0.000141141982
 -0.000000000000   0.000266187087   0.000074508727
 -0.000155217047  -0.000315019017  -0.000003644895
  0.000203109002   0.000216980556  -0.000121124477
 -0.000163517224   0.000217116663   0.000070619012
  0.000155217047  -0.000315019017  -0.000003644895
 -0.000203109002   0.000216980556  -0.000121124477
  0.000163517224   0.000217116663   0.000070619012
 -0.000000000000   0.009671149220  -0.000613874844
 -0.000000000000  -0.000005856532   0.000074737975
 -0.000000000000   0.000008391739  -0.000016803479
 -0.000009436729   0.000001136977   0.000000704200
  0.000001280598  -0.000003296554   0.000056435373
 -0.000001857602  -0.000001966567   0.000026916447
  0.000009436729   0.000001136977   0.000000704200
 -0.000001280598  -0.000003296554   0.000056435373
  0.000001857602  -0.000001966567   0.000026916447
  0.003700199574   0.004432328377   0.001328207010
 -0.000924349251   0.002200214083   0.000240098706
  0.000024403838   0.000010739584   0.000010876105
 -0.003700199574   0.004432328377   0.001328207010
  0.000924349251   0.002200214083   0.000240098706
 -0.000024403838   0.000010739584   0.000010876105
 -0.000000000000   0.000046751152   0.000031991156
 -0.000000000000  -0.000043457193   0.000038578384
 -0.000000000000   0.000053011307   0.000004165896
 -0.000102566026   0.000068362634   0.000365853714
 -0.000004814597  -0.000102801496  -0.000317315451
  0.000009656676   0.000046706829  -0.000009988370
  0.000102566026   0.000068362634   0.000365853714
  0.000004814597  -0.000102801496  -0.000317315451
 -0.000009656676   0.000046706829  -0.000009988370
 -0.000000000000   0.000000433035  -0.000002244290
 -0.000000000000  -0.000045109586  -0.000046980525
 -0.000000000000   0.000028454764  -0.000014100015
 -0.000000000000  -0.028174722069  -0.005926602614
 -0.000000000000  -0.000076073532   0.000142924958
 -0.000000000000  -0.000023403832  -0.000072294888
 -0.000137669171  -0.000036004123   0.000049135699
  0.000081710866   0.000053012896  -0.000011664595
 -0.000013291710   0.000018684140  -0.000067269767
  0.000137669171  -0.000036004123   0.000049135699
 -0.000081710866   0.000053012896  -0.000011664595
  0.000013291710   0.000018684140  -0.000067269767
 -0.000000000000   0.000841108248   0.001659380640
 -0.000000000000   0.000038941117  -0.000133017983
 -0.000000000000   0.000036083759   0.000051712783
 -0.000024569345  -0.000038494898   0.000003257229
 -0.000023646728   0.000013685251  -0.000089076583
  0.000016125324   0.000012820499   0.000022774322
  0.000024569345  -0.000038494898   0.000003257229
  0.000023646728   0.000013685251  -0.000089076583
 -0.000016125324   0.000012820499   0.000022774322
  0.000408047880  -0.000714140538  -0.000783325349
 -0.000591267877   0.000272103820   0.000321711445
  0.000029094298   0.000148379306  -0.000005238110
 -0.000408047880  -0.000714140538  -0.000783325349
  0.000591267877   0.000272103820   0.000321711445
 -0.000029094298   0.000148379306  -0.000005238110
 -0.000000000000   0.000076721046  -0.000049928954
 -0.000000000000  -0.000067910620  -0.000048419112
 -0.000000000000   0.000127451067   0.000004678327
 -0.000139823815  -0.000181033120   0.000004339805
  0.000143461135  -0.000079449200   0.000144491404
  0.000007693178   0.000007266124   0.000018399365
  0.000139823815  -0.000181033120   0.000004339805
 -0.000143461135  -0.000079449200   0.000144491404
 -0.000007693178   0.000007266124   0.000018399365
 -0.000000000000  -0.000007028460   0.000026701578
 -0.000000000000   0.000002354230   0.000031981123
 -0.000000000000  -0.000001189380   0.000040093359
 -0.002609489657   0.003083275778   0.000629768460
 -0.001395164024   0.000304228676   0.000494497073
  0.000032057969   0.000176627583   0.000051786835
  0.002609489657   0.003083275778   0.000629768460
  0.001395164024   0.000304228676   0.000494497073
 -0.000032057969   0.000176627583   0.000051786835
 -0.000000000000  -0.000250627528  -0.000012814817
 -0.000000000000  -0.000008483284   0.000033923035
 -0.000000000000   0.000150486996   0.000053847295
  0.000109229973  -0.000007042175   0.000176704633
  0.000083586475  -0.000088995994   0.000082532367
  0.000016564853   0.000055404256  -0.000027924394
 -0.000109229973  -0.000007042175   0.000176704633
 -0.000083586475  -0.000088995994   0.000082532367
 -0.000016564853   0.000055404256  -0.000027924394
 -0.000000000000  -0.000019438708   0.000003945521
 -0.000000000000  -0.000032636029   0.000026575330
 -0.000000000000   0.000050219860  -0.000011167895
 -0.000000000000   0.021754457139  -0.012492493250
 -0.000000000000   0.000380222166  -0.000271363999
 -0.000000000000   0.000225365163  -0.000110370936
  0.000176964677  -0.000253862997  -0.000019833079
  0.000210949807   0.000082902994  -0.000081364858
 -0.000146467617   0.000094620640  -0.000043301286
 -0.000176964677  -0.000253862997  -0.000019833079
 -0.000210949807   0.000082902994  -0.000081364858
  0.000146467617   0.000094620640  -0.000043301286
 -0.000000000000   0.000549636469  -0.011315212281
 -0.000000000000  -0.000009475415   0.000006217912
 -0.000000000000   0.000055048159   0.000018857651
 -0.000060720016  -0.000057803294  -0.000020615959
 -0.000001573542  -0.000008020061   0.000020572158
 -0.000028765773   0.000051817551   0.000002164353
  0.000060720016  -0.000057803294  -0.000020615959
  0.000001573542  -0.000008020061   0.000020572158
  0.000028765773   0.000051817551   0.000002164353
  145    3  0.0000  0.0000  0.0150
  0.023221432809   0.008372342584   0.045141042490
 -0.000167706977  -0.000316921867  -0.000019305760
 -0.000019852713  -0.000065718622   0.000035500482
 -0.001097618283   0.000001889060  -0.000172821663
 -0.000425269139  -0.000057125759   0.000186766998
  0.000046611928  -0.000149633311   0.000025950207
  0.000097382722   0.000432703915   0.000016934507
  0.000017685421   0.000093647521  -0.000014064801
 -0.000044974614  -0.000007269291   0.000054094157
 -0.003428471523  -0.000982582475   0.007596509037
  0.000048831343   0.000112020894  -0.000010207392
 -0.000028013358  -0.000021341287   0.000007950436
  0.000583045964   0.000119128612  -0.000050204791
  0.000177921573   0.000068216038  -0.000017076498
  0.000008965119  -0.000017299627  -0.000013129529
 -0.000069347213  -0.000141563351   0.000010215731
 -0.000016912491  -0.000046211285  -0.000008945421
 -0.000004998380  -0.000020648473   0.000012301785
  0.005731397795   0.000938564313  -0.001215537396
 -0.000093155486   0.000336370102  -0.000162511681
  0.000048712730   0.000091530286   0.000004780487
 -0.001059518720  -0.000899068931  -0.000717012953
  0.000094144610  -0.000039764186  -0.000184461696
  0.000056637001   0.000120702806   0.000015199890
  0.000405457693  -0.000026513142  -0.000065375163
  0.000139097526  -0.000093806837   0.000012924365
  0.000072321586   0.000081821827  -0.000005275237
 -0.000560157917  -0.000587437950  -0.000907413203
  0.000077678725   0.000138602297  -0.000085875090
 -0.000048653743  -0.000040879441  -0.000017703248
  0.000503285227   0.000343949772  -0.000015288365
  0.000165707745  -0.000011466452   0.000082596347
  0.000004736111  -0.000000624746  -0.000001966484
 -0.000165068011   0.000023111168  -0.000023524271
 -0.000057575793   0.000025223141  -0.000003785413
 -0.000038807926  -0.000003864623  -0.000011567226
 -0.023221432809   0.008372342584   0.045141042490
  0.000167706977  -0.000316921867  -0.000019305760
  0.000019852713  -0.000065718622   0.000035500482
 -0.000097382722   0.000432703915   0.000016934507
 -0.000017685421   0.000093647521  -0.000014064801
  0.000044974614  -0.000007269291   0.000054094157
  0.001097618283   0.000001889060  -0.000172821663
  0.000425269139  -0.000057125759   0.000186766998
 -0.000046611928  -0.000149633311   0.000025950207
  0.003428471523  -0.000982582475   0.007596509037
 -0.000048831343   0.000112020894  -0.000010207392
  0.000028013358  -0.000021341287   0.000007950436
  0.000069347213  -0.000141563351   0.000010215731
  0.000016912491  -0.000046211285  -0.000008945421
  0.000004998380  -0.000020648473   0.000012301785
 -0.000583045964   0.000119128612  -0.000050204791
 -0.000177921573   0.000068216038  -0.000017076498
 -0.000008965119  -0.000017299627  -0.000013129529
  0.001059518720  -0.000899068931  -0.000717012953
 -0.000094144610  -0.000039764186  -0.000184461696
 -0.000056637001   0.000120702806   0.000015199890
 -0.005731397795   0.000938564313  -0.001215537396
  0.000093155486   0.000336370102  -0.000162511681
 -0.000048712730   0.000091530286   0.000004780487
 -0.000405457693  -0.000026513142  -0.000065375163
 -0.000139097526  -0.000093806837   0.000012924365
 -0.000072321586   0.000081821827  -0.000005275237
 -0.000503285227   0.000343949772  -0.000015288365
 -0.000165707745  -0.000011466452   0.000082596347
 -0.000004736111  -0.000000624746  -0.000001966484
  0.000560157917  -0.000587437950  -0.000907413203
 -0.000077678725   0.000138602297  -0.000085875090
  0.000048653743  -0.000040879441  -0.000017703248
  0.000165068011   0.000023111168  -0.000023524271
  0.000057575793   0.000025223141  -0.000003785413
  0.000038807926  -0.000003864623  -0.000011567226
  0.014620927041  -0.020737062496   0.047878059186
 -0.000060935762   0.000085867350   0.000027301855
 -0.000207296228   0.000370492605  -0.000085948779
  0.000390732004   0.000251479556   0.000005951395
  0.000160491173   0.000103741405   0.000050192477
 -0.000323405264   0.000220103710   0.000238794346
 -0.000271167763   0.000013605729   0.000038541220
 -0.000073646548   0.000103692992   0.000017944602
 -0.000107838195  -0.000016432640  -0.000043964429
 -0.001735545574   0.002273518307   0.007426318175
 -0.000000066369  -0.000015861910   0.000021160754
  0.000079154687  -0.000061796251  -0.000032599562
 -0.000163466592  -0.000095631231   0.000002686664
 -0.000059127073  -0.000013542787  -0.000000187409
  0.000097022816  -0.000101640163  -0.000031243195
  0.000047081185  -0.000003119246   0.000042186610
  0.000026144587  -0.000012964557   0.000018878359
  0.000011455864   0.000039641643  -0.000014772687
 -0.001767252969  -0.000945423035  -0.000247754138
  0.000395933499   0.000441383697  -0.004272382096
  0.000064943171  -0.000038201195  -0.000006194059
  0.000929657569  -0.000590090984  -0.000017420351
  0.000440129120   0.000414392701  -0.000103394077
  0.000052756967  -0.000063317206  -0.000007181813
 -0.000068945775  -0.000103397847   0.000031620695
  0.000077918440  -0.000070530838  -0.000020870380
  0.000023025390  -0.000060068051  -0.000016254615
  0.000329138922  -0.000171868042  -0.000055826131
 -0.000178490532   0.000203838420  -0.000845068756
 -0.000004551410   0.000023312382  -0.000003113519
 -0.000126939806  -0.000073347590   0.000230818082
  0.000055780525  -0.000057272061  -0.000078182852
 -0.000010036320   0.000012175934   0.000006660853
  0.000041632211   0.000029274935   0.000016116601
 -0.000021187678   0.000026693657  -0.000011418849
 -0.000004648359   0.000016236268  -0.000002878610
 -0.014620927041  -0.020737062496   0.047878059186
  0.000060935762   0.000085867350   0.000027301855
  0.000207296228   0.000370492605  -0.000085948779
  0.000271167763   0.000013605729   0.000038541220
  0.000073646548   0.000103692992   0.000017944602
  0.000107838195  -0.000016432640  -0.000043964429
 -0.000390732004   0.000251479556   0.000005951395
 -0.000160491173   0.000103741405   0.000050192477
  0.000323405264   0.000220103710   0.000238794346
  0.001735545574   0.002273518307   0.007426318175
  0.000000066369  -0.000015861910   0.000021160754
 -0.000079154687  -0.000061796251  -0.000032599562
 -0.000047081185  -0.000003119246   0.000042186610
 -0.000026144587  -0.000012964557   0.000018878359
 -0.000011455864   0.000039641643  -0.000014772687
  0.000163466592  -0.000095631231   0.000002686664
  0.000059127073  -0.000013542787  -0.000000187409
 -0.000097022816  -0.000101640163  -0.000031243195
 -0.000929657569  -0.000590090984  -0.000017420351
 -0.000440129120   0.000414392701  -0.000103394077
 -0.000052756967  -0.000063317206  -0.000007181813
  0.001767252969  -0.000945423035  -0.000247754138
 -0.000395933499   0.000441383697  -0.004272382096
 -0.000064943171  -0.000038201195  -0.000006194059
  0.000068945775  -0.000103397847   0.000031620695
 -0.000077918440  -0.000070530838  -0.000020870380
 -0.000023025390  -0.000060068051  -0.000016254615
  0.000126939806  -0.000073347590   0.000230818082
 -0.000055780525  -0.000057272061  -0.000078182852
  0.000010036320   0.000012175934   0.000006660853
 -0.000329138922  -0.000171868042  -0.000055826131
  0.000178490532   0.000203838420  -0.000845068756
  0.000004551410   0.000023312382  -0.000003113519
 -0.000041632211   0.000029274935   0.000016116601
  0.000021187678   0.000026693657  -0.000011418849
  0.000004648359   0.000016236268  -0.000002878610
  0.000000000000   0.022065422088  -0.515662934170
  0.000000000000   0.000070469895  -0.000233173508
  0.000000000000  -0.000128817031  -0.000227515165
 -0.000018146146  -0.000012690202  -0.000524511230
  0.000034837281   0.000066230452  -0.000235967900
  0.000015578277  -0.000115344831  -0.000238521259
  0.000018146146  -0.000012690202  -0.000524511230
 -0.000034837281   0.000066230452  -0.000235967900
 -0.000015578277  -0.000115344831  -0.000238521259
  0.000000000000   0.000175254609  -0.009926774704
  0.000000000000  -0.000011174407   0.000051072922
  0.000000000000  -0.000024741185   0.000144035943
  0.000000451980  -0.000011124885   0.000166242624
 -0.000030782319  -0.000017532030   0.000094540080
  0.000001998806   0.000001782334   0.000145528927
 -0.000000451980  -0.000011124885   0.000166242624
  0.000030782319  -0.000017532030   0.000094540080
 -0.000001998806   0.000001782334   0.000145528927
 -0.001539367507  -0.001629520894   0.000863785321
 -0.000551722309   0.001121959911   0.000954102765
  0.000000497721  -0.000029178427   0.000079942396
  0.001539367507  -0.001629520894   0.000863785321
  0.000551722309   0.001121959911   0.000954102765
 -0.000000497721  -0.000029178427   0.000079942396
  0.000000000000   0.000094080057   0.000300123814
  0.000000000000   0.000001622209   0.000190603295
  0.000000000000  -0.000041011000   0.000077084951
  0.000551877274   0.000371299668   0.000159693048
  0.000140188544  -0.000315478691  -0.000004307383
  0.000015545262  -0.000006733510  -0.000052199491
 -0.000551877274   0.000371299668   0.000159693048
 -0.000140188544  -0.000315478691  -0.000004307383
 -0.000015545262  -0.000006733510  -0.000052199491
  0.000000000000  -0.000003167226  -0.000139375168
  0.000000000000  -0.000044105627  -0.000090900812
  0.000000000000  -0.000012283313  -0.000063381197
  0.000000000000   0.002768799506   0.098716452680
  0.000000000000   0.000034292967   0.000202491083
  0.000000000000  -0.000029169092   0.000156517994
 -0.000059390189  -0.000027728397   0.000475727474
  0.000015132962  -0.000044352063   0.000160849811
 -0.000089907644   0.000027343968   0.000121481363
  0.000059390189  -0.000027728397   0.000475727474
 -0.000015132962  -0.000044352063   0.000160849811
  0.000089907644   0.000027343968   0.000121481363
  0.000000000000  -0.001754315944   0.201356863390
  0.000000000000  -0.000045300112  -0.000074881214
  0.000000000000   0.000132470112  -0.000090505255
 -0.000086022824  -0.000000963153  -0.000171962271
 -0.000054653916  -0.000020250075  -0.000074104289
 -0.000034843462   0.000089644051  -0.000079207813
  0.000086022824  -0.000000963153  -0.000171962271
  0.000054653916  -0.000020250075  -0.000074104289
  0.000034843462   0.000089644051  -0.000079207813
  0.000557630746   0.000801329639  -0.001899918345
  0.000404043430  -0.000368074178  -0.000941533003
  0.000005660930   0.000011868223  -0.000122450086
 -0.000557630746   0.000801329639  -0.001899918345
 -0.000404043430  -0.000368074178  -0.000941533003
 -0.000005660930   0.000011868223  -0.000122450086
  0.000000000000   0.000045964684  -0.000316651544
  0.000000000000   0.000053608246  -0.000238551383
  0.000000000000  -0.000001879116  -0.000098248174
  0.000379551983   0.000342014728   0.000154752200
  0.000088964905  -0.000119234246   0.000158231080
  0.000008007871   0.000004006888   0.000068246149
 -0.000379551983   0.000342014728   0.000154752200
 -0.000088964905  -0.000119234246   0.000158231080
 -0.000008007871   0.000004006888   0.000068246149
  0.000000000000   0.000000161363   0.000136874257
  0.000000000000   0.000011603919   0.000110269735
  0.000000000000  -0.000000874279   0.000089163763
 -0.002962414826  -0.000510571430  -0.003037718185
 -0.000907420747   0.000915211389   0.000034423368
  0.000017687717   0.000036127237   0.000016035435
  0.002962414826  -0.000510571430  -0.003037718185
  0.000907420747   0.000915211389   0.000034423368
 -0.000017687717   0.000036127237   0.000016035435
  0.000000000000  -0.000078989923   0.000020067290
  0.000000000000   0.000150772829   0.000031122611
  0.000000000000   0.000017101190  -0.000046154833
  0.000557675786   0.000463410916  -0.000363613281
  0.000314083351  -0.000181033861   0.000125757368
  0.000038387649   0.000026915328   0.000004297701
 -0.000557675786   0.000463410916  -0.000363613281
 -0.000314083351  -0.000181033861   0.000125757368
 -0.000038387649   0.000026915328   0.000004297701
  0.000000000000   0.000017000222   0.000009185308
  0.000000000000  -0.000054825176   0.000024018333
  0.000000000000   0.000042313537   0.000002720992
  0.000000000000  -0.000715804938   0.027838727701
  0.000000000000   0.000066753597  -0.000158719079
  0.000000000000  -0.000137616341   0.000064797512
  0.000947799868  -0.000256740689  -0.000021892583
  0.000212129806   0.000103219323  -0.000039664418
  0.000131509623  -0.000157501700   0.000066967181
 -0.000947799868  -0.000256740689  -0.000021892583
 -0.000212129806   0.000103219323  -0.000039664418
 -0.000131509623  -0.000157501700   0.000066967181
  0.000000000000  -0.002265770287   0.006373253360
  0.000000000000  -0.000053338708  -0.000002639102
  0.000000000000   0.000096783377   0.000045245985
 -0.000330957886   0.000033640133   0.000009393598
 -0.000096659641  -0.000053070864   0.000002412121
 -0.000082307668   0.000072508751   0.000023728522
  0.000330957886   0.000033640133   0.000009393598
  0.000096659641  -0.000053070864   0.000002412121
  0.000082307668   0.000072508751   0.000023728522
  154    1  0.0150  0.0000  0.0000
  0.000615626153   0.000182868541   0.002428491569
  0.000041291210   0.000025789925   0.000007535402
  0.000040520497   0.000002674811   0.000002411510
 -0.000122343485  -0.000103322325  -0.000022298473
 -0.000026403151  -0.000036622063  -0.000002506221
  0.000027937675   0.000016806218   0.000008949075
 -0.000078343574  -0.000028472108  -0.000019858568
 -0.000033082916  -0.000013444394  -0.000002862825
 -0.000054551125  -0.000017413011   0.000002924785
  0.099789425074   0.047001102603   0.045425924716
  0.000022675917  -0.000057218371   0.000026122916
  0.000085108475  -0.000124849742  -0.000043898026
 -0.000166242695  -0.000242489667   0.000547592145
  0.000483836589  -0.000136230142   0.000078922694
  0.000003264030   0.000238564764  -0.000013947945
 -0.000010239240   0.000165606562   0.000054639880
  0.000112473686   0.000052357934  -0.000085692645
 -0.000095667824   0.000075764237   0.000120122906
  0.000203253243  -0.000054983938  -0.000107212860
  0.000044104059   0.000012244128  -0.000012986970
  0.000041860857   0.000006194860  -0.000002908907
 -0.000186124562  -0.000081855196   0.000069538341
 -0.000059732851  -0.000003200001   0.000038460240
  0.000017514045   0.000037713417  -0.000002756389
 -0.000084530388  -0.000044508461   0.000006541702
 -0.000028431148  -0.000007915296   0.000009966724
 -0.000057171713  -0.000044690294   0.000001192755
  0.000428464233   0.015146429948   0.012906320105
 -0.000370849133   0.001072664125   0.000018944471
  0.000110973237   0.000024265525   0.000001186114
  0.000148786073  -0.000059779139  -0.000556594522
 -0.000058654501   0.001140861549  -0.000106194469
  0.000092845519   0.000135622575   0.000025784157
  0.000127942765  -0.000035043857   0.000058806368
  0.000084105318   0.000072665404   0.000020353960
 -0.000132675956  -0.000142728428   0.000001763428
  0.000534732824  -0.000151431760  -0.002454369676
  0.000046192725  -0.000044826332  -0.000010441411
  0.000035745620   0.000006380931  -0.000000648249
 -0.000102146133   0.000046215075   0.000021796716
 -0.000038573192   0.000023887886   0.000004616444
 -0.000057322661   0.000012481083   0.000000449984
 -0.000074777468   0.000094656285   0.000012283157
 -0.000010324651   0.000023145615   0.000001180903
  0.000017557042  -0.000010053673  -0.000007634137
  0.099768587282  -0.047006200063  -0.045442483544
  0.000026875478   0.000051088970  -0.000023517361
  0.000085454209   0.000126939859   0.000046755190
 -0.000008742084  -0.000167381396  -0.000049302378
  0.000111495731  -0.000053001918   0.000089049772
 -0.000095068375  -0.000078707137  -0.000117481639
 -0.000147479596   0.000241502257  -0.000543993833
  0.000484075021   0.000135485455  -0.000076554224
 -0.000002553883  -0.000234007881   0.000016349918
 -0.000099135586   0.000058748792  -0.000073242701
 -0.000026917015  -0.000000144773  -0.000032573872
  0.000008054052  -0.000034481393   0.000003651403
  0.000207145913   0.000099314879   0.000093643748
  0.000061412159  -0.000029993017   0.000005301931
  0.000040902453  -0.000007020756   0.000004511371
 -0.000101555047   0.000042249893  -0.000007723023
 -0.000038345722   0.000007982651  -0.000010603532
 -0.000053694087   0.000042758992   0.000000135302
  0.000161752160   0.000052472012   0.000560554583
 -0.000058223787  -0.001141688059   0.000109410605
  0.000089862181  -0.000133407073  -0.000022172030
  0.000421298073  -0.015128367563  -0.012898576248
 -0.000367275146  -0.001092804496  -0.000016832740
  0.000112005100  -0.000025532313   0.000001836991
  0.000128295250   0.000034702009  -0.000054177712
  0.000084484251  -0.000071200391  -0.000017388076
 -0.000129563832   0.000141640573   0.000001035116
 -0.000093611380   0.000053149525   0.001317484762
 -0.000011054672  -0.000011390837   0.000007723401
  0.000017881691  -0.000061589228   0.000010244137
  0.000028522638  -0.000008450935   0.000004977839
  0.000009364945   0.000000286371  -0.000004563884
 -0.000024992483   0.000035725274  -0.000018692210
  0.000022762937   0.000010567687  -0.000026297047
 -0.000000821002   0.000015531993   0.000002237700
  0.000004259589   0.000031810069  -0.000006102289
  0.047217789809  -0.084559040943   0.040957953446
 -0.000000476987  -0.000029286053   0.000019568837
 -0.000089433813  -0.000721812645   0.000014980920
  0.000041072397   0.000028893765   0.000001909621
 -0.000176418183  -0.000102036524   0.000006966121
  0.000338252884   0.000566257128   0.000753880487
 -0.000123439259  -0.000076819822   0.000151371052
 -0.000114408055   0.000069977878  -0.000071110074
  0.000081555279   0.000370405211  -0.000050139566
 -0.000026427248  -0.000054027481  -0.000002466636
  0.000005395816   0.000033420361  -0.000153810649
 -0.000004422934  -0.000008914933  -0.000006096370
  0.000023902858   0.000065271980   0.000024522070
  0.000005856879  -0.000000830153  -0.000023665216
 -0.000013092327  -0.000000413180   0.000000777495
  0.000017100249   0.000026378444   0.000005926705
 -0.000003767874   0.000021948865   0.000003350912
  0.000016023680   0.000008989767   0.000004782345
  0.003412473156   0.000124379938   0.001839474870
  0.001995640062   0.002217216763   0.008685517321
 -0.000025609892  -0.000002366161   0.000022020528
 -0.001066614918  -0.000072550621  -0.001167184556
 -0.000212596338  -0.000146728578  -0.000131259740
 -0.000046894427   0.000001450332  -0.000014625773
 -0.000164263539   0.000025113555   0.000024312286
 -0.000112983088   0.000008642605  -0.000022313777
  0.000067848648  -0.000005477935  -0.000031258397
 -0.000133283169  -0.000115422635  -0.001331581303
 -0.000006961227   0.000011256706  -0.000006954835
  0.000021076525   0.000070900071  -0.000014153938
  0.000011646627  -0.000029243018   0.000028523583
  0.000003936662  -0.000014576908  -0.000000276150
 -0.000003181361  -0.000038738116   0.000005689075
  0.000008676985  -0.000000162482  -0.000008679639
  0.000006165789  -0.000002986494   0.000003875511
 -0.000013963407  -0.000030828252   0.000015536461
  0.047217651174   0.084557635225  -0.040957904900
  0.000002708070   0.000029977882  -0.000015848427
 -0.000089027817   0.000727269009  -0.000011651779
 -0.000125783097   0.000081077598  -0.000149595142
 -0.000114722053  -0.000067829866   0.000074188098
  0.000078245101  -0.000372465817   0.000054271387
  0.000043598552  -0.000034428874  -0.000000004290
 -0.000175592934   0.000098195074  -0.000003377223
  0.000340527902  -0.000565936902  -0.000750480919
  0.000032271482  -0.000041747386  -0.000017673176
  0.000013278156   0.000028450580   0.000013751891
 -0.000009330842  -0.000002003385  -0.000000215322
  0.000008834451   0.000095278498  -0.000008913595
 -0.000009326227  -0.000048420966   0.000148342407
 -0.000006818498   0.000009933605   0.000007192364
  0.000015777943  -0.000030872100  -0.000006816428
 -0.000011490653  -0.000029980193  -0.000003900429
  0.000020251177  -0.000005779873  -0.000003356725
 -0.001066756948   0.000065868087   0.001170752472
 -0.000200020652   0.000140906396   0.000134555470
 -0.000042687468  -0.000000841404   0.000017919471
  0.003412514783  -0.000109581867  -0.001835307307
  0.001990452084  -0.002220976952  -0.008678531145
 -0.000022974000   0.000005547494  -0.000019756391
 -0.000162323772  -0.000022250641  -0.000020371653
 -0.000111405848  -0.000005515274   0.000025576163
  0.000071132620   0.000007733520   0.000033920061
  0.008068104022   0.000010064906  -0.000064932765
 -0.000020386325  -0.000002485166  -0.000002289645
 -0.000006670624  -0.000001576155  -0.000005877001
  0.000039635665   0.000014345389  -0.000000105737
  0.000007211195  -0.000000796920  -0.000003274272
  0.000001572836  -0.000002228364   0.000028220731
  0.000027746810  -0.000007876273  -0.000016359205
  0.000004875118  -0.000004973112  -0.000001887403
  0.000003145185   0.000001600057  -0.000035450995
 -0.319509305783  -0.000000051314   0.000034866563
 -0.000060819089  -0.000000959860  -0.000001306924
 -0.000057355138   0.000001020933  -0.000002110653
  0.000025361378   0.000055239646   0.000128462864
  0.000227201143   0.000193503630   0.000082984004
  0.000224538097   0.000073398522  -0.000093365049
  0.000029445974  -0.000053621698  -0.000131079547
  0.000228103443  -0.000194371786  -0.000086632633
  0.000226863934  -0.000073111737   0.000087627373
 -0.000073608596  -0.000173441753   0.000135958293
 -0.000019518215   0.000052094735   0.000057065993
 -0.000005596825   0.000003739854   0.000007385115
 -0.000070928883   0.000177920412  -0.000117331927
 -0.000025808554  -0.000052968214  -0.000059782608
 -0.000007454976  -0.000002561272  -0.000007923004
  0.000013913069   0.000002752560   0.000001458951
  0.000003469374   0.000000915285  -0.000002700309
  0.000015513678  -0.000000402390  -0.000002126835
  0.001194062816   0.003725451234  -0.001553553606
  0.001476897810  -0.000944010737  -0.000539566012
 -0.000027703028   0.000023965872   0.000004941858
  0.001196316245  -0.003726501984   0.001542480632
  0.001471538841   0.000946368190   0.000535426702
 -0.000030325405  -0.000024779510   0.000003146823
  0.000021889053   0.000000190410   0.000006528749
  0.000048793027  -0.000000043756   0.000004739627
  0.000113535434  -0.000000343794   0.000002780087
  0.001770577401   0.000010917633  -0.000093624117
 -0.000012072565  -0.000007181543  -0.000004200644
 -0.000011462927   0.000004145244   0.000004762376
  0.000022768895  -0.000003522879  -0.000015705470
  0.000011630091   0.000007550147  -0.000006508521
  0.000007951695  -0.000016018683  -0.000024583088
  0.000029572688   0.000002828318   0.000027729303
  0.000007983743  -0.000012199458   0.000004009903
  0.000010673442   0.000014543033   0.000029899217
 -0.019768897587   0.000000987678   0.000078394514
  0.000011095743  -0.000002948165  -0.000000844184
 -0.000114280884  -0.000000558580  -0.000000494877
  0.000147982276   0.000137303079  -0.000068261698
 -0.000027684249   0.000013080343  -0.000083945272
 -0.000009299603  -0.000081014177   0.000031551916
  0.000151486687  -0.000135768680   0.000064575960
 -0.000024488027  -0.000016116286   0.000089537120
 -0.000005846126   0.000079780180  -0.000026240800
 -0.000249785225  -0.000151795409  -0.000379657084
 -0.000069698831   0.000161218346  -0.000094331526
 -0.000008251696   0.000007622042  -0.000010628398
 -0.000224921904   0.000129038797   0.000403415487
 -0.000053786562  -0.000127981299   0.000109651255
 -0.000013258754  -0.000008750342   0.000005676023
  0.000025780906   0.000003147032  -0.000005502970
  0.000013401725  -0.000002452446  -0.000002805526
  0.000019598096  -0.000000929811   0.000000152377
 -0.002579701869  -0.000993540805  -0.000289406872
 -0.000022906299   0.000194290640  -0.000396199812
 -0.000045236401   0.000007183094  -0.000007892945
 -0.002582073555   0.000997220006   0.000312026730
 -0.000029706692  -0.000198938765   0.000406012539
 -0.000046310183  -0.000008511196  -0.000000964557
  0.000070042678  -0.000000145110  -0.000007426256
  0.000009614582  -0.000000613407  -0.000004878245
  0.000063532031  -0.000000414661  -0.000001429993
 -0.000161520661  -0.000085399648  -0.000086103246
 -0.000030406878   0.000011252589  -0.000047938909
 -0.000022559005   0.000004382295   0.000003746141
 -0.000113302398   0.000051988745   0.000086194184
 -0.000003790599  -0.000015866768   0.000050777117
 -0.000032130448   0.000001080082  -0.000004798550
  0.000102044992   0.000004953569  -0.000000360291
  0.000052247624  -0.000000126811  -0.000000880300
  0.000052925782  -0.000001692034   0.000000216977
 -0.002408103498  -0.001824832105   0.004796427940
 -0.000275439170   0.001008721088   0.000496356879
 -0.000089035529   0.000010359350  -0.000028833745
 -0.002407497344   0.001816759545  -0.004788072390
 -0.000277405170  -0.001009092480  -0.000494381264
 -0.000092178683  -0.000012215117   0.000031877981
 -0.000034641409  -0.000003047824   0.000001461717
 -0.000209342500  -0.000002516620   0.000001150443
  0.000217587993  -0.000002104794   0.000001968036
 -0.000253657979   0.000014688845  -0.000017353474
 -0.000057291468   0.000001187221  -0.000000434685
 -0.000079970047   0.000000492849   0.000000924225
  0.000079984223   0.000018596199  -0.000028791289
  0.000026182273   0.000003499878   0.000000208652
  0.000040107213  -0.000008636138  -0.000006054620
  0.000049036766   0.000000668547   0.000023360115
  0.000028778467  -0.000002668111  -0.000002940132
  0.000035597123   0.000011060856   0.000008300631
  0.032203259576  -0.000006129415   0.000001932086
 -0.000026162964  -0.000004285726   0.000000475780
 -0.000333789674  -0.000001740787   0.000000557509
 -0.000423667626   0.000026430198   0.000040889173
 -0.000247779842   0.000012657657   0.000141272925
  0.000087444511  -0.000046249901   0.000020392415
 -0.000425409288  -0.000024661312  -0.000037436806
 -0.000247579864  -0.000011727176  -0.000138912451
  0.000090525196   0.000047337767  -0.000018243134
  154    2  0.0000  0.0150  0.0000
  0.000471978044   0.000197271605   0.000791979160
 -0.000007165620  -0.000036819852  -0.000007670472
  0.000009744233  -0.000018075792   0.000004688515
 -0.000035722928  -0.000004936540  -0.000001334353
 -0.000047141949  -0.000032263051  -0.000007901080
  0.000004367104  -0.000020888150  -0.000004462025
  0.000007638998   0.000010221129   0.000006039511
  0.000011401396   0.000008547008  -0.000009159103
  0.000004175944  -0.000016411159   0.000010333922
  0.052536432882   0.020646894287   0.020908608301
 -0.000217830434   0.000024381605   0.000056320340
  0.000037693817  -0.000068799378  -0.000052959421
  0.000102570976  -0.000086775985  -0.000221411909
 -0.000157466385   0.000184931012   0.000672094246
  0.000009402975  -0.000227018359  -0.000051580291
 -0.000037714408   0.000158600360   0.000056430112
 -0.000069200076  -0.000126460997  -0.000089722451
 -0.000041172089   0.000051009156   0.000011977759
  0.000102708602   0.000004678101  -0.000172317545
  0.000015589870  -0.000054253398  -0.000019278571
 -0.000003159648   0.000008082470   0.000004486050
  0.000017397365  -0.000019001058  -0.000013877092
 -0.000044226277  -0.000007688402   0.000023349655
  0.000000677203   0.000012479010   0.000005819671
  0.000010194139   0.000005569236  -0.000008634167
  0.000016749415  -0.000002021927  -0.000002397553
  0.000001886390   0.000012396883   0.000002470010
  0.011458919475   0.010117698823   0.017334102147
 -0.000629038284  -0.000063832508  -0.000484399097
 -0.000000615677   0.000045931996   0.000013169289
  0.000672791188   0.000763360008   0.000339013938
 -0.000979184498   0.000408750693  -0.000984236454
 -0.000029088841   0.000059220870  -0.000011672637
  0.000010693695   0.000038392092  -0.000068801118
 -0.000076844147   0.000097166706   0.000006306880
 -0.000002278904   0.000075963057   0.000023306767
 -0.000471978044   0.000197271605   0.000791979160
  0.000007165620  -0.000036819852  -0.000007670472
 -0.000009744233  -0.000018075792   0.000004688515
 -0.000007638998   0.000010221129   0.000006039511
 -0.000011401396   0.000008547008  -0.000009159103
 -0.000004175944  -0.000016411159   0.000010333922
  0.000035722928  -0.000004936540  -0.000001334353
  0.000047141949  -0.000032263051  -0.000007901080
 -0.000004367104  -0.000020888150  -0.000004462025
 -0.052536432882   0.020646894287   0.020908608301
  0.000217830434   0.000024381605   0.000056320340
 -0.000037693817  -0.000068799378  -0.000052959421
  0.000037714408   0.000158600360   0.000056430112
  0.000069200076  -0.000126460997  -0.000089722451
  0.000041172089   0.000051009156   0.000011977759
 -0.000102570976  -0.000086775985  -0.000221411909
  0.000157466385   0.000184931012   0.000672094246
 -0.000009402975  -0.000227018359  -0.000051580291
 -0.000017397365  -0.000019001058  -0.000013877092
  0.000044226277  -0.000007688402   0.000023349655
 -0.000000677203   0.000012479010   0.000005819671
 -0.000102708602   0.000004678101  -0.000172317545
 -0.000015589870  -0.000054253398  -0.000019278571
  0.000003159648   0.000008082470   0.000004486050
 -0.000010194139   0.000005569236  -0.000008634167
 -0.000016749415  -0.000002021927  -0.000002397553
 -0.000001886390   0.000012396883   0.000002470010
 -0.000672791188   0.000763360008   0.000339013938
  0.000979184498   0.000408750693  -0.000984236454
  0.000029088841   0.000059220870  -0.000011672637
 -0.011458919475   0.010117698823   0.017334102147
  0.000629038284  -0.000063832508  -0.000484399097
  0.000000615677   0.000045931996   0.000013169289
 -0.000010693695   0.000038392092  -0.000068801118
  0.000076844147   0.000097166706   0.000006306880
  0.000002278904   0.000075963057   0.000023306767
 -0.000230334282  -0.000017327979  -0.002800711050
  0.000004239845   0.000003088238   0.000009412638
 -0.000004388201  -0.000000054064   0.000009418528
 -0.000009637377   0.000005787791   0.000006150495
  0.000021099369   0.000001381078   0.000002627377
 -0.000017010864   0.000008651977   0.000018729512
 -0.000005835305  -0.000009749412   0.000007078955
 -0.000000624611   0.000006544355  -0.000001599733
 -0.000005876456   0.000007620007   0.000000035885
 -0.084261732766   0.084855054101  -0.045711844428
  0.000015087593   0.000025501797   0.000000780802
 -0.000032072631   0.000091622739   0.000023464506
  0.000281170313   0.000124240791   0.000050496705
  0.000018383087  -0.000078182098   0.000131060380
  0.000028080377  -0.000087596665  -0.000750330859
 -0.000186295076  -0.000131076401   0.000129716332
 -0.000036940606   0.000004382130  -0.000128653491
 -0.000053934375  -0.000018992176  -0.000050288942
 -0.000033896727  -0.000005135503  -0.000064490593
  0.000100533347  -0.000070995148   0.000227403248
  0.000019911081  -0.000008703202  -0.000003814409
  0.000054443927   0.000042656433   0.000014832229
 -0.000009044801   0.000020319624  -0.000002859781
  0.000010831210  -0.000005991212  -0.000000358195
 -0.000008631175  -0.000003752130   0.000008361862
  0.000000820861  -0.000003463889  -0.000002617142
  0.000017172664  -0.000007931924  -0.000002931584
 -0.000845719947  -0.001714415218   0.001821308528
  0.003329449985   0.002451495471  -0.010321523530
  0.000023410658  -0.000018215400   0.000021483770
 -0.000695614113   0.000224359253   0.001628240586
 -0.001328363290  -0.001402380776   0.000033784583
  0.000057416538  -0.000010092606   0.000013132122
 -0.000038566462   0.000038087520   0.000017118139
  0.000135276074   0.000022274218  -0.000050338698
  0.000034395570  -0.000086927318  -0.000003541233
  0.000230334282  -0.000017327979  -0.002800711050
 -0.000004239845   0.000003088238   0.000009412638
  0.000004388201  -0.000000054064   0.000009418528
  0.000005835305  -0.000009749412   0.000007078955
  0.000000624611   0.000006544355  -0.000001599733
  0.000005876456   0.000007620007   0.000000035885
  0.000009637377   0.000005787791   0.000006150495
 -0.000021099369   0.000001381078   0.000002627377
  0.000017010864   0.000008651977   0.000018729512
  0.084261732766   0.084855054101  -0.045711844428
 -0.000015087593   0.000025501797   0.000000780802
  0.000032072631   0.000091622739   0.000023464506
  0.000186295076  -0.000131076401   0.000129716332
  0.000036940606   0.000004382130  -0.000128653491
  0.000053934375  -0.000018992176  -0.000050288942
 -0.000281170313   0.000124240791   0.000050496705
 -0.000018383087  -0.000078182098   0.000131060380
 -0.000028080377  -0.000087596665  -0.000750330859
 -0.000054443927   0.000042656433   0.000014832229
  0.000009044801   0.000020319624  -0.000002859781
 -0.000010831210  -0.000005991212  -0.000000358195
  0.000033896727  -0.000005135503  -0.000064490593
 -0.000100533347  -0.000070995148   0.000227403248
 -0.000019911081  -0.000008703202  -0.000003814409
  0.000008631175  -0.000003752130   0.000008361862
 -0.000000820861  -0.000003463889  -0.000002617142
 -0.000017172664  -0.000007931924  -0.000002931584
  0.000695614113   0.000224359253   0.001628240586
  0.001328363290  -0.001402380776   0.000033784583
 -0.000057416538  -0.000010092606   0.000013132122
  0.000845719947  -0.001714415218   0.001821308528
 -0.003329449985   0.002451495471  -0.010321523530
 -0.000023410658  -0.000018215400   0.000021483770
  0.000038566462   0.000038087520   0.000017118139
 -0.000135276074   0.000022274218  -0.000050338698
 -0.000034395570  -0.000086927318  -0.000003541233
 -0.000000000000   0.009649307062   0.000166996288
 -0.000000000000   0.000009405534  -0.000021834701
 -0.000000000000  -0.000005689496  -0.000014389828
 -0.000001491205   0.000000767735  -0.000013059416
  0.000007942413  -0.000000327615   0.000001984769
  0.000006847015  -0.000002718760  -0.000020378074
  0.000001491205   0.000000767735  -0.000013059416
 -0.000007942413  -0.000000327615   0.000001984769
 -0.000006847015  -0.000002718760  -0.000020378074
 -0.000000000000  -0.324089303683   0.012090479167
 -0.000000000000   0.000093639909   0.000027853451
 -0.000000000000   0.000092455879   0.000084691385
 -0.000056499488  -0.000016529047  -0.000036017840
 -0.000071887067   0.000087959600  -0.000007574935
 -0.000196053946   0.000090535451   0.000054368046
  0.000056499488  -0.000016529047  -0.000036017840
  0.000071887067   0.000087959600  -0.000007574935
  0.000196053946   0.000090535451   0.000054368046
 -0.000173856432  -0.000136696748  -0.000004840857
  0.000054916440  -0.000045579434   0.000062265667
  0.000003385141  -0.000007990385  -0.000017574011
  0.000173856432  -0.000136696748  -0.000004840857
 -0.000054916440  -0.000045579434   0.000062265667
 -0.000003385141  -0.000007990385  -0.000017574011
 -0.000000000000   0.000005174970   0.000001273955
 -0.000000000000   0.000003007989   0.000030371206
 -0.000000000000  -0.000015647866  -0.000013074095
  0.002969872518   0.004431631751  -0.001636465006
 -0.000683660609   0.002206531353   0.001118555565
 -0.000009537401   0.000012321374  -0.000031980464
 -0.002969872518   0.004431631751  -0.001636465006
  0.000683660609   0.002206531353   0.001118555565
  0.000009537401   0.000012321374  -0.000031980464
 -0.000000000000   0.000047189422   0.000101292221
 -0.000000000000  -0.000044072007  -0.000000362936
 -0.000000000000   0.000052350302  -0.000044806191
 -0.000000000000   0.003248578205   0.000041108812
 -0.000000000000   0.000006530258   0.000024065145
 -0.000000000000   0.000007687554  -0.000059559712
  0.000002527110   0.000002849508   0.000002334936
  0.000015269005   0.000004475033   0.000022930560
 -0.000010058424   0.000004518301  -0.000032782674
 -0.000002527110   0.000002849508   0.000002334936
 -0.000015269005   0.000004475033   0.000022930560
  0.000010058424   0.000004518301  -0.000032782674
 -0.000000000000  -0.028298852736  -0.002642087689
 -0.000000000000  -0.000019640431   0.000027289846
 -0.000000000000  -0.000070951994  -0.000021057810
 -0.000046427578  -0.000038663165   0.000024282479
  0.000130011128   0.000020410489  -0.000022749046
 -0.000002780578   0.000055641700   0.000045700618
  0.000046427578  -0.000038663165   0.000024282479
 -0.000130011128   0.000020410489  -0.000022749046
  0.000002780578   0.000055641700   0.000045700618
 -0.000326697825  -0.000179146181  -0.000358788708
  0.000149263640  -0.000082075940   0.000136913197
  0.000000238244   0.000008429267  -0.000002986983
  0.000326697825  -0.000179146181  -0.000358788708
 -0.000149263640  -0.000082075940   0.000136913197
 -0.000000238244   0.000008429267  -0.000002986983
 -0.000000000000  -0.000006304493  -0.000000408985
 -0.000000000000   0.000002137813  -0.000009115781
 -0.000000000000   0.000000203142   0.000001915245
 -0.001002837489  -0.002852740578   0.000270425920
  0.000198435576  -0.000652057440  -0.000085549389
  0.000008122776  -0.000039383152   0.000042352311
  0.001002837489  -0.002852740578   0.000270425920
 -0.000198435576  -0.000652057440  -0.000085549389
 -0.000008122776  -0.000039383152   0.000042352311
 -0.000000000000   0.000135538127  -0.000122304443
 -0.000000000000   0.000059499347  -0.000038582670
 -0.000000000000  -0.000051879203   0.000047016401
 -0.000046423988  -0.000055473351   0.000020892553
 -0.000054559039   0.000039877236   0.000034374221
  0.000002013974   0.000009453558   0.000009394018
  0.000046423988  -0.000055473351   0.000020892553
  0.000054559039   0.000039877236   0.000034374221
 -0.000002013974   0.000009453558   0.000009394018
 -0.000000000000  -0.000004116484  -0.000006837755
 -0.000000000000   0.000010189753  -0.000000675596
 -0.000000000000   0.000006725658   0.000005192147
 -0.003703005872   0.002841892414  -0.000589450285
 -0.000796569720   0.000330825654   0.000006885060
 -0.000000343043   0.000046277964  -0.000042979438
  0.003703005872   0.002841892414  -0.000589450285
  0.000796569720   0.000330825654   0.000006885060
  0.000000343043   0.000046277964  -0.000042979438
 -0.000000000000  -0.000216440736  -0.000016958820
 -0.000000000000   0.000057993286   0.000111814954
 -0.000000000000   0.000002241396  -0.000001016870
 -0.000000000000   0.000068720637   0.003460289170
 -0.000000000000  -0.000000276212   0.000009171097
 -0.000000000000   0.000007116887   0.000014195980
  0.000028256247  -0.000025848458  -0.000017741912
  0.000014994625   0.000009062437  -0.000012902666
  0.000004305353   0.000007553876   0.000015764090
 -0.000028256247  -0.000025848458  -0.000017741912
 -0.000014994625   0.000009062437  -0.000012902666
 -0.000004305353   0.000007553876   0.000015764090
 -0.000000000000   0.094806660235   0.024785261503
 -0.000000000000  -0.000096429127  -0.000293681266
 -0.000000000000   0.000012431519  -0.000014654875
  0.000344694756  -0.000154505361  -0.000086740454
 -0.000134153236  -0.000068957516  -0.000051318406
 -0.000032142104   0.000016704273   0.000010608132
 -0.000344694756  -0.000154505361  -0.000086740454
  0.000134153236  -0.000068957516  -0.000051318406
  0.000032142104   0.000016704273   0.000010608132
  154    3  0.0000  0.0000  0.0150
 -0.001455455605  -0.000819652218   0.000728779528
  0.000069981061  -0.000068040778   0.000020296075
  0.000014066577  -0.000034895765   0.000005092647
  0.000405314808   0.000130056133   0.000031481861
  0.000131971962   0.000037755575   0.000026518130
  0.000025056792  -0.000028120060   0.000014705783
 -0.000052492226  -0.000110480112   0.000013720186
 -0.000021190563  -0.000165698244  -0.000007252635
 -0.000000712763  -0.000017231809  -0.000014266378
  0.047338724619   0.018591847551   0.037654180581
 -0.000111598099  -0.000525002908  -0.000036850722
 -0.000012453071  -0.000075780915  -0.000056069676
 -0.001458516674   0.000316091251   0.000080379922
 -0.000489889232  -0.000043176709   0.000062472316
  0.000052688150  -0.000168948109  -0.000049549255
  0.000073711922   0.000514403431  -0.000067283873
  0.000035804183  -0.000038404211   0.000063646452
 -0.000092958375   0.000100091822   0.000024957514
 -0.000913392497  -0.000733287102   0.000065291432
 -0.000143736085   0.000261321965   0.000028408415
 -0.000029454733   0.000024046174   0.000006437412
  0.000338003124   0.000292562807  -0.000036871478
  0.000009918023   0.000093892392  -0.000062024686
 -0.000010322313   0.000060132529   0.000007958555
 -0.000129953561   0.000023553178   0.000019541274
 -0.000099827637   0.000067648607   0.000011205049
 -0.000020843016   0.000041140340   0.000010713241
  0.003018043549  -0.000722228773   0.000633447824
 -0.000286688216   0.000600590938  -0.000053862632
  0.000040311182   0.000122124050   0.000009733348
 -0.001486569489  -0.000591697487   0.000088196140
  0.000077026613   0.000004193962  -0.000113372158
  0.000031382124   0.000150300401  -0.000006988976
  0.000400347128  -0.000023448800   0.000052651374
  0.000104019550  -0.000053833317  -0.000012499773
  0.000082510360   0.000087948033  -0.000021914255
  0.001455455605  -0.000819652218   0.000728779528
 -0.000069981061  -0.000068040778   0.000020296075
 -0.000014066577  -0.000034895765   0.000005092647
  0.000052492226  -0.000110480112   0.000013720186
  0.000021190563  -0.000165698244  -0.000007252635
  0.000000712763  -0.000017231809  -0.000014266378
 -0.000405314808   0.000130056133   0.000031481861
 -0.000131971962   0.000037755575   0.000026518130
 -0.000025056792  -0.000028120060   0.000014705783
 -0.047338724619   0.018591847551   0.037654180581
  0.000111598099  -0.000525002908  -0.000036850722
  0.000012453071  -0.000075780915  -0.000056069676
 -0.000073711922   0.000514403431  -0.000067283873
 -0.000035804183  -0.000038404211   0.000063646452
  0.000092958375   0.000100091822   0.000024957514
  0.001458516674   0.000316091251   0.000080379922
  0.000489889232  -0.000043176709   0.000062472316
 -0.000052688150  -0.000168948109  -0.000049549255
 -0.000338003124   0.000292562807  -0.000036871478
 -0.000009918023   0.000093892392  -0.000062024686
  0.000010322313   0.000060132529   0.000007958555
  0.000913392497  -0.000733287102   0.000065291432
  0.000143736085   0.000261321965   0.000028408415
  0.000029454733   0.000024046174   0.000006437412
  0.000129953561   0.000023553178   0.000019541274
  0.000099827637   0.000067648607   0.000011205049
  0.000020843016   0.000041140340   0.000010713241
  0.001486569489  -0.000591697487   0.000088196140
 -0.000077026613   0.000004193962  -0.000113372158
 -0.000031382124   0.000150300401  -0.000006988976
 -0.003018043549  -0.000722228773   0.000633447824
  0.000286688216   0.000600590938  -0.000053862632
 -0.000040311182   0.000122124050   0.000009733348
 -0.000400347128  -0.000023448800   0.000052651374
 -0.000104019550  -0.000053833317  -0.000012499773
 -0.000082510360   0.000087948033  -0.000021914255
 -0.000467372818   0.000720149595   0.001031884198
 -0.000085371915   0.000010230574  -0.000019891988
  0.000061570218  -0.000031739225   0.000015001249
 -0.000044295660  -0.000074699558  -0.000007854666
 -0.000072675398  -0.000006966848   0.000009305901
  0.000060160716  -0.000080664854   0.000023262042
  0.000043834702  -0.000010376216  -0.000015844314
 -0.000003514361   0.000034513494  -0.000017608872
 -0.000015869313   0.000027547056   0.000018883466
  0.028583741635  -0.040893534869   0.037953102559
 -0.000156745358   0.000088527677   0.000025387513
 -0.000112154460   0.000363124922   0.000011975749
  0.000605472554   0.000334224142   0.000054283019
  0.000140035771   0.000108491435  -0.000051439871
 -0.000179878174  -0.000055091945  -0.000056113629
 -0.000325260100  -0.000037026996   0.000023148897
 -0.000107644819   0.000152393954   0.000040411775
 -0.000141986700  -0.000025434620   0.000003671562
  0.000240401354  -0.000024956309   0.000015244114
 -0.000173258711   0.000463013269   0.000010309141
  0.000042113868  -0.000011299978  -0.000005432171
 -0.000148724043  -0.000054279048  -0.000231102540
 -0.000104054660  -0.000269235362   0.000065210649
  0.000032118768  -0.000030417910  -0.000003103657
  0.000022091063   0.000046994539  -0.000000474468
  0.000037038788   0.000028821349   0.000009079692
  0.000031101223  -0.000022533115   0.000003751934
 -0.001943866856  -0.001104867842   0.000244202377
 -0.000529762515   0.002169599871   0.000908337992
  0.000112663031  -0.000060791913   0.000019226595
  0.001020907370  -0.001376425259   0.000689047650
  0.000320511171   0.000108682967   0.000046249179
  0.000086773207  -0.000113867649   0.000014276769
 -0.000074834963  -0.000038056557  -0.000007749454
  0.000169280288  -0.000084082328   0.000022882836
  0.000045291138  -0.000118271108   0.000005195813
  0.000467372818   0.000720149595   0.001031884198
  0.000085371915   0.000010230574  -0.000019891988
 -0.000061570218  -0.000031739225   0.000015001249
 -0.000043834702  -0.000010376216  -0.000015844314
  0.000003514361   0.000034513494  -0.000017608872
  0.000015869313   0.000027547056   0.000018883466
  0.000044295660  -0.000074699558  -0.000007854666
  0.000072675398  -0.000006966848   0.000009305901
 -0.000060160716  -0.000080664854   0.000023262042
 -0.028583741635  -0.040893534869   0.037953102559
  0.000156745358   0.000088527677   0.000025387513
  0.000112154460   0.000363124922   0.000011975749
  0.000325260100  -0.000037026996   0.000023148897
  0.000107644819   0.000152393954   0.000040411775
  0.000141986700  -0.000025434620   0.000003671562
 -0.000605472554   0.000334224142   0.000054283019
 -0.000140035771   0.000108491435  -0.000051439871
  0.000179878174  -0.000055091945  -0.000056113629
  0.000148724043  -0.000054279048  -0.000231102540
  0.000104054660  -0.000269235362   0.000065210649
 -0.000032118768  -0.000030417910  -0.000003103657
 -0.000240401354  -0.000024956309   0.000015244114
  0.000173258711   0.000463013269   0.000010309141
 -0.000042113868  -0.000011299978  -0.000005432171
 -0.000022091063   0.000046994539  -0.000000474468
 -0.000037038788   0.000028821349   0.000009079692
 -0.000031101223  -0.000022533115   0.000003751934
 -0.001020907370  -0.001376425259   0.000689047650
 -0.000320511171   0.000108682967   0.000046249179
 -0.000086773207  -0.000113867649   0.000014276769
  0.001943866856  -0.001104867842   0.000244202377
  0.000529762515   0.002169599871   0.000908337992
 -0.000112663031  -0.000060791913   0.000019226595
  0.000074834963  -0.000038056557  -0.000007749454
 -0.000169280288  -0.000084082328   0.000022882836
 -0.000045291138  -0.000118271108   0.000005195813
 -0.000000000000  -0.000676579888  -0.009942494727
 -0.000000000000  -0.000013619878   0.000137294291
 -0.000000000000   0.000079687586   0.000068708795
 -0.000050323329  -0.000001499283   0.000174443723
 -0.000048132426   0.000026983510   0.000136067845
 -0.000010889768   0.000060191024   0.000096722241
  0.000050323329  -0.000001499283   0.000174443723
  0.000048132426   0.000026983510   0.000136067845
  0.000010889768   0.000060191024   0.000096722241
 -0.000000000000   0.011358927347  -0.275004547277
 -0.000000000000   0.000097010549  -0.000100990763
 -0.000000000000   0.000023393623  -0.000092112170
 -0.000128781380  -0.000039790947  -0.000383538704
  0.000081393854   0.000056957780  -0.000189398543
 -0.000090344326  -0.000001903351  -0.000196683796
  0.000128781380  -0.000039790947  -0.000383538704
 -0.000081393854   0.000056957780  -0.000189398543
  0.000090344326  -0.000001903351  -0.000196683796
  0.000132361809  -0.000005825030  -0.000236165678
  0.000057666165   0.000063927908  -0.000237188821
  0.000009544654  -0.000014618594  -0.000070432459
 -0.000132361809  -0.000005825030  -0.000236165678
 -0.000057666165   0.000063927908  -0.000237188821
 -0.000009544654  -0.000014618594  -0.000070432459
 -0.000000000000   0.000001215367  -0.000120573313
 -0.000000000000   0.000029053625  -0.000130131661
 -0.000000000000  -0.000008960578  -0.000053763264
  0.000905586427   0.001350947352   0.000886001361
  0.000009463671   0.000230258536   0.000959974596
 -0.000003637129   0.000020079777   0.000068126261
 -0.000905586427   0.001350947352   0.000886001361
 -0.000009463671   0.000230258536   0.000959974596
  0.000003637129   0.000020079777   0.000068126261
 -0.000000000000   0.000031334829   0.000299120833
 -0.000000000000   0.000042639356   0.000183843065
 -0.000000000000   0.000010624962   0.000077697627
 -0.000000000000  -0.000061466484   0.000770776228
 -0.000000000000   0.000060914430  -0.000110430681
 -0.000000000000  -0.000022255829  -0.000127534145
 -0.000017913603  -0.000004629622  -0.000210295386
 -0.000028798923   0.000033110410  -0.000091494262
 -0.000006860405  -0.000020081350  -0.000099880134
  0.000017913603  -0.000004629622  -0.000210295386
  0.000028798923   0.000033110410  -0.000091494262
  0.000006860405  -0.000020081350  -0.000099880134
 -0.000000000000   0.006067816512   0.098572527790
 -0.000000000000   0.000074007195   0.000148373387
 -0.000000000000  -0.000137938636   0.000198310501
 -0.000063523926  -0.000060448046   0.000472569271
 -0.000050876698   0.000064824100   0.000118059398
 -0.000067276425   0.000010934242   0.000170685008
  0.000063523926  -0.000060448046   0.000472569271
  0.000050876698   0.000064824100   0.000118059398
  0.000067276425   0.000010934242   0.000170685008
  0.000102810999   0.000004557711   0.000149107691
  0.000086237029  -0.000146730283   0.000156502586
  0.000001542592  -0.000013941405   0.000066842668
 -0.000102810999   0.000004557711   0.000149107691
 -0.000086237029  -0.000146730283   0.000156502586
 -0.000001542592  -0.000013941405   0.000066842668
 -0.000000000000  -0.000025559291   0.000130382208
 -0.000000000000  -0.000033556079   0.000108936190
 -0.000000000000  -0.000036604657   0.000083106623
  0.000316310974  -0.000256313900  -0.002390487342
  0.000417611356   0.000068729559  -0.001347510256
  0.000005285926  -0.000041157795  -0.000047853171
 -0.000316310974  -0.000256313900  -0.002390487342
 -0.000417611356   0.000068729559  -0.001347510256
 -0.000005285926  -0.000041157795  -0.000047853171
 -0.000000000000   0.000115270081  -0.000303010875
 -0.000000000000   0.000037035138  -0.000146135832
 -0.000000000000  -0.000046569190  -0.000126205765
  0.000432376795   0.000098399024   0.000128458438
  0.000162368904  -0.000160194644  -0.000094486715
  0.000034824951  -0.000001207829   0.000005498204
 -0.000432376795   0.000098399024   0.000128458438
 -0.000162368904  -0.000160194644  -0.000094486715
 -0.000034824951  -0.000001207829   0.000005498204
 -0.000000000000  -0.000010120193  -0.000025330104
 -0.000000000000  -0.000022216124  -0.000009393098
 -0.000000000000   0.000013761659  -0.000017821577
 -0.004058697300  -0.001713282228  -0.001222809677
 -0.001055733439   0.001072324106  -0.000046073115
  0.000029344246   0.000016268734  -0.000018769726
  0.004058697300  -0.001713282228  -0.001222809677
  0.001055733439   0.001072324106  -0.000046073115
 -0.000029344246   0.000016268734  -0.000018769726
 -0.000000000000  -0.000178808057  -0.000019485901
 -0.000000000000   0.000173144822  -0.000051541598
 -0.000000000000   0.000017240110   0.000049113301
 -0.000000000000  -0.000120184500   0.000526532970
 -0.000000000000  -0.000086281312   0.000033858709
 -0.000000000000   0.000049983177  -0.000013463436
 -0.000273799862   0.000045300832   0.000005138813
 -0.000132498295  -0.000089946053  -0.000001999586
 -0.000063334377   0.000030615982  -0.000030159296
  0.000273799862   0.000045300832   0.000005138813
  0.000132498295  -0.000089946053  -0.000001999586
  0.000063334377   0.000030615982  -0.000030159296
 -0.000000000000   0.027724165655   0.031776556870
 -0.000000000000   0.000070990272  -0.000064628262
 -0.000000000000  -0.000111457567  -0.000067846012
  0.000999347295  -0.000214251989  -0.000068418025
  0.000189636755   0.000060467179   0.000090030023
  0.000071058936  -0.000203543591   0.000012841494
 -0.000999347295  -0.000214251989  -0.000068418025
 -0.000189636755   0.000060467179   0.000090030023
 -0.000071058936  -0.000203543591   0.000012841494
  217    1  0.0150  0.0000  0.0000
  0.122407232292   0.074336189964   0.000321503057
  0.000370489738  -0.000029855584   0.000067764521
  0.001944766756  -0.000319396890  -0.000128544557
 -0.003007304790  -0.001579965569  -0.000450585603
 -0.000768216032  -0.000514534942  -0.000110828758
 -0.000567547327  -0.000476667109  -0.000164297955
 -0.002759826320  -0.001744646347  -0.000153095570
  0.000185820335   0.000470665707   0.000021609349
 -0.001284978015  -0.000335887509  -0.000346391031
  0.000938953622   0.000425214961  -0.000049872118
  0.000129231061   0.000023945966  -0.000013223666
  0.000328260417   0.000132822701  -0.000024846598
 -0.000435895280  -0.000272404457   0.000043917814
 -0.000179031718  -0.000135897202   0.000028646393
 -0.000165258656  -0.000062548945   0.000027959938
 -0.000172901378   0.000147224994   0.000043595336
  0.000039662502   0.000107259409  -0.000006655932
 -0.000150518622  -0.000020986083  -0.000021488428
  0.077538125261  -0.088895442801   0.002584538598
  0.000291686498  -0.000058324033  -0.000193277182
  0.001048199250   0.001163236680  -0.000079858181
 -0.002857415757  -0.002116184762   0.000452215401
 -0.000341076889  -0.000295901732   0.000185755230
 -0.000984323434  -0.000408530241   0.000125049297
 -0.005527137821  -0.002489160505   0.000954929190
  0.000473456190  -0.000561078633  -0.000021084768
 -0.001300300627  -0.000368132572   0.000229478061
  0.000663914065  -0.000337916459  -0.000517625630
  0.000112876393   0.000001602517   0.000028545295
  0.000267897173   0.000218157429   0.000028412356
 -0.000521480454  -0.000169798652  -0.000033844621
 -0.000216887017  -0.000043906494  -0.000036585580
 -0.000191725729  -0.000066578936  -0.000018512330
 -0.000016545229  -0.000156592759   0.000018569654
  0.000078975934   0.000025344489   0.000014120442
 -0.000074524356  -0.000156460571  -0.000000520944
 -0.002764252498   0.001747103695   0.000154634644
  0.000188687620  -0.000472733874  -0.000023787736
 -0.001280019790   0.000335473095   0.000343617932
 -0.002996746745   0.001577624334   0.000446837058
 -0.000769000023   0.000513765570   0.000107849129
 -0.000569519453   0.000475963243   0.000160803610
  0.122392728581  -0.074329657420  -0.000314862468
  0.000375144329   0.000025496430  -0.000070222770
  0.001946368785   0.000320560016   0.000126504500
 -0.000234210994  -0.000117122594  -0.000045924357
  0.000039028905  -0.000109493123   0.000009298691
 -0.000157260650   0.000025848819   0.000021324697
 -0.000422868808   0.000279666626  -0.000032639317
 -0.000173345640   0.000136289349  -0.000026114501
 -0.000175755750   0.000065055290  -0.000027314599
  0.000927041782  -0.000415304439   0.000057521151
  0.000139530945  -0.000037824940   0.000018626795
  0.000319402873  -0.000122687902   0.000026623821
  0.077554407387   0.088896789560  -0.002585702935
  0.000298208635   0.000051662897   0.000191757348
  0.001046442877  -0.001164143571   0.000076386709
 -0.005533751547   0.002502896515  -0.000957653238
  0.000475208225   0.000555215212   0.000019047422
 -0.001297699153   0.000365750296  -0.000232372521
 -0.002842002580   0.002108558240  -0.000456234333
 -0.000338753311   0.000296117342  -0.000187969886
 -0.000984881571   0.000408425152  -0.000129012004
  0.000715888544   0.000353460938   0.000536669103
  0.000140991015  -0.000015353031  -0.000023554058
  0.000264551831  -0.000219808172  -0.000027012356
 -0.000029288962   0.000185132776  -0.000003494455
  0.000083910553  -0.000038341762  -0.000006033670
 -0.000071204015   0.000152854211   0.000001805591
 -0.000479038852   0.000149479286   0.000041151637
 -0.000202573144   0.000041076019   0.000036205349
 -0.000192049852   0.000064881124   0.000019883223
  0.011385452879   0.009522088248   0.000160503165
 -0.000148844467  -0.000028766818   0.000053058406
 -0.004953449228  -0.001563704558  -0.001018547182
  0.001221173526   0.000205934593  -0.000176773784
  0.000084945702   0.000197423691  -0.000051741790
  0.000056445401   0.000700868868  -0.000075908509
  0.000680741861  -0.000472391251  -0.000254533322
 -0.000017578751  -0.000021105449   0.000014079086
 -0.000506411910  -0.000520034061   0.000276838415
  0.000037232772  -0.000177418735   0.000015032715
 -0.000016839736  -0.000035083303  -0.000019654138
 -0.000039817118  -0.000064712590  -0.000002708101
  0.000102860650   0.000058017639   0.000042995134
  0.000027425126   0.000050226446   0.000026845964
 -0.000041434881   0.000154911853   0.000028585993
 -0.000120628906   0.000060242165  -0.000082712451
 -0.000014226489  -0.000017723578  -0.000004802950
  0.000012934871  -0.000038705797  -0.000023065495
  0.013802099197  -0.014253864376   0.002885190052
  0.000723968803  -0.002647380277   0.000002012719
 -0.000276808834  -0.000033383793  -0.000107962407
  0.001438300226   0.000529945200   0.000301090312
  0.000201347987   0.000794461735  -0.000073470920
  0.000325525245   0.000068788463   0.000178396821
  0.002488823583   0.000555925184   0.000163394778
 -0.000756931153   0.000919566043   0.000043550417
  0.000551680843  -0.000011332740   0.000054904246
  0.000151299253  -0.000156967156   0.000644435725
  0.000078159314  -0.000199997780   0.000033165370
 -0.000070301958  -0.000027952859   0.000033000495
  0.000023956974   0.000161380309  -0.000027944374
 -0.000005476085   0.000112064658   0.000007900623
  0.000019395757   0.000050722211  -0.000025521933
  0.000048776206  -0.000047780980  -0.000020552847
 -0.000061623674   0.000082595553  -0.000013642877
  0.000040365917  -0.000013238562  -0.000003550359
  0.000689064564   0.000473871037   0.000257624507
 -0.000013841129   0.000024117810  -0.000016355120
 -0.000505435331   0.000523398930  -0.000277957903
  0.001219796851  -0.000206275332   0.000175772435
  0.000085597145  -0.000198462591   0.000048579424
  0.000055730386  -0.000702310790   0.000072060688
  0.011391939673  -0.009525818293  -0.000156409331
 -0.000145435509   0.000029976128  -0.000055552020
 -0.004949992294   0.001568729155   0.001017040610
 -0.000146012190  -0.000102972438   0.000077398823
 -0.000009520393   0.000018793572   0.000005572998
  0.000008879098   0.000038337466   0.000029475376
  0.000077179603  -0.000080293642  -0.000037640017
  0.000028178142  -0.000050955775  -0.000025307706
 -0.000041449902  -0.000159121847  -0.000022547064
  0.000006621829   0.000137456416  -0.000014194604
 -0.000016146539   0.000034301156   0.000021924389
 -0.000031489239   0.000072187504   0.000010905997
  0.013818398511   0.014275371792  -0.002884017634
  0.000721579738   0.002643497626  -0.000002651796
 -0.000274800453   0.000033675934   0.000105637759
  0.002495722142  -0.000547673568  -0.000166792092
 -0.000763092306  -0.000927734385  -0.000044130144
  0.000554707775   0.000013704626  -0.000057022242
  0.001439584758  -0.000525610531  -0.000303199326
  0.000204754771  -0.000791496420   0.000071395890
  0.000329533364  -0.000067189568  -0.000181351776
  0.000175541254   0.000198838376  -0.000634033346
  0.000077049875   0.000207206102  -0.000013437950
 -0.000066687159   0.000029086466  -0.000031655363
  0.000069362803   0.000068665744   0.000032581077
 -0.000071147316  -0.000091741154   0.000025708082
  0.000045356896   0.000019087409   0.000004559785
  0.000027126025  -0.000150567212   0.000030281235
 -0.000002362101  -0.000101443523   0.000003094435
  0.000027289810  -0.000046738820   0.000026940529
 -0.001747024221  -0.002637196598  -0.002906888290
 -0.000124011261   0.000028588332   0.000019409310
 -0.000030219625  -0.001378429510  -0.000915339139
  0.000426096921   0.000000337953  -0.000003369265
  0.000277146043  -0.000002198898  -0.000004611346
  0.000015996451   0.000000281844  -0.000003584380
 -0.001745319329   0.002640864708   0.002952325573
 -0.000123239707  -0.000033854014  -0.000024308448
 -0.000028664506   0.001378709050   0.000912222327
 -0.000128917246  -0.000019366678   0.000437264949
 -0.000025489014  -0.000005604459   0.000047696069
 -0.000014191364  -0.000047904688   0.000164262285
  0.000087405726  -0.000000475246  -0.000010141136
  0.000048789676  -0.000002955673   0.000005908215
  0.000043004440  -0.000000605242  -0.000001348086
 -0.000123949830   0.000042863915  -0.000419740656
 -0.000026817684  -0.000005475550  -0.000031962432
 -0.000012949166   0.000053221415  -0.000163978972
  0.032371095882   0.000004807810   0.000011759299
 -0.000018505759  -0.000000939670   0.000000192859
 -0.000326161978  -0.000001158909   0.000001821445
 -0.000416240018   0.000349577321   0.001035325979
 -0.000252198695  -0.000136649170   0.000196977706
  0.000083120773  -0.000030736148   0.000074809662
 -0.000418252186  -0.000347717061  -0.001022728861
 -0.000251150460   0.000135110818  -0.000196498924
  0.000083948602   0.000029008192  -0.000071543555
 -0.000085036913  -0.000009815637  -0.000003539807
 -0.000058030457   0.000016302793  -0.000004741765
 -0.000094801942  -0.000000763765  -0.000002257477
  0.000063575130  -0.000075371298  -0.000349347107
  0.000031633206   0.000014364910  -0.000104531418
  0.000031827218  -0.000029086887  -0.000085805252
  0.000050917298   0.000067836358   0.000342602874
  0.000024704772   0.000000690900   0.000098558475
  0.000034145041   0.000026709649   0.000081619611
 -0.002449083842  -0.003715805635   0.004038273397
 -0.000090858479  -0.000002932295  -0.000035087192
 -0.000284451492  -0.000778375183   0.001045609448
 -0.000036693242   0.000000301892   0.000001121757
  0.000220975277  -0.000000275388   0.000000955910
 -0.000213541687   0.000000052459   0.000001746166
 -0.002449527289   0.003719854350  -0.004075116239
 -0.000090665880   0.000001563300   0.000032648529
 -0.000284043459   0.000779715708  -0.001049194463
 -0.000340800827   0.000108679189  -0.000722910272
 -0.000034134233   0.000014502889  -0.000040178375
 -0.000116593286   0.000086072369  -0.000317355112
  0.000123511000   0.000004307910   0.000012496679
  0.000067684769  -0.000003386265  -0.000001855396
  0.000061586084  -0.000001280519   0.000001399057
 -0.000348103320  -0.000100082237   0.000575163665
 -0.000035686712  -0.000020935109   0.000037433793
 -0.000115976004  -0.000089827811   0.000320008583
  0.024602495529  -0.000001885705  -0.000009673917
 -0.000322518383   0.000002449345  -0.000004572168
 -0.000445273574  -0.000000626556  -0.000004496753
  0.000316300618   0.000169612701  -0.000991674919
 -0.000087595616   0.000218415855  -0.000235580168
  0.000323551561  -0.000147269102  -0.000139530455
  0.000312869085  -0.000170367754   0.000978417435
 -0.000087025572  -0.000215440068   0.000225919567
  0.000325577327   0.000145798229   0.000130053281
 -0.000256140690   0.000001713613  -0.000009385359
 -0.000049019485  -0.000001006769   0.000001406194
 -0.000073667859   0.000000589688   0.000004657556
  0.000062161957   0.000030446858   0.000270103285
  0.000019999884   0.000012908810   0.000135129509
  0.000032849711   0.000005563220   0.000066339416
  0.000060990421  -0.000026988134  -0.000272752153
  0.000023937172  -0.000013107015  -0.000126914222
  0.000033977292  -0.000005224044  -0.000060206857
 -0.560304205936  -0.000019146353  -0.000000810233
 -0.001184033160  -0.000002050731  -0.000000026326
 -0.001180178794   0.000000546416  -0.000001319047
  0.005747836085   0.000450697446   0.000099665422
  0.000840218118   0.000520397139   0.000114051306
  0.000835284339  -0.000174981054  -0.000027247568
  0.005746941953  -0.000460110605  -0.000100230335
  0.000837417821  -0.000523835291  -0.000114868586
  0.000836637291   0.000172656895   0.000023929263
 -0.001580141514  -0.000026121642   0.000009588061
 -0.000252248304  -0.000003734673   0.000000514500
 -0.000231121701   0.000001235784   0.000002402096
  0.000241518955  -0.000055878422   0.000074048177
  0.000131390451   0.000009407311  -0.000011806441
  0.000110252026  -0.000021280227   0.000033966894
  0.000203208237   0.000036247685  -0.000061573205
  0.000115588821  -0.000014008530   0.000014645903
  0.000114401872   0.000017940848  -0.000030038195
  0.034891024163  -0.005070584182   0.000630849999
 -0.000370053153  -0.000105098189   0.000018697075
  0.001849317615  -0.001729752506   0.000393467336
  0.004242493087  -0.000000914905  -0.000001525609
  0.000690662715   0.000000841675  -0.000000822498
  0.001650466285  -0.000000177335  -0.000001381096
  0.034895905633   0.005062001452  -0.000627193219
 -0.000369596195   0.000099393757  -0.000018303307
  0.001850821358   0.001725515203  -0.000395134367
 -0.000214576684   0.000005491832   0.000083005021
 -0.000092988879   0.000001150435   0.000014101590
 -0.000119819235  -0.000001769109   0.000030732396
  0.000398554090   0.000012820020   0.000005964570
  0.000186330088   0.000001059165   0.000002735375
  0.000259567638   0.000002096938   0.000000309867
 -0.000234711741  -0.000000552142  -0.000087785727
 -0.000092008954  -0.000000000312  -0.000007961850
 -0.000123550594   0.000004736757  -0.000029836058
  217    2  0.0000  0.0150  0.0000
  0.072524806326   0.055968805029   0.000090287241
 -0.000020214097  -0.000128943227  -0.000045457787
 -0.000975960333   0.001365460462   0.000097851732
  0.000057547916   0.000195916630  -0.000037733913
 -0.000128697775  -0.000107630322  -0.000035366278
  0.000285418428  -0.000172253101   0.000031730024
  0.001227521766   0.002602803352   0.000927563044
 -0.000105335876  -0.000237944580  -0.000039522785
 -0.000679023738  -0.000731542929  -0.000072115462
  0.000114857028  -0.000065343318  -0.000158505871
 -0.000042528963  -0.000054705417   0.000009928102
 -0.000074695259   0.000022185814   0.000002861097
  0.000016357257   0.000042229551  -0.000004689771
 -0.000034942560  -0.000038677926   0.000011185495
  0.000007390703   0.000009290847  -0.000003472648
  0.000163324403   0.000143085321  -0.000081288145
 -0.000032588735  -0.000045324379   0.000010597678
 -0.000099728471  -0.000027275938  -0.000013362760
 -0.050892918235   0.056420472321  -0.006256350728
  0.000060360013   0.000004586014   0.000113973123
 -0.000216451676  -0.000679428575  -0.000013663455
 -0.000116154846  -0.000484456256  -0.000033425813
  0.000084822896  -0.000098394380   0.000098175756
  0.000161370656   0.000275316848   0.000013397272
  0.000846004415  -0.000849097044  -0.000135605114
 -0.000106417353  -0.000092091138   0.000015947391
 -0.001047922548   0.000008855252   0.000161200679
 -0.000114702139   0.000097746205   0.000351737902
 -0.000058213077  -0.000042512290  -0.000020025429
  0.000002010099  -0.000053570793  -0.000004116428
  0.000023997408   0.000017620126   0.000016992531
 -0.000055339604  -0.000023873147  -0.000017923792
  0.000022659533  -0.000005925531  -0.000008218996
  0.000112752106   0.000116815610   0.000014266075
 -0.000051549836  -0.000040899563  -0.000010889115
 -0.000046934211  -0.000055750273  -0.000005359992
 -0.001227521766   0.002602803352   0.000927563044
  0.000105335876  -0.000237944580  -0.000039522785
  0.000679023738  -0.000731542929  -0.000072115462
 -0.000057547916   0.000195916630  -0.000037733913
  0.000128697775  -0.000107630322  -0.000035366278
 -0.000285418428  -0.000172253101   0.000031730024
 -0.072524806326   0.055968805029   0.000090287241
  0.000020214097  -0.000128943227  -0.000045457787
  0.000975960333   0.001365460462   0.000097851732
 -0.000163324403   0.000143085321  -0.000081288145
  0.000032588735  -0.000045324379   0.000010597678
  0.000099728471  -0.000027275938  -0.000013362760
 -0.000016357257   0.000042229551  -0.000004689771
  0.000034942560  -0.000038677926   0.000011185495
 -0.000007390703   0.000009290847  -0.000003472648
 -0.000114857028  -0.000065343318  -0.000158505871
  0.000042528963  -0.000054705417   0.000009928102
  0.000074695259   0.000022185814   0.000002861097
  0.050892918235   0.056420472321  -0.006256350728
 -0.000060360013   0.000004586014   0.000113973123
  0.000216451676  -0.000679428575  -0.000013663455
 -0.000846004415  -0.000849097044  -0.000135605114
  0.000106417353  -0.000092091138   0.000015947391
  0.001047922548   0.000008855252   0.000161200679
  0.000116154846  -0.000484456256  -0.000033425813
 -0.000084822896  -0.000098394380   0.000098175756
 -0.000161370656   0.000275316848   0.000013397272
  0.000114702139   0.000097746205   0.000351737902
  0.000058213077  -0.000042512290  -0.000020025429
 -0.000002010099  -0.000053570793  -0.000004116428
 -0.000112752106   0.000116815610   0.000014266075
  0.000051549836  -0.000040899563  -0.000010889115
  0.000046934211  -0.000055750273  -0.000005359992
 -0.000023997408   0.000017620126   0.000016992531
  0.000055339604  -0.000023873147  -0.000017923792
 -0.000022659533  -0.000005925531  -0.000008218996
  0.014452297689   0.006976232506  -0.000546557571
  0.000116366114  -0.000066611069   0.000057911034
  0.004120891589   0.003005504627   0.000125086462
 -0.000012745848   0.000037524670  -0.000009064995
  0.000159910232  -0.000050322188   0.000074017458
 -0.000084461603  -0.000008869430  -0.000018107845
 -0.002282614433   0.001215952539   0.001191542161
  0.000084185974  -0.000118069354   0.000050167487
 -0.000070379141  -0.000047978958  -0.000011909680
  0.000030758234   0.000001559703   0.000065786302
  0.000055213669  -0.000043413645  -0.000021330945
 -0.000022838098   0.000085876322   0.000042113352
 -0.000016553930   0.000024094094   0.000020312442
  0.000050256450  -0.000039991546  -0.000022234246
 -0.000014693925   0.000016570291   0.000007193248
 -0.000027196427  -0.000022469893  -0.000029161192
  0.000041091582  -0.000031995376  -0.000022416746
 -0.000043557779   0.000012658048   0.000021229899
 -0.017345392121   0.016643365807   0.003306873087
  0.000010328203  -0.001463552719  -0.000016201825
 -0.000027850941  -0.000055576842  -0.000061747490
 -0.000069280584  -0.000175019239   0.000106371889
  0.000156382451   0.000606331489  -0.000064185674
 -0.000063099489   0.000006394301  -0.000051840277
 -0.000418047556   0.000016738588   0.000042250283
 -0.000155406449  -0.001064801200  -0.000261802247
  0.000476397392   0.000107237782  -0.000034508702
 -0.000119192034   0.000017774386   0.000043285069
  0.000021845321  -0.000011479341  -0.000010279470
  0.000039179409  -0.000050523542   0.000011657835
 -0.000017559075  -0.000005852170  -0.000020490775
 -0.000013655810   0.000034575802   0.000000724082
  0.000023379101  -0.000031171488   0.000013916933
 -0.000062825410   0.000031342921  -0.000016663500
  0.000030462460  -0.000023334644   0.000008237497
  0.000045189514  -0.000033755421   0.000006867004
  0.002282614433   0.001215952539   0.001191542161
 -0.000084185974  -0.000118069354   0.000050167487
  0.000070379141  -0.000047978958  -0.000011909680
  0.000012745848   0.000037524670  -0.000009064995
 -0.000159910232  -0.000050322188   0.000074017458
  0.000084461603  -0.000008869430  -0.000018107845
 -0.014452297689   0.006976232506  -0.000546557571
 -0.000116366114  -0.000066611069   0.000057911034
 -0.004120891589   0.003005504627   0.000125086462
  0.000027196427  -0.000022469893  -0.000029161192
 -0.000041091582  -0.000031995376  -0.000022416746
  0.000043557779   0.000012658048   0.000021229899
  0.000016553930   0.000024094094   0.000020312442
 -0.000050256450  -0.000039991546  -0.000022234246
  0.000014693925   0.000016570291   0.000007193248
 -0.000030758234   0.000001559703   0.000065786302
 -0.000055213669  -0.000043413645  -0.000021330945
  0.000022838098   0.000085876322   0.000042113352
  0.017345392121   0.016643365807   0.003306873087
 -0.000010328203  -0.001463552719  -0.000016201825
  0.000027850941  -0.000055576842  -0.000061747490
  0.000418047556   0.000016738588   0.000042250283
  0.000155406449  -0.001064801200  -0.000261802247
 -0.000476397392   0.000107237782  -0.000034508702
  0.000069280584  -0.000175019239   0.000106371889
 -0.000156382451   0.000606331489  -0.000064185674
  0.000063099489   0.000006394301  -0.000051840277
  0.000119192034   0.000017774386   0.000043285069
 -0.000021845321  -0.000011479341  -0.000010279470
 -0.000039179409  -0.000050523542   0.000011657835
  0.000062825410   0.000031342921  -0.000016663500
 -0.000030462460  -0.000023334644   0.000008237497
 -0.000045189514  -0.000033755421   0.000006867004
  0.000017559075  -0.000005852170  -0.000020490775
  0.000013655810   0.000034575802   0.000000724082
 -0.000023379101  -0.000031171488   0.000013916933
  0.001451786701   0.003083717081  -0.000459505925
 -0.000002367009   0.000176274274   0.000036856265
  0.000262037066   0.000318646182   0.000897101478
  0.000000000000  -0.000252851279  -0.000086223947
  0.000000000000   0.000150514864   0.000003228979
  0.000000000000  -0.000007951476   0.000151942328
 -0.001451786701   0.003083717081  -0.000459505925
  0.000002367009   0.000176274274   0.000036856265
 -0.000262037066   0.000318646182   0.000897101478
 -0.000065033595  -0.000056322425   0.000086620045
  0.000000614808   0.000008371394  -0.000000023336
  0.000010636132   0.000039542140  -0.000158070634
  0.000000000000  -0.000005935056  -0.000005535871
  0.000000000000   0.000006273071   0.000012953678
  0.000000000000   0.000010855080  -0.000017712430
  0.000065033595  -0.000056322425   0.000086620045
 -0.000000614808   0.000008371394  -0.000000023336
 -0.000010636132   0.000039542140  -0.000158070634
  0.000000000000   0.094850685459   0.027538774484
  0.000000000000  -0.000105674784   0.000062494386
  0.000000000000   0.000009471388  -0.000095227070
  0.000025421389  -0.000154428135  -0.000203071132
  0.000007471576  -0.000073249491   0.000064131905
 -0.000048041434   0.000015190740  -0.000190565775
 -0.000025421389  -0.000154428135  -0.000203071132
 -0.000007471576  -0.000073249491   0.000064131905
  0.000048041434   0.000015190740  -0.000190565775
  0.000000000000   0.000554801795  -0.002367786184
  0.000000000000  -0.000009392320  -0.000073193384
  0.000000000000   0.000058781377   0.000091598042
  0.000015692319  -0.000056768385   0.000022834274
  0.000000451764  -0.000009427538  -0.000057341097
 -0.000005012800   0.000053245285   0.000074338765
 -0.000015692319  -0.000056768385   0.000022834274
 -0.000000451764  -0.000009427538  -0.000057341097
  0.000005012800   0.000053245285   0.000074338765
 -0.001821429516   0.002832947102   0.001660530212
  0.000011242477   0.000044260903  -0.000024471832
  0.000996455200   0.000345213167  -0.001040590500
  0.000000000000  -0.000212390916   0.000183003416
  0.000000000000   0.000002385906  -0.000011244811
  0.000000000000   0.000057620389  -0.000171472438
  0.001821429516   0.002832947102   0.001660530212
 -0.000011242477   0.000044260903  -0.000024471832
 -0.000996455200   0.000345213167  -0.001040590500
 -0.000362636437  -0.000008912376  -0.000446171487
  0.000000121270   0.000055297650  -0.000024363008
  0.000022411791  -0.000085197913   0.000185468232
  0.000000000000  -0.000022564211  -0.000012816042
  0.000000000000   0.000050515398  -0.000033797064
  0.000000000000  -0.000030271973   0.000051309527
  0.000362636437  -0.000008912376  -0.000446171487
 -0.000000121270   0.000055297650  -0.000024363008
 -0.000022411791  -0.000085197913   0.000185468232
  0.000000000000   0.021759931018   0.000754523518
  0.000000000000   0.000386008902  -0.000072002088
  0.000000000000   0.000221748281   0.000134034624
  0.000064986912  -0.000253169146   0.000243200863
  0.000040209851   0.000085874510  -0.000118977077
 -0.000048154302   0.000091480639   0.000150320937
 -0.000064986912  -0.000253169146   0.000243200863
 -0.000040209851   0.000085874510  -0.000118977077
  0.000048154302   0.000091480639   0.000150320937
  0.000000000000   0.000054266613   0.000158281082
  0.000000000000   0.000000932827   0.000106671946
  0.000000000000   0.000007876792  -0.000045374144
  0.000010636313  -0.000025776948  -0.000037140872
  0.000003004321   0.000008433630   0.000094615803
 -0.000011031434   0.000008114254  -0.000028411717
 -0.000010636313  -0.000025776948  -0.000037140872
 -0.000003004321   0.000008433630   0.000094615803
  0.000011031434   0.000008114254  -0.000028411717
  0.000000000000  -0.407130508328  -0.027081673160
  0.000000000000  -0.000111480030   0.000123866671
  0.000000000000  -0.000121434869  -0.000015167971
 -0.000465194412   0.000234182467  -0.000121276421
  0.000177166996   0.000184955007   0.000089653693
 -0.000520507808   0.000171730171   0.000074437905
  0.000465194412   0.000234182467  -0.000121276421
 -0.000177166996   0.000184955007   0.000089653693
  0.000520507808   0.000171730171   0.000074437905
  0.000000000000  -0.000362256595   0.000875300538
  0.000000000000   0.000032610688  -0.000021439784
  0.000000000000   0.000038464530  -0.000029119528
  0.000032604836  -0.000045065459   0.000025493030
  0.000021900850   0.000018596980  -0.000013823411
 -0.000014981424   0.000020272167  -0.000028986967
 -0.000032604836  -0.000045065459   0.000025493030
 -0.000021900850   0.000018596980  -0.000013823411
  0.000014981424   0.000020272167  -0.000028986967
 -0.005054839937  -0.002920029954   0.000549560222
 -0.000101481067   0.000162332209  -0.000084684116
 -0.001727415422   0.001563454479  -0.000181419614
  0.000000000000   0.000555577045   0.000018168863
  0.000000000000   0.000365264094  -0.000125328778
  0.000000000000   0.000049627142  -0.000024704607
  0.005054839937  -0.002920029954   0.000549560222
  0.000101481067   0.000162332209  -0.000084684116
  0.001727415422   0.001563454479  -0.000181419614
  0.000014128161  -0.000026953456   0.000043795174
 -0.000000088031   0.000055092900   0.000030285817
 -0.000003692413  -0.000038913915  -0.000039204835
  0.000000000000  -0.000045721296  -0.000027028461
  0.000000000000   0.000053235334   0.000032190164
  0.000000000000  -0.000006025374  -0.000019066624
 -0.000014128161  -0.000026953456   0.000043795174
  0.000000088031   0.000055092900   0.000030285817
  0.000003692413  -0.000038913915  -0.000039204835
  217    3  0.0000  0.0000  0.0150
  0.005194304489   0.004240718297   0.021075111957
 -0.000052195709  -0.000094063369  -0.000063049801
 -0.000048041033  -0.000419849250  -0.000013728236
  0.000072663371  -0.000051904785   0.000207189688
 -0.000056041271  -0.000044981920  -0.000042637068
  0.000060188261  -0.000002396237   0.000020612396
  0.000067170830   0.000846653012  -0.001059376122
 -0.000041691062  -0.000022037644  -0.000030263994
 -0.000263995439   0.000063372018  -0.000207810827
 -0.000245727262  -0.000031229174   0.000346048530
 -0.000036417241  -0.000052297614   0.000005685784
  0.000009761359  -0.000036227411   0.000021808986
 -0.000035713407   0.000001864706   0.000003184651
 -0.000029391073  -0.000027603045   0.000003637917
  0.000016880913   0.000005480215  -0.000006800845
  0.000144620746   0.000080636768  -0.000165083540
  0.000002196251  -0.000020083771   0.000000068363
 -0.000026414156  -0.000030948630  -0.000030773329
 -0.003587082014  -0.002373616405   0.000905358910
  0.000044419240   0.000020354226   0.000169794422
 -0.000072506849  -0.000026585781   0.000012710984
 -0.000004350561   0.000068262480   0.000084146061
 -0.000008620174   0.000022370649   0.000136819361
  0.000040315432   0.000109073747  -0.000073112777
  0.000108519352  -0.000112449966   0.000239986585
 -0.000000730884  -0.000213330386   0.000058871459
 -0.000206516637  -0.000083475935   0.000129926868
 -0.000837725814   0.000435670676  -0.001185625465
 -0.000051422881  -0.000011343282  -0.000018232620
  0.000001024089   0.000018158795  -0.000007641799
 -0.000015237011  -0.000021925942  -0.000009774071
 -0.000032275447  -0.000005327055  -0.000001822301
  0.000021821001   0.000030728472   0.000010092651
  0.000134188983   0.000097915157   0.000007131687
 -0.000010373378  -0.000017170476   0.000002856333
  0.000003791932  -0.000016415269   0.000007805696
 -0.000067170830   0.000846653012  -0.001059376122
  0.000041691062  -0.000022037644  -0.000030263994
  0.000263995439   0.000063372018  -0.000207810827
 -0.000072663371  -0.000051904785   0.000207189688
  0.000056041271  -0.000044981920  -0.000042637068
 -0.000060188261  -0.000002396237   0.000020612396
 -0.005194304489   0.004240718297   0.021075111957
  0.000052195709  -0.000094063369  -0.000063049801
  0.000048041033  -0.000419849250  -0.000013728236
 -0.000144620746   0.000080636768  -0.000165083540
 -0.000002196251  -0.000020083771   0.000000068363
  0.000026414156  -0.000030948630  -0.000030773329
  0.000035713407   0.000001864706   0.000003184651
  0.000029391073  -0.000027603045   0.000003637917
 -0.000016880913   0.000005480215  -0.000006800845
  0.000245727262  -0.000031229174   0.000346048530
  0.000036417241  -0.000052297614   0.000005685784
 -0.000009761359  -0.000036227411   0.000021808986
  0.003587082014  -0.002373616405   0.000905358910
 -0.000044419240   0.000020354226   0.000169794422
  0.000072506849  -0.000026585781   0.000012710984
 -0.000108519352  -0.000112449966   0.000239986585
  0.000000730884  -0.000213330386   0.000058871459
  0.000206516637  -0.000083475935   0.000129926868
  0.000004350561   0.000068262480   0.000084146061
  0.000008620174   0.000022370649   0.000136819361
 -0.000040315432   0.000109073747  -0.000073112777
  0.000837725814   0.000435670676  -0.001185625465
  0.000051422881  -0.000011343282  -0.000018232620
 -0.000001024089   0.000018158795  -0.000007641799
 -0.000134188983   0.000097915157   0.000007131687
  0.000010373378  -0.000017170476   0.000002856333
 -0.000003791932  -0.000016415269   0.000007805696
  0.000015237011  -0.000021925942  -0.000009774071
  0.000032275447  -0.000005327055  -0.000001822301
 -0.000021821001   0.000030728472   0.000010092651
  0.000914774514   0.000888584852  -0.000597858119
  0.000037385654  -0.000021835351   0.000026084911
  0.000451088404  -0.000424696421   0.001188792640
 -0.000102968886   0.000002884275  -0.000253404198
  0.000007212487  -0.000014702417   0.000043019899
 -0.000046902457   0.000016049434   0.000060998910
  0.000253222630  -0.000384495369  -0.001765498885
  0.000050324264   0.000001290801   0.000027286589
 -0.000166348918   0.000100986860   0.000377864774
  0.000054213235  -0.000008141097   0.000042024680
  0.000021322858  -0.000014681091  -0.000008067384
 -0.000133341497   0.000130788452  -0.000139055565
 -0.000002074069   0.000007251924  -0.000010991010
  0.000010082439  -0.000004445347  -0.000011594190
 -0.000026671104   0.000013166403   0.000011493418
  0.000022342332  -0.000115723692  -0.000110446457
  0.000012254103  -0.000012064170  -0.000013913870
 -0.000002820533   0.000045377471   0.000002097424
  0.007088096253  -0.000841991504  -0.009855498325
  0.000004918820  -0.000172098303   0.000777440689
  0.000075173398  -0.000020894182  -0.000064278282
 -0.000040388349  -0.000055929213  -0.000417310595
  0.000031162068   0.000147042664   0.000037901498
 -0.000009433115  -0.000035276742  -0.000079392309
 -0.000152124068   0.000150055760  -0.000429462270
 -0.000195501228  -0.000265039774  -0.000379300791
  0.000104983374  -0.000020529025   0.000038623724
 -0.000293846404  -0.000242810513   0.002653718345
  0.000038932353  -0.000037465669   0.000008537915
  0.000036974612  -0.000025094787   0.000007467451
  0.000005351039   0.000012403289  -0.000040241421
  0.000006868773   0.000011639067   0.000003693787
  0.000011011356  -0.000023744225   0.000013698771
 -0.000036066146   0.000030139906  -0.000033517420
  0.000036287057  -0.000040564634   0.000003436101
  0.000021609050  -0.000018994703   0.000001834247
 -0.000253222630  -0.000384495369  -0.001765498885
 -0.000050324264   0.000001290801   0.000027286589
  0.000166348918   0.000100986860   0.000377864774
  0.000102968886   0.000002884275  -0.000253404198
 -0.000007212487  -0.000014702417   0.000043019899
  0.000046902457   0.000016049434   0.000060998910
 -0.000914774514   0.000888584852  -0.000597858119
 -0.000037385654  -0.000021835351   0.000026084911
 -0.000451088404  -0.000424696421   0.001188792640
 -0.000022342332  -0.000115723692  -0.000110446457
 -0.000012254103  -0.000012064170  -0.000013913870
  0.000002820533   0.000045377471   0.000002097424
  0.000002074069   0.000007251924  -0.000010991010
 -0.000010082439  -0.000004445347  -0.000011594190
  0.000026671104   0.000013166403   0.000011493418
 -0.000054213235  -0.000008141097   0.000042024680
 -0.000021322858  -0.000014681091  -0.000008067384
  0.000133341497   0.000130788452  -0.000139055565
 -0.007088096253  -0.000841991504  -0.009855498325
 -0.000004918820  -0.000172098303   0.000777440689
 -0.000075173398  -0.000020894182  -0.000064278282
  0.000152124068   0.000150055760  -0.000429462270
  0.000195501228  -0.000265039774  -0.000379300791
 -0.000104983374  -0.000020529025   0.000038623724
  0.000040388349  -0.000055929213  -0.000417310595
 -0.000031162068   0.000147042664   0.000037901498
  0.000009433115  -0.000035276742  -0.000079392309
  0.000293846404  -0.000242810513   0.002653718345
 -0.000038932353  -0.000037465669   0.000008537915
 -0.000036974612  -0.000025094787   0.000007467451
  0.000036066146   0.000030139906  -0.000033517420
 -0.000036287057  -0.000040564634   0.000003436101
 -0.000021609050  -0.000018994703   0.000001834247
 -0.000005351039   0.000012403289  -0.000040241421
 -0.000006868773   0.000011639067   0.000003693787
 -0.000011011356  -0.000023744225   0.000013698771
  0.003553525722   0.000640308288  -0.003100772955
  0.000013353134   0.000050419092   0.000021575419
  0.000071428889   0.000492862040   0.000047562168
  0.000000000000  -0.000016827327   0.000026168216
  0.000000000000   0.000052860524  -0.000047083184
  0.000000000000   0.000038446214   0.000034068558
 -0.003553525722   0.000640308288  -0.003100772955
 -0.000013353134   0.000050419092   0.000021575419
 -0.000071428889   0.000492862040   0.000047562168
 -0.000080028321   0.000016598861   0.000123793981
  0.000004771146   0.000010692218   0.000006718135
 -0.000050276069   0.000036782227  -0.000086078645
  0.000000000000  -0.000005618993  -0.000022005193
  0.000000000000   0.000005496111  -0.000016299637
  0.000000000000   0.000000868611  -0.000000052248
  0.000080028321   0.000016598861   0.000123793981
 -0.000004771146   0.000010692218   0.000006718135
  0.000050276069   0.000036782227  -0.000086078645
  0.000000000000   0.024889384501   0.031470848763
  0.000000000000  -0.000276595302  -0.000054674809
  0.000000000000  -0.000014214976  -0.000051442112
  0.000040871293  -0.000080004744  -0.000052341967
  0.000140102101  -0.000051258931   0.000098517096
  0.000022661329   0.000010490079   0.000030530683
 -0.000040871293  -0.000080004744  -0.000052341967
 -0.000140102101  -0.000051258931   0.000098517096
 -0.000022661329   0.000010490079   0.000030530683
  0.000000000000  -0.011291573501   0.006413986059
  0.000000000000   0.000004000024  -0.000009554963
  0.000000000000   0.000020795669   0.000038894826
  0.000019088297  -0.000018904501   0.000001800192
  0.000003849525   0.000020784243   0.000002022247
 -0.000005981487   0.000003099456   0.000021918739
 -0.000019088297  -0.000018904501   0.000001800192
 -0.000003849525   0.000020784243   0.000002022247
  0.000005981487   0.000003099456   0.000021918739
 -0.004776838005   0.000588776016  -0.001164794757
  0.000029926118   0.000041897083  -0.000016456902
 -0.000487384552  -0.000015260826  -0.000022096835
  0.000000000000   0.000016559175  -0.000017014919
  0.000000000000   0.000000573997   0.000059054617
  0.000000000000  -0.000113062241  -0.000045145929
  0.004776838005   0.000588776016  -0.001164794757
 -0.000029926118   0.000041897083  -0.000016456902
  0.000487384552  -0.000015260826  -0.000022096835
 -0.000373440251  -0.000179222126  -0.000334128239
  0.000008439864   0.000029451876   0.000005126525
  0.000033606146  -0.000078838666   0.000117085433
  0.000000000000  -0.000006162774   0.000009497953
  0.000000000000   0.000012546410   0.000004447559
  0.000000000000  -0.000026245036   0.000019723570
  0.000373440251  -0.000179222126  -0.000334128239
 -0.000008439864   0.000029451876   0.000005126525
 -0.000033606146  -0.000078838666   0.000117085433
  0.000000000000   0.012593326215   0.027397949722
  0.000000000000   0.000265884417  -0.000172369681
  0.000000000000   0.000108977012   0.000067969049
 -0.000036171167   0.000020894871  -0.000028300302
 -0.000030112262   0.000082480219  -0.000046851834
 -0.000143415214   0.000041547550   0.000065727389
  0.000036171167   0.000020894871  -0.000028300302
  0.000030112262   0.000082480219  -0.000046851834
  0.000143415214   0.000041547550   0.000065727389
  0.000000000000  -0.003450119059   0.000509315154
  0.000000000000  -0.000008014098   0.000044825007
  0.000000000000  -0.000015102757  -0.000004472063
  0.000024242799   0.000017470612   0.000018336416
 -0.000002026114   0.000011727205   0.000001398249
  0.000007567648  -0.000016297118  -0.000025036975
 -0.000024242799   0.000017470612   0.000018336416
  0.000002026114   0.000011727205   0.000001398249
 -0.000007567648  -0.000016297118  -0.000025036975
  0.000000000000  -0.027282664252  -0.084698801150
  0.000000000000  -0.000019992612   0.000080348182
  0.000000000000   0.000117159941   0.000083425569
 -0.000102939202  -0.000126726951   0.000231222872
  0.000029788704   0.000073785392  -0.000097489788
 -0.000106672564   0.000084522445  -0.000097764659
  0.000102939202  -0.000126726951   0.000231222872
 -0.000029788704   0.000073785392  -0.000097489788
  0.000106672564   0.000084522445  -0.000097764659
  0.000000000000  -0.000879695647  -0.002679381793
  0.000000000000   0.000028373119  -0.000045988858
  0.000000000000   0.000025848804  -0.000046187248
  0.000058234857  -0.000022246893   0.000062819336
  0.000031796475   0.000028065406  -0.000011769016
 -0.000012264996   0.000013581909  -0.000012287887
 -0.000058234857  -0.000022246893   0.000062819336
 -0.000031796475   0.000028065406  -0.000011769016
  0.000012264996   0.000013581909  -0.000012287887
 -0.000586627998  -0.000565317023   0.003156845300
 -0.000019982393   0.000079518196  -0.000036368449
 -0.000390859796   0.000184525599  -0.000044894266
  0.000000000000  -0.000030750725   0.000435994874
  0.000000000000   0.000127382833   0.000030806263
  0.000000000000   0.000026222444   0.000016206329
  0.000586627998  -0.000565317023   0.003156845300
  0.000019982393   0.000079518196  -0.000036368449
  0.000390859796   0.000184525599  -0.000044894266
  0.000096799749   0.000048494742   0.000126213723
  0.000012650166   0.000035192791   0.000011814764
  0.000029910892  -0.000039024434  -0.000043096360
  0.000000000000  -0.000022991649   0.000009073873
  0.000000000000   0.000036903388   0.000017885681
  0.000000000000  -0.000018588478  -0.000019616055
 -0.000096799749   0.000048494742   0.000126213723
 -0.000012650166   0.000035192791   0.000011814764
 -0.000029910892  -0.000039024434  -0.000043096360
