 q-point No.           q_x           q_y           q_z  q-path length
           1      0.000000      0.000000      0.000000       0.000000
 frequencies
branch index         f[THz]      f[2PiTHz]        f[cm-1]         f[meV]
           1      -0.003382      -0.021250      -0.112813      -0.013987
           2      -0.002447      -0.015373      -0.081614      -0.010119
           3      -0.001217      -0.007645      -0.040586      -0.005032
           4       3.947164      24.800761     131.663212      16.324150
           5       6.499217      40.835787     216.790556      26.878591
           6       6.855426      43.073909     228.672383      28.351749
           7       7.644028      48.028843     254.977324      31.613145
           8       8.334832      52.369293     278.020065      34.470079
           9       9.058856      56.918470     302.170906      37.464401
          10      10.198830      64.081137     340.196340      42.178951
          11      11.036394      69.343710     368.134486      45.642839
          12      11.286219      70.913404     376.467738      46.676030
          13      13.352699      83.897482     445.398099      55.222301
          14      13.756299      86.433375     458.860743      56.891456
          15      14.743025      92.633157     491.774377      60.972224
          16      16.110379     101.224496     537.384400      66.627144
          17      17.354410     109.040971     578.880792      71.772039
          18      17.638963     110.828871     588.372465      72.948856
          19      17.701752     111.223389     590.466898      73.208532
          20      18.307711     115.030738     610.679494      75.714573
          21      18.799927     118.123423     627.098055      77.750215
          22      18.980714     119.259342     633.128463      78.497890
          23      19.170910     120.454376     639.472706      79.284475
          24      20.003449     125.685376     667.243233      82.727580
          25      21.000929     131.952725     700.515574      86.852823
          26      21.109494     132.634862     704.136926      87.301813
          27      21.692855     136.300229     723.595766      89.714401
          28      21.819402     137.095342     727.816890      90.237753
          29      22.377909     140.604548     746.446697      92.547554
          30      22.406916     140.786804     747.414262      92.667516
          31      22.441925     141.006772     748.582034      92.812302
          32      27.457583     172.521083     915.886391     113.555389
          33      27.496584     172.766134     917.187328     113.716684
          34      27.792587     174.625972     927.060903     114.940851
          35      28.442017     178.706461     948.723557     117.626677
          36      28.975848     182.060620     966.530241     119.834423
          37      31.758391     199.543856    1059.345901     131.342093
          38      34.316816     215.618915    1144.685778     141.922885
          39      35.479516     222.924374    1183.469272     146.731423
          40      35.930050     225.755162    1198.497463     148.594680
          41      36.445368     228.992996    1215.686602     150.725861
          42      37.316968     234.469424    1244.760068     154.330510
--
 q-point No.           q_x           q_y           q_z  q-path length
           2      0.000000      0.026316      0.000000       0.004168
 frequencies
branch index         f[THz]      f[2PiTHz]        f[cm-1]         f[meV]
           1      -0.041787      -0.262555      -1.393860      -0.172816
           2       0.466554       2.931445      15.562564       1.929511
           3       0.552467       3.471255      18.428327       2.284820
           4       3.937214      24.738246     131.331328      16.283002
           5       6.506600      40.882170     217.036798      26.909121
           6       6.860277      43.104392     228.834214      28.371814
           7       7.646395      48.043715     255.056276      31.622934
           8       8.327490      52.323165     277.775181      34.439718
           9       9.066327      56.965411     302.420107      37.495298
          10      10.193379      64.046889     340.014522      42.156409
          11      11.038875      69.359298     368.217242      45.653099
          12      11.280086      70.874871     376.263171      46.650667
          13      13.352901      83.898748     445.404818      55.223134
          14      13.755311      86.427169     458.827792      56.887370
          15      14.731449      92.560424     491.388247      60.924350
          16      16.087940     101.083509     536.635920      66.534344
          17      17.354255     109.040002     578.875647      71.771401
          18      17.644066     110.860935     588.542689      72.969961
          19      17.706037     111.250309     590.609811      73.226251
          20      18.305319     115.015710     610.599714      75.704682
          21      18.796059     118.099119     626.969028      77.734217
          22      18.990958     119.323706     633.470165      78.540255
          23      19.170472     120.451630     639.458127      79.282668
          24      20.006027     125.701577     667.329243      82.738244
          25      21.001571     131.956760     700.536996      86.855479
          26      21.106875     132.618403     704.049551      87.290980
          27      21.691744     136.293245     723.558688      89.709803
          28      21.817659     137.084394     727.758771      90.230547
          29      22.364483     140.520191     745.998856      92.492028
          30      22.421295     140.877151     747.893901      92.726984
          31      22.447650     141.042742     748.772994      92.835978
          32      27.457968     172.523500     915.899224     113.556980
          33      27.482572     172.678092     916.719929     113.658734
          34      27.790016     174.609816     926.975136     114.930217
          35      28.453388     178.777908     949.102858     117.673704
          36      28.973449     182.045546     966.450217     119.824501
          37      31.756716     199.533333    1059.290036     131.335167
          38      34.318887     215.631927    1144.754857     141.931449
          39      35.473665     222.887610    1183.274100     146.707225
          40      35.930753     225.759578    1198.520909     148.597587
          41      36.446995     229.003219    1215.740872     150.732590
          42      37.314284     234.452558    1244.670526     154.319408
--
 q-point No.           q_x           q_y           q_z  q-path length
           3      0.000000      0.052632      0.000000       0.008336
 frequencies
branch index         f[THz]      f[2PiTHz]        f[cm-1]         f[meV]
           1      -0.081113      -0.509650      -2.705651      -0.335458
           2       0.932253       5.857518      31.096610       3.855487
           3       1.104831       6.941855      36.853182       4.569210
           4       3.907611      24.552243     130.343868      16.160573
           5       6.528148      41.017564     217.755579      26.998239
           6       6.875217      43.198262     229.332550      28.433600
           7       7.653245      48.086754     255.284761      31.651262
           8       8.306421      52.190781     277.072375      34.352581
           9       9.087944      57.101234     303.141174      37.584698
          10      10.177099      63.944600     339.471487      42.089081
          11      11.046165      69.405104     368.460417      45.683249
          12      11.261702      70.759362     375.649954      46.574637
          13      13.353163      83.900397     445.413571      55.224220
          14      13.752378      86.408741     458.729962      56.875241
          15      14.697400      92.346490     490.252507      60.783537
          16      16.021515     100.666148     534.420222      66.259633
          17      17.353874     109.037604     578.862918      71.769823
          18      17.659183     110.955920     589.046948      73.032481
          19      17.718505     111.328649     591.025703      73.277815
          20      18.298357     114.971968     610.367495      75.675891
          21      18.784870     118.028816     626.595803      77.687943
          22      19.020792     119.511161     634.465330      78.663640
          23      19.169004     120.442402     639.409137      79.276594
          24      20.013727     125.749952     667.586056      82.770085
          25      21.003508     131.968929     700.601598      86.863488
          26      21.099371     132.571258     703.799265      87.259948
          27      21.688434     136.272446     723.448270      89.696113
          28      21.812453     137.051681     727.585099      90.209015
          29      22.332688     140.320413     744.938270      92.360533
          30      22.456398     141.097707     749.064794      92.872156
          31      22.463751     141.143912     749.310088      92.902569
          32      27.442401     172.425689     915.379961     113.492600
          33      27.459104     172.530638     915.937120     113.561678
          34      27.782397     174.561948     926.721011     114.898710
          35      28.485600     178.980301     950.177330     117.806922
          36      28.966294     182.000593     966.211572     119.794913
          37      31.751772     199.502263    1059.125091     131.314716
          38      34.325029     215.670513    1144.959704     141.956847
          39      35.456453     222.779462    1182.699957     146.636040
          40      35.932761     225.772197    1198.587901     148.605893
          41      36.451716     229.032886    1215.898370     150.752117
          42      37.306298     234.402383    1244.404156     154.286382
--
 q-point No.           q_x           q_y           q_z  q-path length
           4      0.000000      0.078947      0.000000       0.012503
 frequencies
branch index         f[THz]      f[2PiTHz]        f[cm-1]         f[meV]
           1      -0.115361      -0.724835      -3.848029      -0.477095
           2       1.396190       8.772520      46.571884       5.774175
           3       1.656949      10.410919      55.269877       6.852588
           4       3.859064      24.247215     128.724524      15.959800
           5       6.562014      41.230347     218.885209      27.138295
           6       6.901463      43.363174     230.208041      28.542147
           7       7.663857      48.153432     255.638745      31.695151
           8       8.274060      51.987449     275.992919      34.218745
           9       9.121730      57.313520     304.268165      37.724428
          10      10.150199      63.775580     338.574189      41.977831
          11      11.057819      69.478328     368.849151      45.731446
          12      11.231112      70.567160     374.629586      46.448128
          13      13.352418      83.895716     445.388723      55.221139
          14      13.747591      86.378660     458.570269      56.855442
          15      14.642924      92.004205     488.435371      60.558241
          16      15.913496      99.987443     530.817085      65.812901
          17      17.353415     109.034723     578.847624      71.767926
          18      17.683757     111.110321     589.866637      73.134109
          19      17.738213     111.452479     591.683095      73.359321
          20      18.287432     114.903321     610.003056      75.630706
          21      18.767203     117.917811     626.006496      77.614879
          22      19.068086     119.808318     636.042890      78.859232
          23      19.166075     120.423998     639.311436      79.264480
          24      20.026427     125.829748     668.009684      82.822608
          25      21.006769     131.989418     700.710371      86.876974
          26      21.087909     132.499238     703.416919      87.212544
          27      21.682998     136.238292     723.266949      89.673632
          28      21.803844     136.997589     727.297933      90.173411
          29      22.290195     140.053428     743.520886      92.184800
          30      22.460667     141.124531     749.207197      92.889812
          31      22.532410     141.575308     751.600300      93.186519
          32      27.380517     172.036864     913.315750     113.236670
          33      27.460938     172.542159     915.998283     113.569262
          34      27.770013     174.484133     926.307906     114.847491
          35      28.534099     179.285027     951.795073     118.007496
          36      28.954515     181.926581     965.818652     119.746197
          37      31.743787     199.452097    1058.858766     131.281696
          38      34.335030     215.733353    1145.293308     141.998209
          39      35.428817     222.605822    1181.778131     146.521748
          40      35.935822     225.791428    1198.689996     148.618551
          41      36.459091     229.079221    1216.144354     150.782615
          42      37.293213     234.320165    1243.967675     154.232265
--
 q-point No.           q_x           q_y           q_z  q-path length
           5      0.000000      0.105263      0.000000       0.016671
 frequencies
branch index         f[THz]      f[2PiTHz]        f[cm-1]         f[meV]
           1      -0.141332      -0.888014      -4.714324      -0.584501
           2       1.857461      11.670770      61.958220       7.681837
           3       2.208657      13.877399      73.672857       9.134266
           4       3.792677      23.830092     126.510085      15.685244
           5       6.605021      41.500571     220.319785      27.316160
           6       6.941167      43.612638     231.532410      28.706347
           7       7.677129      48.236825     256.081464      31.750041
           8       8.233457      51.732334     274.638554      34.050826
           9       9.165347      57.587573     305.723066      37.904812
          10      10.112997      63.541831     337.333252      41.823974
          11      11.073135      69.574562     369.360040      45.794788
          12      11.188396      70.298766     373.204722      46.271467
          13      13.348744      83.872629     445.266157      55.205943
          14      13.741095      86.337847     458.353600      56.828578
          15      14.571465      91.555215     486.051758      60.262710
          16      15.767114      99.067699     525.934316      65.207515
          17      17.352941     109.031740     578.831788      71.765963
          18      17.716915     111.318656     590.972654      73.271238
          19      17.764068     111.614931     592.545527      73.466249
          20      18.273449     114.815468     609.536661      75.572880
          21      18.743924     117.771544     625.229988      77.518604
          22      19.130274     120.199058     638.117264      79.116422
          23      19.161099     120.392734     639.145460      79.243902
          24      20.043899     125.939533     668.592511      82.894869
          25      21.011400     132.018518     700.864859      86.896129
          26      21.073664     132.409734     702.941759      87.153631
          27      21.675556     136.191536     723.018729      89.642857
          28      21.791935     136.922765     726.900705      90.124161
          29      22.239486     139.734812     741.829405      91.975083
          30      22.458277     141.109516     749.127490      92.879929
          31      22.624607     142.154596     754.675649      93.567813
          32      27.301829     171.542450     910.690988     112.911241
          33      27.463381     172.557510     916.079777     113.579366
          34      27.753316     174.379228     925.750983     114.778442
          35      28.593799     179.660139     953.786482     118.254399
          36      28.938332     181.824904     965.278864     119.679272
          37      31.733126     199.385107    1058.503132     131.237603
          38      34.348556     215.818341    1145.744498     142.054149
          39      35.392095     222.375089    1180.553207     146.369877
          40      35.939632     225.815369    1198.817093     148.634309
          41      36.468485     229.138249    1216.457727     150.821468
          42      37.275359     234.207983    1243.372118     154.158426
--
 q-point No.           q_x           q_y           q_z  q-path length
           6      0.000000      0.131579      0.000000       0.020839
 frequencies
branch index         f[THz]      f[2PiTHz]        f[cm-1]         f[meV]
           1      -0.154604      -0.971404      -5.157027      -0.639390
           2       2.315122      14.546339      77.224152       9.574570
           3       2.759729      17.339888      92.054646      11.413316
           4       3.709844      23.309640     123.747092      15.342677
           5       6.652908      41.801455     221.917134      27.514206
           6       6.997208      43.964756     233.401742      28.938115
           7       7.691695      48.328347     256.567342      31.810282
           8       8.187617      51.444316     273.109514      33.861249
           9       9.216684      57.910134     307.435492      38.117126
          10      10.065879      63.245782     335.761578      41.629111
          11      11.091212      69.688137     369.962995      45.869545
          12      11.133674      69.954937     371.379393      46.045156
          13      13.339166      83.812450     444.946673      55.166332
          14      13.733088      86.287536     458.086506      56.795463
          15      14.487945      91.030445     483.265838      59.917300
          16      15.585780      97.928343     519.885656      64.457577
          17      17.352366     109.028128     578.812613      71.763586
          18      17.757537     111.573894     592.327673      73.439239
          19      17.795073     111.809740     593.579741      73.594475
          20      18.257499     114.715251     609.004622      75.506916
          21      18.715971     117.595915     624.297599      77.403003
          22      19.153474     120.344825     638.891120      79.212368
          23      19.204752     120.667014     640.601566      79.424436
          24      20.065780     126.077012     669.322367      82.985360
          25      21.017461     132.056598     701.067019      86.921193
          26      21.057762     132.309819     702.411325      87.087866
          27      21.666274     136.133213     722.709106      89.604469
          28      21.776871     136.828114     726.398217      90.061860
          29      22.181584     139.371003     739.898003      91.735619
          30      22.448652     141.049041     748.806436      92.840124
          31      22.737310     142.862730     758.435017      94.033915
          32      27.210403     170.968001     907.641330     112.533132
          33      27.466314     172.575937     916.177600     113.591494
          34      27.732917     174.251053     925.070519     114.694075
          35      28.660391     180.078546     956.007734     118.529799
          36      28.918067     181.697571     964.602876     119.595460
          37      31.720249     199.304201    1058.073612     131.184349
          38      34.365168     215.922719    1146.298626     142.122852
          39      35.347817     222.096885    1179.076266     146.186760
          40      35.943926     225.842343    1198.960298     148.652064
          41      36.479190     229.205509    1216.814796     150.865739
          42      37.253188     234.068685    1242.632606     154.066738
--
 q-point No.           q_x           q_y           q_z  q-path length
           7      0.000000      0.157895      0.000000       0.025007
 frequencies
branch index         f[THz]      f[2PiTHz]        f[cm-1]         f[meV]
           1      -0.147511      -0.926841      -4.920451      -0.610058
           2       2.768177      17.392968      92.336440      11.448254
           3       3.309864      20.796489     110.405182      13.688492
           4       3.612148      22.695792     120.488271      14.938635
           5       6.701306      42.105546     223.531500      27.714361
           6       7.072264      44.436348     235.905350      29.248522
           7       7.706039      48.418473     257.045803      31.869603
           8       8.139254      51.140438     271.496275      33.661233
           9       9.274039      58.270507     309.348653      38.354327
          10      10.009247      62.889954     333.872543      41.394901
          11      11.067118      69.536751     369.159309      45.769900
          12      11.111015      69.812563     370.623549      45.951443
          13      13.319480      83.688759     444.290021      55.084917
          14      13.723807      86.229224     457.776938      56.757081
          15      14.398826      90.470491     480.293134      59.548732
          16      15.372658      96.589258     512.776670      63.576176
          17      17.351522     109.022829     578.784482      71.760098
          18      17.804328     111.867893     593.888461      73.632752
          19      17.830306     112.031118     594.754998      73.740188
          20      18.240731     114.609892     608.445290      75.437567
          21      18.684495     117.398143     623.247661      77.272827
          22      19.142710     120.277190     638.532056      79.167849
          23      19.289087     121.196907     643.414681      79.773218
          24      20.091551     126.238938     670.182007      83.091941
          25      21.025015     132.104065     701.319012      86.952436
          26      21.041107     132.205173     701.855777      87.018987
          27      21.655358     136.064623     722.344971      89.559322
          28      21.758836     136.714800     725.796653      89.987276
          29      22.117157     138.966194     737.748937      91.469169
          30      22.431748     140.942830     748.242578      92.770214
          31      22.867428     143.680287     762.775295      94.572041
          32      27.109185     170.332029     904.265058     112.114528
          33      27.469586     172.596499     916.286761     113.605028
          34      27.709549     174.104227     924.291044     114.597433
          35      28.730618     180.519797     958.350263     118.820236
          36      28.894141     181.547244     963.804812     119.496513
          37      31.705684     199.212688    1057.587782     131.124114
          38      34.384347     216.043223    1146.938362     142.202169
          39      35.297570     221.781170    1177.400188     145.978953
          40      35.948506     225.871122    1199.113078     148.671007
          41      36.490515     229.276666    1217.192558     150.912576
          42      37.227269     233.905826    1241.768015     153.959543
--
 q-point No.           q_x           q_y           q_z  q-path length
           8      0.000000      0.184211      0.000000       0.029174
 frequencies
branch index         f[THz]      f[2PiTHz]        f[cm-1]         f[meV]
           1      -0.098196      -0.616986      -3.275480      -0.406108
           2       3.215556      20.203933     107.259399      13.298465
           3       3.501256      21.999040     116.789331      14.480025
           4       3.858660      24.244678     128.711055      15.958130
           5       6.747160      42.393654     225.061020      27.903998
           6       7.167439      45.034347     239.080027      29.642132
           7       7.718574      48.497231     257.463917      31.921443
           8       8.090813      50.836079     269.880481      33.460900
           9       9.336040      58.660069     311.416772      38.610741
          10       9.943453      62.476558     331.677893      41.122799
          11      10.988959      69.045666     366.552221      45.446663
          12      11.131456      69.940998     371.305391      46.035981
          13      13.284374      83.468182     443.119012      54.939731
          14      13.713525      86.164618     457.433953      56.714556
          15      14.311900      89.924320     477.393599      59.189236
          16      15.130510      95.067795     504.699471      62.574731
          17      17.350249     109.014828     578.742007      71.754832
          18      17.855877     112.191781     595.607930      73.845939
          19      17.868746     112.272643     596.037214      73.899163
          20      18.224254     114.506364     607.895675      75.369424
          21      18.650933     117.187265     622.128143      77.134024
          22      19.128513     120.187992     638.058518      79.109138
          23      19.381145     121.775322     646.485392      80.153937
          24      20.120549     126.421135     671.149258      83.211865
          25      21.024344     132.099850     701.296637      86.949662
          26      21.034127     132.161316     701.622947      86.990119
          27      21.643052     135.987306     721.934506      89.508431
          28      21.738059     136.584250     725.103585      89.901346
          29      22.046796     138.524105     735.401959      91.178181
          30      22.407805     140.792390     747.443918      92.671193
          31      23.011980     144.588535     767.597031      95.169860
          32      27.000191     169.647204     900.629433     111.663768
          33      27.473021     172.618081     916.401340     113.619234
          34      27.684046     173.943992     923.440382     114.491964
          35      28.802100     180.968929     960.734634     119.115860
          36      28.867087     181.377254     962.902363     119.384624
          37      31.689986     199.114054    1057.064154     131.059193
          38      34.405517     216.176237    1147.644512     142.289721
          39      35.242920     221.437794    1175.577262     145.752939
          40      35.953242     225.900882    1199.271070     148.690595
          41      36.501859     229.347940    1217.570942     150.959489
          42      37.198266     233.723595    1240.800579     153.839596
--
 q-point No.           q_x           q_y           q_z  q-path length
           9      0.000000      0.210526      0.000000       0.033342
 frequencies
branch index         f[THz]      f[2PiTHz]        f[cm-1]         f[meV]
           1       0.129712       0.815005       4.326729       0.536446
           2       3.378855      21.229973     112.706477      13.973816
           3       3.656089      22.971883     121.953993      15.120361
           4       4.405588      27.681124     146.954586      18.220038
           5       6.789316      42.658529     226.467198      28.078341
           6       7.281729      45.752450     242.892320      30.114796
           7       7.727675      48.554412     257.767480      31.959080
           8       8.044613      50.545794     268.339405      33.269831
           9       9.401487      59.071287     313.599863      38.881410
          10       9.868734      62.007083     329.185527      40.813785
          11      10.899505      68.483611     363.568359      45.076711
          12      11.151468      70.066739     371.972928      46.118744
          13      13.228390      83.116428     441.251607      54.708202
          14      13.702536      86.095570     457.067391      56.669109
          15      14.235292      89.442977     474.838229      58.872411
          16      14.861713      93.378893     495.733368      61.463077
          17      17.348454     109.003550     578.682131      71.747408
          18      17.909062     112.525957     597.382017      74.065897
          19      17.910704     112.536274     597.436789      74.072688
          20      18.209060     114.410898     607.388862      75.306587
          21      18.617063     116.974458     620.998385      76.993952
          22      19.110831     120.076894     637.468716      79.036012
          23      19.479116     122.390897     649.753383      80.559116
          24      20.151984     126.618651     672.197838      83.341873
          25      21.007900     131.996528     700.748114      86.881654
          26      21.044848     132.228679     701.980565      87.034458
          27      21.629638     135.903025     721.487071      89.452956
          28      21.714808     136.438160     724.328015      89.805188
          29      21.971113     138.048572     732.877434      90.865180
          30      22.377290     140.600658     746.426044      92.544993
          31      23.168166     145.569881     772.806841      95.815794
          32      26.884785     168.922083     896.779886     111.186485
          33      27.476412     172.639388     916.514455     113.633259
          34      27.657314     173.776028     922.548692     114.381409
          35      28.837539     181.191603     961.916771     119.262426
          36      28.873063     181.414801     963.101693     119.409338
          37      31.673705     199.011756    1056.521069     130.991859
          38      34.428069     216.317935    1148.396762     142.382988
          39      35.185393     221.076343    1173.658374     145.515027
          40      35.958047     225.931069    1199.431329     148.710465
          41      36.512741     229.416316    1217.933937     151.004495
          42      37.166932     233.526719    1239.755397     153.710010
--
 q-point No.           q_x           q_y           q_z  q-path length
          10      0.000000      0.236842      0.000000       0.037510
 frequencies
branch index         f[THz]      f[2PiTHz]        f[cm-1]         f[meV]
           1       0.249747       1.569209       8.330673       1.032871
           2       3.246595      20.398959     108.294759      13.426833
           3       4.088467      25.688596     136.376583      16.908534
           4       4.949953      31.101469     165.112646      20.471350
           5       6.827851      42.900650     227.752580      28.237708
           6       7.412742      46.575634     247.262471      30.656625
           7       7.731706      48.579742     257.901958      31.975753
           8       8.002943      50.283975     266.949450      33.097499
           9       9.469214      59.496823     315.858965      39.161503
          10       9.785149      61.481905     326.397441      40.468107
          11      10.799153      67.853080     360.220977      44.661689
          12      11.170079      70.183675     372.593723      46.195713
          13      13.148019      82.611440     438.570710      54.375813
          14      13.691149      86.024023     456.687559      56.622015
          15      14.175370      89.066479     472.839460      58.624595
          16      14.568369      91.535762     485.948486      60.249906
          17      17.346136     108.988989     578.604828      71.737823
          18      17.949439     112.779652     598.728842      74.232882
          19      17.967307     112.891916     599.324834      74.306776
          20      18.195967     114.328633     606.952133      75.252440
          21      18.585056     116.773349     619.930731      76.861580
          22      19.089855     119.945093     636.769004      78.949259
          23      19.581478     123.034057     653.167813      80.982451
          24      20.184983     126.825990     673.298570      83.478346
          25      20.992048     131.896924     700.219334      86.816094
          26      21.057208     132.306341     702.392861      87.085577
          27      21.615429     135.813747     721.013110      89.394192
          28      21.689398     136.278507     723.480445      89.700103
          29      21.890778     137.543811     730.197738      90.532940
          30      22.340897     140.371993     745.212096      92.394483
          31      23.333386     146.607984     778.317962      96.499085
          32      26.763904     168.162565     892.747730     110.686562
          33      27.479517     172.658896     916.618016     113.646099
          34      27.630304     173.606318     921.647727     114.269703
          35      28.806236     180.994918     960.872606     119.132966
          36      28.942126     181.848742     965.405420     119.694963
          37      31.657358     198.909047    1055.975806     130.924255
          38      34.451379     216.464399    1149.174317     142.479392
          39      35.126471     220.706124    1171.692942     145.271345
          40      35.962851     225.961255    1199.591581     148.730334
          41      36.522812     229.479594    1218.269870     151.046145
          42      37.134089     233.320363    1238.659886     153.574184
--
 q-point No.           q_x           q_y           q_z  q-path length
          11      0.000000      0.263158      0.000000       0.041678
 frequencies
branch index         f[THz]      f[2PiTHz]        f[cm-1]         f[meV]
           1       0.363247       2.282349      12.116617       1.502268
           2       3.106066      19.515986     103.607198      12.845650
           3       4.511191      28.344647     150.477124      18.656777
           4       5.490848      34.500015     183.154973      22.708312
           5       6.863160      43.122504     228.930366      28.383735
           6       7.557651      47.486123     252.096110      31.255920
           7       7.729214      48.564085     257.818832      31.965447
           8       7.967954      50.064130     265.782330      32.952794
           9       9.537981      59.928903     318.152808      39.445903
          10       9.692538      60.900014     323.308276      40.085099
          11      10.688412      67.157273     356.527048      44.203700
          12      11.186477      70.286707     373.140705      46.263530
          13      13.043862      81.957002     435.096402      53.945054
          14      13.679677      85.951948     456.304922      56.574574
          15      14.134624      88.810462     471.480309      58.456082
          16      14.252450      89.550784     475.410559      58.943370
          17      17.343378     108.971654     578.512801      71.726414
          18      17.987477     113.018650     599.997645      74.390194
          19      18.024182     113.249273     601.221987      74.541993
          20      18.185579     114.263363     606.605623      75.209478
          21      18.557484     116.600108     619.011021      76.747551
          22      19.066004     119.795236     635.973440      78.850622
          23      19.686906     123.696480     656.684507      81.418466
          24      20.218623     127.037357     674.420682      83.617470
          25      20.976972     131.802201     699.716462      86.753746
          26      21.071201     132.394261     702.859618      87.143447
          27      21.600768     135.721626     720.524056      89.333557
          28      21.662194     136.107579     722.573015      89.587596
          29      21.806548     137.014578     727.388129      90.184593
          30      22.299563     140.112286     743.833356      92.223541
          31      23.505222     147.687663     784.049802      97.209742
          32      26.638237     167.372979     888.555942     110.166846
          33      27.482035     172.674715     916.701996     113.656511
          34      27.604009     173.441104     920.770631     114.160957
          35      28.774000     180.792374     959.797329     118.999649
          36      29.008159     182.263636     967.608022     119.968051
          37      31.641414     198.808865    1055.443954     130.858314
          38      34.474826     216.611718    1149.956408     142.576359
          39      35.067595     220.336198    1169.729067     145.027855
          40      35.967590     225.991033    1199.749669     148.749934
          41      36.531844     229.536342    1218.571135     151.083497
          42      37.100611     233.110010    1237.543157     153.435727
--
 q-point No.           q_x           q_y           q_z  q-path length
          12      0.000000      0.289474      0.000000       0.045845
 frequencies
branch index         f[THz]      f[2PiTHz]        f[cm-1]         f[meV]
           1       0.480154       3.016900      16.016229       1.985758
           2       2.958790      18.590629      98.694626      12.236569
           3       4.922485      30.928886     164.196428      20.357753
           4       6.027074      37.869225     201.041560      24.925965
           5       6.895498      43.325693     230.009063      28.517476
           6       7.713671      48.466427     257.300383      31.901167
           7       7.719513      48.503131     257.495237      31.925326
           8       7.941090      49.895337     264.886233      32.841692
           9       9.590518      60.259002     319.905251      39.663178
          10       9.606428      60.358965     320.435938      39.728975
          11      10.567933      66.400281     352.508302      43.705440
          12      11.200068      70.372101     373.594049      46.319738
          13      12.920929      81.184591     430.995797      53.436644
          14      13.668432      85.881291     455.929819      56.528068
          15      13.915959      87.436548     464.186421      57.551755
          16      14.111424      88.664691     470.706435      58.360134
          17      17.340316     108.952419     578.410687      71.713753
          18      18.020293     113.224836     601.092254      74.525908
          19      18.079858     113.599100     603.079159      74.772252
          20      18.178255     114.217347     606.361331      75.179190
          21      18.537175     116.472506     618.333603      76.663562
          22      19.039914     119.631309     635.103178      78.742723
          23      19.794172     124.370449     660.262502      81.862080
          24      20.251969     127.246870     675.532955      83.755374
          25      20.962818     131.713272     699.244355      86.695212
          26      21.086766     132.492060     703.378815      87.207819
          27      21.586023     135.628984     720.032235      89.272579
          28      21.633616     135.928020     721.619767      89.469408
          29      21.719291     136.466331     724.477571      89.823730
          30      22.254494     139.829107     742.330005      92.037149
          31      23.681409     148.794677     789.926758      97.938392
          32      26.508359     166.556933     884.223690     109.629716
          33      27.483556     172.684271     916.752729     113.662801
          34      27.579492     173.287059     919.952833     114.059563
          35      28.741721     180.589560     958.720627     118.866155
          36      29.070180     182.653328     969.676836     120.224551
          37      31.626277     198.713756    1054.939035     130.795712
          38      34.497799     216.756060    1150.722694     142.671367
          39      35.010171     219.975391    1167.813601     144.790368
          40      35.972194     226.019961    1199.903240     148.768974
          41      36.539714     229.585790    1218.833648     151.116045
          42      37.067399     232.901335    1236.435334     153.298375
--
 q-point No.           q_x           q_y           q_z  q-path length
          13      0.000000      0.315789      0.000000       0.050013
 frequencies
branch index         f[THz]      f[2PiTHz]        f[cm-1]         f[meV]
           1       0.602520       3.785742      20.097889       2.491820
           2       2.806242      17.632141      93.606170      11.605681
           3       5.320171      33.427620     177.461802      22.002449
           4       6.557007      41.198888     218.718203      27.117589
           5       6.924891      43.510376     230.989514      28.639037
           6       7.703457      48.402249     256.959673      31.858925
           7       7.878151      49.499880     262.786817      32.581398
           8       7.922307      49.777321     264.259710      32.764013
           9       9.478562      59.555563     316.170805      39.200166
          10       9.673043      60.777523     322.657992      40.004474
          11      10.438560      65.587408     348.192889      43.170397
          12      11.210519      70.437765     373.942649      46.362959
          13      12.786925      80.342621     426.525915      52.882450
          14      13.561134      85.207120     452.350753      56.084320
          15      13.657711      85.813929     455.572203      56.483729
          16      14.101783      88.604114     470.384842      58.320261
          17      17.337123     108.932353     578.304159      71.700545
          18      18.045053     113.380410     601.918171      74.628308
          19      18.132918     113.932484     604.849042      74.991690
          20      18.174090     114.191177     606.222398      75.161964
          21      18.526655     116.406408     617.982702      76.620055
          22      19.012416     119.458531     634.185924      78.628998
          23      19.902026     125.048115     663.860120      82.308128
          24      20.284096     127.448733     676.604613      83.888243
          25      20.949726     131.631013     698.807653      86.641068
          26      21.103765     132.598864     703.945819      87.278119
          27      21.571589     135.538290     719.550751      89.212883
          28      21.604158     135.742925     720.637127      89.347576
          29      21.630024     135.905450     721.499948      89.454552
          30      22.207179     139.531822     740.751764      91.841472
          31      23.859766     149.915328     795.876110      98.676017
          32      26.374857     165.718113     879.770531     109.077595
          33      27.483469     172.683724     916.749827     113.662441
          34      27.557957     173.151749     919.234496     113.970501
          35      28.710330     180.392321     957.673516     118.736330
          36      29.127311     183.012289     971.582500     120.460823
          37      31.612287     198.625853    1054.472376     130.737853
          38      34.519710     216.893735    1151.453588     142.761986
          39      34.955561     219.632263    1165.991992     144.564517
          40      35.976583     226.047533    1200.049616     148.787123
          41      36.546385     229.627706    1219.056172     151.143634
          42      37.035365     232.700061    1235.366807     153.165894
--
 q-point No.           q_x           q_y           q_z  q-path length
          14      0.000000      0.342105      0.000000       0.054181
 frequencies
branch index         f[THz]      f[2PiTHz]        f[cm-1]         f[meV]
           1       0.730650       4.590811      24.371868       3.021725
           2       2.649882      16.649701      88.390558      10.959028
           3       5.701443      35.823222     190.179663      23.579262
           4       6.951187      43.675594     231.866631      28.747785
           5       7.078348      44.474575     236.108290      29.273684
           6       7.683424      48.276379     256.291452      31.776076
           7       7.910059      49.700363     263.851152      32.713359
           8       8.048465      50.569995     268.467884      33.285760
           9       9.356230      58.786929     312.090251      38.694242
          10       9.736176      61.174194     324.763856      40.265568
          11      10.301421      64.725734     343.618404      42.603233
          12      11.217785      70.483423     374.185039      46.393011
          13      12.650304      79.484203     421.968715      52.317429
          14      13.190748      82.879914     439.995996      54.552526
          15      13.647794      85.751621     455.241417      56.442717
          16      14.101307      88.601123     470.368964      58.318293
          17      17.333974     108.912570     578.199133      71.687524
          18      18.060044     113.474600     602.418210      74.690305
          19      18.172900     114.183695     606.182680      75.157040
          20      18.182019     114.240994     606.486871      75.194755
          21      18.527072     116.409027     617.996607      76.621779
          22      18.984522     119.283270     633.255493      78.513639
          23      20.009054     125.720593     667.430197      82.750761
          24      20.314117     127.637361     677.606005      84.012399
          25      20.937847     131.556370     698.411387      86.591937
          26      21.121944     132.713085     704.552199      87.353300
          27      21.539978     135.339672     718.496321      89.082150
          28      21.557875     135.452124     719.093315      89.156168
          29      21.574408     135.555999     719.644769      89.224540
          30      22.159402     139.231626     739.158074      91.643880
          31      24.038088     151.035760     801.824304      99.413499
          32      26.238479     164.861224     875.221445     108.513580
          33      27.480916     172.667688     916.664693     113.651886
          34      27.540781     173.043831     918.661577     113.899468
          35      28.680763     180.206550     956.687286     118.614053
          36      29.178741     183.335433     973.298018     120.673520
          37      31.599718     198.546885    1054.053145     130.685875
          38      34.540005     217.021249    1152.130539     142.845917
          39      34.905072     219.315031    1164.307856     144.355711
          40      35.980665     226.073185    1200.185797     148.804007
          41      36.551884     229.662262    1219.239622     151.166379
          42      37.005405     232.511815    1234.367437     153.041988
--
 q-point No.           q_x           q_y           q_z  q-path length
          15      0.000000      0.368421      0.000000       0.058349
 frequencies
branch index         f[THz]      f[2PiTHz]        f[cm-1]         f[meV]
           1       0.864105       5.429329      28.823426       3.573648
           2       2.491241      15.652931      83.098865      10.302942
           3       6.062469      38.091613     202.222181      25.072344
           4       6.974129      43.819744     232.631899      28.842667
           5       7.587638      47.674534     253.096354      31.379934
           6       7.662285      48.143557     255.586322      31.688651
           7       7.902285      49.651521     263.591854      32.681210
           8       8.221795      51.659061     274.249562      34.002597
           9       9.223664      57.953989     307.668311      38.145992
          10       9.794057      61.537873     326.694567      40.504946
          11      10.158104      63.825252     338.837889      42.010525
          12      11.222118      70.510649     374.329577      46.410932
          13      12.519169      78.660260     417.594538      51.775101
          14      12.808632      80.479010     427.249985      52.972223
          15      13.638937      85.695971     454.945981      56.406087
          16      14.106215      88.631965     470.532698      58.338593
          17      17.331037     108.894114     578.101155      71.675376
          18      18.065670     113.509954     602.605899      74.713576
          19      18.174221     114.191995     606.226741      75.162503
          20      18.225919     114.516827     607.951221      75.376311
          21      18.537213     116.472744     618.334870      76.663719
          22      18.957415     119.112950     632.351292      78.401533
          23      20.113477     126.376699     670.913358      83.182617
          24      20.341193     127.807483     678.509159      84.124376
          25      20.927347     131.490400     698.061161      86.548515
          26      21.140882     132.832077     705.183908      87.431622
          27      21.450737     134.778957     715.519577      88.713081
          28      21.545099     135.371849     718.667144      89.103330
          29      21.545303     135.373133     718.673960      89.104175
          30      22.113213     138.941415     737.617391      91.452860
          31      24.213935     152.140637     807.689916     100.140742
          32      26.100373     163.993480     870.614734     107.942421
          33      27.475272     172.632221     916.476405     113.628541
          34      27.529034     172.970022     918.269734     113.850886
          35      28.653933     180.037967     955.792306     118.503089
          36      29.223723     183.618064     974.798460     120.859551
          37      31.588788     198.478206    1053.688537     130.640670
          38      34.558166     217.135360    1152.736335     142.921026
          39      34.859936     219.031433    1162.802280     144.169044
          40      35.984346     226.096310    1200.308566     148.819228
          41      36.556285     229.689908    1219.386394     151.184576
          42      36.978372     232.341960    1233.465704     152.930188
--
 q-point No.           q_x           q_y           q_z  q-path length
          16      0.000000      0.394737      0.000000       0.062516
 frequencies
branch index         f[THz]      f[2PiTHz]        f[cm-1]         f[meV]
           1       1.001832       6.294694      33.417508       4.143241
           2       2.332107      14.653060      77.790717       9.644815
           3       6.397620      40.197434     213.401644      26.458420
           4       6.993423      43.940969     233.275465      28.922458
           5       7.642464      48.019017     254.925160      31.606677
           6       7.897313      49.620282     263.426014      32.660649
           7       8.079175      50.762956     269.492281      33.412769
           8       8.394698      52.745442     280.016982      34.717665
           9       9.082559      57.067398     302.961541      37.562427
          10       9.844856      61.857054     328.389049      40.715035
          11      10.011058      62.901334     333.932958      41.402391
          12      11.224038      70.522709     374.393603      46.418870
          13      12.400856      77.916878     413.648043      51.285798
          14      12.420777      78.042045     414.312535      51.368184
          15      13.631366      85.648398     454.693423      56.374774
          16      14.113585      88.678271     470.778531      58.369072
          17      17.328454     108.877886     578.015002      71.664694
          18      18.064353     113.501679     602.561967      74.708129
          19      18.177333     114.211554     606.330576      75.175377
          20      18.263502     114.752966     609.204844      75.531740
          21      18.553658     116.576070     618.883409      76.731729
          22      18.932414     118.955866     631.517361      78.298138
          23      20.212821     127.000901     674.227144      83.593474
          24      20.364552     127.954255     679.288343      84.220983
          25      20.918409     131.434242     697.763028      86.511551
          26      21.159903     132.951592     705.818395      87.510288
          27      21.364527     134.237280     712.643902      88.356543
          28      21.517187     135.196470     717.736086      88.987893
          29      21.534291     135.303937     718.306614      89.058630
          30      22.070871     138.675370     736.205000      91.277746
          31      24.384195     153.210411     813.369175     100.844880
          32      25.962538     163.127436     866.017045     107.372381
          33      27.467300     172.582132     916.210492     113.595572
          34      27.522312     172.927787     918.045515     113.823086
          35      28.630684     179.891889     955.016805     118.406940
          36      29.261576     183.855905     976.061120     121.016101
          37      31.579658     198.420844    1053.384015     130.602914
          38      34.573728     217.233138    1153.255424     142.985385
          39      34.821280     218.788555    1161.512882     144.009179
          40      35.987526     226.116294    1200.414659     148.832382
          41      36.559682     229.711258    1219.499734     151.198629
          42      36.955051     232.195433    1232.687818     152.833742
--
 q-point No.           q_x           q_y           q_z  q-path length
          17      0.000000      0.421053      0.000000       0.066684
 frequencies
branch index         f[THz]      f[2PiTHz]        f[cm-1]         f[meV]
           1       1.141812       7.174214      38.086736       4.722151
           2       2.175015      13.666024      72.550703       8.995137
           3       6.697937      42.084380     223.419135      27.700430
           4       7.008778      44.037449     233.787660      28.985963
           5       7.625674      47.913522     254.365100      31.537239
           6       7.894089      49.600025     263.318472      32.647315
           7       8.542477      53.673963     284.946347      35.328828
           8       8.562134      53.797477     285.602062      35.410127
           9       8.938003      56.159131     298.139698      36.964595
          10       9.864530      61.980669     329.045299      40.796399
          11       9.886763      62.120365     329.786922      40.888349
          12      11.224268      70.524154     374.401274      46.419821
          13      12.037894      75.636316     401.540908      49.784705
          14      12.301735      77.294079     410.341704      50.875864
          15      13.625271      85.610102     454.490118      56.349568
          16      14.121269      88.726548     471.034825      58.400849
          17      17.326339     108.864599     577.944463      71.655949
          18      18.059356     113.470279     602.395268      74.687461
          19      18.181319     114.236595     606.463516      75.191859
          20      18.293802     114.943347     610.215550      75.657052
          21      18.572034     116.691533     619.496382      76.807728
          22      18.910922     118.820824     630.800445      78.209252
          23      20.303365     127.569801     677.247339      83.967931
          24      20.383511     128.073375     679.920731      84.299389
          25      20.911216     131.389047     697.523098      86.481803
          26      21.177948     133.064970     706.420299      87.584915
          27      21.284756     133.736067     709.983047      88.026639
          28      21.491968     135.038018     716.894893      88.883599
          29      21.525233     135.247025     718.004475      89.021169
          30      22.034711     138.448169     734.998827      91.128199
          31      24.544120     154.215253     818.703714     101.506278
          32      25.828799     162.287129     861.555995     106.819281
          33      27.459020     172.530108     915.934305     113.561329
          34      27.518882     172.906234     917.931094     113.808900
          35      28.611763     179.773009     954.385689     118.328691
          36      29.291702     184.045189     977.065996     121.140690
          37      31.572450     198.375555    1053.143582     130.573104
          38      34.586285     217.312037    1153.674284     143.037317
          39      34.790097     218.592623    1160.472709     143.880214
          40      35.990114     226.132553    1200.500971     148.843083
          41      36.562184     229.726975    1219.583173     151.208974
          42      36.936135     232.076577    1232.056831     152.755510
--
 q-point No.           q_x           q_y           q_z  q-path length
          18      0.000000      0.447368      0.000000       0.070852
 frequencies
branch index         f[THz]      f[2PiTHz]        f[cm-1]         f[meV]
           1       1.279516       8.039435      42.680053       5.291650
           2       2.024854      12.722534      67.541867       8.374121
           3       6.948152      43.656524     231.765389      28.735233
           4       7.019942      44.107597     234.160063      29.032135
           5       7.613026      47.834051     253.943204      31.484930
           6       7.892041      49.587153     263.250137      32.638842
           7       8.714995      54.757926     290.700930      36.042306
           8       8.801807      55.303384     293.596677      36.401332
           9       8.955800      56.270951     298.733332      37.038196
          10       9.727027      61.116713     324.458694      40.227733
          11       9.918111      62.317327     330.832564      41.017992
          12      11.223626      70.520123     374.379870      46.417167
          13      11.681893      73.399495     389.665991      48.312404
          14      12.227025      76.824665     407.849661      50.566891
          15      13.620806      85.582045     454.341167      56.331100
          16      14.127749      88.767265     471.250982      58.427649
          17      17.324775     108.854774     577.892304      71.649482
          18      18.053647     113.434410     602.204848      74.663852
          19      18.185165     114.260760     606.591803      75.207765
          20      18.316033     115.083029     610.957096      75.748992
          21      18.588276     116.793582     620.038144      76.874898
          22      18.894316     118.716485     630.246527      78.140575
          23      20.379255     128.046634     679.778771      84.281788
          24      20.397495     128.161240     680.387193      84.357223
          25      20.905938     131.355879     697.347013      86.459971
          26      21.193422     133.162199     706.936473      87.648912
          27      21.216922     133.309850     707.720328      87.746098
          28      21.471229     134.907709     716.203100      88.797827
          29      21.518479     135.204593     717.779210      88.993240
          30      22.006954     138.273771     734.072979      91.013409
          31      24.685083     155.100950     823.405738     102.089254
          32      25.707061     161.522227     857.495252     106.315814
          33      27.452193     172.487215     915.706592     113.533097
          34      27.517197     172.895644     917.874876     113.801929
          35      28.597787     179.685192     953.919481     118.270889
          36      29.313600     184.182782     977.796456     121.231255
          37      31.567248     198.342867    1052.970046     130.551588
          38      34.595505     217.369966    1153.981821     143.075447
          39      34.767203     218.448780    1159.709069     143.785534
          40      35.992027     226.144573    1200.564783     148.850995
          41      36.563888     229.737683    1219.640024     151.216023
          42      36.922192     231.988975    1231.591766     152.697849
--
 q-point No.           q_x           q_y           q_z  q-path length
          19      0.000000      0.473684      0.000000       0.075020
 frequencies
branch index         f[THz]      f[2PiTHz]        f[cm-1]         f[meV]
           1       1.401361       8.805011      46.744373       5.795561
           2       1.895445      11.909430      63.225226       7.838925
           3       7.026722      44.150195     234.386208      29.060173
           4       7.122512      44.752065     237.581439      29.456331
           5       7.605196      47.784857     253.682042      31.452550
           6       7.890889      49.579917     263.211722      32.634080
           7       8.697007      54.644907     290.100932      35.967915
           8       8.833923      55.505172     294.667940      36.534152
           9       9.270688      58.249447     309.236849      38.340466
          10       9.617481      60.428417     320.804647      39.774689
          11       9.937529      62.439334     331.480275      41.098298
          12      11.222875      70.515402     374.354811      46.414060
          13      11.401351      71.636803     380.308144      47.152179
          14      12.180607      76.533013     406.301327      50.374922
          15      13.618081      85.564926     454.250287      56.319832
          16      14.132020      88.794098     471.393434      58.445311
          17      17.323817     108.848753     577.860341      71.645519
          18      18.049384     113.407624     602.062647      74.646221
          19      18.187929     114.278128     606.684009      75.219197
          20      18.329611     115.168345     611.410024      75.805148
          21      18.599286     116.862762     620.405410      76.920433
          22      18.883795     118.650380     629.895582      78.097064
          23      20.406069     128.215109     680.673177      84.392680
          24      20.431767     128.376577     681.530385      84.498960
          25      20.902710     131.335600     697.239355      86.446624
          26      21.169410     133.011322     706.135492      87.549603
          27      21.204191     133.229861     707.295679      87.693448
          28      21.457244     134.819840     715.736618      88.739991
          29      21.514308     135.178382     717.640062      88.975988
          30      21.989464     138.163874     733.489553      90.941073
          31      24.790010     155.760226     826.905724     102.523197
          32      25.613878     160.936740     854.386998     105.930439
          33      27.447805     172.459642     915.560213     113.514948
          34      27.516420     172.890762     917.848956     113.798716
          35      28.589212     179.631317     953.633467     118.235428
          36      29.326896     184.266322     978.239955     121.286242
          37      31.564106     198.323125    1052.865239     130.538594
          38      34.601139     217.405367    1154.169761     143.098748
          39      34.753213     218.360879    1159.242416     143.727677
          40      35.993202     226.151955    1200.603974     148.855854
          41      36.564876     229.743889    1219.672969     151.220107
          42      36.913651     231.935307    1231.306848     152.662524
--
 q-point No.           q_x           q_y           q_z  q-path length
          20      0.000000      0.500000      0.000000       0.079187
 frequencies
branch index         f[THz]      f[2PiTHz]        f[cm-1]         f[meV]
           1       1.460314       9.175425      48.710838       6.039371
           2       1.833955      11.523081      61.174162       7.584626
           3       7.028995      44.164480     234.462048      29.069576
           4       7.186845      45.156279     239.727348      29.722390
           5       7.602548      47.768220     253.593718      31.441600
           6       7.890516      49.577572     263.199272      32.632536
           7       8.656057      54.387613     288.734998      35.798561
           8       8.882302      55.809146     296.281686      36.734231
           9       9.396698      59.041196     313.440114      38.861604
          10       9.572258      60.144269     319.296151      39.587659
          11       9.944108      62.480671     331.699730      41.125507
          12      11.222559      70.513414     374.344257      46.412752
          13      11.286782      70.916940     376.486508      46.678357
          14      12.164867      76.434111     405.776275      50.309824
          15      13.617165      85.559172     454.219741      56.316045
          16      14.133506      88.803434     471.442999      58.451456
          17      17.323495     108.846726     577.849580      71.644185
          18      18.047826     113.397836     602.010684      74.639778
          19      18.188933     114.284437     606.717505      75.223350
          20      18.334178     115.197037     611.562349      75.824033
          21      18.603169     116.887154     620.534906      76.936488
          22      18.880188     118.627720     629.775285      78.082149
          23      20.408958     128.233262     680.769545      84.404628
          24      20.450907     128.496837     682.168824      84.578117
          25      20.901624     131.328775     697.203121      86.442131
          26      21.151967     132.901724     705.553655      87.477465
          27      21.208103     133.254440     707.426164      87.709626
          28      21.452251     134.788465     715.570055      88.719340
          29      21.512897     135.169516     717.592991      88.970152
          30      21.983487     138.126319     733.290180      90.916354
          31      24.830917     156.017253     828.270242     102.692376
          32      25.576920     160.704528     853.154220     105.777594
          33      27.446300     172.450189     915.510026     113.508726
          34      27.516193     172.889336     917.841389     113.797778
          35      28.586322     179.613159     953.537069     118.223476
          36      29.331355     184.294335     978.388674     121.304681
          37      31.563055     198.316524    1052.830193     130.534249
          38      34.603035     217.417276    1154.232986     143.106587
          39      34.748507     218.331308    1159.085432     143.708213
          40      35.993598     226.154445    1200.617192     148.857493
          41      36.565199     229.745920    1219.683750     151.221444
          42      36.910774     231.917230    1231.210882     152.650625
--
 q-point No.           q_x           q_y           q_z  q-path length
          21      0.000000      0.500000      0.000000       0.079187
 frequencies
branch index         f[THz]      f[2PiTHz]        f[cm-1]         f[meV]
           1       1.460314       9.175425      48.710838       6.039371
           2       1.833955      11.523081      61.174162       7.584626
           3       7.028995      44.164480     234.462048      29.069576
           4       7.186845      45.156279     239.727348      29.722390
           5       7.602548      47.768220     253.593718      31.441600
           6       7.890516      49.577572     263.199272      32.632536
           7       8.656057      54.387613     288.734998      35.798561
           8       8.882302      55.809146     296.281686      36.734231
           9       9.396698      59.041196     313.440114      38.861604
          10       9.572258      60.144269     319.296151      39.587659
          11       9.944108      62.480671     331.699730      41.125507
          12      11.222559      70.513414     374.344257      46.412752
          13      11.286782      70.916940     376.486508      46.678357
          14      12.164867      76.434111     405.776275      50.309824
          15      13.617165      85.559172     454.219741      56.316045
          16      14.133506      88.803434     471.442999      58.451456
          17      17.323495     108.846726     577.849580      71.644185
          18      18.047826     113.397836     602.010684      74.639778
          19      18.188933     114.284437     606.717505      75.223350
          20      18.334178     115.197037     611.562349      75.824033
          21      18.603169     116.887154     620.534906      76.936488
          22      18.880188     118.627720     629.775285      78.082149
          23      20.408958     128.233262     680.769545      84.404628
          24      20.450907     128.496837     682.168824      84.578117
          25      20.901624     131.328775     697.203121      86.442131
          26      21.151967     132.901724     705.553655      87.477465
          27      21.208103     133.254440     707.426164      87.709626
          28      21.452251     134.788465     715.570055      88.719340
          29      21.512897     135.169516     717.592991      88.970152
          30      21.983487     138.126319     733.290180      90.916354
          31      24.830917     156.017253     828.270242     102.692376
          32      25.576920     160.704528     853.154220     105.777594
          33      27.446300     172.450189     915.510026     113.508726
          34      27.516193     172.889336     917.841389     113.797778
          35      28.586322     179.613159     953.537069     118.223476
          36      29.331355     184.294335     978.388674     121.304681
          37      31.563055     198.316524    1052.830193     130.534249
          38      34.603035     217.417276    1154.232986     143.106587
          39      34.748507     218.331308    1159.085432     143.708213
          40      35.993598     226.154445    1200.617192     148.857493
          41      36.565199     229.745920    1219.683750     151.221444
          42      36.910774     231.917230    1231.210882     152.650625
--
 q-point No.           q_x           q_y           q_z  q-path length
          22      0.026316      0.500000      0.000000       0.083804
 frequencies
branch index         f[THz]      f[2PiTHz]        f[cm-1]         f[meV]
           1       1.480604       9.302911      49.387644       6.123285
           2       1.821307      11.443609      60.752263       7.532317
           3       7.017613      44.092961     234.082362      29.022501
           4       7.201938      45.251108     240.230778      29.784807
           5       7.620755      47.882613     254.201011      31.516894
           6       7.877378      49.495028     262.761060      32.578205
           7       8.596388      54.012696     286.744623      35.551786
           8       8.855190      55.638800     295.377347      36.622107
           9       9.441093      59.320135     314.920954      39.045204
          10       9.558809      60.059767     318.847544      39.532039
          11       9.970021      62.643488     332.564095      41.232674
          12      11.239987      70.622920     374.925602      46.484829
          13      11.287226      70.919729     376.501315      46.680193
          14      12.188759      76.584228     406.573219      50.408632
          15      13.616881      85.557383     454.210243      56.314868
          16      14.129284      88.776907     471.302169      58.433995
          17      17.321958     108.837071     577.798322      71.637830
          18      18.047334     113.394742     601.994255      74.637742
          19      18.189736     114.289479     606.744268      75.226668
          20      18.320058     115.108317     611.091347      75.765637
          21      18.630722     117.060278     621.453993      77.050440
          22      18.880913     118.632273     629.799457      78.085146
          23      20.407416     128.223577     680.718129      84.398254
          24      20.446461     128.468905     682.020540      84.559732
          25      20.894595     131.284611     696.968665      86.413062
          26      21.145875     132.863452     705.350472      87.452273
          27      21.210803     133.271405     707.516229      87.720793
          28      21.451530     134.783934     715.546003      88.716358
          29      21.511972     135.163707     717.562154      88.966328
          30      21.974090     138.067277     732.976734      90.877492
          31      24.846905     156.117704     828.803519     102.758494
          32      25.578067     160.711733     853.192473     105.782337
          33      27.446734     172.452913     915.524490     113.510519
          34      27.518448     172.903507     917.916621     113.807105
          35      28.584669     179.602770     953.481919     118.216638
          36      29.323262     184.243487     978.118730     121.271212
          37      31.559380     198.293434    1052.707612     130.519051
          38      34.548507     217.074670    1152.414146     142.881080
          39      34.803363     218.675980    1160.915240     143.935081
          40      35.999082     226.188900    1200.800111     148.880172
          41      36.566562     229.754486    1219.729224     151.227082
          42      36.911405     231.921196    1231.231939     152.653236
--
 q-point No.           q_x           q_y           q_z  q-path length
          23      0.052632      0.500000      0.000000       0.088421
 frequencies
branch index         f[THz]      f[2PiTHz]        f[cm-1]         f[meV]
           1       1.539672       9.674047      51.357945       6.367571
           2       1.783894      11.208537      59.504304       7.377590
           3       6.987636      43.904614     233.082460      28.898529
           4       7.245262      45.523326     241.675942      29.963984
           5       7.670275      48.193756     255.852816      31.721692
           6       7.836175      49.236140     261.386666      32.407802
           7       8.447451      53.076900     281.776636      34.935835
           8       8.784783      55.196420     293.028823      36.330927
           9       9.521186      59.823378     317.592592      39.376445
          10       9.546045      59.979572     318.421799      39.479254
          11      10.038698      63.074998     334.854913      41.516699
          12      11.289666      70.935064     376.582725      46.690286
          13      11.290098      70.937776     376.597122      46.692071
          14      12.258618      77.023170     408.903494      50.697549
          15      13.616000      85.551851     454.180873      56.311226
          16      14.116718      88.697956     470.883032      58.382029
          17      17.317622     108.809829     577.653696      71.619898
          18      18.045856     113.385457     601.944965      74.631630
          19      18.192170     114.304775     606.825475      75.236736
          20      18.290399     114.921964     610.102032      75.642977
          21      18.700066     117.495976     623.767042      77.337222
          22      18.882978     118.645250     629.868351      78.093687
          23      20.403044     128.196103     680.572276      84.380170
          24      20.433053     128.384658     681.573285      84.504279
          25      20.873224     131.150336     696.255817      86.324680
          26      21.127805     132.749915     704.747725      87.377542
          27      21.218727     133.321194     707.780553      87.753565
          28      21.449019     134.768160     715.462259      88.705975
          29      21.509532     135.148376     717.480764      88.956237
          30      21.947377     137.899436     732.085696      90.767017
          31      24.893599     156.411096     830.361088     102.951607
          32      25.581559     160.733672     853.308944     105.796778
          33      27.447994     172.460832     915.566527     113.515731
          34      27.525185     172.945838     918.141345     113.834967
          35      28.579722     179.571686     953.316895     118.196178
          36      29.298818     184.089900     977.303359     121.170119
          37      31.549016     198.228313    1052.361900     130.476188
          38      34.454313     216.482833    1149.272175     142.491525
          39      34.898465     219.273521    1164.087488     144.328389
          40      36.015214     226.290259    1201.338208     148.946888
          41      36.570598     229.779845    1219.863853     151.243774
          42      36.913251     231.932794    1231.293512     152.660870
--
 q-point No.           q_x           q_y           q_z  q-path length
          24      0.078947      0.500000      0.000000       0.093038
 frequencies
branch index         f[THz]      f[2PiTHz]        f[cm-1]         f[meV]
           1       1.632744      10.258830      54.462461       6.752482
           2       1.723338      10.828054      57.484379       7.127151
           3       6.947164      43.650315     231.732430      28.731147
           4       7.311103      45.937017     243.872157      30.236280
           5       7.740198      48.633095     258.185197      32.010870
           6       7.762246      48.771629     258.920649      32.102055
           7       8.251527      51.845873     275.241315      34.125558
           8       8.694177      54.627126     290.006536      35.956212
           9       9.466565      59.480184     315.770631      39.150551
          10       9.674365      60.785828     322.702084      40.009941
          11      10.131932      63.660806     337.964870      41.902285
          12      11.297387      70.983574     376.840258      46.722216
          13      11.367424      71.423633     379.176458      47.011868
          14      12.369439      77.719479     412.600082      51.155867
          15      13.614443      85.542066     454.128924      56.304785
          16      14.096093      88.568366     470.195059      58.296731
          17      17.311302     108.770116     577.442867      71.593759
          18      18.043392     113.369973     601.862760      74.621438
          19      18.196317     114.330833     606.963814      75.253888
          20      18.261287     114.739048     609.130956      75.522579
          21      18.793296     118.081759     626.876868      77.722791
          22      18.886062     118.664627     629.971221      78.106442
          23      20.396558     128.155354     680.355945      84.353348
          24      20.410447     128.242618     680.819215      84.410787
          25      20.836803     130.921496     695.040944      86.174055
          26      21.098377     132.565008     703.766085      87.255835
          27      21.231382     133.400705     708.202665      87.805900
          28      21.443710     134.734802     715.285165      88.684018
          29      21.506545     135.129606     717.381117      88.943883
          30      21.907331     137.647818     730.749894      90.601399
          31      24.967535     156.875650     832.827330     103.257382
          32      25.587547     160.771301     853.508709     105.821545
          33      27.449961     172.473192     915.632148     113.523867
          34      27.536317     173.015782     918.512667     113.881005
          35      28.571518     179.520144     953.043267     118.162252
          36      29.257580     183.830794     975.927810     120.999573
          37      31.533846     198.132996    1051.855877     130.413449
          38      34.352646     215.844039    1145.880924     142.071064
          39      35.001385     219.920188    1167.520537     144.754033
          40      36.041077     226.452764    1202.200921     149.053850
          41      36.577150     229.821009    1220.082386     151.270868
          42      36.916168     231.951121    1231.390804     152.672933
--
 q-point No.           q_x           q_y           q_z  q-path length
          25      0.105263      0.500000      0.000000       0.097655
 frequencies
branch index         f[THz]      f[2PiTHz]        f[cm-1]         f[meV]
           1       1.642443      10.319772      54.785991       6.792594
           2       1.753490      11.017505      58.490143       7.251850
           3       6.902352      43.368754     230.237669      28.545820
           4       7.390431      46.435444     246.518227      30.564351
           5       7.650617      48.070242     255.197101      31.640394
           6       7.819588      49.131918     260.833369      32.339202
           7       8.032162      50.467559     267.924070      33.218336
           8       8.604341      54.062665     287.009905      35.584677
           9       9.404577      59.090701     313.702927      38.894188
          10       9.809739      61.636409     327.217679      40.569803
          11      10.234142      64.303013     341.374247      42.324993
          12      11.315656      71.098361     377.449643      46.797770
          13      11.465352      72.038929     382.442968      47.416863
          14      12.514119      78.628530     417.426085      51.754215
          15      13.612066      85.527133     454.049651      56.294957
          16      14.067836      88.390821     469.252504      58.179869
          17      17.304303     108.726144     577.209428      71.564816
          18      18.039933     113.348243     601.747402      74.607136
          19      18.202306     114.368460     607.163565      75.278654
          20      18.239497     114.602137     608.404121      75.432463
          21      18.889641     118.687116     630.090608      78.121244
          22      18.900711     118.756671     630.459866      78.167026
          23      20.378180     128.039881     679.742921      84.277343
          24      20.389047     128.108161     680.105406      84.322286
          25      20.784637     130.593725     693.300861      85.958313
          26      21.058651     132.315408     702.440996      87.091545
          27      21.248042     133.505385     708.758394      87.874802
          28      21.434232     134.675253     714.969032      88.644822
          29      21.504315     135.115593     717.306724      88.934659
          30      21.859284     137.345929     729.147218      90.402693
          31      25.063851     157.480818     836.040069     103.655711
          32      25.596282     160.826179     853.800045     105.857667
          33      27.452443     172.488788     915.714941     113.534132
          34      27.551701     173.112444     919.025831     113.944630
          35      28.560122     179.448537     952.663121     118.115120
          36      29.198992     183.462676     973.973531     120.757273
          37      31.516698     198.025255    1051.283894     130.342532
          38      34.247524     215.183538    1142.374430     141.636314
          39      35.107725     220.588339    1171.067640     145.193817
          40      36.075275     226.667633    1203.341627     149.195280
          41      36.585966     229.876401    1220.376456     151.307328
          42      36.919916     231.974670    1231.515823     152.688433
--
 q-point No.           q_x           q_y           q_z  q-path length
          26      0.131579      0.500000      0.000000       0.102272
 frequencies
branch index         f[THz]      f[2PiTHz]        f[cm-1]         f[meV]
           1       1.545387       9.709950      51.548546       6.391202
           2       1.895364      11.908922      63.222532       7.838591
           3       6.855992      43.077469     228.691282      28.354093
           4       7.471750      46.946386     249.230736      30.900659
           5       7.499862      47.123022     250.168467      31.016923
           6       7.802033      49.021617     260.247795      32.266600
           7       7.898887      49.630168     263.478494      32.667155
           8       8.527534      53.580073     284.447900      35.267029
           9       9.345804      58.721415     311.742448      38.651120
          10       9.947602      62.502628     331.816293      41.139959
          11      10.335138      64.937588     344.743099      42.742678
          12      11.351221      71.321822     378.635961      46.944855
          13      11.577758      72.745197     386.192427      47.881737
          14      12.684718      79.700436     423.116661      52.459756
          15      13.608658      85.505720     453.935971      56.280862
          16      14.032489      88.168726     468.073435      58.033683
          17      17.298303     108.688444     577.009283      71.540001
          18      18.035462     113.320151     601.598266      74.588645
          19      18.210302     114.418703     607.430301      75.311725
          20      18.226735     114.521954     607.978440      75.379686
          21      18.893015     118.708311     630.203133      78.135195
          22      19.016739     119.485694     634.330133      78.646878
          23      20.335440     127.771335     678.317249      84.100583
          24      20.381840     128.062876     679.864994      84.292478
          25      20.716741     130.167123     691.036103      85.677519
          26      21.010189     132.010909     700.824464      86.891120
          27      21.267860     133.629905     709.419449      87.956762
          28      21.419565     134.583095     714.479776      88.584162
          29      21.503778     135.112220     717.288818      88.932439
          30      21.808526     137.027008     727.454115      90.192775
          31      25.177150     158.192701     839.819339     104.124281
          32      25.608097     160.900416     854.194161     105.906531
          33      27.455186     172.506019     915.806421     113.545474
          34      27.571142     173.234593     919.674300     114.025029
          35      28.545618     179.357407     952.179323     118.055137
          36      29.122631     182.982889     971.426418     120.441471
          37      31.500939     197.926238    1050.758229     130.277358
          38      34.139506     214.504838    1138.771323     141.189586
          39      35.216410     221.271226    1174.692977     145.643301
          40      36.116087     226.924063    1204.702969     149.364065
          41      36.596718     229.943959    1220.735108     151.351796
          42      36.924160     232.001340    1231.657412     152.705988
--
 q-point No.           q_x           q_y           q_z  q-path length
          27      0.157895      0.500000      0.000000       0.106889
 frequencies
branch index         f[THz]      f[2PiTHz]        f[cm-1]         f[meV]
           1       1.438084       9.035749      47.969323       5.947435
           2       2.052347      12.895277      68.458932       8.487822
           3       6.808245      42.777467     227.098620      28.156628
           4       7.313965      45.954995     243.967602      30.248114
           5       7.542466      47.390709     251.589571      31.193117
           6       7.569489      47.560500     252.490965      31.304876
           7       7.969502      50.073855     265.833960      32.959196
           8       8.466934      53.199315     282.426515      35.016409
           9       9.300938      58.439515     310.245890      38.465571
          10      10.087596      63.382233     336.485976      41.718925
          11      10.428702      65.525469     347.864065      43.129628
          12      11.411267      71.699102     380.638881      47.193185
          13      11.699663      73.511148     390.258739      48.385895
          14      12.873441      80.886212     429.411756      53.240248
          15      13.603926      85.475989     453.778132      56.261293
          16      13.990730      87.906348     466.680514      57.860983
          17      17.295146     108.668604     576.903959      71.526943
          18      18.029940     113.285453     601.414061      74.565807
          19      18.220501     114.482783     607.770489      75.353903
          20      18.222684     114.496502     607.843319      75.362933
          21      18.895343     118.722942     630.280802      78.144825
          22      19.137091     120.241890     638.344654      79.144615
          23      20.280858     127.428387     676.496598      83.874851
          24      20.376377     128.028553     679.682778      84.269886
          25      20.634632     129.651214     688.297223      85.337941
          26      20.955138     131.665012     698.988153      86.663447
          27      21.289960     133.768761     710.156611      88.048159
          28      21.399470     134.456836     713.809493      88.501058
          29      21.505072     135.120350     717.331976      88.937790
          30      21.759146     136.716745     725.806979      89.988556
          31      25.302133     158.977992     843.988321     104.641168
          32      25.623406     160.996607     854.704819     105.969844
          33      27.457886     172.522985     915.896489     113.556641
          34      27.594393     173.380682     920.449863     114.121187
          35      28.528114     179.247427     951.595459     117.982747
          36      29.028496     182.391417     968.286392     120.052158
          37      31.490013     197.857587    1050.393774     130.232171
          38      34.028515     213.807462    1135.069066     140.730565
          39      35.326884     221.965357    1178.378007     146.100187
          40      36.161641     227.210292    1206.222515     149.552464
          41      36.609019     230.021251    1221.145441     151.402670
          42      36.928475     232.028448    1231.801322     152.723831
--
 q-point No.           q_x           q_y           q_z  q-path length
          28      0.184211      0.500000      0.000000       0.111506
 frequencies
branch index         f[THz]      f[2PiTHz]        f[cm-1]         f[meV]
           1       1.328761       8.348854      44.322711       5.495313
           2       2.219154      13.943355      74.023007       9.177679
           3       6.757544      42.458900     225.407400      27.946943
           4       7.100386      44.613042     236.843390      29.364825
           5       7.341039      46.125110     244.870712      30.360085
           6       7.590769      47.694207     253.200795      31.392883
           7       8.024128      50.417081     267.656088      33.185111
           8       8.420214      52.905766     280.868116      34.823192
           9       9.279696      58.306047     309.537329      38.377720
          10      10.230504      64.280153     341.252886      42.309946
          11      10.511044      66.042839     350.610697      43.470167
          12      11.501739      72.267556     383.656710      47.567348
          13      11.827242      74.312752     394.514324      48.913520
          14      13.073168      82.141137     436.073945      54.066254
          15      13.597490      85.435549     453.563443      56.234675
          16      13.943496      87.609570     465.104970      57.665641
          17      17.296610     108.677807     576.952816      71.533000
          18      18.023298     113.243721     601.192511      74.538338
          19      18.226275     114.519063     607.963095      75.377783
          20      18.233108     114.561994     608.191006      75.406040
          21      18.895707     118.725228     630.292940      78.146330
          22      19.257653     120.999404     642.366173      79.643219
          23      20.212306     126.997663     674.209956      83.591343
          24      20.374093     128.014198     679.606570      84.260438
          25      20.541863     129.068330     685.202788      84.954280
          26      20.896385     131.295860     697.028384      86.420466
          27      21.313505     133.916703     710.942014      88.145536
          28      21.374214     134.298147     712.967036      88.396607
          29      21.507824     135.137641     717.423771      88.949171
          30      21.713449     136.429620     724.282681      89.799567
          31      25.433921     159.806036     848.384275     105.186197
          32      25.642683     161.117730     855.347841     106.049569
          33      27.460210     172.537585     915.973997     113.566251
          34      27.621160     173.548865     921.342720     114.231887
          35      28.507738     179.119397     950.915770     117.898476
          36      28.917265     181.692531     964.576119     119.592143
          37      31.487026     197.838818    1050.294130     130.219817
          38      33.914366     213.090246    1131.261486     140.258485
          39      35.438608     222.667339    1182.104716     146.562240
          40      36.210066     227.514553    1207.837787     149.752732
          41      36.622446     230.105612    1221.593296     151.458197
          42      36.932344     232.052761    1231.930394     152.739834
--
 q-point No.           q_x           q_y           q_z  q-path length
          29      0.210526      0.500000      0.000000       0.116123
 frequencies
branch index         f[THz]      f[2PiTHz]        f[cm-1]         f[meV]
           1       1.228684       7.720052      40.984499       5.081428
           2       2.391076      15.023570      79.757694       9.888689
           3       6.701310      42.105575     223.531656      27.714381
           4       6.867202      43.147903     229.065206      28.400453
           5       7.122273      44.750560     237.573451      29.455341
           6       7.607690      47.800525     253.765221      31.462863
           7       8.058480      50.632923     268.801961      33.327181
           8       8.383504      52.675110     279.643598      34.671372
           9       9.288728      58.362799     309.838613      38.415075
          10      10.377121      65.201372     346.143488      42.916303
          11      10.579842      66.475110     352.905556      43.754693
          12      11.625298      73.043900     387.778192      48.078347
          13      11.957604      75.131844     398.862749      49.452656
          14      13.277610      83.425684     442.893400      54.911758
          15      13.588877      85.381435     453.276160      56.199056
          16      13.892242      87.287528     463.395298      57.453669
          17      17.304201     108.725498     577.205999      71.564391
          18      18.015428     113.194273     600.929997      74.505790
          19      18.236270     114.581864     608.296492      75.419119
          20      18.248325     114.657605     608.698593      75.468973
          21      18.893183     118.709367     630.208736      78.135890
          22      19.373944     121.730079     646.245206      80.124158
          23      20.127037     126.461901     671.365682      83.238698
          24      20.376304     128.028091     679.680326      84.269582
          25      20.443816     128.452282     681.932287      84.548790
          26      20.837776     130.927606     695.073383      86.178077
          27      21.337742     134.068986     711.750458      88.245770
          28      21.344166     134.109352     711.964755      88.272340
          29      21.511557     135.161100     717.548313      88.964612
          30      21.672014     136.169279     722.900572      89.628208
          31      25.568156     160.649459     852.861869     105.741347
          32      25.666446     161.267035     856.140478     106.147843
          33      27.461811     172.547649     916.027426     113.572875
          34      27.651103     173.737001     922.341503     114.355720
          35      28.484633     178.974226     950.145080     117.802923
          36      28.790471     180.895865     960.346747     119.067768
          37      31.494452     197.885477    1050.541835     130.250529
          38      33.796916     212.352285    1127.343772     139.772751
          39      35.550935     223.373109    1185.851533     147.026785
          40      36.259601     227.825790    1209.490094     149.957592
          41      36.636556     230.194267    1222.063952     151.516551
          42      36.935177     232.070560    1232.024885     152.751549
--
 q-point No.           q_x           q_y           q_z  q-path length
          30      0.236842      0.500000      0.000000       0.120740
 frequencies
branch index         f[THz]      f[2PiTHz]        f[cm-1]         f[meV]
           1       1.152528       7.241545      38.444187       4.766470
           2       2.563638      16.107814      85.513766      10.602351
           3       6.621828      41.606173     220.880408      27.385668
           4       6.636590      41.698922     221.372798      27.446717
           5       6.918212      43.468407     230.766711      28.611413
           6       7.588596      47.680553     253.128305      31.383896
           7       8.073217      50.725519     269.293535      33.388128
           8       8.353401      52.485968     278.639475      34.546876
           9       9.329440      58.618603     311.196635      38.583448
          10      10.527881      66.148629     351.172319      43.539799
          11      10.633715      66.813603     354.702560      43.977493
          12      11.779550      74.013093     392.923483      48.716281
          13      12.088550      75.954596     403.230609      49.994201
          14      13.481213      84.704957     449.684850      55.753791
          15      13.577529      85.310132     452.897626      56.152124
          16      13.839410      86.955576     461.633020      57.235174
          17      17.318989     108.818416     577.699285      71.625551
          18      18.006170     113.136103     600.621183      74.467502
          19      18.251554     114.677896     608.806315      75.482329
          20      18.266333     114.770753     609.299277      75.543448
          21      18.886932     118.670091     630.000225      78.110038
          22      19.480762     122.401237     649.808273      80.565922
          23      20.022881     125.807468     667.891402      82.807943
          24      20.346157     127.838676     678.674755      84.144908
          25      20.384116     128.077176     679.940910      84.301891
          26      20.784359     130.591977     693.291581      85.957162
          27      21.309655     133.892509     710.813572      88.129611
          28      21.362011     134.221472     712.559982      88.346138
          29      21.515849     135.188068     717.691482      88.982363
          30      21.634177     135.931545     721.638479      89.471728
          31      25.695229     161.447883     857.100570     106.266879
          32      25.700972     161.483967     857.292135     106.290630
          33      27.462359     172.551088     916.045682     113.575138
          34      27.683828     173.942623     923.433114     114.491063
          35      28.458960     178.812915     949.288704     117.696746
          36      28.650557     180.016759     955.679716     118.489130
          37      31.514003     198.008318    1051.193979     130.331384
          38      33.676115     211.593270    1123.314280     139.273158
          39      35.663087     224.077780    1189.592518     147.490608
          40      36.308673     228.134122    1211.126977     150.160540
          41      36.650911     230.284464    1222.542796     151.575920
          42      36.936320     232.077743    1232.063018     152.756277
--
 q-point No.           q_x           q_y           q_z  q-path length
          31      0.263158      0.500000      0.000000       0.125357
 frequencies
branch index         f[THz]      f[2PiTHz]        f[cm-1]         f[meV]
           1       1.117013       7.018398      37.259532       4.619591
           2       2.732126      17.166454      91.133914      11.299160
           3       6.371179      40.031300     212.519666      26.349069
           4       6.560671      41.221909     218.840417      27.132741
           5       6.733433      42.307407     224.603148      27.847229
           6       7.533481      47.334256     251.289873      31.155959
           7       8.073671      50.728373     269.308687      33.390007
           8       8.327424      52.322746     277.772953      34.439441
           9       9.397949      59.049053     313.481824      38.866775
          10      10.671926      67.053689     355.977140      44.135520
          11      10.682800      67.122011     356.339848      44.180491
          12      11.956074      75.122226     398.811689      49.446325
          13      12.218370      76.770282     407.560950      50.531095
          14      13.562812      85.217661     452.406712      56.091258
          15      13.678956      85.947417     456.280869      56.571592
          16      13.789239      86.640343     459.959502      57.027684
          17      17.341528     108.960032     578.451101      71.718764
          18      17.995302     113.067814     600.258650      74.422554
          19      18.271277     114.801819     609.464199      75.563896
          20      18.287274     114.902328     609.997787      75.630053
          21      18.876290     118.603225     629.645247      78.066026
          22      19.572078     122.974991     652.854240      80.943573
          23      19.900263     125.037038     663.801314      82.300837
          24      20.252464     127.249983     675.549479      83.757423
          25      20.398340     128.166550     680.415383      84.360718
          26      20.742473     130.328799     691.894414      85.783936
          27      21.270962     133.649393     709.522905      87.969589
          28      21.385754     134.370657     713.351978      88.444333
          29      21.520342     135.216296     717.841341      89.000943
          30      21.598594     135.707969     720.451552      89.324568
          31      25.729551     161.663535     858.245433     106.408824
          32      25.828898     162.287751     861.559297     106.819691
          33      27.461561     172.546078     916.019085     113.571841
          34      27.718872     174.162805     924.602029     114.635990
          35      28.430888     178.636539     948.352353     117.580653
          36      28.500837     179.076038     950.685584     117.869937
          37      31.546641     198.213388    1052.282663     130.466364
          38      33.552031     210.813627    1119.175285     138.759988
          39      35.774163     224.775696    1193.297640     147.949985
          40      36.355931     228.431047    1212.703304     150.355979
          41      36.665097     230.373595    1223.015975     151.634587
          42      36.935085     232.069984    1232.021829     152.751170
--
 q-point No.           q_x           q_y           q_z  q-path length
          32      0.289474      0.500000      0.000000       0.129974
 frequencies
branch index         f[THz]      f[2PiTHz]        f[cm-1]         f[meV]
           1       1.136307       7.139629      37.903131       4.699387
           2       2.890942      18.164323      96.431436      11.955969
           3       6.122471      38.468621     204.223655      25.320495
           4       6.471666      40.662677     215.871544      26.764648
           5       6.572063      41.293492     219.220440      27.179858
           6       7.446078      46.785089     248.374432      30.794491
           7       8.067094      50.687044     269.089281      33.362804
           8       8.303877      52.174800     276.987531      34.342062
           9       9.487495      59.611690     316.468771      39.237109
          10      10.694208      67.193690     356.720382      44.227671
          11      10.841513      68.119233     361.633936      44.836873
          12      12.140088      76.278424     404.949757      50.207348
          13      12.345708      77.570371     411.808495      51.057723
          14      13.544041      85.099717     451.780565      56.013626
          15      13.749035      86.387733     458.618432      56.861413
          16      13.866127      87.123444     462.524206      57.345667
          17      17.371819     109.150358     579.461509      71.844038
          18      17.982528     112.987555     599.832566      74.369726
          19      18.294920     114.950369     610.252829      75.661674
          20      18.311234     115.052873     610.797003      75.729143
          21      18.860838     118.506137     629.129820      78.002121
          22      19.641642     123.412078     655.174666      81.231269
          23      19.762794     124.173297     659.215851      81.732312
          24      20.163428     126.690553     672.579555      83.389199
          25      20.419439     128.299116     681.119154      84.447974
          26      20.719137     130.182178     691.116025      85.687428
          27      21.228354     133.381683     708.101677      87.793379
          28      21.408511     134.513638     714.111042      88.538445
          29      21.524723     135.243824     717.987480      89.019062
          30      21.563676     135.488569     719.286794      89.180156
          31      25.769869     161.916863     859.590311     106.575568
          32      25.948732     163.040690     865.556525     107.315284
          33      27.459209     172.531298     915.940622     113.562113
          34      27.755621     174.393706     925.827842     114.787971
          35      28.345463     178.099796     945.502871     117.227363
          36      28.400600     178.446229     947.342026     117.455389
          37      31.592684     198.502685    1053.818496     130.656783
          38      33.424859     210.014583    1114.933288     138.234048
          39      35.883161     225.460545    1196.933392     148.400760
          40      36.400236     228.709427    1214.181176     150.539212
          41      36.678740     230.459320    1223.471076     151.691012
          42      36.930785     232.042965    1231.878389     152.733386
--
 q-point No.           q_x           q_y           q_z  q-path length
          33      0.315789      0.500000      0.000000       0.134591
 frequencies
branch index         f[THz]      f[2PiTHz]        f[cm-1]         f[meV]
           1       1.215939       7.639969      40.559356       5.028717
           2       3.032745      19.055299     101.161486      12.542420
           3       5.884297      36.972129     196.279023      24.335486
           4       6.368912      40.017052     212.444026      26.339690
           5       6.437700      40.449264     214.738568      26.624177
           6       7.332433      46.071036     244.583641      30.324493
           7       8.059784      50.641114     268.845442      33.332572
           8       8.281633      52.035037     276.245554      34.250068
           9       9.591102      60.262668     319.924712      39.665591
          10      10.700648      67.234153     356.935191      44.254304
          11      11.003348      69.136071     367.032164      45.506168
          12      12.310392      77.348475     410.630483      50.911668
          13      12.469458      78.347916     415.936355      51.569512
          14      13.520508      84.951860     450.995616      55.916305
          15      13.730647      86.272199     458.005085      56.785368
          16      14.038104      88.204011     468.260760      58.056909
          17      17.409333     109.386062     580.712825      71.999182
          18      17.967475     112.892976     599.330461      74.307473
          19      18.322326     115.122569     611.167012      75.775018
          20      18.338229     115.222490     611.697475      75.840787
          21      18.840440     118.377972     628.449416      77.917762
          22      19.615686     123.248986     654.308836      81.123920
          23      19.684962     123.684261     656.619642      81.410423
          24      20.078413     126.156389     669.743766      83.037607
          25      20.447505     128.475464     682.055361      84.564049
          26      20.720081     130.188109     691.147513      85.691332
          27      21.182114     133.091144     706.559254      87.602143
          28      21.429906     134.648072     714.824731      88.626931
          29      21.527849     135.263463     718.091743      89.031989
          30      21.528710     135.268871     718.120452      89.035548
          31      25.816514     162.209942     861.146217     106.768475
          32      26.057390     163.723409     869.180973     107.764658
          33      27.455222     172.506248     915.807636     113.545624
          34      27.793017     174.628672     927.075240     114.942629
          35      28.189624     177.120632     940.304652     116.582866
          36      28.368278     178.243147     946.263900     117.321718
          37      31.651943     198.875020    1055.795161     130.901858
          38      33.294925     209.198183    1110.599153     137.696684
          39      35.988987     226.125473    1200.463389     148.838424
          40      36.440636     228.963268    1215.528778     150.706293
          41      36.691537     230.539724    1223.897928     151.743935
          42      36.922784     231.992695    1231.611512     152.700297
--
 q-point No.           q_x           q_y           q_z  q-path length
          34      0.342105      0.500000      0.000000       0.139208
 frequencies
branch index         f[THz]      f[2PiTHz]        f[cm-1]         f[meV]
           1       1.350954       8.488292      45.062962       5.587093
           2       3.147411      19.775767     104.986333      13.016641
           3       5.667831      35.612034     189.058501      23.440256
           4       6.253084      39.289288     208.580445      25.860668
           5       6.333280      39.793169     211.255465      26.192328
           6       7.199620      45.236549     240.153488      29.775224
           7       8.055786      50.615999     268.712110      33.316041
           8       8.259953      51.898814     275.522372      34.160405
           9       9.702904      60.965145     323.654045      40.127969
          10      10.691604      67.177329     356.633521      44.216901
          11      11.167387      70.166763     372.503940      46.184582
          12      12.441163      78.170131     414.992522      51.452492
          13      12.588700      79.097133     419.913826      52.062656
          14      13.491522      84.769731     450.028723      55.796425
          15      13.749909      86.393228     458.647607      56.865030
          16      14.190204      89.159680     473.334253      58.685941
          17      17.453065     109.660841     582.171580      72.180044
          18      17.949690     112.781227     598.737207      74.233919
          19      18.353728     115.319875     612.214475      75.904887
          20      18.368195     115.410772     612.697031      75.964716
          21      18.815242     118.219651     627.608915      77.813553
          22      19.464165     122.296957     649.254670      80.497283
          23      19.702095     123.791912     657.191145      81.481281
          24      19.997110     125.645546     667.031784      82.701364
          25      20.482288     128.694012     683.215594      84.707900
          26      20.746927     130.356789     692.043006      85.802359
          27      21.132554     132.779755     704.906139      87.397183
          28      21.449649     134.772121     715.483286      88.708582
          29      21.489687     135.023684     716.818792      88.874163
          30      21.532037     135.289779     718.231450      89.049310
          31      25.869597     162.543468     862.916857     106.988007
          32      26.151747     164.316268     872.328364     108.154884
          33      27.449723     172.471694     915.624192     113.522880
          34      27.827708     174.846646     928.232426     115.086101
          35      28.041326     176.188843     935.357934     115.969551
          36      28.334111     178.028470     945.124212     117.180415
          37      31.723849     199.326820    1058.193694     131.199238
          38      33.162686     208.367301    1106.188139     137.149788
          39      36.090474     226.763132    1203.848614     149.258138
          40      36.476294     229.187314    1216.718202     150.853763
          41      36.703282     230.613517    1224.289684     151.792507
          42      36.910572     231.915961    1231.204145     152.649790
--
 q-point No.           q_x           q_y           q_z  q-path length
          35      0.368421      0.500000      0.000000       0.143825
 frequencies
branch index         f[THz]      f[2PiTHz]        f[cm-1]         f[meV]
           1       1.530064       9.613674      51.037434       6.327832
           2       3.221380      20.240527     107.453667      13.322551
           3       5.487583      34.479501     183.046066      22.694810
           4       6.126063      38.491186     204.343450      25.335347
           5       6.260924      39.338547     208.841951      25.893090
           6       7.054903      44.327266     235.326249      29.176723
           7       8.056958      50.623358     268.751180      33.320885
           8       8.238374      51.763229     274.802573      34.071161
           9       9.818370      61.690636     327.505560      40.605496
          10      10.667643      67.026774     355.834252      44.117805
          11      11.332512      71.204275     378.011926      46.867484
          12      12.510452      78.605487     417.303754      51.739048
          13      12.702655      79.813136     423.714967      52.533937
          14      13.456434      84.549269     448.858329      55.651315
          15      13.818930      86.826897     460.949885      57.150476
          16      14.317604      89.960158     477.583857      59.212825
          17      17.501632     109.965998     583.791612      72.380902
          18      17.928651     112.649034     598.035414      74.146908
          19      18.389772     115.546345     613.416767      76.053952
          20      18.400976     115.616743     613.790501      76.100289
          21      18.785637     118.033639     626.621407      77.691118
          22      19.312969     121.346963     644.211303      79.871986
          23      19.698672     123.770406     657.076969      81.467125
          24      19.920119     125.161795     664.463629      82.382953
          25      20.523245     128.951348     684.581747      84.877281
          26      20.796114     130.665839     693.683702      86.005779
          27      21.080041     132.449804     703.154484      87.180006
          28      21.447966     134.761545     715.427141      88.701621
          29      21.467520     134.884403     716.079377      88.782487
          30      21.534457     135.304984     718.312170      89.059318
          31      25.928877     162.915940     864.894248     107.233172
          32      26.228494     164.798484     874.888367     108.472284
          33      27.443136     172.430310     915.404492     113.495641
          34      27.831540     174.870719     928.360228     115.101947
          35      27.933846     175.513527     931.772788     115.525050
          36      28.298285     177.803365     943.929166     117.032248
          37      31.807558     199.852779    1060.985924     131.545430
          38      33.028732     207.525641    1101.719901     136.595797
          39      36.186358     227.365592    1207.046979     149.654685
          40      36.506388     229.376397    1217.722016     150.978220
          41      36.713919     230.680352    1224.644500     151.836498
          42      36.893863     231.810976    1230.646798     152.580688
--
 q-point No.           q_x           q_y           q_z  q-path length
          36      0.394737      0.500000      0.000000       0.148442
 frequencies
branch index         f[THz]      f[2PiTHz]        f[cm-1]         f[meV]
           1       1.740783      10.937663      58.066276       7.199297
           2       3.239197      20.352473     108.047972      13.396235
           3       5.359922      33.677385     178.787762      22.166847
           4       5.990687      37.640597     199.827814      24.775480
           5       6.221802      39.092737     207.536987      25.731295
           6       6.905307      43.387324     230.336251      28.558043
           7       8.063599      50.665086     268.972705      33.348350
           8       8.216645      51.626703     274.077776      33.981298
           9       9.934058      62.417530     331.364521      41.083946
          10      10.629487      66.787037     354.561526      43.960007
          11      11.497420      72.240418     383.512637      47.549485
          12      12.513111      78.622197     417.392466      51.750047
          13      12.810663      80.491770     427.317725      52.980622
          14      13.414678      84.286907     447.465493      55.478625
          15      13.933568      87.547192     464.773814      57.624583
          16      14.415414      90.574716     480.846445      59.617334
          17      17.553390     110.291204     585.518080      72.594957
          18      17.903801     112.492897     597.206509      74.044137
          19      18.431546     115.808816     614.810185      76.226714
          20      18.436324     115.838837     614.969560      76.246474
          21      18.752207     117.823588     625.506281      77.552860
          22      19.166365     120.425822     639.321119      79.265681
          23      19.683701     123.676343     656.577604      81.405211
          24      19.848894     124.714281     662.087850      82.088394
          25      20.569615     129.242704     686.128513      85.069055
          26      20.860956     131.073251     695.846589      86.273943
          27      21.024999     132.103966     701.318487      86.952371
          28      21.401697     134.470827     713.883765      88.510266
          29      21.483363     134.983951     716.607858      88.848011
          30      21.535735     135.313012     718.354789      89.064602
          31      25.993581     163.322484     867.052522     107.500763
          32      26.284145     165.148154     876.744712     108.702441
          33      27.436341     172.387613     915.177820     113.467537
          34      27.737718     174.281218     925.230661     114.713930
          35      27.939411     175.548498     931.958444     115.548069
          36      28.260982     177.568983     942.684874     116.877976
          37      31.902026     200.446342    1064.137052     131.936120
          38      32.893782     206.677723    1097.218444     136.037688
          39      36.275237     227.924032    1210.011644     150.022256
          40      36.529951     229.524447    1218.507989     151.075668
          41      36.723626     230.741343    1224.968289     151.876643
          42      36.872755     231.678350    1229.942710     152.493392
--
 q-point No.           q_x           q_y           q_z  q-path length
          37      0.421053      0.500000      0.000000       0.153059
 frequencies
branch index         f[THz]      f[2PiTHz]        f[cm-1]         f[meV]
           1       1.971865      12.389592      65.774329       8.154974
           2       3.189421      20.039723     106.387631      13.190379
           3       5.297216      33.283392     176.696120      21.907517
           4       5.850614      36.760492     195.155479      24.196185
           5       6.216025      39.056434     207.344263      25.707401
           6       6.757452      42.458323     225.404336      27.946563
           7       8.075129      50.737529     269.357293      33.396033
           8       8.194692      51.488767     273.345494      33.890507
           9      10.047320      63.129172     335.142517      41.552358
          10      10.577982      66.463422     352.843507      43.747000
          11      11.660608      73.265757     388.955999      48.224376
          12      12.461016      78.294871     415.654744      51.534597
          13      12.912165      81.129524     430.703460      53.400399
          14      13.365788      83.979724     445.834706      55.276434
          15      14.073436      88.426005     469.439290      58.203028
          16      14.478943      90.973882     482.965553      59.880070
          17      17.606575     110.625376     587.292140      72.814912
          18      17.874610     112.309486     596.232808      73.923413
          19      18.473892     116.074884     616.222695      76.401842
          20      18.480588     116.116957     616.446053      76.429535
          21      18.715657     117.593939     624.287113      77.401702
          22      19.028178     119.557569     634.711706      78.694187
          23      19.666403     123.567655     656.000599      81.333672
          24      19.785501     124.315965     659.973255      81.826218
          25      20.620505     129.562452     687.826003      85.279517
          26      20.934585     131.535875     698.302584      86.578447
          27      20.967925     131.745356     699.414682      86.716330
          28      21.350147     134.146927     712.164234      88.297072
          29      21.497085     135.070167     717.065563      88.904759
          30      21.535651     135.312487     718.352004      89.064257
          31      26.062140     163.753252     869.339401     107.784300
          32      26.315429     165.344713     877.788210     108.831819
          33      27.430877     172.353281     914.995560     113.444940
          34      27.633206     173.624555     921.744546     114.281707
          35      27.976283     175.780167     933.188336     115.700556
          36      28.222383     177.326461     941.397362     116.718345
          37      32.006071     201.100076    1067.607621     132.366415
          38      32.758682     205.828869    1092.712012     135.478962
          39      36.355456     228.428063    1212.687463     150.354015
          40      36.545632     229.622979    1219.031076     151.140523
          41      36.732947     230.799909    1225.279205     151.915192
          42      36.847963     231.522575    1229.115722     152.390859
--
 q-point No.           q_x           q_y           q_z  q-path length
          38      0.447368      0.500000      0.000000       0.157676
 frequencies
branch index         f[THz]      f[2PiTHz]        f[cm-1]         f[meV]
           1       2.213399      13.907195      73.831036       9.153878
           2       3.072141      19.302834     102.475607      12.705350
           3       5.300354      33.303108     176.800785      21.920494
           4       5.710392      35.879449     190.478164      23.616272
           5       6.242604      39.223436     208.230849      25.817323
           6       6.617508      41.579028     220.736303      27.367801
           7       8.090583      50.834632     269.872801      33.459948
           8       8.172603      51.349980     272.608696      33.799155
           9      10.156046      63.812316     338.769215      42.002011
          10      10.514067      66.061832     350.711529      43.482668
          11      11.820323      74.269280     394.283538      48.884906
          12      12.370442      77.725781     412.633538      51.160015
          13      13.006698      81.723495     433.856751      53.791357
          14      13.309419      83.625547     443.954440      55.043311
          15      14.214745      89.313874     474.152840      58.787433
          16      14.504221      91.132709     483.808740      59.984612
          17      17.659449     110.957589     589.055808      73.033579
          18      17.840670     112.096236     595.100701      73.783050
          19      18.513242     116.322129     617.535276      76.564582
          20      18.538831     116.482913     618.388853      76.670412
          21      18.676762     117.349556     622.989721      77.240846
          22      18.901626     118.762420     630.490386      78.170810
          23      19.654329     123.491791     655.597849      81.283737
          24      19.732289     123.981627     658.198311      81.606153
          25      20.674950     129.904541     689.642094      85.504684
          26      20.909390     131.377571     697.462175      86.474250
          27      21.011519     132.019264     700.868819      86.896620
          28      21.292873     133.787068     710.253798      88.060208
          29      21.508643     135.142790     717.451109      88.952561
          30      21.534006     135.302150     718.297127      89.057453
          31      26.131871     164.191384     871.665374     108.072684
          32      26.320312     165.375393     877.951086     108.852013
          33      27.429220     172.342872     914.940300     113.438089
          34      27.549182     173.096616     918.941804     113.934212
          35      28.017162     176.037022     934.551941     115.869621
          36      28.182670     177.076939     940.072690     116.554106
          37      32.118419     201.805976    1071.355127     132.831047
          38      32.624402     204.985159    1088.232896     134.923622
          39      36.424948     228.864693    1215.005461     150.641410
          40      36.551384     229.659118    1219.222934     151.164310
          41      36.742982     230.862964    1225.613954     151.956695
          42      36.821127     231.353961    1228.220577     152.279875
--
 q-point No.           q_x           q_y           q_z  q-path length
          39      0.473684      0.500000      0.000000       0.162293
 frequencies
branch index         f[THz]      f[2PiTHz]        f[cm-1]         f[meV]
           1       2.455870      15.430687      81.919007      10.156658
           2       2.899554      18.218432      96.718696      11.991585
           3       5.358213      33.666643     178.730737      22.159777
           4       5.575849      35.034094     185.990313      23.059849
           5       6.299485      39.580830     210.128191      26.052564
           6       6.491173      40.785246     216.522240      26.845324
           7       8.108925      50.949876     270.484609      33.535802
           8       8.150632      51.211932     271.875824      33.708291
           9      10.258494      64.456019     342.186528      42.425703
          10      10.438763      65.588684     348.199661      43.171236
          11      11.974445      75.237658     399.424497      49.522304
          12      12.254072      76.994607     408.751855      50.678748
          13      13.093898      82.271386     436.765418      54.151986
          14      13.245353      83.223008     441.817423      54.778354
          15      14.338658      90.092448     478.286163      59.299900
          16      14.488764      91.035588     483.293141      59.920686
          17      17.710431     111.277919     590.756388      73.244424
          18      17.801812     111.852082     593.804528      73.622345
          19      18.553847     116.577258     618.889715      76.732511
          20      18.608421     116.920155     620.710101      76.958210
          21      18.636316     117.095428     621.640595      77.073576
          22      18.789000     118.054768     626.733577      77.705025
          23      19.652781     123.482066     655.546220      81.277336
          24      19.691508     123.725391     656.837996      81.437496
          25      20.731976     130.262848     691.544289      85.740526
          26      20.850049     131.004722     695.482779      86.228836
          27      21.087892     132.499133     703.416363      87.212475
          28      21.229775     133.390606     708.149050      87.799253
          29      21.518045     135.201865     717.764728      88.991444
          30      21.530621     135.280878     718.184195      89.043452
          31      26.198642     164.610922     873.892632     108.348829
          32      26.299425     165.244157     877.254372     108.765631
          33      27.435058     172.379555     915.135041     113.462233
          34      27.489797     172.723486     916.960916     113.688613
          35      28.058928     176.299440     935.945074     116.042347
          36      28.142035     176.821619     938.717237     116.386052
          37      32.237745     202.555724    1075.335421     133.324540
          38      32.492020     204.153382    1083.817124     134.376137
          39      36.481129     229.217695    1216.879489     150.873760
          40      36.544303     229.614627    1218.986740     151.135026
          41      36.755508     230.941668    1226.031785     152.008500
          42      36.794965     231.189581    1227.347910     152.171678
--
 q-point No.           q_x           q_y           q_z  q-path length
          40      0.500000      0.500000      0.000000       0.166910
 frequencies
branch index         f[THz]      f[2PiTHz]        f[cm-1]         f[meV]
           1       2.688842      16.894489      89.690098      11.120150
           2       2.688842      16.894489      89.690098      11.120150
           3       5.454838      34.273755     181.953794      22.559385
           4       5.454838      34.273755     181.953794      22.559385
           5       6.383635      40.109561     212.935140      26.400581
           6       6.383635      40.109561     212.935140      26.400581
           7       8.129204      51.077294     271.161054      33.619671
           8       8.129204      51.077294     271.161054      33.619671
           9      10.353173      65.050906     345.344686      42.817265
          10      10.353173      65.050906     345.344686      42.817265
          11      12.120263      76.153860     404.288468      50.125359
          12      12.120263      76.153860     404.288468      50.125359
          13      13.173501      82.771546     439.420683      54.481197
          14      13.173501      82.771546     439.420683      54.481197
          15      14.432492      90.682018     481.416098      59.687962
          16      14.432492      90.682018     481.416098      59.687962
          17      17.758208     111.578111     592.350058      73.442014
          18      17.758208     111.578111     592.350058      73.442014
          19      18.595098     116.836448     620.265716      76.903113
          20      18.595098     116.836448     620.265716      76.903113
          21      18.691355     117.441246     623.476488      77.301198
          22      18.691355     117.441246     623.476488      77.301198
          23      19.664821     123.557714     655.947825      81.327129
          24      19.664821     123.557714     655.947825      81.327129
          25      20.790639     130.631437     693.501068      85.983135
          26      20.790639     130.631437     693.501068      85.983135
          27      21.161165     132.959518     705.860473      87.515505
          28      21.161165     132.959518     705.860473      87.515505
          29      21.525341     135.247708     718.008100      89.021619
          30      21.525341     135.247708     718.008100      89.021619
          31      26.256750     164.976027     875.830913     108.589145
          32      26.256750     164.976027     875.830913     108.589145
          33      27.453358     172.494535     915.745453     113.537915
          34      27.453358     172.494535     915.745453     113.537915
          35      28.100694     176.561868     937.338263     116.215081
          36      28.100694     176.561868     937.338263     116.215081
          37      32.362716     203.340938    1079.503992     133.841377
          38      32.362716     203.340938    1079.503992     133.841377
          39      36.521340     229.470346    1218.220772     151.040058
          40      36.521340     229.470346    1218.220772     151.040058
          41      36.772557     231.048789    1226.600470     152.079007
          42      36.772557     231.048789    1226.600470     152.079007
--
 q-point No.           q_x           q_y           q_z  q-path length
          41      0.500000      0.500000      0.000000       0.166910
 frequencies
branch index         f[THz]      f[2PiTHz]        f[cm-1]         f[meV]
           1       2.688842      16.894489      89.690098      11.120150
           2       2.688842      16.894489      89.690098      11.120150
           3       5.454838      34.273755     181.953794      22.559385
           4       5.454838      34.273755     181.953794      22.559385
           5       6.383635      40.109561     212.935140      26.400581
           6       6.383635      40.109561     212.935140      26.400581
           7       8.129204      51.077294     271.161054      33.619671
           8       8.129204      51.077294     271.161054      33.619671
           9      10.353173      65.050906     345.344686      42.817265
          10      10.353173      65.050906     345.344686      42.817265
          11      12.120263      76.153860     404.288468      50.125359
          12      12.120263      76.153860     404.288468      50.125359
          13      13.173501      82.771546     439.420683      54.481197
          14      13.173501      82.771546     439.420683      54.481197
          15      14.432492      90.682018     481.416098      59.687962
          16      14.432492      90.682018     481.416098      59.687962
          17      17.758208     111.578111     592.350058      73.442014
          18      17.758208     111.578111     592.350058      73.442014
          19      18.595098     116.836448     620.265716      76.903113
          20      18.595098     116.836448     620.265716      76.903113
          21      18.691355     117.441246     623.476488      77.301198
          22      18.691355     117.441246     623.476488      77.301198
          23      19.664821     123.557714     655.947825      81.327129
          24      19.664821     123.557714     655.947825      81.327129
          25      20.790639     130.631437     693.501068      85.983135
          26      20.790639     130.631437     693.501068      85.983135
          27      21.161165     132.959518     705.860473      87.515505
          28      21.161165     132.959518     705.860473      87.515505
          29      21.525341     135.247708     718.008100      89.021619
          30      21.525341     135.247708     718.008100      89.021619
          31      26.256750     164.976027     875.830913     108.589145
          32      26.256750     164.976027     875.830913     108.589145
          33      27.453358     172.494535     915.745453     113.537915
          34      27.453358     172.494535     915.745453     113.537915
          35      28.100694     176.561868     937.338263     116.215081
          36      28.100694     176.561868     937.338263     116.215081
          37      32.362716     203.340938    1079.503992     133.841377
          38      32.362716     203.340938    1079.503992     133.841377
          39      36.521340     229.470346    1218.220772     151.040058
          40      36.521340     229.470346    1218.220772     151.040058
          41      36.772557     231.048789    1226.600470     152.079007
          42      36.772557     231.048789    1226.600470     152.079007
--
 q-point No.           q_x           q_y           q_z  q-path length
          42      0.500000      0.473684      0.000000       0.171078
 frequencies
branch index         f[THz]      f[2PiTHz]        f[cm-1]         f[meV]
           1       2.686754      16.881374      89.620469      11.111517
           2       2.686754      16.881374      89.620469      11.111517
           3       5.452182      34.257071     181.865224      22.548404
           4       5.452182      34.257071     181.865224      22.548404
           5       6.395786      40.185909     213.340459      26.450834
           6       6.395786      40.185909     213.340459      26.450834
           7       8.137147      51.127202     271.426007      33.652521
           8       8.137147      51.127202     271.426007      33.652521
           9      10.353357      65.052058     345.350803      42.818023
          10      10.353357      65.052058     345.350803      42.818023
          11      12.116350      76.129274     404.157941      50.109176
          12      12.116350      76.129274     404.157941      50.109176
          13      13.167344      82.732864     439.215329      54.455736
          14      13.167344      82.732864     439.215329      54.455736
          15      14.423200      90.623640     481.106174      59.649536
          16      14.423200      90.623640     481.106174      59.649536
          17      17.756888     111.569818     592.306029      73.436555
          18      17.756888     111.569818     592.306029      73.436555
          19      18.596086     116.842654     620.298661      76.907198
          20      18.596086     116.842654     620.298661      76.907198
          21      18.692522     117.448581     623.515431      77.306026
          22      18.692522     117.448581     623.515431      77.306026
          23      19.670882     123.595797     656.150001      81.352195
          24      19.670882     123.595797     656.150001      81.352195
          25      20.787153     130.609535     693.384795      85.968719
          26      20.787153     130.609535     693.384795      85.968719
          27      21.161631     132.962447     705.876021      87.517433
          28      21.161631     132.962447     705.876021      87.517433
          29      21.525999     135.251839     718.030033      89.024338
          30      21.525999     135.251839     718.030033      89.024338
          31      26.257449     164.980415     875.854210     108.592033
          32      26.257449     164.980415     875.854210     108.592033
          33      27.453744     172.496962     915.758335     113.539512
          34      27.453744     172.496962     915.758335     113.539512
          35      28.101963     176.569842     937.380596     116.220329
          36      28.101963     176.569842     937.380596     116.220329
          37      32.360796     203.328877    1079.439964     133.833438
          38      32.360796     203.328877    1079.439964     133.833438
          39      36.515209     229.431824    1218.016269     151.014703
          40      36.515209     229.431824    1218.016269     151.014703
          41      36.777346     231.078880    1226.760220     152.098814
          42      36.777346     231.078880    1226.760220     152.098814
--
 q-point No.           q_x           q_y           q_z  q-path length
          43      0.500000      0.447368      0.000000       0.175246
 frequencies
branch index         f[THz]      f[2PiTHz]        f[cm-1]         f[meV]
           1       2.680516      16.842176      89.412377      11.085717
           2       2.680516      16.842176      89.412377      11.085717
           3       5.444395      34.208142     181.605468      22.516198
           4       5.444395      34.208142     181.605468      22.516198
           5       6.431999      40.413443     214.548402      26.600600
           6       6.431999      40.413443     214.548402      26.600600
           7       8.160757      51.275549     272.213554      33.750164
           8       8.160757      51.275549     272.213554      33.750164
           9      10.353898      65.055461     345.368867      42.820263
          10      10.353898      65.055461     345.368867      42.820263
          11      12.104700      76.056071     403.769321      50.060993
          12      12.104700      76.056071     403.769321      50.060993
          13      13.148963      82.617371     438.602196      54.379717
          14      13.148963      82.617371     438.602196      54.379717
          15      14.395496      90.449567     480.182050      59.534960
          16      14.395496      90.449567     480.182050      59.534960
          17      17.753025     111.545543     592.177161      73.420578
          18      17.753025     111.545543     592.177161      73.420578
          19      18.599021     116.861092     620.396545      76.919334
          20      18.599021     116.861092     620.396545      76.919334
          21      18.696108     117.471111     623.635038      77.320855
          22      18.696108     117.471111     623.635038      77.320855
          23      19.688632     123.707322     656.742068      81.425602
          24      19.688632     123.707322     656.742068      81.425602
          25      20.776866     130.544896     693.041638      85.926173
          26      20.776866     130.544896     693.041638      85.926173
          27      21.163086     132.971589     705.924554      87.523450
          28      21.163086     132.971589     705.924554      87.523450
          29      21.527877     135.263641     718.092689      89.032106
          30      21.527877     135.263641     718.092689      89.032106
          31      26.259492     164.993252     875.922362     108.600483
          32      26.259492     164.993252     875.922362     108.600483
          33      27.454927     172.504392     915.797783     113.544403
          34      27.454927     172.504392     915.797783     113.544403
          35      28.105721     176.593450     937.505925     116.235868
          36      28.105721     176.593450     937.505925     116.235868
          37      32.355082     203.292977    1079.249377     133.809809
          38      32.355082     203.292977    1079.249377     133.809809
          39      36.498218     229.325064    1217.449493     150.944431
          40      36.498218     229.325064    1217.449493     150.944431
          41      36.790357     231.160631    1227.194221     152.152623
          42      36.790357     231.160631    1227.194221     152.152623
--
 q-point No.           q_x           q_y           q_z  q-path length
          44      0.500000      0.421053      0.000000       0.179414
 frequencies
branch index         f[THz]      f[2PiTHz]        f[cm-1]         f[meV]
           1       2.670200      16.777363      89.068293      11.043056
           2       2.670200      16.777363      89.068293      11.043056
           3       5.431986      34.130176     181.191557      22.464880
           4       5.431986      34.130176     181.191557      22.464880
           5       6.491563      40.787690     216.535218      26.846933
           6       6.491563      40.787690     216.535218      26.846933
           7       8.199398      51.518336     273.502476      33.909970
           8       8.199398      51.518336     273.502476      33.909970
           9      10.354772      65.060953     345.398028      42.823878
          10      10.354772      65.060953     345.398028      42.823878
          11      12.085574      75.935899     403.131349      49.981895
          12      12.085574      75.935899     403.131349      49.981895
          13      13.118621      82.426724     437.590081      54.254231
          14      13.118621      82.426724     437.590081      54.254231
          15      14.349883      90.162976     478.660586      59.346322
          16      14.349883      90.162976     478.660586      59.346322
          17      17.746885     111.506967     591.972364      73.395186
          18      17.746885     111.506967     591.972364      73.395186
          19      18.603817     116.891230     620.556545      76.939171
          20      18.603817     116.891230     620.556545      76.939171
          21      18.702338     117.510253     623.842833      77.346619
          22      18.702338     117.510253     623.842833      77.346619
          23      19.716826     123.884472     657.682527      81.542204
          24      19.716826     123.884472     657.682527      81.542204
          25      20.760261     130.440568     692.487776      85.857503
          26      20.760261     130.440568     692.487776      85.857503
          27      21.165698     132.988003     706.011696      87.534255
          28      21.165698     132.988003     706.011696      87.534255
          29      21.530716     135.281477     718.187374      89.043846
          30      21.530716     135.281477     718.187374      89.043846
          31      26.262727     165.013576     876.030259     108.613860
          32      26.262727     165.013576     876.030259     108.613860
          33      27.456977     172.517272     915.866158     113.552880
          34      27.456977     172.517272     915.866158     113.552880
          35      28.111817     176.631754     937.709275     116.261080
          36      28.111817     176.631754     937.709275     116.261080
          37      32.345709     203.234081    1078.936708     133.771043
          38      32.345709     203.234081    1078.936708     133.771043
          39      36.473380     229.169001    1216.620982     150.841709
          40      36.473380     229.169001    1216.620982     150.841709
          41      36.808707     231.275928    1227.806315     152.228513
          42      36.808707     231.275928    1227.806315     152.228513
--
 q-point No.           q_x           q_y           q_z  q-path length
          45      0.500000      0.394737      0.000000       0.183581
 frequencies
branch index         f[THz]      f[2PiTHz]        f[cm-1]         f[meV]
           1       2.655939      16.687758      88.592597      10.984077
           2       2.655939      16.687758      88.592597      10.984077
           3       5.415730      34.028034     180.649304      22.397649
           4       5.415730      34.028034     180.649304      22.397649
           5       6.573316      41.301361     219.262213      27.185038
           6       6.573316      41.301361     219.262213      27.185038
           7       8.252073      51.849305     275.259535      34.127817
           8       8.252073      51.849305     275.259535      34.127817
           9      10.355938      65.068279     345.436920      42.828700
          10      10.355938      65.068279     345.436920      42.828700
          11      12.059396      75.771418     402.258146      49.873631
          12      12.059396      75.771418     402.258146      49.873631
          13      13.076757      82.163687     436.193662      54.081097
          14      13.076757      82.163687     436.193662      54.081097
          15      14.287198      89.769113     476.569631      59.087077
          16      14.287198      89.769113     476.569631      59.087077
          17      17.738849     111.456478     591.704325      73.361953
          18      17.738849     111.456478     591.704325      73.361953
          19      18.610339     116.932206     620.774077      76.966142
          20      18.610339     116.932206     620.774077      76.966142
          21      18.711515     117.567918     624.148970      77.384575
          22      18.711515     117.567918     624.148970      77.384575
          23      19.753561     124.115281     658.907853      81.694125
          24      19.753561     124.115281     658.907853      81.694125
          25      20.738078     130.301186     691.747818      85.765760
          26      20.738078     130.301186     691.747818      85.765760
          27      21.169745     133.013427     706.146664      87.550989
          28      21.169745     133.013427     706.146664      87.550989
          29      21.534145     135.303021     718.301747      89.058026
          30      21.534145     135.303021     718.301747      89.058026
          31      26.266908     165.039851     876.169747     108.631155
          32      26.266908     165.039851     876.169747     108.631155
          33      27.460007     172.536313     915.967245     113.565413
          34      27.460007     172.536313     915.967245     113.565413
          35      28.120008     176.683219     937.982495     116.294955
          36      28.120008     176.683219     937.982495     116.294955
          37      32.332899     203.153592    1078.509401     133.718063
          38      32.332899     203.153592    1078.509401     133.718063
          39      36.443572     228.981711    1215.626692     150.718433
          40      36.443572     228.981711    1215.626692     150.718433
          41      36.829732     231.408027    1228.507608     152.315462
          42      36.829732     231.408027    1228.507608     152.315462
--
 q-point No.           q_x           q_y           q_z  q-path length
          46      0.500000      0.368421      0.000000       0.187749
 frequencies
branch index         f[THz]      f[2PiTHz]        f[cm-1]         f[meV]
           1       2.637932      16.574615      87.991935      10.909605
           2       2.637932      16.574615      87.991935      10.909605
           3       5.396568      33.907639     180.010145      22.318403
           4       5.396568      33.907639     180.010145      22.318403
           5       6.675686      41.944572     222.676917      27.608407
           6       6.675686      41.944572     222.676917      27.608407
           7       8.317503      52.260409     277.442019      34.398411
           8       8.317503      52.260409     277.442019      34.398411
           9      10.357342      65.077095     345.483724      42.834503
          10      10.357342      65.077095     345.483724      42.834503
          11      12.026731      75.566179     401.168562      49.738540
          12      12.026731      75.566179     401.168562      49.738540
          13      13.023990      81.832144     434.433552      53.862871
          14      13.023990      81.832144     434.433552      53.862871
          15      14.208595      89.275234     473.947707      58.762000
          16      14.208595      89.275234     473.947707      58.762000
          17      17.729343     111.396745     591.387215      73.322637
          18      17.729343     111.396745     591.387215      73.322637
          19      18.618399     116.982853     621.042956      76.999478
          20      18.618399     116.982853     621.042956      76.999478
          21      18.723944     117.646007     624.563529      77.435974
          22      18.723944     117.646007     624.563529      77.435974
          23      19.796472     124.384904     660.339240      81.871594
          24      19.796472     124.384904     660.339240      81.871594
          25      20.711226     130.132467     690.852119      85.654708
          26      20.711226     130.132467     690.852119      85.654708
          27      21.175596     133.050192     706.341846      87.575188
          28      21.175596     133.050192     706.341846      87.575188
          29      21.537756     135.325709     718.422194      89.072960
          30      21.537756     135.325709     718.422194      89.072960
          31      26.271718     165.070074     876.330195     108.651048
          32      26.271718     165.070074     876.330195     108.651048
          33      27.464166     172.562440     916.105951     113.582611
          34      27.464166     172.562440     916.105951     113.582611
          35      28.129961     176.745759     938.314509     116.336120
          36      28.129961     176.745759     938.314509     116.336120
          37      32.316962     203.053458    1077.977808     133.652154
          38      32.316962     203.053458    1077.977808     133.652154
          39      36.410924     228.776582    1214.537693     150.583414
          40      36.410924     228.776582    1214.537693     150.583414
          41      36.851582     231.545316    1229.236451     152.405827
          42      36.851582     231.545316    1229.236451     152.405827
--
 q-point No.           q_x           q_y           q_z  q-path length
          47      0.500000      0.342105      0.000000       0.191917
 frequencies
branch index         f[THz]      f[2PiTHz]        f[cm-1]         f[meV]
           1       2.616458      16.439692      87.275653      10.820797
           2       2.616458      16.439692      87.275653      10.820797
           3       5.375512      33.775337     179.307774      22.231321
           4       5.375512      33.775337     179.307774      22.231321
           5       6.796726      42.705086     226.714363      28.108986
           6       6.796726      42.705086     226.714363      28.108986
           7       8.394197      52.742292     280.000258      34.715592
           8       8.394197      52.742292     280.000258      34.715592
           9      10.358917      65.086991     345.536260      42.841017
          10      10.358917      65.086991     345.536260      42.841017
          11      11.988261      75.324466     399.885346      49.579442
          12      11.988261      75.324466     399.885346      49.579442
          13      12.961120      81.437118     432.336426      53.602861
          14      12.961120      81.437118     432.336426      53.602861
          15      14.115538      88.690542     470.843671      58.377149
          16      14.115538      88.690542     470.843671      58.377149
          17      17.718777     111.330361     591.034796      73.278942
          18      17.718777     111.330361     591.034796      73.278942
          19      18.627773     117.041746     621.355607      77.038242
          20      18.627773     117.041746     621.355607      77.038242
          21      18.739844     117.745914     625.093920      77.501734
          22      18.739844     117.745914     625.093920      77.501734
          23      19.842955     124.676961     661.889723      82.063830
          24      19.842955     124.676961     661.889723      82.063830
          25      20.680709     129.940729     689.834211      85.528503
          26      20.680709     129.940729     689.834211      85.528503
          27      21.183692     133.101060     706.611894      87.608670
          28      21.183692     133.101060     706.611894      87.608670
          29      21.541167     135.347140     718.535970      89.087066
          30      21.541167     135.347140     718.535970      89.087066
          31      26.276788     165.101925     876.499289     108.672013
          32      26.276788     165.101925     876.499289     108.672013
          33      27.469617     172.596693     916.287791     113.605156
          34      27.469617     172.596693     916.287791     113.605156
          35      28.141270     176.816815     938.691732     116.382890
          36      28.141270     176.816815     938.691732     116.382890
          37      32.298293     202.936158    1077.355083     133.574946
          38      32.298293     202.936158    1077.355083     133.574946
          39      36.376930     228.562992    1213.403778     150.442827
          40      36.376930     228.562992    1213.403778     150.442827
          41      36.873105     231.680553    1229.954402     152.494842
          42      36.873105     231.680553    1229.954402     152.494842
--
 q-point No.           q_x           q_y           q_z  q-path length
          48      0.500000      0.315789      0.000000       0.196085
 frequencies
branch index         f[THz]      f[2PiTHz]        f[cm-1]         f[meV]
           1       2.591893      16.285344      86.456243      10.719203
           2       2.591893      16.285344      86.456243      10.719203
           3       5.353548      33.637335     178.575145      22.140486
           4       5.353548      33.637335     178.575145      22.140486
           5       6.934147      43.568532     231.298255      28.677316
           6       6.934147      43.568532     231.298255      28.677316
           7       8.480517      53.284660     282.879600      35.072585
           8       8.480517      53.284660     282.879600      35.072585
           9      10.360590      65.097508     345.592088      42.847939
          10      10.360590      65.097508     345.592088      42.847939
          11      11.944756      75.051116     398.434178      49.399520
          12      11.944756      75.051116     398.434178      49.399520
          13      12.889135      80.984821     429.935253      53.305154
          14      12.889135      80.984821     429.935253      53.305154
          15      14.009797      88.026149     467.316520      57.939838
          16      14.009797      88.026149     467.316520      57.939838
          17      17.707523     111.259645     590.659375      73.232396
          18      17.707523     111.259645     590.659375      73.232396
          19      18.638197     117.107242     621.703314      77.081352
          20      18.638197     117.107242     621.703314      77.081352
          21      18.759297     117.868138     625.742789      77.582183
          22      18.759297     117.868138     625.742789      77.582183
          23      19.890359     124.974813     663.470974      82.259880
          24      19.890359     124.974813     663.470974      82.259880
          25      20.647569     129.732500     688.728757      85.391444
          26      20.647569     129.732500     688.728757      85.391444
          27      21.194489     133.168903     706.972065      87.653325
          28      21.194489     133.168903     706.972065      87.653325
          29      21.544067     135.365364     718.632716      89.099061
          30      21.544067     135.365364     718.632716      89.099061
          31      26.281727     165.132962     876.664057     108.692441
          32      26.281727     165.132962     876.664057     108.692441
          33      27.476521     172.640073     916.518091     113.633710
          34      27.476521     172.640073     916.518091     113.633710
          35      28.153470     176.893468     939.098671     116.433343
          36      28.153470     176.893468     939.098671     116.433343
          37      32.277365     202.804665    1076.657006     133.488396
          38      32.277365     202.804665    1076.657006     133.488396
          39      36.342667     228.347706    1212.260863     150.301124
          40      36.342667     228.347706    1212.260863     150.301124
          41      36.893609     231.809383    1230.638340     152.579639
          42      36.893609     231.809383    1230.638340     152.579639
--
 q-point No.           q_x           q_y           q_z  q-path length
          49      0.500000      0.289474      0.000000       0.200253
 frequencies
branch index         f[THz]      f[2PiTHz]        f[cm-1]         f[meV]
           1       2.564716      16.114587      85.549723      10.606809
           2       2.564716      16.114587      85.549723      10.606809
           3       5.331574      33.499267     177.842167      22.049609
           4       5.331574      33.499267     177.842167      22.049609
           5       7.085347      44.518550     236.341749      29.302629
           6       7.085347      44.518550     236.341749      29.302629
           7       8.574710      53.876494     286.021549      35.462137
           8       8.574710      53.876494     286.021549      35.462137
           9      10.362285      65.108155     345.648616      42.854947
          10      10.362285      65.108155     345.648616      42.854947
          11      11.897044      74.751331     396.842668      49.202198
          12      11.897044      74.751331     396.842668      49.202198
          13      12.809223      80.482723     427.269699      52.974667
          14      12.809223      80.482723     427.269699      52.974667
          15      13.893445      87.295092     463.435454      57.458647
          16      13.893445      87.295092     463.435454      57.458647
          17      17.695897     111.186601     590.271594      73.184317
          18      17.695897     111.186601     590.271594      73.184317
          19      18.649384     117.177533     622.076479      77.127619
          20      18.649384     117.177533     622.076479      77.127619
          21      18.782194     118.012004     626.506548      77.676877
          22      18.782194     118.012004     626.506548      77.676877
          23      19.936188     125.262765     664.999661      82.449413
          24      19.936188     125.262765     664.999661      82.449413
          25      20.612834     129.514252     687.570113      85.247791
          26      20.612834     129.514252     687.570113      85.247791
          27      21.208386     133.256219     707.435611      87.710798
          28      21.208386     133.256219     707.435611      87.710798
          29      21.546242     135.379030     718.705270      89.108057
          30      21.546242     135.379030     718.705270      89.108057
          31      26.286165     165.160841     876.812065     108.710792
          32      26.286165     165.160841     876.812065     108.710792
          33      27.485001     172.693353     916.800946     113.668779
          34      27.485001     172.693353     916.800946     113.668779
          35      28.166063     176.972590     939.518716     116.485422
          36      28.166063     176.972590     939.518716     116.485422
          37      32.254722     202.662392    1075.901703     133.394750
          38      32.254722     202.662392    1075.901703     133.394750
          39      36.308951     228.135868    1211.136249     150.161689
          40      36.308951     228.135868    1211.136249     150.161689
          41      36.912687     231.929250    1231.274695     152.658537
          42      36.912687     231.929250    1231.274695     152.658537
--
 q-point No.           q_x           q_y           q_z  q-path length
          50      0.500000      0.263158      0.000000       0.204420
 frequencies
branch index         f[THz]      f[2PiTHz]        f[cm-1]         f[meV]
           1       2.535521      15.931148      84.575874      10.486067
           2       2.535521      15.931148      84.575874      10.486067
           3       5.310350      33.365910     177.134194      21.961831
           4       5.310350      33.365910     177.134194      21.961831
           5       7.247412      45.536833     241.747644      29.972874
           6       7.247412      45.536833     241.747644      29.972874
           7       8.674913      54.506089     289.363966      35.876543
           8       8.674913      54.506089     289.363966      35.876543
           9      10.363922      65.118439     345.703211      42.861716
          10      10.363922      65.118439     345.703211      42.861716
          11      11.845983      74.430506     395.139459      48.991027
          12      11.845983      74.430506     395.139459      48.991027
          13      12.722795      79.939678     424.386757      52.617228
          14      12.722795      79.939678     424.386757      52.617228
          15      13.768878      86.512412     459.280337      56.943479
          16      13.768878      86.512412     459.280337      56.943479
          17      17.684180     111.112981     589.880759      73.135860
          18      17.684180     111.112981     589.880759      73.135860
          19      18.661028     117.250697     622.464896      77.175776
          20      18.661028     117.250697     622.464896      77.175776
          21      18.808215     118.175500     627.374522      77.784492
          22      18.808215     118.175500     627.374522      77.784492
          23      19.978273     125.527192     666.403460      82.623462
          24      19.978273     125.527192     666.403460      82.623462
          25      20.577497     129.292223     686.391402      85.101649
          26      20.577497     129.292223     686.391402      85.101649
          27      21.225615     133.364473     708.010312      87.782051
          28      21.225615     133.364473     708.010312      87.782051
          29      21.547580     135.387435     718.749890      89.113589
          30      21.547580     135.387435     718.749890      89.113589
          31      26.289780     165.183561     876.932678     108.725746
          32      26.289780     165.183561     876.932678     108.725746
          33      27.495105     172.756841     917.137994     113.710568
          34      27.495105     172.756841     917.137994     113.710568
          35      28.178546     177.051024     939.935111     116.537049
          36      28.178546     177.051024     939.935111     116.537049
          37      32.230965     202.513122    1075.109254     133.296499
          38      32.230965     202.513122    1075.109254     133.296499
          39      36.276437     227.931575    1210.051687     150.027221
          40      36.276437     227.931575    1210.051687     150.027221
          41      36.930110     232.038724    1231.855874     152.730594
          42      36.930110     232.038724    1231.855874     152.730594
--
 q-point No.           q_x           q_y           q_z  q-path length
          51      0.500000      0.236842      0.000000       0.208588
 frequencies
branch index         f[THz]      f[2PiTHz]        f[cm-1]         f[meV]
           1       2.505014      15.739465      83.558261      10.359899
           2       2.505014      15.739465      83.558261      10.359899
           3       5.290476      33.241038     176.471269      21.879639
           4       5.290476      33.241038     176.471269      21.879639
           5       7.417100      46.603011     247.407810      30.674645
           6       7.417100      46.603011     247.407810      30.674645
           7       8.779134      55.160926     292.840392      36.307565
           8       8.779134      55.160926     292.840392      36.307565
           9      10.365424      65.127877     345.753314      42.867928
          10      10.365424      65.127877     345.753314      42.867928
          11      11.792445      74.094117     393.353627      48.769612
          12      11.792445      74.094117     393.353627      48.769612
          13      12.631505      79.366084     421.341640      52.239682
          14      12.631505      79.366084     421.341640      52.239682
          15      13.638834      85.695319     454.942521      56.405658
          16      13.638834      85.695319     454.942521      56.405658
          17      17.672626     111.040383     589.495346      73.088075
          18      17.672626     111.040383     589.495346      73.088075
          19      18.672814     117.324748     622.858019      77.224517
          20      18.672814     117.324748     622.858019      77.224517
          21      18.836819     118.355226     628.328662      77.902790
          22      18.836819     118.355226     628.328662      77.902790
          23      20.014938     125.757565     667.626476      82.775096
          24      20.014938     125.757565     667.626476      82.775096
          25      20.542497     129.072313     685.223933      84.956902
          26      20.542497     129.072313     685.223933      84.956902
          27      21.246133     133.493391     708.694715      87.866907
          28      21.246133     133.493391     708.694715      87.866907
          29      21.548064     135.390480     718.766056      89.115593
          30      21.548064     135.390480     718.766056      89.115593
          31      26.292345     165.199677     877.018234     108.736354
          32      26.292345     165.199677     877.018234     108.736354
          33      27.506773     172.830149     917.527170     113.758819
          34      27.506773     172.830149     917.527170     113.758819
          35      28.190445     177.125787     940.332016     116.586259
          36      28.190445     177.125787     940.332016     116.586259
          37      32.206740     202.360911    1074.301191     133.196312
          38      32.206740     202.360911    1074.301191     133.196312
          39      36.245660     227.738196    1209.025070     149.899937
          40      36.245660     227.738196    1209.025070     149.899937
          41      36.945766     232.137093    1232.378102     152.795342
          42      36.945766     232.137093    1232.378102     152.795342
--
 q-point No.           q_x           q_y           q_z  q-path length
          52      0.500000      0.210526      0.000000       0.212756
 frequencies
branch index         f[THz]      f[2PiTHz]        f[cm-1]         f[meV]
           1       2.474006      15.544641      82.523972      10.231664
           2       2.474006      15.544641      82.523972      10.231664
           3       5.272390      33.127403     175.868000      21.804843
           4       5.272390      33.127403     175.868000      21.804843
           5       7.590797      47.694385     253.201740      31.393001
           6       7.590797      47.694385     253.201740      31.393001
           7       8.885208      55.827406     296.378624      36.746250
           8       8.885208      55.827406     296.378624      36.746250
           9      10.366720      65.136021     345.796548      42.873288
          10      10.366720      65.136021     345.796548      42.873288
          11      11.737316      73.747734     391.514732      48.541618
          12      11.737316      73.747734     391.514732      48.541618
          13      12.537290      78.774116     418.198978      51.850042
          14      12.537290      78.774116     418.198978      51.850042
          15      13.506426      84.863376     450.525872      55.858064
          16      13.506426      84.863376     450.525872      55.858064
          17      17.661475     110.970322     589.123405      73.041960
          18      17.661475     110.970322     589.123405      73.041960
          19      18.684422     117.397686     623.245235      77.272526
          20      18.684422     117.397686     623.245235      77.272526
          21      18.867250     118.546428     629.343720      78.028641
          22      18.867250     118.546428     629.343720      78.028641
          23      20.045124     125.947230     668.633373      82.899935
          24      20.045124     125.947230     668.633373      82.899935
          25      20.508707     128.860006     684.096831      84.817159
          26      20.508707     128.860006     684.096831      84.817159
          27      21.269528     133.640385     709.475084      87.963660
          28      21.269528     133.640385     709.475084      87.963660
          29      21.547764     135.388590     718.756022      89.114349
          30      21.547764     135.388590     718.756022      89.114349
          31      26.293746     165.208477     877.064954     108.742146
          32      26.293746     165.208477     877.064954     108.742146
          33      27.519798     172.911989     917.961649     113.812688
          34      27.519798     172.911989     917.961649     113.812688
          35      28.201345     177.194275     940.695609     116.631339
          36      28.201345     177.194275     940.695609     116.631339
          37      32.182717     202.209974    1073.499887     133.096963
          38      32.182717     202.209974    1073.499887     133.096963
          39      36.217069     227.558552    1208.071370     149.781693
          40      36.217069     227.558552    1208.071370     149.781693
          41      36.959615     232.224111    1232.840063     152.852618
          42      36.959615     232.224111    1232.840063     152.852618
--
 q-point No.           q_x           q_y           q_z  q-path length
          53      0.500000      0.184211      0.000000       0.216924
 frequencies
branch index         f[THz]      f[2PiTHz]        f[cm-1]         f[meV]
           1       2.443400      15.352332      81.503035      10.105084
           2       2.443400      15.352332      81.503035      10.105084
           3       5.256379      33.026800     175.333916      21.738625
           4       5.256379      33.026800     175.333916      21.738625
           5       7.764453      48.785494     258.994257      32.111181
           6       7.764453      48.785494     258.994257      32.111181
           7       8.990738      56.490471     299.898729      37.182687
           8       8.990738      56.490471     299.898729      37.182687
           9      10.367749      65.142485     345.830864      42.877543
          10      10.367749      65.142485     345.830864      42.877543
          11      11.681532      73.397232     389.653974      48.310914
          12      11.681532      73.397232     389.653974      48.310914
          13      12.442414      78.177991     415.034250      51.457666
          14      12.442414      78.177991     415.034250      51.457666
          15      13.375166      84.038644     446.147504      55.315216
          16      13.375166      84.038644     446.147504      55.315216
          17      17.650963     110.904272     588.772754      72.998485
          18      17.650963     110.904272     588.772754      72.998485
          19      18.695541     117.467549     623.616125      77.318511
          20      18.695541     117.467549     623.616125      77.318511
          21      18.898552     118.743101     630.387827      78.158094
          22      18.898552     118.743101     630.387827      78.158094
          23      20.068445     126.093758     669.411266      82.996382
          24      20.068445     126.093758     669.411266      82.996382
          25      20.476927     128.660329     683.036775      84.685729
          26      20.476927     128.660329     683.036775      84.685729
          27      21.294985     133.800336     710.324237      88.068941
          28      21.294985     133.800336     710.324237      88.068941
          29      21.546810     135.382602     718.724231      89.110407
          30      21.546810     135.382602     718.724231      89.110407
          31      26.293999     165.210068     877.073402     108.743194
          32      26.293999     165.210068     877.073402     108.743194
          33      27.533814     173.000056     918.429181     113.870654
          34      27.533814     173.000056     918.429181     113.870654
          35      28.210923     177.254456     941.015102     116.670950
          36      28.210923     177.254456     941.015102     116.670950
          37      32.159572     202.064551    1072.727863     133.001244
          38      32.159572     202.064551    1072.727863     133.001244
          39      36.191041     227.395017    1207.203187     149.674052
          40      36.191041     227.395017    1207.203187     149.674052
          41      36.971665     232.299824    1233.242010     152.902453
          42      36.971665     232.299824    1233.242010     152.902453
--
 q-point No.           q_x           q_y           q_z  q-path length
          54      0.500000      0.157895      0.000000       0.221091
 frequencies
branch index         f[THz]      f[2PiTHz]        f[cm-1]         f[meV]
           1       2.414153      15.168573      80.527488       9.984131
           2       2.414153      15.168573      80.527488       9.984131
           3       5.242596      32.940199     174.874162      21.681623
           4       5.242596      32.940199     174.874162      21.681623
           5       7.933486      49.847560     264.632595      32.810245
           6       7.933486      49.847560     264.632595      32.810245
           7       9.093029      57.133186     303.310799      37.605729
           8       9.093029      57.133186     303.310799      37.605729
           9      10.368464      65.146981     345.854735      42.880503
          10      10.368464      65.146981     345.854735      42.880503
          11      11.626163      73.049335     387.807046      48.081924
          12      11.626163      73.049335     387.807046      48.081924
          13      12.349508      77.594248     411.935252      51.073439
          14      12.349508      77.594248     411.935252      51.073439
          15      13.248951      83.245614     441.937438      54.793234
          16      13.248951      83.245614     441.937438      54.793234
          17      17.641316     110.843654     588.450946      72.958586
          18      17.641316     110.843654     588.450946      72.958586
          19      18.705872     117.532458     623.960721      77.361235
          20      18.705872     117.532458     623.960721      77.361235
          21      18.929598     118.938174     631.423436      78.286493
          22      18.929598     118.938174     631.423436      78.286493
          23      20.085158     126.198769     669.968755      83.065502
          24      20.085158     126.198769     669.968755      83.065502
          25      20.447878     128.477805     682.067788      84.565590
          26      20.447878     128.477805     682.067788      84.565590
          27      21.321328     133.965853     711.202943      88.177887
          28      21.321328     133.965853     711.202943      88.177887
          29      21.545384     135.373641     718.676661      89.104510
          30      21.545384     135.373641     718.676661      89.104510
          31      26.293250     165.205361     877.048410     108.740095
          32      26.293250     165.205361     877.048410     108.740095
          33      27.548290     173.091007     918.912024     113.930519
          34      27.548290     173.091007     918.912024     113.930519
          35      28.218970     177.305019     941.283530     116.704231
          36      28.218970     177.305019     941.283530     116.704231
          37      32.137963     201.928778    1072.007066     132.911877
          38      32.137963     201.928778    1072.007066     132.911877
          39      36.167894     227.249581    1206.431091     149.578324
          40      36.167894     227.249581    1206.431091     149.578324
          41      36.981952     232.364458    1233.585142     152.944996
          42      36.981952     232.364458    1233.585142     152.944996
--
 q-point No.           q_x           q_y           q_z  q-path length
          55      0.500000      0.131579      0.000000       0.225259
 frequencies
branch index         f[THz]      f[2PiTHz]        f[cm-1]         f[meV]
           1       2.387251      14.999543      79.630134       9.872874
           2       2.387251      14.999543      79.630134       9.872874
           3       5.231091      32.867913     174.490411      21.634044
           4       5.231091      32.867913     174.490411      21.634044
           5       8.092706      50.847973     269.943623      33.468729
           6       8.092706      50.847973     269.943623      33.468729
           7       9.189029      57.736374     306.513028      38.002755
           8       9.189029      57.736374     306.513028      38.002755
           9      10.368845      65.149375     345.867442      42.882078
          10      10.368845      65.149375     345.867442      42.882078
          11      11.572560      72.712536     386.019039      47.860240
          12      11.572560      72.712536     386.019039      47.860240
          13      12.261604      77.041928     409.003074      50.709895
          14      12.261604      77.041928     409.003074      50.709895
          15      13.131991      82.510730     438.036055      54.309525
          16      13.131991      82.510730     438.036055      54.309525
          17      17.632746     110.789812     588.165107      72.923146
          18      17.632746     110.789812     588.165107      72.923146
          19      18.715136     117.590670     624.269754      77.399550
          20      18.715136     117.590670     624.269754      77.399550
          21      18.959134     119.123753     632.408647      78.408644
          22      18.959134     119.123753     632.408647      78.408644
          23      20.096056     126.267245     670.332282      83.110573
          24      20.096056     126.267245     670.332282      83.110573
          25      20.422194     128.316428     681.211061      84.459369
          26      20.422194     128.316428     681.211061      84.459369
          27      21.347131     134.127981     712.063655      88.284602
          28      21.347131     134.127981     712.063655      88.284602
          29      21.543691     135.363000     718.620168      89.097505
          30      21.543691     135.363000     718.620168      89.097505
          31      26.291751     165.195944     876.998418     108.733897
          32      26.291751     165.195944     876.998418     108.733897
          33      27.562546     173.180585     919.387580     113.989481
          34      27.562546     173.180585     919.387580     113.989481
          35      28.225406     177.345453     941.498190     116.730846
          36      28.225406     177.345453     941.498190     116.730846
          37      32.118509     201.806542    1071.358132     132.831419
          38      32.118509     201.806542    1071.358132     132.831419
          39      36.147891     227.123897    1205.763858     149.495598
          40      36.147891     227.123897    1205.763858     149.495598
          41      36.990527     232.418333    1233.871158     152.980457
          42      36.990527     232.418333    1233.871158     152.980457
--
 q-point No.           q_x           q_y           q_z  q-path length
          56      0.500000      0.105263      0.000000       0.229427
 frequencies
branch index         f[THz]      f[2PiTHz]        f[cm-1]         f[meV]
           1       2.363654      14.851277      78.843014       9.775283
           2       2.363654      14.851277      78.843014       9.775283
           3       5.221841      32.809792     174.181855      21.595788
           4       5.221841      32.809792     174.181855      21.595788
           5       8.236283      51.750093     274.732835      34.062515
           6       8.236283      51.750093     274.732835      34.062515
           7       9.275313      58.278513     309.391153      38.359597
           8       9.275313      58.278513     309.391153      38.359597
           9      10.368907      65.149763     345.869503      42.882334
          10      10.368907      65.149763     345.869503      42.882334
          11      11.522548      72.398302     384.350819      47.653407
          12      11.522548      72.398302     384.350819      47.653407
          13      12.182114      76.542478     406.351577      50.381152
          14      12.182114      76.542478     406.351577      50.381152
          15      13.028630      81.861296     434.588318      53.882060
          16      13.028630      81.861296     434.588318      53.882060
          17      17.625449     110.743963     587.921702      72.892968
          18      17.625449     110.743963     587.921702      72.892968
          19      18.723085     117.640613     624.534897      77.432424
          20      18.723085     117.640613     624.534897      77.432424
          21      18.985829     119.291478     633.299070      78.519042
          22      18.985829     119.291478     633.299070      78.519042
          23      20.102302     126.306490     670.540629      83.136405
          24      20.102302     126.306490     670.540629      83.136405
          25      20.400421     128.179625     680.484796      84.369324
          26      20.400421     128.179625     680.484796      84.369324
          27      21.370873     134.277155     712.855592      88.382789
          28      21.370873     134.277155     712.855592      88.382789
          29      21.541942     135.352012     718.561835      89.090273
          30      21.541942     135.352012     718.561835      89.090273
          31      26.289831     165.183876     876.934350     108.725953
          32      26.289831     165.183876     876.934350     108.725953
          33      27.575804     173.263882     919.829792     114.044308
          34      27.575804     173.263882     919.829792     114.044308
          35      28.230273     177.376035     941.660543     116.750975
          36      28.230273     177.376035     941.660543     116.750975
          37      32.101768     201.701354    1070.799705     132.762183
          38      32.101768     201.701354    1070.799705     132.762183
          39      36.131246     227.019314    1205.208644     149.426760
          40      36.131246     227.019314    1205.208644     149.426760
          41      36.997445     232.461803    1234.101931     153.009070
          42      36.997445     232.461803    1234.101931     153.009070
--
 q-point No.           q_x           q_y           q_z  q-path length
          57      0.500000      0.078947      0.000000       0.233595
 frequencies
branch index         f[THz]      f[2PiTHz]        f[cm-1]         f[meV]
           1       2.344248      14.729346      78.195702       9.695027
           2       2.344248      14.729346      78.195702       9.695027
           3       5.214776      32.765405     173.946211      21.566572
           4       5.214776      32.765405     173.946211      21.566572
           5       8.357858      52.513973     278.788149      34.565310
           6       8.357858      52.513973     278.788149      34.565310
           7       9.348159      58.736213     311.821009      38.660860
           8       9.348159      58.736213     311.821009      38.660860
           9      10.368716      65.148562     345.863127      42.881543
          10      10.368716      65.148562     345.863127      42.881543
          11      11.478578      72.122034     382.884157      47.471564
          12      11.478578      72.122034     382.884157      47.471564
          13      12.114726      76.119067     404.103758      50.102458
          14      12.114726      76.119067     404.103758      50.102458
          15      12.943073      81.323728     431.734453      53.528226
          16      12.943073      81.323728     431.734453      53.528226
          17      17.619592     110.707158     587.726308      72.868742
          18      17.619592     110.707158     587.726308      72.868742
          19      18.729503     117.680939     624.748980      77.458967
          20      18.729503     117.680939     624.748980      77.458967
          21      19.008352     119.432997     634.050370      78.612191
          22      19.008352     119.432997     634.050370      78.612191
          23      20.105237     126.324927     670.638508      83.148540
          24      20.105237     126.324927     670.638508      83.148540
          25      20.383011     128.070237     679.904075      84.297324
          26      20.383011     128.070237     679.904075      84.297324
          27      21.391090     134.404184     713.529971      88.466402
          28      21.391090     134.404184     713.529971      88.466402
          29      21.540340     135.341944     718.508385      89.083646
          30      21.540340     135.341944     718.508385      89.083646
          31      26.287846     165.171407     876.868154     108.717746
          32      26.287846     165.171407     876.868154     108.717746
          33      27.587240     173.335741     920.211276     114.091606
          34      27.587240     173.335741     920.211276     114.091606
          35      28.233719     177.397686     941.775484     116.765226
          36      28.233719     177.397686     941.775484     116.765226
          37      32.088221     201.616238    1070.347842     132.706159
          38      32.088221     201.616238    1070.347842     132.706159
          39      36.118130     226.936901    1204.771126     149.372515
          40      36.118130     226.936901    1204.771126     149.372515
          41      37.002762     232.495206    1234.279264     153.031056
          42      37.002762     232.495206    1234.279264     153.031056
--
 q-point No.           q_x           q_y           q_z  q-path length
          58      0.500000      0.052632      0.000000       0.237762
 frequencies
branch index         f[THz]      f[2PiTHz]        f[cm-1]         f[meV]
           1       2.329794      14.638525      77.713548       9.635248
           2       2.329794      14.638525      77.713548       9.635248
           3       5.209813      32.734217     173.780639      21.546044
           4       5.209813      32.734217     173.780639      21.546044
           5       8.450931      53.098766     281.892720      34.950227
           6       8.450931      53.098766     281.892720      34.950227
           7       9.403782      59.085707     313.676417      38.890902
           8       9.403782      59.085707     313.676417      38.890902
           9      10.368394      65.146543     345.852410      42.880214
          10      10.368394      65.146543     345.852410      42.880214
          11      11.443683      71.902779     381.720169      47.327248
          12      11.443683      71.902779     381.720170      47.327248
          13      12.063142      75.794959     402.383119      49.889126
          14      12.063142      75.794959     402.383119      49.889126
          15      12.879034      80.921356     429.598326      53.263380
          16      12.879034      80.921356     429.598326      53.263380
          17      17.615308     110.680244     587.583428      72.851027
          18      17.615308     110.680244     587.583428      72.851027
          19      18.734217     117.710554     624.906200      77.478459
          20      18.734217     117.710554     624.906200      77.478459
          21      19.025477     119.540599     634.621612      78.683016
          22      19.025477     119.540599     634.621612      78.683016
          23      20.106181     126.330857     670.669991      83.152444
          24      20.106181     126.330857     670.669991      83.152444
          25      20.370320     127.990496     679.480741      84.244837
          26      20.370320     127.990496     679.480741      84.244837
          27      21.406516     134.501104     714.044500      88.530195
          28      21.406516     134.501104     714.044500      88.530195
          29      21.539058     135.333893     718.465643      89.078347
          30      21.539058     135.333893     718.465643      89.078347
          31      26.286140     165.160684     876.811231     108.710689
          32      26.286140     165.160684     876.811231     108.710689
          33      27.596077     173.391264     920.506040     114.128152
          34      27.596077     173.391264     920.506040     114.128152
          35      28.235951     177.411714     941.849956     116.774459
          36      28.235951     177.411714     941.849956     116.774459
          37      32.078258     201.553639    1070.015515     132.664956
          38      32.078258     201.553639    1070.015515     132.664956
          39      36.108671     226.877469    1204.455609     149.333396
          40      36.108671     226.877469    1204.455609     149.333396
          41      37.006523     232.518838    1234.404721     153.046611
          42      37.006523     232.518838    1234.404721     153.046611
--
 q-point No.           q_x           q_y           q_z  q-path length
          59      0.500000      0.026316      0.000000       0.241930
 frequencies
branch index         f[THz]      f[2PiTHz]        f[cm-1]         f[meV]
           1       2.320875      14.582485      77.416045       9.598362
           2       2.320875      14.582485      77.416045       9.598362
           3       5.206871      32.715734     173.682515      21.533878
           4       5.206871      32.715734     173.682515      21.533878
           5       8.509614      53.467478     283.850153      35.192918
           6       8.509614      53.467478     283.850153      35.192918
           7       9.438784      59.305631     314.843957      39.035658
           8       9.438784      59.305631     314.843957      39.035658
           9      10.368104      65.144715     345.842706      42.879011
          10      10.368104      65.144715     345.842706      42.879011
          11      11.421044      71.760537     380.965028      47.233622
          12      11.421044      71.760537     380.965028      47.233622
          13      12.030644      75.590763     401.299078      49.754722
          14      12.030644      75.590763     401.299078      49.754722
          15      12.839398      80.672316     428.276215      53.099459
          16      12.839398      80.672316     428.276215      53.099459
          17      17.612698     110.663844     587.496360      72.840232
          18      17.612698     110.663844     587.496360      72.840232
          19      18.737097     117.728652     625.002280      77.490372
          20      18.737097     117.728652     625.002280      77.490372
          21      19.036199     119.607962     634.979232      78.727356
          22      19.036199     119.607962     634.979232      78.727356
          23      20.106248     126.331280     670.672232      83.152722
          24      20.106248     126.331280     670.672232      83.152722
          25      20.362603     127.942006     679.223315      84.212920
          26      20.362603     127.942006     679.223315      84.212920
          27      21.416177     134.561808     714.366767      88.570151
          28      21.416177     134.561808     714.366767      88.570151
          29      21.538233     135.328705     718.438104      89.074932
          30      21.538233     135.328705     718.438104      89.074932
          31      26.284992     165.153475     876.772960     108.705944
          32      26.284992     165.153475     876.772960     108.705944
          33      27.601667     173.426387     920.692505     114.151271
          34      27.601667     173.426387     920.692505     114.151271
          35      28.237184     177.419458     941.891069     116.779556
          36      28.237184     177.419458     941.891069     116.779556
          37      32.072164     201.515350    1069.812242     132.639754
          38      32.072164     201.515350    1069.812242     132.639754
          39      36.102960     226.841585    1204.265108     149.309777
          40      36.102960     226.841585    1204.265108     149.309777
          41      37.008764     232.532923    1234.479495     153.055882
          42      37.008764     232.532923    1234.479495     153.055882
--
 q-point No.           q_x           q_y           q_z  q-path length
          60      0.500000      0.000000      0.000000       0.246098
 frequencies
branch index         f[THz]      f[2PiTHz]        f[cm-1]         f[meV]
           1       2.317860      14.563542      77.315477       9.585893
           2       2.317860      14.563542      77.315477       9.585893
           3       5.205897      32.709614     173.650023      21.529849
           4       5.205897      32.709614     173.650023      21.529849
           5       8.529689      53.593619     284.519812      35.275945
           6       8.529689      53.593619     284.519812      35.275945
           7       9.450746      59.380788     315.242954      39.085127
           8       9.450746      59.380788     315.242954      39.085127
           9      10.367987      65.143983     345.838816      42.878529
          10      10.367987      65.143983     345.838816      42.878529
          11      11.413176      71.711099     380.702569      47.201082
          12      11.413176      71.711099     380.702569      47.201082
          13      12.019533      75.520951     400.928456      49.708771
          14      12.019533      75.520951     400.928456      49.708771
          15      12.825980      80.588011     427.828655      53.043969
          16      12.825980      80.588011     427.828655      53.043969
          17      17.611821     110.658334     587.467113      72.836606
          18      17.611821     110.658334     587.467113      72.836606
          19      18.738066     117.734740     625.034600      77.494379
          20      18.738066     117.734740     625.034600      77.494379
          21      19.039850     119.630905     635.101034      78.742457
          22      19.039850     119.630905     635.101034      78.742457
          23      20.106183     126.330872     670.670067      83.152453
          24      20.106183     126.330872     670.670067      83.152453
          25      20.360013     127.925735     679.136934      84.202210
          26      20.360013     127.925735     679.136934      84.202210
          27      21.419466     134.582475     714.476488      88.583755
          28      21.419466     134.582475     714.476488      88.583755
          29      21.537948     135.326916     718.428602      89.073754
          30      21.537948     135.326916     718.428602      89.073754
          31      26.284588     165.150938     876.759490     108.704274
          32      26.284588     165.150938     876.759490     108.704274
          33      27.603581     173.438411     920.756337     114.159185
          34      27.603581     173.438411     920.756337     114.159185
          35      28.237575     177.421916     941.904120     116.781175
          36      28.237575     177.421916     941.904120     116.781175
          37      32.070113     201.502464    1069.743834     132.631272
          38      32.070113     201.502464    1069.743834     132.631272
          39      36.101050     226.829587    1204.201411     149.301879
          40      36.101050     226.829587    1204.201411     149.301879
          41      37.009509     232.537602    1234.504335     153.058961
          42      37.009509     232.537602    1234.504335     153.058961
--
 q-point No.           q_x           q_y           q_z  q-path length
          61      0.500000      0.000000      0.000000       0.246098
 frequencies
branch index         f[THz]      f[2PiTHz]        f[cm-1]         f[meV]
           1       2.317860      14.563542      77.315477       9.585893
           2       2.317860      14.563542      77.315477       9.585893
           3       5.205897      32.709614     173.650023      21.529849
           4       5.205897      32.709614     173.650023      21.529849
           5       8.529689      53.593619     284.519812      35.275945
           6       8.529689      53.593619     284.519812      35.275945
           7       9.450746      59.380788     315.242954      39.085127
           8       9.450746      59.380788     315.242954      39.085127
           9      10.367987      65.143983     345.838816      42.878529
          10      10.367987      65.143983     345.838816      42.878529
          11      11.413176      71.711099     380.702569      47.201082
          12      11.413176      71.711099     380.702569      47.201082
          13      12.019533      75.520951     400.928456      49.708771
          14      12.019533      75.520951     400.928456      49.708771
          15      12.825980      80.588011     427.828655      53.043969
          16      12.825980      80.588011     427.828655      53.043969
          17      17.611821     110.658334     587.467113      72.836606
          18      17.611821     110.658334     587.467113      72.836606
          19      18.738066     117.734740     625.034600      77.494379
          20      18.738066     117.734740     625.034600      77.494379
          21      19.039850     119.630905     635.101034      78.742457
          22      19.039850     119.630905     635.101034      78.742457
          23      20.106183     126.330872     670.670067      83.152453
          24      20.106183     126.330872     670.670067      83.152453
          25      20.360013     127.925735     679.136934      84.202210
          26      20.360013     127.925735     679.136934      84.202210
          27      21.419466     134.582475     714.476488      88.583755
          28      21.419466     134.582475     714.476488      88.583755
          29      21.537948     135.326916     718.428602      89.073754
          30      21.537948     135.326916     718.428602      89.073754
          31      26.284588     165.150938     876.759490     108.704274
          32      26.284588     165.150938     876.759490     108.704274
          33      27.603581     173.438411     920.756337     114.159185
          34      27.603581     173.438411     920.756337     114.159185
          35      28.237575     177.421916     941.904120     116.781175
          36      28.237575     177.421916     941.904120     116.781175
          37      32.070113     201.502464    1069.743834     132.631272
          38      32.070113     201.502464    1069.743834     132.631272
          39      36.101050     226.829587    1204.201411     149.301879
          40      36.101050     226.829587    1204.201411     149.301879
          41      37.009509     232.537602    1234.504335     153.058961
          42      37.009509     232.537602    1234.504335     153.058961
--
 q-point No.           q_x           q_y           q_z  q-path length
          62      0.473684      0.000000      0.000000       0.250715
 frequencies
branch index         f[THz]      f[2PiTHz]        f[cm-1]         f[meV]
           1       2.073690      13.029381      69.170866       8.576090
           2       2.567107      16.129611      85.629481      10.616698
           3       4.957537      31.149121     165.365619      20.502714
           4       5.452443      34.258710     181.873924      22.549483
           5       8.318075      52.264008     277.461124      34.400780
           6       8.658364      54.402105     288.811936      35.808100
           7       9.362203      58.824454     312.289464      38.718941
           8       9.538524      59.932315     318.170922      39.448149
           9      10.287881      64.640663     343.166776      42.547238
          10      10.427839      65.520041     347.835252      43.126055
          11      11.160893      70.125955     372.287300      46.157722
          12      11.678881      73.380571     389.565524      48.299947
          13      11.885674      74.679891     396.463406      49.155175
          14      12.160071      76.403980     405.616313      50.289991
          15      12.811711      80.498353     427.352675      52.984955
          16      12.876382      80.904692     429.509861      53.252412
          17      17.578554     110.449312     586.357446      72.699025
          18      17.639474     110.832086     588.389530      72.950971
          19      18.699130     117.490100     623.735848      77.333354
          20      18.777038     117.979610     626.334576      77.655555
          21      18.934520     118.969097     631.587603      78.306847
          22      19.150267     120.324678     638.784158      79.199106
          23      20.064713     126.070309     669.286782      82.980948
          24      20.134860     126.511058     671.626648      83.271054
          25      20.297665     127.533987     677.057213      83.944358
          26      20.427733     128.351231     681.395824      84.482277
          27      21.388624     134.388688     713.447706      88.456202
          28      21.465654     134.872682     716.017152      88.774773
          29      21.495434     135.059796     717.010507      88.897933
          30      21.579999     135.591132     719.831281      89.247664
          31      26.008086     163.413621     867.536357     107.560751
          32      26.557915     166.868297     885.876669     109.834659
          33      27.592893     173.371260     920.399844     114.114985
          34      27.614719     173.508393     921.127859     114.205248
          35      28.213895     177.273129     941.114230     116.683241
          36      28.259329     177.558598     942.629738     116.871140
          37      31.939320     200.680665    1065.381035     132.090354
          38      32.206626     202.360199    1074.297407     133.195843
          39      36.098644     226.814470    1204.121160     149.291929
          40      36.102916     226.841307    1204.263633     149.309594
          41      36.983100     232.371669    1233.623427     152.949743
          42      37.032433     232.681638    1235.269001     153.153768
--
 q-point No.           q_x           q_y           q_z  q-path length
          63      0.447368      0.000000      0.000000       0.255332
 frequencies
branch index         f[THz]      f[2PiTHz]        f[cm-1]         f[meV]
           1       1.835761      11.534425      61.234386       7.592093
           2       2.820388      17.721023      94.078032      11.664184
           3       4.710736      29.598426     157.133234      19.482029
           4       5.694184      35.777612     189.937526      23.549241
           5       8.041003      50.523111     268.218987      33.254901
           6       8.685984      54.575648     289.733246      35.922328
           7       9.272371      58.260028     309.293020      38.347430
           8       9.625808      60.480737     321.082402      39.809126
           9      10.191724      64.036491     339.959325      42.149565
          10      10.462289      65.736503     348.984409      43.268533
          11      10.935461      68.709528     364.767715      45.225412
          12      11.763850      73.914449     392.399797      48.651352
          13      11.947260      75.066849     398.517700      49.409875
          14      12.303251      77.303607     410.392285      50.882136
          15      12.826497      80.591254     427.845870      53.046103
          16      12.968282      81.482116     432.575313      53.632479
          17      17.542202     110.220904     585.144864      72.548684
          18      17.659718     110.959282     589.064794      73.034693
          19      18.660623     117.248150     622.451375      77.174100
          20      18.815653     118.222233     627.622623      77.815253
          21      18.835800     118.348818     628.294643      77.898573
          22      19.261485     121.023480     642.493987      79.659066
          23      20.010538     125.729919     667.479706      82.756899
          24      20.153348     126.627218     672.243319      83.347512
          25      20.241116     127.178681     675.170948      83.710491
          26      20.500284     128.807083     683.815872      84.782325
          27      21.375632     134.307057     713.014339      88.402471
          28      21.452855     134.792262     715.590212      88.721839
          29      21.523799     135.238015     717.956645      89.015239
          30      21.621170     135.849818     721.204605      89.417934
          31      25.730198     161.667602     858.267025     106.411501
          32      26.826073     168.553188     894.821481     110.943674
          33      27.582603     173.306603     920.056591     114.072428
          34      27.626338     173.581400     921.515444     114.253302
          35      28.187931     177.109993     940.248170     116.575863
          36      28.279460     177.685087     943.301250     116.954397
          37      31.816067     199.906245    1061.269765     131.580622
          38      32.347294     203.244039    1078.989571     133.777597
          39      36.094900     226.790941    1203.996247     149.276442
          40      36.104850     226.853463    1204.328167     149.317595
          41      36.952732     232.180858    1232.610440     152.824148
          42      37.052509     232.807776    1235.938645     153.236793
--
 q-point No.           q_x           q_y           q_z  q-path length
          64      0.421053      0.000000      0.000000       0.259949
 frequencies
branch index         f[THz]      f[2PiTHz]        f[cm-1]         f[meV]
           1       1.605409      10.087083      53.550686       6.639436
           2       3.076735      19.331694     102.628824      12.724347
           3       4.469312      28.081517     149.080208      18.483582
           4       5.928457      37.249594     197.752041      24.518117
           5       7.712949      48.461886     257.276278      31.898179
           6       8.599891      54.034706     286.861474      35.566274
           7       9.180331      57.681719     306.222872      37.966780
           8       9.712703      61.026711     323.980888      40.168493
           9      10.083147      63.354278     336.337563      41.700524
          10      10.465526      65.756841     349.092383      43.281920
          11      10.748884      67.537228     358.544169      44.453791
          12      11.660359      73.264197     388.947715      48.223349
          13      12.210391      76.720146     407.294785      50.498095
          14      12.446136      78.201378     415.158409      51.473059
          15      12.863755      80.825357     429.088687      53.200193
          16      13.103348      82.330762     437.080634      54.191068
          17      17.505720     109.991679     583.927947      72.397806
          18      17.671603     111.033958     589.461239      73.083846
          19      18.622923     117.011274     621.193837      77.018185
          20      18.743367     117.768045     625.211411      77.516301
          21      18.853522     118.460174     628.885813      77.971868
          22      19.365452     121.676725     645.961956      80.089039
          23      19.945102     125.318771     665.296990      82.486277
          24      20.168448     126.722096     672.747012      83.409961
          25      20.190671     126.861727     673.488290      83.501868
          26      20.577030     129.289294     686.375848      85.099721
          27      21.381533     134.344133     713.211167      88.426875
          28      21.410582     134.526651     714.180129      88.547011
          29      21.590325     135.656013     720.175724      89.290370
          30      21.661025     136.100231     722.534006      89.582759
          31      25.452559     159.923144     849.005979     105.263278
          32      27.086815     170.191476     903.518885     112.022014
          33      27.572664     173.244154     919.725058     114.031323
          34      27.638436     173.657413     921.918980     114.303334
          35      28.159307     176.930140     939.293356     116.457481
          36      28.298209     177.802891     943.926653     117.031937
          37      31.702436     199.192278    1057.479432     131.110681
          38      32.490789     204.145644    1083.776044     134.371044
          39      36.088869     226.753052    1203.795103     149.251504
          40      36.107250     226.868541    1204.408215     149.327520
          41      36.918125     231.963417    1231.456083     152.681027
          42      37.070488     232.920746    1236.538387     153.311152
--
 q-point No.           q_x           q_y           q_z  q-path length
          65      0.394737      0.000000      0.000000       0.264566
 frequencies
branch index         f[THz]      f[2PiTHz]        f[cm-1]         f[meV]
           1       1.384236       8.697412      46.173145       5.724738
           2       3.335227      20.955848     111.251190      13.793383
           3       4.237592      26.625575     141.350848      17.525264
           4       6.152896      38.659782     205.238502      25.446320
           5       7.345127      46.150793     245.007057      30.376990
           6       8.400502      52.781910     280.210581      34.741669
           7       9.084571      57.080041     303.028661      37.570749
           8       9.799130      61.569747     326.863782      40.525926
           9       9.965718      62.616454     332.420579      41.214881
          10      10.432767      65.551005     347.999631      43.146436
          11      10.604874      66.632390     353.740529      43.858216
          12      11.580745      72.763967     386.292075      47.894092
          13      12.461018      78.294887     415.654833      51.534608
          14      12.586573      79.083773     419.842898      52.053862
          15      12.919753      81.177199     430.956556      53.431779
          16      13.278725      83.432689     442.930588      54.916369
          17      17.472083     109.780333     582.805946      72.258695
          18      17.674954     111.055013     589.573017      73.097705
          19      18.586389     116.781726     619.975203      76.867094
          20      18.655844     117.218121     622.291955      77.154334
          21      18.890275     118.691100     630.111758      78.123866
          22      19.450000     122.207953     648.782160      80.438700
          23      19.870350     124.849090     662.803527      82.177127
          24      20.146501     126.584201     672.014950      83.319197
          25      20.191716     126.868293     673.523148      83.506190
          26      20.657256     129.793363     689.051872      85.431506
          27      21.368961     134.265144     712.791826      88.374883
          28      21.405849     134.496914     714.022258      88.527437
          29      21.661963     136.106129     722.565317      89.586641
          30      21.699111     136.339534     723.804426      89.740271
          31      25.176682     158.189759     839.803721     104.122344
          32      27.337426     171.766109     911.878357     113.058456
          33      27.563203     173.184714     919.409499     113.992198
          34      27.650970     173.736166     922.337069     114.355171
          35      28.127696     176.731526     938.238947     116.326751
          36      28.315748     177.913089     944.511673     117.104470
          37      31.600739     198.553300    1054.087201     130.690098
          38      32.635989     205.057965    1088.619412     134.971544
          39      36.079520     226.694308    1203.483237     149.212837
          40      36.110281     226.887582    1204.509300     149.340053
          41      36.879228     231.719022    1230.158630     152.520163
          42      37.087183     233.025643    1237.095266     153.380196
--
 q-point No.           q_x           q_y           q_z  q-path length
          66      0.368421      0.000000      0.000000       0.269183
 frequencies
branch index         f[THz]      f[2PiTHz]        f[cm-1]         f[meV]
           1       1.174211       7.377783      39.167451       4.856143
           2       3.594975      22.587894     119.915460      14.867615
           3       4.020460      25.261294     134.108104      16.627278
           4       6.365409      39.995047     212.327205      26.325206
           5       6.945984      43.642907     231.693101      28.726271
           6       8.102196      50.907600     270.260177      33.507976
           7       8.982808      56.440648     299.634227      37.149893
           8       9.843399      61.847896     328.340430      40.709007
           9       9.884523      62.106292     329.712211      40.879086
          10      10.363324      65.114683     345.683272      42.859244
          11      10.497035      65.954814     350.143391      43.412228
          12      11.527009      72.426333     384.499632      47.671857
          13      12.687296      79.716631     423.202638      52.470416
          14      12.722941      79.940598     424.391642      52.617834
          15      12.998302      81.670737     433.576670      53.756632
          16      13.487867      84.746765     449.906801      55.781309
          17      17.443908     109.603306     581.866138      72.142174
          18      17.670188     111.025065     589.414028      73.077993
          19      18.551352     116.561581     618.806490      76.722192
          20      18.571443     116.687818     619.476664      76.805283
          21      18.925566     118.912835     631.288913      78.269815
          22      19.501880     122.533926     650.512701      80.653259
          23      19.788302     124.333569     660.066710      81.837805
          24      20.108640     126.346312     670.752038      83.162616
          25      20.236182     127.147683     675.006384      83.690088
          26      20.740182     130.314407     691.818009      85.774463
          27      21.328316     134.009758     711.436024      88.206785
          28      21.447070     134.755914     715.397247      88.697914
          29      21.734967     136.564827     725.000472      89.888562
          30      21.735963     136.571080     725.033671      89.892678
          31      24.904001     156.476454     830.708065     102.994627
          32      27.546804     173.081674     918.862478     113.924376
          33      27.582306     173.304740     920.046699     114.071201
          34      27.663860     173.817158     922.767045     114.408481
          35      28.093044     176.513800     937.083076     116.183442
          36      28.332182     178.016349     945.059866     117.172437
          37      31.513451     198.004850    1051.175569     130.329102
          38      32.781943     205.975018    1093.487896     135.575159
          39      36.065810     226.608163    1203.025911     149.156136
          40      36.113864     226.910095    1204.628818     149.354871
          41      36.836249     231.448979    1228.725017     152.342418
          42      37.103388     233.127458    1237.635785     153.447212
--
 q-point No.           q_x           q_y           q_z  q-path length
          67      0.342105      0.000000      0.000000       0.273800
 frequencies
branch index         f[THz]      f[2PiTHz]        f[cm-1]         f[meV]
           1       0.977783       6.143589      32.615317       4.043782
           2       3.823365      24.022912     127.533738      15.812161
           3       3.855104      24.222334     128.592436      15.943423
           4       6.521842      40.977943     217.545238      26.972160
           5       6.564189      41.244016     218.957780      27.147293
           6       7.725214      48.538954     257.685416      31.948905
           7       8.871925      55.743951     295.935579      36.691319
           8       9.720786      61.077498     324.250509      40.201921
           9       9.965979      62.618094     332.429283      41.215960
          10      10.263901      64.489992     342.366889      42.448065
          11      10.414997      65.439356     347.406906      43.072947
          12      11.496135      72.232348     383.469797      47.544174
          13      12.853973      80.763891     428.762370      53.159735
          14      12.863390      80.823063     429.076507      53.198683
          15      13.119445      82.431904     437.617580      54.257640
          16      13.722344      86.220026     457.728108      56.751027
          17      17.423196     109.473165     581.175243      72.056514
          18      17.658111     110.949180     589.011163      73.028044
          19      18.488450     116.166355     616.708299      76.462050
          20      18.518107     116.352694     617.697545      76.584700
          21      18.959081     119.123416     632.406857      78.408422
          22      19.514884     122.615634     650.946473      80.707040
          23      19.700889     123.784333     657.150905      81.476291
          24      20.076982     126.147400     669.696044      83.031690
          25      20.307859     127.598041     677.397264      83.986519
          26      20.824989     130.847266     694.646867      86.125196
          27      21.288941     133.762357     710.122616      88.043944
          28      21.503294     135.109183     717.272693      88.930440
          29      21.768128     136.773183     726.106601      90.025704
          30      21.810118     137.037010     727.507213      90.199358
          31      24.635910     154.791986     821.765496     101.885890
          32      27.542269     173.053175     918.711184     113.905618
          33      27.676993     173.899677     923.205120     114.462795
          34      27.798137     174.660843     927.246030     114.963804
          35      28.056774     176.285907     935.873233     116.033440
          36      28.347562     178.112982     945.572873     117.236042
          37      31.443064     197.562595    1048.827711     130.038004
          38      32.927825     206.891622    1098.353997     136.178479
          39      36.046784     226.488624    1202.391298     149.077454
          40      36.117661     226.933952    1204.755472     149.370574
          41      36.789698     231.156488    1227.172226     152.149896
          42      37.119798     233.230565    1238.183165     153.515078
--
 q-point No.           q_x           q_y           q_z  q-path length
          68      0.315789      0.000000      0.000000       0.278417
 frequencies
branch index         f[THz]      f[2PiTHz]        f[cm-1]         f[meV]
           1       0.797944       5.013632      26.616560       3.300031
           2       3.652229      22.947633     121.825256      15.104400
           3       4.114736      25.853649     137.252820      17.017173
           4       6.077460      38.185807     202.722246      25.134344
           5       6.747723      42.397193     225.079809      27.906327
           6       7.287690      45.789908     243.091180      30.139452
           7       8.748258      54.966929     291.810492      36.179874
           8       9.602968      60.337229     320.320541      39.714668
           9      10.018702      62.949360     334.187920      41.434003
          10      10.166451      63.877696     339.116309      42.045045
          11      10.350551      65.034430     345.257219      42.806420
          12      11.481743      72.141916     382.989705      47.484650
          13      12.974650      81.522130     432.787740      53.658817
          14      12.978641      81.547208     432.920872      53.675323
          15      13.293661      83.526536     443.428807      54.978140
          16      13.973513      87.798174     466.106235      57.789782
          17      17.411215     109.397887     580.775604      72.006965
          18      17.639750     110.833816     588.398717      72.952110
          19      18.405540     115.645416     613.942721      76.119162
          20      18.486908     116.156665     616.656857      76.455672
          21      18.990549     119.321139     633.456534      78.538565
          22      19.494331     122.486494     650.260891      80.622039
          23      19.609901     123.212643     654.115897      81.099999
          24      20.051288     125.985958     668.838977      82.925427
          25      20.401079     128.183758     680.506741      84.372045
          26      20.910829     131.386613     697.510176      86.480201
          27      21.251110     133.524663     708.860736      87.887491
          28      21.572614     135.544727     719.584928      89.217120
          29      21.798130     136.961686     727.107332      90.149779
          30      21.882706     137.493095     729.928494      90.499558
          31      24.373807     153.145142     813.022671     100.801919
          32      27.532876     172.994158     918.397872     113.866773
          33      27.690228     173.982833     923.646583     114.517530
          34      27.966822     175.720724     932.872767     115.661430
          35      28.050812     176.248446     935.674354     116.008783
          36      28.361889     178.203002     946.050775     117.295294
          37      31.391864     197.240895    1047.119854     129.826257
          38      33.072896     207.803131    1103.193049     136.778444
          39      36.021675     226.330854    1201.553723     148.973608
          40      36.121047     226.955232    1204.868441     149.384581
          41      36.740438     230.846980    1225.529097     151.946174
          42      37.136932     233.338227    1238.754723     153.585942
--
 q-point No.           q_x           q_y           q_z  q-path length
          69      0.289474      0.000000      0.000000       0.283034
 frequencies
branch index         f[THz]      f[2PiTHz]        f[cm-1]         f[meV]
           1       0.638133       4.009505      21.285812       2.639103
           2       3.513173      22.073914     117.186822      14.529308
           3       4.372967      27.476162     145.866476      18.085130
           4       5.616478      35.289370     187.345529      23.227875
           5       6.803087      42.745058     226.926567      28.135296
           6       6.914827      43.447136     230.653785      28.597412
           7       8.608434      54.088383     287.146436      35.601605
           8       9.494798      59.657577     316.712380      39.267313
           9       9.934241      62.418674     331.370599      41.084700
          10      10.187007      64.006850     339.801964      42.130055
          11      10.299085      64.711057     343.540487      42.593573
          12      11.476981      72.111997     382.830875      47.464958
          13      13.049655      81.993398     435.289622      53.969011
          14      13.096092      82.285169     436.838591      54.161058
          15      13.489329      84.755951     449.955569      55.787355
          16      14.233469      89.431522     474.777418      58.864871
          17      17.408502     109.380844     580.685123      71.995747
          18      17.616241     110.686109     587.614562      72.854888
          19      18.321978     115.120383     611.155403      75.773579
          20      18.457965     115.974813     615.691435      76.335975
          21      19.019746     119.504588     634.430438      78.659314
          22      19.451130     122.215055     648.819865      80.443375
          23      19.516990     122.628861     651.016694      80.715747
          24      20.031192     125.859690     668.168640      82.842316
          25      20.504560     128.833952     683.958514      84.800010
          26      20.996844     131.927059     700.379316      86.835929
          27      21.215079     133.298272     707.658860      87.738477
          28      21.653126     136.050603     722.270543      89.550094
          29      21.824516     137.127476     727.987484      90.258904
          30      21.952402     137.931006     732.253295      90.787797
          31      24.119145     151.545058     804.528085      99.748725
          32      27.523315     172.934087     918.078960     113.827233
          33      27.703402     174.065608     924.086026     114.572014
          34      27.950801     175.620058     932.338348     115.595171
          35      28.205663     177.221407     940.839646     116.649197
          36      28.375132     178.286213     946.492528     117.350064
          37      31.361600     197.050742    1046.110363     129.701096
          38      33.216455     208.705142    1107.981682     137.372159
          39      35.989979     226.131706    1200.496477     148.842526
          40      36.123081     226.968011    1204.936282     149.392992
          41      36.689756     230.528537    1223.838538     151.736572
          42      37.155076     233.452226    1239.359926     153.660978
--
 q-point No.           q_x           q_y           q_z  q-path length
          70      0.263158      0.000000      0.000000       0.287651
 frequencies
branch index         f[THz]      f[2PiTHz]        f[cm-1]         f[meV]
           1       0.501786       3.152812      16.737769       2.075218
           2       3.411962      21.437989     113.810800      14.110734
           3       4.628836      29.083832     154.401336      19.143317
           4       5.141736      32.306479     171.509849      21.264502
           5       6.280885      39.463962     209.507761      25.975640
           6       7.064670      44.388633     235.652039      29.217116
           7       8.450563      53.096451     281.880431      34.948703
           8       9.399804      59.060710     313.543709      38.874448
           9       9.776921      61.430209     326.122994      40.434080
          10      10.258454      64.455766     342.185187      42.425537
          11      10.267529      64.512789     342.487910      42.463070
          12      11.476230      72.107279     382.805823      47.461852
          13      13.109115      82.367000     437.273015      54.214920
          14      13.205591      82.973176     440.491108      54.613912
          15      13.683464      85.975738     456.431219      56.590233
          16      14.495317      91.076761     483.511723      59.947786
          17      17.414923     109.421189     580.899312      72.022303
          18      17.588761     110.513443     586.697909      72.741237
          19      18.237722     114.590983     608.344906      75.425122
          20      18.431442     115.808167     614.806735      76.226286
          21      19.046496     119.672664     635.322725      78.769943
          22      19.395093     121.862965     646.950674      80.211625
          23      19.423665     122.042488     647.903735      80.329789
          24      20.016215     125.765586     667.669056      82.780375
          25      20.608409     129.486452     687.422529      85.229493
          26      21.082179     132.463234     703.225784      87.188846
          27      21.181085     133.084679     706.524931      87.597888
          28      21.742710     136.613476     725.258743      89.920583
          29      21.846849     137.267800     728.732443      90.351267
          30      22.018193     138.344388     734.447871      91.059890
          31      23.873491     150.001568     796.333947      98.732782
          32      27.513790     172.874240     917.761242     113.787841
          33      27.716339     174.146895     924.517561     114.625517
          34      27.902480     175.316448     930.726532     115.395331
          35      28.367262     178.236762     946.230001     117.317515
          36      28.387241     178.362297     946.896445     117.400144
          37      31.353084     196.997237    1045.826314     129.665879
          38      33.357792     209.593185    1112.696156     137.956679
          39      35.951527     225.890105    1199.213854     148.683501
          40      36.122477     226.964214    1204.916126     149.390493
          41      36.639422     230.212274    1222.159548     151.528404
          42      37.174251     233.572703    1239.999521     153.740277
--
 q-point No.           q_x           q_y           q_z  q-path length
          71      0.236842      0.000000      0.000000       0.292268
 frequencies
branch index         f[THz]      f[2PiTHz]        f[cm-1]         f[meV]
           1       0.391364       2.459011      13.054487       1.618549
           2       3.353115      21.068245     111.847891      13.867365
           3       4.655505      29.251403     155.290946      19.253615
           4       4.881272      30.669937     162.821712      20.187310
           5       5.727887      35.989376     191.061749      23.688627
           6       7.196793      45.218783     240.059170      29.763530
           7       8.275088      51.993912     276.027227      34.222999
           8       9.319466      58.555929     310.863909      38.542195
           9       9.602624      60.335067     320.309062      39.713244
          10      10.227637      64.262139     341.157253      42.298090
          11      10.356835      65.073911     345.466820      42.832407
          12      11.475409      72.102123     382.778454      47.458458
          13      13.159485      82.683484     438.953176      54.423233
          14      13.306504      83.607228     443.857188      55.031253
          15      13.867855      87.134302     462.581849      57.352814
          16      14.753074      92.696299     492.109584      61.013785
          17      17.429757     109.514390     581.394099      72.083649
          18      17.558492     110.323258     585.688248      72.616055
          19      18.153454     114.061513     605.534035      75.076618
          20      18.407457     115.657460     614.006660      76.127089
          21      19.070675     119.824583     636.129240      78.869938
          22      19.331323     121.462281     644.823512      79.947890
          23      19.333197     121.474057     644.886026      79.955641
          24      20.005780     125.700025     667.321003      82.737222
          25      20.706145     130.100546     690.682654      85.633697
          26      21.149354     132.885310     705.466517      87.466661
          27      21.165995     132.989865     706.021579      87.535480
          28      21.838768     137.217022     728.462870      90.317844
          29      21.864718     137.380071     729.328470      90.425165
          30      22.079314     138.728421     736.486640      91.312665
          31      23.638582     148.525590     788.498218      97.761275
          32      27.504434     172.815453     917.449155     113.749147
          33      27.728854     174.225525     924.934996     114.677272
          34      27.849189     174.981611     928.948934     115.174937
          35      28.398161     178.430906     947.260681     117.445303
          36      28.507978     179.120908     950.923788     117.899470
          37      31.365794     197.077093    1046.250255     129.718441
          38      33.496125     210.462361    1117.310469     138.528780
          39      35.906513     225.607274    1197.712352     148.497339
          40      36.117649     226.933880    1204.755089     149.370527
          41      36.591680     229.912307    1220.567072     151.330962
          42      37.194228     233.698228    1240.665910     153.822899
--
 q-point No.           q_x           q_y           q_z  q-path length
          72      0.210526      0.000000      0.000000       0.296885
 frequencies
branch index         f[THz]      f[2PiTHz]        f[cm-1]         f[meV]
           1       0.306885       1.928217      10.236593       1.269175
           2       3.338760      20.978047     111.369043      13.807995
           3       4.159647      26.135834     138.750896      17.202911
           4       5.129018      32.226569     171.085619      21.211904
           5       5.149239      32.353623     171.760129      21.295532
           6       7.311083      45.936886     243.871463      30.236194
           7       8.084759      50.798042     269.678547      33.435863
           8       9.253393      58.140785     308.659976      38.268942
           9       9.420901      59.193266     314.247428      38.961698
          10      10.205873      64.125393     340.431288      42.208081
          11      10.448822      65.651882     348.535171      43.212834
          12      11.471708      72.078866     382.654988      47.443151
          13      13.202784      82.955540     440.397479      54.602304
          14      13.398270      84.183813     446.918180      55.410767
          15      14.039055      88.209981     468.292454      58.060838
          16      15.001420      94.256704     500.393522      62.040862
          17      17.451775     109.652735     582.128547      72.174709
          18      17.526618     110.122986     584.625035      72.484234
          19      18.070556     113.540650     602.768859      74.733780
          20      18.386080     115.523149     613.293622      76.038684
          21      19.092207     119.959871     636.847462      78.958986
          22      19.241278     120.896517     641.819959      79.575497
          23      19.270167     121.078028     642.783576      79.694970
          24      19.999235     125.658901     667.102683      82.710154
          25      20.794225     130.653970     693.620693      85.997967
          26      21.120108     132.701551     704.490965      87.345708
          27      21.247475     133.501820     708.739468      87.872455
          28      21.877747     137.461936     729.763079      90.479050
          29      21.938130     137.841336     731.777250      90.728775
          30      22.135188     139.079486     738.350386      91.543740
          31      23.416390     147.129518     781.086701      96.842365
          32      27.495398     172.758680     917.147755     113.711778
          33      27.740755     174.300303     925.331982     114.726492
          34      27.793678     174.632830     927.097314     114.945366
          35      28.407844     178.491746     947.583671     117.485349
          36      28.626267     179.864137     954.869474     118.388673
          37      31.397610     197.277001    1047.311538     129.850023
          38      33.630540     211.306915    1121.794070     139.084676
          39      35.855520     225.286874    1196.011401     148.286448
          40      36.106947     226.866635    1204.398095     149.326265
          41      36.549058     229.644505    1219.145353     151.154691
          42      37.214574     233.826061    1241.344558     153.907041
--
 q-point No.           q_x           q_y           q_z  q-path length
          73      0.184211      0.000000      0.000000       0.301502
 frequencies
branch index         f[THz]      f[2PiTHz]        f[cm-1]         f[meV]
           1       0.244779       1.537992       8.164950       1.012324
           2       3.367578      21.159115     112.330302      13.927176
           3       3.655725      22.969600     121.941873      15.118859
           4       4.549066      28.582622     151.740497      18.813415
           5       5.370495      33.743813     179.140417      22.210571
           6       7.407719      46.544070     247.094903      30.635850
           7       7.884060      49.537009     262.983930      32.605837
           8       9.200112      57.806006     306.882692      38.048587
           9       9.236303      58.033401     308.089894      38.198261
          10      10.192236      64.039704     339.976382      42.151680
          11      10.541648      66.235126     351.631517      43.596732
          12      11.463247      72.025707     382.372773      47.408160
          13      13.239816      83.188216     441.632717      54.755454
          14      13.480398      84.699836     449.657664      55.750420
          15      14.195030      89.190004     473.495234      58.705901
          16      15.235440      95.727091     508.199569      63.008688
          17      17.479315     109.825772     583.047177      72.288604
          18      17.494323     109.920073     583.547801      72.350674
          19      17.991008     113.040839     600.115445      74.404799
          20      18.367345     115.405433     612.668686      75.961202
          21      19.111060     120.078332     637.476348      79.036958
          22      19.154846     120.353448     638.936897      79.218043
          23      19.209271     120.695409     640.752312      79.443126
          24      19.995871     125.637764     666.990472      82.696242
          25      20.871123     131.137135     696.185740      86.315992
          26      21.093564     132.534768     703.605544      87.235930
          27      21.325829     133.994134     711.353078      88.196501
          28      21.885615     137.511371     730.025520      90.511588
          29      22.037187     138.463731     735.081443      91.138442
          30      22.185391     139.394919     740.024968      91.751361
          31      23.209179     145.827573     774.174884      95.985409
          32      27.486861     172.705037     916.862974     113.676470
          33      27.737816     174.281838     925.233956     114.714339
          34      27.751852     174.370026     925.702132     114.772385
          35      28.416262     178.544639     947.864470     117.520163
          36      28.722937     180.471535     958.094050     118.788469
          37      31.444825     197.573661    1048.886455     130.045288
          38      33.759897     212.119686    1126.108938     139.619651
          39      35.799545     224.935173    1194.144279     148.054954
          40      36.089219     226.755247    1203.806754     149.252948
          41      36.513821     229.423104    1217.969973     151.008963
          42      37.234704     233.952542    1242.016024     153.990292
--
 q-point No.           q_x           q_y           q_z  q-path length
          74      0.157895      0.000000      0.000000       0.306119
 frequencies
branch index         f[THz]      f[2PiTHz]        f[cm-1]         f[meV]
           1       0.198490       1.247151       6.620921       0.820889
           2       3.145087      19.761165     104.908812      13.007029
           3       3.434275      21.578188     114.555094      14.203015
           4       3.930854      24.698285     131.119182      16.256699
           5       5.603588      35.208384     186.915589      23.174569
           6       7.487066      47.042621     249.741628      30.964002
           7       7.678742      48.246956     256.135247      31.756709
           8       9.052672      56.879613     301.964621      37.438825
           9       9.157815      57.540246     305.471814      37.873661
          10      10.185484      63.997284     339.751180      42.123759
          11      10.633973      66.815220     354.711143      43.978557
          12      11.448849      71.935237     381.892480      47.348612
          13      13.271029      83.384335     442.673883      54.884542
          14      13.552455      85.152585     452.061237      56.048425
          15      14.334209      90.064490     478.137742      59.281498
          16      15.450426      97.077889     515.370734      63.897799
          17      17.462802     109.722022     582.496384      72.220315
          18      17.510340     110.020711     584.082072      72.416915
          19      17.917213     112.577171     597.653907      74.099607
          20      18.351249     115.304295     612.131765      75.894632
          21      19.073440     119.841956     636.221468      78.881373
          22      19.127242     120.180003     638.016105      79.103880
          23      19.152854     120.340927     638.870425      79.209802
          24      19.994951     125.631984     666.959784      82.692437
          25      20.936521     131.548038     698.367153      86.586453
          26      21.069939     132.386333     702.817526      87.138228
          27      21.400286     134.461962     713.836705      88.504432
          28      21.888072     137.526813     730.107501      90.521752
          29      22.132159     139.060456     738.249360      91.531214
          30      22.229627     139.672867     741.500549      91.934310
          31      23.019534     144.635999     767.849010      95.201101
          32      27.479021     172.655781     916.601482     113.644049
          33      27.683518     173.940675     923.422775     114.489781
          34      27.761955     174.433506     926.039132     114.814168
          35      28.423412     178.589562     948.102959     117.549732
          36      28.799900     180.955107     960.661255     119.106762
          37      31.502444     197.935693    1050.808426     130.283582
          38      33.882713     212.891364    1130.205653     140.127579
          39      35.740057     224.561402    1192.159987     147.808934
          40      36.064605     226.600595    1202.985733     149.151155
          41      36.487196     229.255813    1217.081851     150.898850
          42      37.253955     234.073499    1242.658164     154.069907
--
 q-point No.           q_x           q_y           q_z  q-path length
          75      0.131579      0.000000      0.000000       0.310736
 frequencies
branch index         f[THz]      f[2PiTHz]        f[cm-1]         f[meV]
           1       0.161049       1.011903       5.372031       0.666047
           2       2.628920      16.517989      87.691319      10.872333
           3       3.297681      20.719938     109.998785      13.638105
           4       3.529756      22.178110     117.739980      14.597890
           5       5.825284      36.601341     194.310571      24.091429
           6       7.475785      46.971740     249.365333      30.917347
           7       7.549531      47.435105     251.825262      31.222339
           8       8.874327      55.759040     296.015682      36.701251
           9       9.124799      57.332805     304.370543      37.737121
          10      10.184079      63.988456     339.704314      42.117948
          11      10.724361      67.383144     357.726162      44.352371
          12      11.427924      71.803765     381.194520      47.262076
          13      13.296767      83.546051     443.532405      54.990985
          14      13.614068      85.539708     454.116410      56.303234
          15      14.455173      90.824532     482.172680      59.781766
          16      15.641792      98.280276     521.754015      64.689224
          17      17.433261     109.536406     581.510980      72.098140
          18      17.542519     110.222894     585.155429      72.549994
          19      17.851721     112.165669     595.469309      73.828752
          20      18.337762     115.219553     611.681883      75.838854
          21      18.998688     119.372277     633.728016      78.572225
          22      19.102652     120.025499     637.195870      79.002184
          23      19.140786     120.265105     638.467895      79.159895
          24      19.995738     125.636926     666.986023      82.695690
          25      20.990702     131.888470     700.174453      86.810529
          26      21.049453     132.257615     702.134185      87.053505
          27      21.470073     134.900444     716.164534      88.793046
          28      21.884982     137.507398     730.004428      90.508973
          29      22.219388     139.608528     741.158987      91.891962
          30      22.267730     139.912275     742.771527      92.091891
          31      22.850344     143.572947     762.205445      94.501388
          32      27.472097     172.612272     916.370499     113.615411
          33      27.632791     173.621947     921.730698     114.279990
          34      27.770881     174.489591     926.336878     114.851084
          35      28.429316     178.626658     948.299894     117.574149
          36      28.859608     181.330263     962.652895     119.353694
          37      31.564709     198.326911    1052.885339     130.541086
          38      33.997006     213.609487    1134.018050     140.600256
          39      35.679104     224.178423    1190.126815     147.556853
          40      36.034994     226.414546    1201.998027     149.028695
          41      36.468896     229.140829    1216.471420     150.823166
          42      37.271643     234.184639    1243.248191     154.143061
--
 q-point No.           q_x           q_y           q_z  q-path length
          76      0.105263      0.000000      0.000000       0.315353
 frequencies
branch index         f[THz]      f[2PiTHz]        f[cm-1]         f[meV]
           1       0.127456       0.800832       4.251485       0.527117
           2       2.108292      13.246790      70.325056       8.719192
           3       2.652346      16.665184      88.472755      10.969219
           4       3.641743      22.881749     121.475486      15.061034
           5       6.031053      37.894225     201.174280      24.942421
           6       7.283717      45.764944     242.958649      30.123020
           7       7.595456      47.723654     253.357125      31.412266
           8       8.706955      54.707410     290.432750      36.009055
           9       9.099632      57.174673     303.531045      37.633036
          10      10.186285      64.002316     339.777896      42.127071
          11      10.811058      67.927883     360.618091      44.710925
          12      11.400517      71.631559     380.280307      47.148728
          13      13.317333      83.675272     444.218418      55.076040
          14      13.664917      85.859205     455.812566      56.513530
          15      14.556567      91.461605     485.554798      60.201095
          16      15.805127      99.306544     527.202301      65.364725
          17      17.406901     109.370783     580.631710      71.989125
          18      17.573341     110.416559     586.183565      72.677467
          19      17.796853     111.820927     593.639130      73.601839
          20      18.326837     115.150911     611.317470      75.793672
          21      18.932530     118.956595     631.521230      78.298618
          22      19.059978     119.757375     635.772442      78.825701
          23      19.151747     120.333972     638.833500      79.205224
          24      19.997525     125.648151     667.045615      82.703079
          25      21.032320     132.149961     701.562669      86.982646
          26      21.034170     132.161585     701.624375      86.990296
          27      21.534348     135.304296     718.308516      89.058865
          28      21.876394     137.453433     729.717938      90.473453
          29      22.295561     140.087138     743.699851      92.206988
          30      22.299693     140.113105     743.837702      92.224080
          31      22.704687     142.657754     757.346832      93.898997
          32      27.466315     172.575944     916.177639     113.591499
          33      27.587632     173.338204     920.224354     114.093227
          34      27.778459     174.537201     926.589635     114.882421
          35      28.434019     178.656209     948.456780     117.593601
          36      28.904594     181.612922     964.153486     119.539743
          37      31.625678     198.709992    1054.919051     130.793234
          38      34.100084     214.257148    1137.456376     141.026553
          39      35.619476     223.803765    1188.137814     147.310248
          40      36.003667     226.217712    1200.953068     148.899136
          41      36.457420     229.068723    1216.088620     150.775705
          42      37.287119     234.281874    1243.764393     154.207062
--
 q-point No.           q_x           q_y           q_z  q-path length
          77      0.078947      0.000000      0.000000       0.319970
 frequencies
branch index         f[THz]      f[2PiTHz]        f[cm-1]         f[meV]
           1       0.095170       0.597968       3.174514       0.393589
           2       1.584187       9.953740      52.842788       6.551668
           3       1.997466      12.550447      66.628283       8.260851
           4       3.755489      23.596434     125.269632      15.531448
           5       6.213874      39.042920     207.272516      25.698505
           6       7.113038      44.692539     237.265424      29.417150
           7       7.625223      47.910690     254.350066      31.535375
           8       8.558489      53.774573     285.480466      35.395051
           9       9.081177      57.058718     302.915460      37.556714
          10      10.190327      64.027713     339.912724      42.143788
          11      10.891674      68.434403     363.307126      45.044322
          12      11.367580      71.424612     379.181655      47.012512
          13      13.333002      83.773722     444.741076      55.140841
          14      13.704741      86.109428     457.140961      56.678230
          15      14.637097      91.967590     488.240989      60.534140
          16      15.936422     100.131491     531.581812      65.907715
          17      17.384886     109.232459     579.897374      71.898079
          18      17.600318     110.586057     587.083402      72.789032
          19      17.754263     111.553323     592.218464      73.425698
          20      18.318419     115.098019     611.036676      75.758858
          21      18.877232     118.609147     629.676684      78.069924
          22      19.025827     119.542793     634.633262      78.684461
          23      19.160185     120.386992     639.114976      79.240122
          24      19.999668     125.661618     667.117109      82.711943
          25      21.018741     132.064644     701.109733      86.926489
          26      21.067429     132.370557     702.733776      87.127845
          27      21.592031     135.666728     720.232612      89.297423
          28      21.862725     137.367548     729.261989      90.416922
          29      22.325791     140.277079     744.708215      92.332009
          30      22.357852     140.478528     745.777676      92.464606
          31      22.585538     141.909122     753.372467      93.406239
          32      27.461909     172.548263     916.030684     113.573279
          33      27.549898     173.101115     918.965689     113.937173
          34      27.784532     174.575365     926.792239     114.907541
          35      28.437582     178.678594     948.575615     117.608334
          36      28.937139     181.817407     965.239064     119.674338
          37      31.679760     199.049803    1056.723053     131.016902
          38      34.188339     214.811667    1140.400229     141.391544
          39      35.564886     223.460767    1186.316897     147.084483
          40      35.974413     226.033899    1199.977235     148.778149
          41      36.450829     229.027314    1215.868791     150.748449
          42      37.299802     234.361568    1244.187475     154.259517
--
 q-point No.           q_x           q_y           q_z  q-path length
          78      0.052632      0.000000      0.000000       0.324587
 frequencies
branch index         f[THz]      f[2PiTHz]        f[cm-1]         f[meV]
           1       0.063282       0.397610       2.110845       0.261711
           2       1.057523       6.644613      35.275170       4.373562
           3       1.335523       8.391338      44.548250       5.523277
           4       3.854606      24.219207     128.575832      15.941364
           5       6.362970      39.979720     212.245836      26.315118
           6       6.976262      43.833146     232.703050      28.851488
           7       7.640098      48.004154     254.846251      31.596894
           8       8.439511      53.027011     281.511785      34.902997
           9       9.068583      56.979589     302.495375      37.504630
          10      10.194569      64.054368     340.054230      42.161332
          11      10.962315      68.878258     365.663476      45.336472
          12      11.331849      71.200106     377.989791      46.864740
          13      13.344009      83.842882     445.108234      55.186363
          14      13.733335      86.289088     458.094746      56.796484
          15      14.695595      92.335146     490.192285      60.776070
          16      16.032399     100.734531     534.783255      66.304643
          17      17.368274     109.128081     579.343247      71.829376
          18      17.621242     110.717525     587.781349      72.875567
          19      17.724566     111.366734     591.227892      73.302883
          20      18.312453     115.060534     610.837677      75.734186
          21      18.835253     118.345384     628.276411      77.896312
          22      19.000929     119.386358     633.802774      78.581493
          23      19.166161     120.424543     639.314326      79.264838
          24      20.001622     125.673897     667.182295      82.720025
          25      21.008897     132.002790     700.781359      86.885776
          26      21.090894     132.517991     703.516479      87.224887
          27      21.641296     135.976270     721.875917      89.501167
          28      21.845278     137.257926     728.680022      90.344768
          29      22.346891     140.409655     745.412041      92.419273
          30      22.404001     140.768491     747.317042      92.655463
          31      22.495183     141.341402     750.358535      93.032560
          32      27.459080     172.530489     915.936324     113.561580
          33      27.521201     172.920806     918.008457     113.818491
          34      27.788972     174.603260     926.940330     114.925902
          35      28.440067     178.694212     948.658532     117.618615
          36      28.959077     181.955243     965.970816     119.765063
          37      31.722144     199.316106    1058.136814     131.192186
          38      34.257178     215.244196    1142.696456     141.676240
          39      35.520021     223.178869    1184.820345     146.898935
          40      35.950733     225.885114    1199.187358     148.680216
          41      36.447383     229.005657    1215.753816     150.734194
          42      37.309218     234.420729    1244.501550     154.298458
--
 q-point No.           q_x           q_y           q_z  q-path length
          79      0.026316      0.000000      0.000000       0.329204
 frequencies
branch index         f[THz]      f[2PiTHz]        f[cm-1]         f[meV]
           1       0.031570       0.198358       1.053051       0.130562
           2       0.529175       3.324902      17.651363       2.188489
           3       0.668914       4.202913      22.312581       2.766406
           4       3.922776      24.647530     130.849729      16.223291
           5       6.463336      40.610339     215.593689      26.730199
           6       6.886728      43.270586     229.716506      28.481204
           7       7.644055      48.029015     254.978234      31.613258
           8       8.361853      52.539073     278.921402      34.581831
           9       9.061259      56.933569     302.251063      37.474339
          10      10.197690      64.073976     340.158326      42.174238
          11      11.015308      69.211220     367.431121      45.555632
          12      11.300149      71.000931     376.932405      46.733641
          13      13.350537      83.883894     445.325962      55.213358
          14      13.750551      86.397257     458.668995      56.867682
          15      14.731113      92.558311     491.377030      60.922960
          16      16.090792     101.101429     536.731053      66.546139
          17      17.357925     109.063061     578.998067      71.786579
          18      17.634452     110.800529     588.222000      72.930200
          19      17.707349     111.258556     590.653590      73.231679
          20      18.308894     115.038171     610.718952      75.719466
          21      18.808916     118.179905     627.397910      77.787392
          22      18.985792     119.291250     633.297861      78.518892
          23      19.169725     120.446936     639.433206      79.279578
          24      20.002970     125.682365     667.227252      82.725599
          25      21.002929     131.965291     700.582285      86.861094
          26      21.104858     132.605733     703.982284      87.282640
          27      21.678018     136.207003     723.100842      89.653038
          28      21.827799     137.148104     728.096996      90.272482
          29      22.364985     140.523345     746.015600      92.494104
          30      22.432360     140.946673     748.262978      92.772744
          31      22.434314     140.958950     748.328155      92.780825
          32      27.457822     172.522580     915.894338     113.556374
          33      27.502951     172.806135     917.399684     113.743013
          34      27.791678     174.620260     927.030582     114.937092
          35      28.441533     178.703420     948.707416     117.624675
          36      28.971719     182.034681     966.392535     119.817350
          37      31.749130     199.485668    1059.036993     131.303794
          38      34.301464     215.522450    1144.173660     141.859390
          39      35.490089     222.990807    1183.821953     146.775150
          40      35.935369     225.788578    1198.674863     148.616675
          41      36.445810     228.995779    1215.701373     150.727692
          42      37.315012     234.457135    1244.694828     154.322421
--
 q-point No.           q_x           q_y           q_z  q-path length
          80      0.000000      0.000000      0.000000       0.333821
 frequencies
branch index         f[THz]      f[2PiTHz]        f[cm-1]         f[meV]
           1      -0.003382      -0.021250      -0.112813      -0.013987
           2      -0.002447      -0.015373      -0.081614      -0.010119
           3      -0.001217      -0.007645      -0.040586      -0.005032
           4       3.947164      24.800761     131.663212      16.324150
           5       6.499217      40.835787     216.790556      26.878591
           6       6.855426      43.073909     228.672383      28.351749
           7       7.644028      48.028843     254.977324      31.613145
           8       8.334832      52.369293     278.020065      34.470079
           9       9.058856      56.918470     302.170906      37.464401
          10      10.198830      64.081137     340.196340      42.178951
          11      11.036394      69.343710     368.134486      45.642839
          12      11.286219      70.913404     376.467738      46.676030
          13      13.352699      83.897482     445.398099      55.222301
          14      13.756299      86.433375     458.860743      56.891456
          15      14.743025      92.633157     491.774377      60.972224
          16      16.110379     101.224496     537.384400      66.627144
          17      17.354410     109.040971     578.880792      71.772039
          18      17.638963     110.828871     588.372465      72.948856
          19      17.701752     111.223389     590.466898      73.208532
          20      18.307711     115.030738     610.679494      75.714573
          21      18.799927     118.123423     627.098055      77.750215
          22      18.980714     119.259342     633.128463      78.497890
          23      19.170910     120.454376     639.472706      79.284475
          24      20.003449     125.685376     667.243233      82.727580
          25      21.000929     131.952725     700.515574      86.852823
          26      21.109494     132.634862     704.136926      87.301813
          27      21.692855     136.300229     723.595766      89.714401
          28      21.819402     137.095342     727.816890      90.237753
          29      22.377909     140.604548     746.446697      92.547554
          30      22.406916     140.786804     747.414262      92.667516
          31      22.441925     141.006772     748.582034      92.812302
          32      27.457583     172.521083     915.886391     113.555389
          33      27.496584     172.766134     917.187328     113.716684
          34      27.792587     174.625972     927.060903     114.940851
          35      28.442017     178.706461     948.723557     117.626677
          36      28.975848     182.060620     966.530241     119.834423
          37      31.758391     199.543856    1059.345901     131.342093
          38      34.316816     215.618915    1144.685778     141.922885
          39      35.479516     222.924374    1183.469272     146.731423
          40      35.930050     225.755162    1198.497463     148.594680
          41      36.445368     228.992996    1215.686602     150.725861
          42      37.316968     234.469424    1244.760068     154.330510
