   1 128   1   0  0.3282949E+02  0.4000000E+03
  CAR 
 unknown system                          
   0   0   0
   1  10
 256 256 256
 256
  0.1000000E-09
  0.3906250E-11
  55
  0.1000000E-14  0.1135999E-08  0.1229422E-08  0.3008812E-08
  0.3957896E+03  0.4001496E+03
  0.000  0.000  0.000  0.000
  0.000  0.000  0.000  0.000
  0.000  0.000  0.000  0.000
  0.000  0.000  0.000  0.000
  0.000  0.000  0.000  0.000
  0.000  0.000  0.000  0.000
  0.000  0.000  0.000  0.000
  0.000  0.000  0.000  0.000
  0.000  0.000  0.000  0.000
  0.000  0.000  0.000  0.000
  0.000  0.000  0.000  0.000
  0.000  0.000  0.000  0.000
  0.000  0.000  0.000  0.000
  0.000  0.000  0.000  0.000
  0.000  0.000  0.000  0.000
  0.000  0.000  0.000  0.000
  0.000  0.000  0.000  0.000
  0.000  0.000  0.000  0.000
  0.000  0.000  0.000  0.000
  0.000  0.000  0.000  0.000
  0.000  0.000  0.000  0.000
  0.000  0.000  0.000  0.000
  0.000  0.000  0.000  0.000
  0.000  0.000  0.000  0.000
  0.000  0.000  0.000  0.000
  0.000  0.000  0.000  0.000
  0.000  0.000  0.000  0.000
  0.181  0.000  0.828  0.000
  0.337  0.000  1.542  0.000
  1.731  0.000  7.914  0.000
  5.815  0.000 26.585  0.000
  2.623  0.000 11.989  0.000
  0.583  0.000  2.667  0.000
  0.305  0.000  1.395  0.000
  0.000  0.000  0.000  0.000
  0.054  0.000  0.248  0.000
  0.000  0.000  0.000  0.000
  0.000  0.000  0.000  0.000
  0.046  0.060  0.000  0.000
  0.351  0.459  0.000  0.000
  2.589  3.381  0.000  0.000
 10.299 13.451  0.000  0.000
 15.545 20.303  0.000  0.000
 15.381 20.090  0.000  0.000
 11.862 15.493  0.000  0.000
 11.313 14.776  0.000  0.000
 10.515 13.734  0.000  0.000
  7.922 10.347  0.000  0.000
  5.997  7.833  0.000  0.000
  4.556  5.950  0.000  0.000
  2.390  3.122  0.000  0.000
  1.730  2.260  0.000  0.000
  1.193  1.558  0.000  0.000
  0.742  0.969  0.000  0.000
  0.415  0.542  0.000  0.000
  0.400  0.523  0.000  0.000
  0.193  0.252  0.000  0.000
  0.207  0.271  0.000  0.000
  0.200  0.261  0.000  0.000
  0.193  0.253  0.000  0.000
  0.393  0.513  0.000  0.000
  0.887  1.112  0.166  0.000
  0.824  1.053  0.080  0.000
  0.628  0.754  0.233  0.000
  0.510  0.516  0.527  0.000
  0.926  0.959  0.876  0.000
  1.239  1.335  0.991  0.000
  2.029  1.688  3.367  0.000
  2.948  2.326  5.338  0.000
  3.771  2.778  7.518  0.000
  3.417  2.556  6.677  0.000
  3.604  2.555  7.532  0.000
  2.958  2.195  5.837  0.000
  2.776  2.583  3.651  0.000
  2.924  2.901  3.215  0.000
  2.583  3.044  1.153  0.000
  3.312  4.020  1.070  0.000
  3.478  4.453  0.313  0.000
  4.023  5.095  0.457  1.423
  3.857  4.982  0.149  0.693
  3.794  4.873  0.145  2.029
  3.124  4.053  0.094  0.000
  3.471  4.468  0.184  0.644
  3.418  4.349  0.404  0.000
  3.798  4.735  0.614  2.455
  2.960  3.659  0.600  1.799
  2.654  3.264  0.586  1.757
  2.004  2.313  0.981  1.145
  1.347  1.382  1.239  1.119
  0.881  0.748  1.329  1.094
  1.137  0.830  2.064  3.211
  1.407  0.897  3.178  1.571
  1.529  1.014  3.256  2.561
  1.653  1.166  3.151  4.512
  1.580  1.302  2.279  5.399
  1.367  1.197  1.854  2.883
  1.309  1.018  2.084  4.707
  1.534  1.195  2.602  3.227
  1.602  1.346  2.420  2.710
  1.833  1.726  2.087  3.542
  1.702  1.470  2.511  1.736
  2.081  1.971  2.279  4.680
  1.982  1.950  1.877  5.006
  2.129  2.263  1.578  3.273
  2.609  2.777  1.978  3.211
  2.406  2.732  1.238  2.757
  2.433  2.681  1.270  6.569
  2.430  2.748  1.246  3.413
  2.752  3.282  0.904  2.606
  2.993  3.670  0.653  2.559
  3.797  4.740  0.641  1.795
  3.988  4.929  0.831  2.115
  3.420  4.212  0.816  1.039
  3.126  3.826  0.680  3.062
  3.432  4.176  0.931  2.006
  3.573  4.291  1.056  3.614
  3.330  4.040  0.830  3.552
  3.170  3.732  1.020  5.714
  2.877  3.453  0.870  2.809
  2.340  2.750  0.965  1.535
  2.146  2.421  1.251  1.207
  2.129  2.309  1.527  1.781
  2.035  2.116  1.752  2.045
  2.155  2.199  2.114  0.575
  2.244  2.233  2.323  1.697
  2.309  2.272  2.544  0.835
  2.409  2.398  2.524  1.369
  2.448  2.493  2.427  0.539
  2.692  2.855  2.275  0.531
  2.565  2.672  2.296  1.045
  2.256  2.285  2.261  0.772
  2.313  2.354  2.281  0.760
  2.344  2.390  2.318  0.499
  2.248  2.284  2.266  0.246
  2.627  2.650  2.579  2.181
  2.876  2.913  2.865  1.194
  2.959  3.145  2.420  1.411
  2.507  2.725  1.855  0.927
  2.749  2.961  2.089  1.599
  2.763  2.914  2.333  1.351
  2.657  2.896  1.903  1.554
  2.343  2.605  1.454  1.970
  2.489  2.643  1.927  2.806
  2.661  2.919  1.748  2.767
  3.168  3.491  2.189  1.050
  3.733  4.352  1.597  3.313
  3.867  4.430  2.042  1.838
  3.544  4.140  1.540  2.418
  3.003  3.448  1.462  2.783
  2.586  2.946  1.387  1.765
  2.407  2.772  1.175  1.742
  2.587  3.001  1.187  1.910
  2.468  2.904  0.969  2.073
  2.491  2.938  0.904  2.790
  2.376  2.679  1.298  2.571
  2.405  2.734  1.243  2.538
  2.304  2.538  1.457  2.684
  2.203  2.438  1.388  2.120
  2.050  2.243  1.421  1.396
  1.884  2.004  1.464  1.895
  1.701  1.771  1.483  1.361
  1.554  1.550  1.560  1.680
  1.644  1.616  1.767  1.328
  1.409  1.328  1.745  0.656
  1.369  1.312  1.631  0.486
  1.395  1.270  1.897  0.480
  1.285  1.116  1.920  0.632
  1.264  1.033  2.087  1.094
  1.438  1.276  2.073  0.463
  1.554  1.420  2.125  0.153
  1.689  1.662  1.906  0.000
  1.881  1.883  1.990  0.298
  1.809  1.885  1.631  0.589
  1.884  1.952  1.778  0.000
  2.033  2.130  1.830  0.144
  2.099  2.286  1.586  0.142
  2.238  2.429  1.729  0.000
  2.363  2.586  1.739  0.139
  2.566  2.875  1.670  0.000
  2.808  3.104  1.972  0.000
  2.678  3.009  1.710  0.000
  2.561  2.789  1.948  0.000
  2.416  2.734  1.476  0.000
  2.274  2.518  1.581  0.000
  2.139  2.315  1.674  0.000
  2.128  2.353  1.492  0.000
  2.189  2.435  1.485  0.000
  1.964  2.226  1.184  0.000
  1.823  2.057  1.137  0.000
  1.770  1.920  1.369  0.000
  1.615  1.748  1.268  0.000
  1.494  1.551  1.400  0.000
  1.447  1.511  1.318  0.118
  1.496  1.527  1.463  0.468
  1.693  1.648  1.961  0.116
  1.665  1.596  2.023  0.000
  1.626  1.524  2.100  0.000
  1.698  1.550  2.304  0.449
  1.594  1.435  2.264  0.000
  1.561  1.389  2.265  0.110
  1.559  1.420  2.126  0.436
  1.707  1.580  2.275  0.000
  1.725  1.597  2.283  0.214
  1.793  1.758  1.996  0.635
  1.898  1.906  1.969  0.524
  2.048  2.171  1.705  0.830
  1.903  1.968  1.762  0.720
  1.775  1.820  1.665  1.120
  1.580  1.549  1.707  1.311
  1.498  1.418  1.805  1.098
  1.507  1.443  1.724  1.583
  1.683  1.648  1.778  2.058
  2.002  1.995  2.018  2.135
  2.240  2.345  1.820  2.981
  2.218  2.378  1.681  1.905
  2.051  2.155  1.618  3.020
  1.842  1.815  1.984  1.216
  1.785  1.728  1.979  1.853
  1.959  2.003  1.843  1.469
  2.126  2.178  1.982  1.637
  2.255  2.370  1.906  1.533
  2.402  2.509  2.087  1.608
  2.411  2.553  1.948  1.948
  2.150  2.281  1.711  1.843
  2.019  2.018  1.975  2.696
  1.685  1.648  1.742  2.672
  1.538  1.459  1.684  3.332
  1.377  1.267  1.742  1.694
  1.421  1.365  1.583  1.847
  1.555  1.479  1.753  2.496
  1.601  1.546  1.697  2.970
  1.599  1.601  1.560  2.045
  1.572  1.582  1.500  2.108
  1.466  1.432  1.539  2.090
  1.325  1.290  1.406  1.913
  1.394  1.356  1.473  2.134
  1.593  1.617  1.483  1.959
  1.614  1.665  1.388  2.253
  1.795  1.876  1.508  1.849
  1.829  1.888  1.637  1.605
  1.674  1.734  1.456  1.819
  1.617  1.627  1.584  1.578
  1.678  1.655  1.799  1.118
  1.685  1.643  1.837  1.626
  1.826  1.799  1.901  2.126
  1.735  1.766  1.636  1.600
  1.873  1.815  2.097  1.587
  1.846  1.875  1.753  1.717
  1.786  1.825  1.643  1.845
  1.804  1.798  1.836  1.690
  1.860  1.870  1.876  1.118
  1.809  1.776  1.930  1.732
  1.677  1.650  1.768  1.719
  1.611  1.565  1.768  1.705
  1.536  1.479  1.759  1.218
  1.556  1.511  1.693  1.813
  0.3998263E+03  0.3979573E+03
  0.000  0.000  0.000  0.000
  0.000  0.000  0.000  0.000
  0.000  0.000  0.000  0.000
  0.000  0.000  0.000  0.000
  0.000  0.000  0.000  0.000
  0.000  0.000  0.000  0.000
  0.000  0.000  0.000  0.000
  0.000  0.000  0.000  0.000
  0.000  0.000  0.000  0.000
  0.000  0.000  0.000  0.000
  0.000  0.000  0.000  0.000
  0.000  0.000  0.000  0.000
  0.000  0.000  0.000  0.000
  0.000  0.000  0.000  0.000
  0.000  0.000  0.000  0.000
  0.000  0.000  0.000  0.000
  0.000  0.000  0.000  0.000
  0.000  0.000  0.000  0.000
  0.000  0.000  0.000  0.000
  0.000  0.000  0.000  0.000
  0.000  0.000  0.000  0.000
  0.000  0.000  0.000  0.000
  0.000  0.000  0.000  0.000
  0.000  0.000  0.000  0.000
  0.000  0.000  0.000  0.000
  0.000  0.000  0.000  0.000
  0.000  0.000  0.000  0.000
  0.091  0.000  0.414  0.000
  0.337  0.000  1.542  0.000
  1.338  0.000  6.115  0.000
  6.331  0.000 28.940  0.000
  2.554  0.000 11.673  0.000
  0.648  0.000  2.964  0.000
  0.183  0.000  0.837  0.000
  0.115  0.000  0.526  0.000
  0.000  0.000  0.000  0.000
  0.000  0.000  0.000  0.000
  0.000  0.000  0.000  0.000
  0.000  0.000  0.000  0.000
  0.307  0.401  0.000  0.000
  2.964  3.872  0.000  0.000
  8.986 11.737  0.000  0.000
 16.417 21.442  0.000  0.000
 16.213 21.177  0.000  0.000
 12.277 16.035  0.000  0.000
 11.545 15.079  0.000  0.000
  9.755 12.741  0.000  0.000
  8.134 10.625  0.000  0.000
  5.823  7.605  0.000  0.000
  4.136  5.403  0.000  0.000
  2.900  3.788  0.000  0.000
  1.368  1.787  0.000  0.000
  1.193  1.558  0.000  0.000
  0.813  1.063  0.000  0.000
  0.415  0.542  0.000  0.000
  0.311  0.407  0.000  0.000
  0.236  0.308  0.000  0.000
  0.249  0.325  0.000  0.000
  0.200  0.261  0.000  0.000
  0.193  0.253  0.000  0.000
  0.449  0.587  0.000  0.000
  1.014  1.324  0.000  0.000
  0.771  0.985  0.080  0.000
  0.798  0.976  0.233  0.000
  0.510  0.581  0.301  0.000
  0.591  0.438  1.168  0.000
  1.378  1.274  1.841  0.000
  1.924  1.688  2.886  0.000
  3.138  2.478  5.671  0.000
  3.786  2.926  7.065  0.000
  3.390  2.322  7.370  0.000
  3.175  1.960  7.655  0.000
  3.101  2.246  6.313  0.000
  2.941  2.732  3.883  0.000
  2.492  2.562  2.425  0.000
  3.136  3.641  1.538  0.769
  2.961  3.714  0.481  0.749
  3.671  4.646  0.521  0.000
  4.001  5.138  0.305  0.000
  4.150  5.392  0.050  0.693
  3.509  4.569  0.048  0.000
  3.258  4.188  0.189  0.660
  2.988  3.877  0.092  0.000
  3.379  4.362  0.180  0.000
  3.587  4.635  0.175  0.000
  3.382  4.332  0.300  0.000
  2.682  3.395  0.377  0.000
  1.914  2.337  0.491  1.145
  1.303  1.485  0.640  1.679
  1.009  0.860  1.563  0.547
  0.962  0.666  1.988  1.070
  1.276  0.791  2.917  2.094
  1.433  0.732  3.769  3.074
  1.441  0.992  2.901  3.008
  1.702  1.332  2.945  2.454
  1.637  1.246  2.918  2.883
  1.397  1.143  2.252  1.883
  1.434  1.148  2.272  3.689
  1.546  1.180  2.646  4.066
  1.771  1.518  2.656  1.771
  1.702  1.479  2.170  6.075
  1.782  1.632  1.975  6.382
  1.916  1.856  1.937  4.589
  2.244  2.505  1.315  2.455
  2.590  2.859  1.433  5.619
  2.529  2.813  1.294  5.907
  2.488  2.879  1.049  3.478
  2.436  2.841  0.867  4.551
  2.827  3.343  0.824  5.585
  3.027  3.566  1.123  3.290
  3.522  4.139  1.179  6.102
  3.768  4.461  1.284  4.583
  3.371  4.085  0.841  3.809
  3.583  4.305  0.996  4.423
  3.416  4.053  1.146  4.012
  3.640  4.405  0.892  4.600
  3.350  4.007  1.038  3.552
  3.224  3.823  1.293  0.952
  3.155  3.714  1.293  1.873
  2.489  2.863  1.118  3.376
  2.254  2.427  1.725  1.207
  2.157  2.303  1.739  0.891
  1.972  2.080  1.732  0.000
  1.985  1.994  2.053  0.575
  2.032  2.008  2.222  0.566
  2.239  2.351  1.888  1.670
  2.217  2.348  1.878  0.548
  2.709  2.861  2.350  0.270
  2.389  2.557  1.953  0.265
  2.536  2.603  2.483  0.000
  2.562  2.721  2.132  0.772
  2.261  2.411  1.829  1.014
  2.270  2.369  2.069  0.250
  2.505  2.575  2.407  0.492
  2.635  2.754  2.371  0.485
  2.775  2.933  2.370  0.716
  2.834  3.077  2.151  0.470
  2.753  2.924  2.269  1.159
  2.431  2.569  2.056  0.914
  2.541  2.726  1.963  1.577
  2.678  2.959  1.760  1.776
  2.565  2.855  1.579  2.189
  2.600  2.784  1.943  2.806
  2.970  3.366  1.627  2.341
  3.034  3.436  1.664  2.519
  3.520  3.955  2.056  2.691
  3.705  4.272  1.809  2.451
  3.444  3.968  1.640  3.022
  3.059  3.383  1.888  3.578
  2.816  3.178  1.527  3.138
  2.504  2.741  1.659  2.709
  2.453  2.732  1.569  1.146
  2.677  2.996  1.602  2.073
  2.590  2.802  1.940  1.302
  2.465  2.709  1.653  1.836
  2.413  2.638  1.618  2.538
  2.287  2.600  1.240  1.611
  2.446  2.726  1.514  1.767
  2.072  2.215  1.608  1.570
  1.796  1.916  1.366  1.895
  1.648  1.663  1.592  1.701
  1.520  1.506  1.632  0.672
  1.486  1.521  1.423  0.664
  1.409  1.462  1.277  0.656
  1.384  1.339  1.597  0.648
  1.280  1.218  1.520  0.960
  1.186  1.104  1.446  1.581
  1.291  1.125  1.908  0.781
  1.331  1.159  1.996  0.463
  1.485  1.385  1.896  0.610
  1.623  1.612  1.755  0.302
  1.746  1.773  1.756  0.298
  1.763  1.789  1.789  0.147
  1.968  2.033  1.872  0.146
  1.927  2.071  1.563  0.000
  2.159  2.349  1.637  0.142
  2.209  2.504  1.327  0.141
  2.404  2.700  1.540  0.000
  2.773  3.127  1.729  0.000
  2.838  3.229  1.671  0.000
  2.644  2.965  1.710  0.000
  2.578  2.922  1.559  0.000
  2.504  2.820  1.579  0.000
  2.376  2.577  1.841  0.000
  2.078  2.255  1.609  0.000
  2.157  2.355  1.619  0.000
  2.089  2.240  1.710  0.000
  1.958  2.122  1.523  0.000
  1.947  2.054  1.709  0.000
  1.819  1.928  1.569  0.000
  1.683  1.777  1.475  0.000
  1.701  1.732  1.716  0.000
  1.617  1.603  1.766  0.237
  1.483  1.438  1.748  0.000
  1.530  1.468  1.854  0.000
  1.453  1.346  1.933  0.000
  1.580  1.462  2.108  0.000
  1.519  1.390  2.079  0.000
  1.563  1.457  2.034  0.111
  1.554  1.452  2.006  0.220
  1.542  1.429  2.040  0.109
  1.535  1.461  1.866  0.540
  1.677  1.645  1.893  0.214
  1.756  1.758  1.837  0.529
  1.905  1.951  1.827  0.734
  2.006  2.084  1.801  1.038
  1.810  1.873  1.623  1.336
  1.742  1.722  1.840  1.323
  1.590  1.574  1.649  1.512
  1.482  1.453  1.605  1.198
  1.609  1.609  1.639  1.187
  1.828  1.814  1.904  1.470
  1.987  2.054  1.761  1.844
  2.155  2.259  1.765  2.500
  2.225  2.335  1.878  1.715
  2.118  2.213  1.800  1.888
  1.910  1.954  1.777  1.590
  1.986  1.989  1.959  2.224
  1.939  1.967  1.889  1.285
  2.132  2.165  2.027  2.001
  2.182  2.213  2.118  1.533
  2.339  2.436  2.036  1.876
  2.377  2.461  2.100  2.125
  2.305  2.394  1.981  2.457
  2.046  2.068  1.957  2.261
  1.837  1.766  1.982  3.275
  1.569  1.501  1.800  1.623
  1.458  1.414  1.579  1.948
  1.468  1.369  1.685  3.274
  1.536  1.423  1.890  2.080
  1.446  1.406  1.585  1.485
  1.586  1.581  1.577  1.963
  1.471  1.411  1.622  2.270
  1.382  1.298  1.642  1.849
  1.385  1.340  1.543  1.355
  1.450  1.468  1.372  1.660
  1.398  1.411  1.332  1.724
  1.509  1.573  1.288  1.476
  1.647  1.725  1.354  1.926
  1.670  1.764  1.354  1.528
  1.786  1.850  1.543  2.046
  1.800  1.885  1.514  1.653
  1.683  1.768  1.421  1.193
  1.693  1.705  1.658  1.626
  1.739  1.737  1.692  2.493
  1.848  1.873  1.761  1.818
  1.967  1.979  1.927  1.948
  1.876  1.819  2.039  2.361
  1.808  1.760  1.876  3.194
  1.881  1.846  1.906  3.239
  1.874  1.830  1.941  3.073
  1.801  1.738  1.965  2.564
  1.695  1.623  1.925  1.994
  1.704  1.597  2.066  1.910
  1.572  1.474  1.880  2.098
  1.597  1.522  1.846  1.746
  0.3980234E+03  0.3972905E+03
  0.000  0.000  0.000  0.000
  0.000  0.000  0.000  0.000
  0.000  0.000  0.000  0.000
  0.000  0.000  0.000  0.000
  0.000  0.000  0.000  0.000
  0.000  0.000  0.000  0.000
  0.000  0.000  0.000  0.000
  0.000  0.000  0.000  0.000
  0.000  0.000  0.000  0.000
  0.000  0.000  0.000  0.000
  0.000  0.000  0.000  0.000
  0.000  0.000  0.000  0.000
  0.000  0.000  0.000  0.000
  0.000  0.000  0.000  0.000
  0.000  0.000  0.000  0.000
  0.000  0.000  0.000  0.000
  0.000  0.000  0.000  0.000
  0.000  0.000  0.000  0.000
  0.000  0.000  0.000  0.000
  0.000  0.000  0.000  0.000
  0.000  0.000  0.000  0.000
  0.000  0.000  0.000  0.000
  0.000  0.000  0.000  0.000
  0.000  0.000  0.000  0.000
  0.000  0.000  0.000  0.000
  0.000  0.000  0.000  0.000
  0.000  0.000  0.000  0.000
  0.181  0.000  0.828  0.000
  0.169  0.000  0.771  0.000
  1.652  0.000  7.554  0.000
  6.036  0.000 27.594  0.000
  2.692  0.000 12.304  0.000
  0.583  0.000  2.667  0.000
  0.122  0.000  0.558  0.000
  0.173  0.000  0.789  0.000
  0.000  0.000  0.000  0.000
  0.000  0.000  0.000  0.000
  0.000  0.000  0.000  0.000
  0.000  0.000  0.000  0.000
  0.439  0.573  0.000  0.000
  2.672  3.490  0.000  0.000
 10.020 13.088  0.000  0.000
 15.924 20.798  0.000  0.000
 14.983 19.570  0.000  0.000
 13.245 17.300  0.000  0.000
  9.758 12.746  0.000  0.000
 10.420 13.610  0.000  0.000
  8.954 11.695  0.000  0.000
  6.463  8.442  0.000  0.000
  4.192  5.476  0.000  0.000
  2.578  3.367  0.000  0.000
  1.498  1.956  0.000  0.000
  0.820  1.071  0.000  0.000
  0.766  1.000  0.000  0.000
  0.484  0.632  0.000  0.000
  0.311  0.407  0.000  0.000
  0.300  0.392  0.000  0.000
  0.186  0.243  0.000  0.000
  0.060  0.078  0.000  0.000
  0.271  0.354  0.000  0.000
  0.561  0.733  0.000  0.000
  0.960  1.253  0.000  0.000
  0.649  0.824  0.080  0.000
  0.560  0.732  0.000  0.000
  0.543  0.645  0.226  0.000
  0.766  0.751  0.876  0.000
  1.254  1.112  1.841  0.000
  2.164  1.649  4.123  0.000
  2.963  2.421  5.071  0.000
  4.069  3.148  7.583  0.000
  3.458  2.394  7.433  0.000
  3.068  2.012  6.981  0.000
  3.127  2.348  6.075  0.000
  3.017  2.848  3.825  0.000
  3.122  3.175  3.159  0.000
  2.907  3.468  1.153  0.000
  2.996  3.653  0.856  0.749
  3.307  4.244  0.261  0.000
  3.767  4.819  0.356  0.000
  4.009  5.180  0.198  0.000
  3.350  4.334  0.097  0.676
  3.516  4.538  0.141  0.660
  3.471  4.429  0.184  2.576
  3.732  4.785  0.314  0.000
  3.338  4.284  0.175  1.228
  3.241  4.050  0.514  1.799
  2.471  2.965  0.837  1.172
  1.977  2.302  0.736  3.435
  1.548  1.576  1.439  1.679
  1.086  1.027  1.290  1.094
  1.146  0.699  2.638  2.141
  1.227  0.662  2.992  4.188
  1.577  1.025  3.366  3.586
  1.598  1.187  2.937  3.008
  1.672  1.272  2.524  9.325
  1.359  1.157  2.025  1.922
  1.427  1.105  2.185  6.589
  1.621  1.299  2.635  3.227
  1.532  1.300  2.194  3.614
  1.674  1.572  1.992  2.214
  1.831  1.621  2.480  3.038
  1.841  1.719  2.249  2.127
  2.047  1.907  2.384  4.172
  2.365  2.396  2.163  3.682
  2.314  2.531  1.605  1.605
  2.375  2.532  1.800  2.757
  2.518  2.934  1.021  3.091
  2.590  3.104  0.867  1.517
  2.589  3.229  0.399  1.862
  3.199  3.902  0.757  2.924
  3.281  4.088  0.564  1.795
  3.487  4.389  0.428  2.115
  3.295  4.106  0.495  2.770
  3.588  4.451  0.583  3.402
  3.453  4.278  0.597  3.009
  3.424  4.258  0.587  2.300
  3.411  4.113  0.969  3.229
  3.095  3.764  0.771  2.857
  2.931  3.446  1.204  1.873
  2.652  2.982  1.491  2.762
  2.476  2.766  1.531  1.509
  2.296  2.412  1.909  2.078
  2.131  2.247  1.815  0.876
  2.128  2.176  1.909  2.874
  2.236  2.199  2.343  2.545
  2.122  2.050  2.425  1.391
  2.273  2.309  2.250  0.822
  2.406  2.438  2.369  1.348
  2.339  2.367  2.237  2.389
  2.499  2.656  2.072  0.784
  2.449  2.411  2.721  0.515
  2.297  2.343  2.263  0.507
  2.450  2.441  2.586  0.999
  2.771  2.705  3.109  1.230
  2.718  2.873  2.336  0.485
  2.727  2.811  2.592  0.477
  2.801  2.943  2.386  1.647
  2.684  2.933  1.971  0.464
  2.521  2.658  2.073  2.056
  2.636  2.799  2.059  2.703
  2.439  2.633  1.840  1.332
  2.364  2.573  1.673  1.751
  2.688  2.956  1.788  2.158
  2.887  3.188  1.916  1.703
  3.336  3.753  2.009  1.469
  3.707  4.365  1.449  3.106
  3.638  4.147  1.925  2.655
  3.431  3.906  1.871  2.015
  2.919  3.342  1.363  3.975
  2.834  3.230  1.513  1.961
  2.585  3.045  0.981  2.516
  2.417  2.841  0.996  1.528
  2.356  2.689  1.158  2.827
  2.401  2.809  1.050  1.302
  2.238  2.559  1.089  2.571
  2.317  2.608  1.282  2.538
  2.254  2.564  1.163  2.326
  2.424  2.730  1.451  1.060
  2.113  2.339  1.383  1.221
  1.936  2.078  1.415  2.240
  1.667  1.646  1.762  1.361
  1.644  1.677  1.572  1.008
  1.587  1.518  1.850  1.328
  1.517  1.442  1.839  0.656
  1.529  1.355  2.140  1.458
  1.425  1.261  2.046  0.800
  1.287  1.145  1.773  1.423
  1.352  1.176  2.031  0.469
  1.380  1.181  2.128  0.617
  1.542  1.389  2.190  0.000
  1.331  1.255  1.680  0.151
  1.644  1.621  1.841  0.000
  1.827  1.828  1.957  0.000
  1.918  2.024  1.664  0.291
  2.089  2.227  1.748  0.144
  2.297  2.506  1.708  0.285
  2.365  2.624  1.618  0.141
  2.580  2.867  1.759  0.000
  2.584  2.920  1.582  0.138
  2.627  2.990  1.545  0.000
  2.527  2.800  1.749  0.000
  2.570  2.835  1.825  0.000
  2.358  2.643  1.532  0.000
  2.237  2.420  1.757  0.000
  2.155  2.412  1.407  0.000
  2.311  2.597  1.474  0.000
  2.170  2.384  1.575  0.000
  2.020  2.239  1.398  0.000
  1.871  1.986  1.604  0.000
  1.735  1.903  1.273  0.000
  1.627  1.720  1.415  0.000
  1.600  1.715  1.315  0.000
  1.480  1.504  1.504  0.000
  1.522  1.529  1.605  0.000
  1.600  1.570  1.821  0.000
  1.555  1.481  1.917  0.115
  1.548  1.443  2.027  0.000
  1.545  1.415  2.095  0.225
  1.587  1.457  2.153  0.000
  1.574  1.429  2.187  0.110
  1.603  1.480  2.134  0.218
  1.705  1.588  2.198  0.540
  1.702  1.614  2.115  0.214
  1.874  1.825  2.139  0.529
  1.896  1.857  2.119  0.734
  2.043  2.042  2.113  1.142
  1.775  1.838  1.615  0.925
  1.797  1.830  1.738  1.018
  1.635  1.576  1.851  1.512
  1.596  1.543  1.790  1.498
  1.595  1.538  1.802  1.484
  1.725  1.692  1.848  1.666
  1.891  1.955  1.657  2.038
  2.186  2.357  1.642  1.442
  2.084  2.170  1.722  2.953
  2.068  2.098  1.995  1.604
  1.888  1.895  1.850  2.057
  1.881  1.914  1.754  2.038
  2.003  2.038  1.882  1.928
  2.138  2.116  2.183  2.547
  2.289  2.373  1.977  2.524
  2.320  2.447  1.908  1.876
  2.392  2.521  1.948  2.302
  2.247  2.348  1.912  2.018
  1.931  2.000  1.696  1.826
  1.850  1.807  1.909  3.189
  1.563  1.496  1.690  3.076
  1.501  1.407  1.718  3.049
  1.418  1.299  1.709  3.190
  1.480  1.408  1.706  1.831
  1.494  1.439  1.679  1.567
  1.417  1.427  1.408  1.063
  1.476  1.469  1.471  1.865
  1.555  1.600  1.384  1.769
  1.443  1.462  1.332  2.072
  1.571  1.592  1.507  1.423
  1.559  1.612  1.349  1.881
  1.544  1.584  1.438  1.088
  1.676  1.700  1.585  1.772
  1.611  1.630  1.545  1.605
  1.679  1.658  1.705  2.349
  1.707  1.705  1.755  1.127
  1.722  1.733  1.714  1.342
  1.788  1.747  1.927  1.848
  1.796  1.800  1.812  1.393
  1.800  1.794  1.787  2.254
  1.843  1.831  1.865  2.092
  1.849  1.822  1.937  1.932
  1.871  1.864  1.896  1.845
  1.879  1.904  1.790  1.901
  1.802  1.819  1.746  1.746
  1.802  1.797  1.772  2.425
  1.699  1.693  1.743  1.375
  1.582  1.537  1.744  1.501
  1.531  1.509  1.629  1.218
  1.515  1.462  1.717  1.276
  0.3953482E+03  0.3945634E+03
  0.000  0.000  0.000  0.000
  0.000  0.000  0.000  0.000
  0.000  0.000  0.000  0.000
  0.000  0.000  0.000  0.000
  0.000  0.000  0.000  0.000
  0.000  0.000  0.000  0.000
  0.000  0.000  0.000  0.000
  0.000  0.000  0.000  0.000
  0.000  0.000  0.000  0.000
  0.000  0.000  0.000  0.000
  0.000  0.000  0.000  0.000
  0.000  0.000  0.000  0.000
  0.000  0.000  0.000  0.000
  0.000  0.000  0.000  0.000
  0.000  0.000  0.000  0.000
  0.000  0.000  0.000  0.000
  0.000  0.000  0.000  0.000
  0.000  0.000  0.000  0.000
  0.000  0.000  0.000  0.000
  0.000  0.000  0.000  0.000
  0.000  0.000  0.000  0.000
  0.000  0.000  0.000  0.000
  0.000  0.000  0.000  0.000
  0.000  0.000  0.000  0.000
  0.000  0.000  0.000  0.000
  0.000  0.000  0.000  0.000
  0.000  0.000  0.000  0.000
  0.181  0.000  0.828  0.000
  0.253  0.000  1.156  0.000
  1.495  0.000  6.835  0.000
  6.036  0.000 27.594  0.000
  3.037  0.000 13.882  0.000
  0.454  0.000  2.075  0.000
  0.061  0.000  0.279  0.000
  0.115  0.000  0.526  0.000
  0.000  0.000  0.000  0.000
  0.000  0.000  0.000  0.000
  0.000  0.000  0.000  0.000
  0.046  0.060  0.000  0.000
  0.351  0.459  0.000  0.000
  2.797  3.654  0.000  0.000
 10.179 13.295  0.000  0.000
 15.696 20.501  0.000  0.000
 15.526 20.279  0.000  0.000
 12.934 16.893  0.000  0.000
 10.453 13.653  0.000  0.000
  9.945 12.989  0.000  0.000
  8.650 11.298  0.000  0.000
  6.580  8.594  0.000  0.000
  4.220  5.512  0.000  0.000
  2.793  3.648  0.000  0.000
  1.730  2.260  0.000  0.000
  0.795  1.038  0.000  0.000
  0.502  0.656  0.000  0.000
  0.438  0.572  0.000  0.000
  0.333  0.436  0.000  0.000
  0.236  0.308  0.000  0.000
  0.145  0.189  0.000  0.000
  0.120  0.157  0.000  0.000
  0.406  0.531  0.000  0.000
  0.505  0.660  0.000  0.000
  0.815  1.064  0.000  0.000
  0.701  0.893  0.080  0.000
  0.306  0.355  0.155  0.000
  0.593  0.688  0.301  0.000
  0.926  0.876  1.168  0.000
  1.161  1.052  1.628  0.000
  1.984  1.708  3.092  0.000
  2.817  2.135  5.404  0.000
  4.097  3.426  6.741  0.000
  3.817  2.610  8.314  0.000
  3.443  2.135  8.206  0.857
  3.192  2.314  6.492  0.000
  2.941  2.649  4.173  0.000
  2.665  2.885  2.087  0.000
  2.847  3.421  1.044  0.000
  3.710  4.677  0.588  0.000
  3.398  4.378  0.156  0.730
  3.945  5.095  0.203  0.000
  3.522  4.543  0.149  0.693
  3.213  4.196  0.000  0.000
  2.804  3.623  0.094  0.660
  3.471  4.495  0.092  0.644
  3.713  4.772  0.135  1.886
  3.760  4.836  0.219  0.614
  3.522  4.429  0.557  0.600
  2.645  3.264  0.628  0.586
  1.878  2.161  0.981  0.572
  1.338  1.233  1.599  2.798
  0.915  0.849  1.212  0.000
  1.054  0.754  2.179  0.000
  1.186  0.716  2.730  2.618
  1.433  0.899  3.183  3.074
  1.481  1.013  2.937  4.011
  1.641  1.262  2.734  4.908
  1.299  1.167  1.785  0.961
  1.603  1.153  2.992  4.236
  1.477  1.280  2.075  2.766
  1.489  1.217  2.420  1.807
  1.909  1.662  2.688  3.099
  1.892  1.754  2.387  1.736
  1.708  1.554  2.066  4.254
  2.008  1.907  2.116  5.423
  2.065  2.229  1.344  4.092
  2.496  2.736  1.491  4.816
  2.597  2.813  1.519  7.088
  2.476  2.776  0.994  8.501
  2.341  2.694  1.029  3.413
  2.455  2.865  0.957  3.351
  2.987  3.633  0.731  2.924
  3.881  4.696  1.103  2.872
  3.790  4.547  1.108  4.231
  3.593  4.382  0.866  3.117
  3.477  4.263  0.680  4.083
  3.578  4.367  0.836  3.343
  3.748  4.553  0.962  3.286
  3.421  4.172  0.923  1.615
  3.274  3.920  1.020  3.175
  2.887  3.344  1.382  1.561
  2.523  2.800  1.622  1.535
  2.254  2.415  1.574  3.924
  2.055  2.200  1.612  1.188
  2.035  2.134  1.773  0.876
  1.823  1.824  1.909  0.575
  2.010  2.020  2.020  1.414
  2.178  2.226  2.087  1.113
  2.277  2.309  2.309  0.274
  2.422  2.526  2.176  0.809
  2.559  2.671  2.313  0.531
  2.601  2.699  2.408  0.523
  2.594  2.715  2.261  1.287
  2.471  2.581  2.245  0.253
  2.434  2.568  2.051  1.248
  2.571  2.615  2.547  0.738
  2.832  2.932  2.596  1.211
  2.861  3.016  2.455  0.955
  2.827  2.981  2.352  1.882
  2.742  3.019  1.904  0.927
  2.549  2.751  1.975  0.685
  2.418  2.620  1.786  1.351
  2.533  2.723  1.935  1.554
  2.596  2.890  1.626  1.751
  2.506  2.736  1.619  3.669
  2.744  2.971  2.037  1.490
  3.159  3.586  1.724  2.309
  3.536  4.001  2.041  1.656
  3.574  4.155  1.663  1.838
  3.204  3.721  1.511  1.612
  2.901  3.318  1.434  2.981
  2.810  3.158  1.611  2.549
  2.597  2.942  1.493  1.161
  2.527  2.876  1.309  2.483
  2.700  3.015  1.669  1.696
  2.657  3.026  1.435  1.674
  2.605  2.953  1.338  3.305
  2.297  2.552  1.385  2.538
  2.374  2.578  1.649  2.505
  2.383  2.539  1.843  2.297
  2.085  2.257  1.508  1.745
  1.857  1.955  1.551  1.378
  1.606  1.566  1.689  2.382
  1.481  1.516  1.344  1.680
  1.442  1.362  1.731  1.328
  1.509  1.486  1.640  0.820
  1.362  1.302  1.631  0.486
  1.348  1.293  1.577  0.800
  1.243  1.126  1.705  0.474
  1.323  1.167  1.942  0.312
  1.339  1.169  2.029  0.000
  1.433  1.376  1.689  0.610
  1.654  1.615  1.885  0.302
  1.753  1.706  2.012  0.447
  1.795  1.819  1.810  0.442
  1.895  2.021  1.591  0.000
  2.049  2.209  1.604  0.432
  2.299  2.620  1.342  0.000
  2.311  2.607  1.437  0.000
  2.376  2.646  1.600  0.000
  2.704  3.007  1.837  0.000
  2.661  3.001  1.662  0.000
  2.770  3.122  1.739  0.000
  2.534  2.783  1.844  0.000
  2.303  2.503  1.767  0.000
  2.258  2.447  1.757  0.000
  2.231  2.449  1.628  0.000
  2.307  2.493  1.820  0.000
  2.132  2.351  1.521  0.000
  1.944  2.119  1.469  0.000
  1.887  2.021  1.551  0.000
  1.796  1.945  1.404  0.000
  1.712  1.814  1.475  0.000
  1.608  1.659  1.545  0.000
  1.634  1.627  1.774  0.000
  1.449  1.424  1.639  0.000
  1.521  1.485  1.754  0.000
  1.530  1.437  1.966  0.000
  1.499  1.436  1.816  0.114
  1.492  1.309  2.239  0.000
  1.467  1.355  1.955  0.111
  1.605  1.459  2.234  0.000
  1.618  1.533  2.017  0.218
  1.648  1.562  2.028  0.540
  1.677  1.588  2.054  0.748
  1.793  1.797  1.860  0.635
  1.972  1.996  1.961  0.943
  1.891  1.947  1.757  1.038
  1.895  1.953  1.799  0.411
  1.770  1.731  1.949  1.222
  1.675  1.693  1.642  1.210
  1.579  1.526  1.812  0.899
  1.607  1.577  1.667  2.275
  1.834  1.832  1.827  2.058
  1.905  1.961  1.747  1.359
  2.093  2.227  1.607  2.308
  2.139  2.249  1.783  1.715
  2.177  2.265  1.881  1.982
  1.965  1.987  1.890  1.964
  1.918  1.870  2.045  2.502
  1.958  1.977  1.895  1.928
  2.092  2.189  1.800  1.456
  2.216  2.289  2.009  1.533
  2.345  2.445  2.023  1.965
  2.353  2.410  2.169  2.125
  2.195  2.244  2.031  2.106
  1.980  2.006  1.832  2.783
  1.820  1.784  1.952  1.724
  1.633  1.578  1.721  3.076
  1.456  1.386  1.615  2.625
  1.463  1.371  1.715  2.434
  1.400  1.301  1.706  1.997
  1.536  1.527  1.556  1.732
  1.496  1.507  1.443  1.717
  1.427  1.421  1.413  1.865
  1.392  1.312  1.671  1.367
  1.369  1.326  1.503  1.594
  1.392  1.385  1.406  1.502
  1.539  1.522  1.556  2.116
  1.595  1.659  1.343  2.020
  1.735  1.813  1.492  1.310
  1.821  1.879  1.556  2.674
  1.739  1.831  1.456  1.212
  1.779  1.883  1.406  1.879
  1.728  1.772  1.576  1.714
  1.704  1.733  1.632  1.257
  1.757  1.796  1.603  2.053
  1.807  1.747  1.974  2.400
  1.816  1.784  1.886  2.380
  1.913  1.939  1.809  2.075
  1.906  1.880  1.911  3.123
  1.872  1.819  1.992  2.816
  1.758  1.669  2.006  2.654
  1.812  1.713  2.079  2.980
  1.634  1.576  1.778  2.475
  1.674  1.615  1.919  1.159
  1.618  1.496  2.054  1.489
  1.601  1.559  1.731  1.813
  0.3994716E+03  0.3979890E+03
  0.000  0.000  0.000  0.000
  0.000  0.000  0.000  0.000
  0.000  0.000  0.000  0.000
  0.000  0.000  0.000  0.000
  0.000  0.000  0.000  0.000
  0.000  0.000  0.000  0.000
  0.000  0.000  0.000  0.000
  0.000  0.000  0.000  0.000
  0.000  0.000  0.000  0.000
  0.000  0.000  0.000  0.000
  0.000  0.000  0.000  0.000
  0.000  0.000  0.000  0.000
  0.000  0.000  0.000  0.000
  0.000  0.000  0.000  0.000
  0.000  0.000  0.000  0.000
  0.000  0.000  0.000  0.000
  0.000  0.000  0.000  0.000
  0.000  0.000  0.000  0.000
  0.000  0.000  0.000  0.000
  0.000  0.000  0.000  0.000
  0.000  0.000  0.000  0.000
  0.000  0.000  0.000  0.000
  0.000  0.000  0.000  0.000
  0.000  0.000  0.000  0.000
  0.000  0.000  0.000  0.000
  0.000  0.000  0.000  0.000
  0.000  0.000  0.000  0.000
  0.091  0.000  0.414  0.000
  0.337  0.000  1.542  0.000
  1.810  0.000  8.273  0.000
  5.742  0.000 26.248  0.000
  2.899  0.000 13.251  0.000
  0.648  0.000  2.964  0.000
  0.000  0.000  0.000  0.000
  0.115  0.000  0.526  0.000
  0.000  0.000  0.000  0.000
  0.000  0.000  0.000  0.000
  0.000  0.000  0.000  0.000
  0.046  0.060  0.000  0.000
  0.439  0.573  0.000  0.000
  2.589  3.381  0.000  0.000
  9.304 12.153  0.000  0.000
 15.772 20.600  0.000  0.000
 16.358 21.366  0.000  0.000
 13.211 17.255  0.000  0.000
 10.519 13.739  0.000  0.000
  9.945 12.989  0.000  0.000
  7.983 10.426  0.000  0.000
  6.492  8.480  0.000  0.000
  4.304  5.622  0.000  0.000
  2.444  3.192  0.000  0.000
  1.549  2.023  0.000  0.000
  1.143  1.493  0.000  0.000
  0.718  0.938  0.000  0.000
  0.438  0.572  0.000  0.000
  0.245  0.319  0.000  0.000
  0.236  0.308  0.000  0.000
  0.166  0.216  0.000  0.000
  0.260  0.340  0.000  0.000
  0.387  0.505  0.000  0.000
  0.430  0.562  0.000  0.000
  0.797  1.041  0.000  0.000
  0.631  0.824  0.000  0.000
  0.611  0.754  0.155  0.000
  0.576  0.602  0.527  0.000
  0.654  0.625  0.803  0.000
  1.347  1.355  1.416  0.000
  2.270  1.826  3.985  0.000
  3.094  2.478  5.471  0.000
  3.630  2.815  6.741  0.000
  3.706  2.574  7.937  0.000
  3.362  2.117  7.961  0.000
  3.205  2.348  6.433  0.000
  2.827  2.682  3.535  0.000
  2.764  3.014  2.087  0.000
  3.280  3.813  1.593  0.769
  3.452  4.325  0.642  0.000
  3.193  4.066  0.365  0.000
  3.690  4.776  0.102  0.711
  3.630  4.699  0.050  1.387
  3.435  4.389  0.290  0.676
  3.072  3.946  0.189  0.660
  3.119  4.021  0.184  0.000
  3.841  4.939  0.180  1.257
  3.654  4.610  0.438  1.842
  3.335  4.197  0.557  0.000
  2.938  3.539  0.879  2.343
  1.896  2.103  1.104  2.862
  1.338  1.439  1.039  0.560
  0.983  0.826  1.485  1.642
  1.196  0.786  2.638  1.070
  1.145  0.694  2.505  4.188
  1.529  1.035  3.147  3.074
  1.543  1.105  2.722  6.518
  1.541  1.232  2.384  4.908
  1.479  1.265  1.991  4.806
  1.500  1.230  2.286  3.765
  1.700  1.308  3.063  1.844
  1.687  1.309  2.743  5.421
  1.653  1.391  2.530  2.214
  1.987  1.789  2.542  3.906
  2.001  1.875  2.310  3.829
  1.969  1.958  1.937  2.920
  2.289  2.396  1.870  2.864
  2.427  2.597  1.749  3.612
  2.264  2.556  1.238  2.363
  2.168  2.476  1.049  2.705
  2.347  2.771  0.759  3.793
  2.548  3.062  0.824  1.489
  2.890  3.626  0.366  2.193
  3.494  4.351  0.538  2.872
  3.548  4.396  0.630  2.820
  3.636  4.566  0.544  1.385
  3.493  4.374  0.486  2.382
  3.641  4.462  0.836  2.675
  3.742  4.580  0.868  2.957
  3.547  4.343  0.807  2.906
  3.175  3.777  1.088  2.857
  2.692  3.115  1.182  3.121
  2.499  2.812  1.381  2.762
  2.302  2.544  1.445  2.415
  2.222  2.333  1.845  2.078
  2.045  2.176  1.627  1.460
  1.917  1.941  1.909  0.862
  2.147  2.124  2.303  1.131
  2.261  2.192  2.544  1.670
  2.384  2.370  2.524  1.096
  2.608  2.823  1.926  1.618
  2.613  2.730  2.294  1.327
  2.462  2.507  2.371  1.568
  2.348  2.364  2.390  1.029
  2.337  2.338  2.462  0.507
  2.341  2.328  2.532  0.250
  2.559  2.590  2.565  0.984
  2.873  2.987  2.544  1.938
  2.812  2.894  2.660  0.955
  2.852  2.938  2.604  2.117
  2.699  2.858  2.219  1.623
  2.699  2.928  2.056  0.457
  2.382  2.611  1.657  1.351
  2.529  2.782  1.729  1.332
  2.507  2.667  2.048  1.095
  2.695  2.956  1.866  1.511
  2.774  3.010  1.961  2.554
  3.027  3.354  1.919  2.519
  3.727  4.259  1.937  2.691
  3.590  4.230  1.400  2.859
  3.308  3.873  1.410  2.216
  3.152  3.626  1.505  2.981
  2.583  2.942  1.387  1.765
  2.627  3.045  1.230  1.742
  2.393  2.755  1.132  2.292
  2.462  2.865  1.050  2.450
  2.488  2.900  1.116  1.488
  2.479  2.882  1.075  2.387
  2.266  2.541  1.282  2.538
  2.301  2.651  1.061  2.505
  2.253  2.535  1.287  1.944
  2.102  2.314  1.346  2.268
  1.895  1.923  1.784  2.067
  1.600  1.649  1.458  1.191
  1.707  1.694  1.812  0.840
  1.590  1.501  1.909  1.494
  1.617  1.559  1.850  1.148
  1.470  1.375  1.851  0.810
  1.290  1.146  1.840  0.640
  1.334  1.116  2.157  0.474
  1.220  1.004  2.009  0.781
  1.370  1.159  2.172  0.463
  1.466  1.323  2.027  0.610
  1.640  1.591  1.895  0.452
  1.916  1.895  2.129  0.000
  1.685  1.750  1.578  0.000
  2.050  2.145  1.862  0.000
  2.038  2.218  1.542  0.144
  2.132  2.315  1.637  0.142
  2.418  2.627  1.859  0.000
  2.541  2.845  1.650  0.139
  2.661  3.038  1.533  0.000
  2.621  2.959  1.623  0.000
  2.556  2.754  2.037  0.135
  2.405  2.702  1.540  0.000
  2.311  2.541  1.673  0.000
  2.284  2.476  1.776  0.000
  2.241  2.504  1.481  0.000
  2.297  2.566  1.519  0.000
  2.148  2.405  1.404  0.000
  1.985  2.198  1.380  0.000
  1.715  1.928  1.093  0.000
  1.705  1.828  1.395  0.000
  1.670  1.789  1.372  0.000
  1.561  1.671  1.289  0.000
  1.567  1.629  1.462  0.000
  1.500  1.507  1.580  0.000
  1.580  1.546  1.812  0.000
  1.638  1.477  2.318  0.000
  1.602  1.464  2.189  0.114
  1.582  1.426  2.223  0.225
  1.615  1.471  2.217  0.222
  1.635  1.504  2.195  0.220
  1.630  1.484  2.220  0.545
  1.661  1.505  2.275  0.756
  1.702  1.662  1.947  0.214
  1.918  1.976  1.837  0.212
  1.854  1.824  2.036  0.734
  1.988  1.983  2.098  0.727
  1.845  1.890  1.733  1.233
  1.713  1.726  1.701  1.222
  1.610  1.586  1.736  1.008
  1.509  1.439  1.755  1.498
  1.708  1.645  1.886  2.275
  1.732  1.752  1.680  1.470
  1.906  1.987  1.608  2.135
  2.088  2.184  1.841  0.865
  2.157  2.288  1.708  2.000
  2.075  2.107  1.982  1.793
  1.875  1.889  1.830  1.777
  1.908  1.870  2.038  1.946
  2.066  2.074  1.993  2.662
  2.030  2.077  1.871  1.910
  2.223  2.298  1.970  2.073
  2.381  2.500  1.965  2.412
  2.359  2.437  2.144  1.505
  2.229  2.337  1.855  2.194
  2.037  2.100  1.745  3.044
  1.824  1.819  1.798  2.413
  1.609  1.559  1.709  2.648
  1.391  1.315  1.518  3.303
  1.402  1.321  1.595  2.686
  1.389  1.337  1.498  2.413
  1.387  1.355  1.461  1.897
  1.573  1.546  1.642  1.963
  1.524  1.486  1.639  1.784
  1.456  1.462  1.413  1.769
  1.558  1.539  1.594  1.993
  1.583  1.587  1.541  1.976
  1.572  1.582  1.522  1.802
  1.552  1.570  1.510  1.243
  1.700  1.698  1.679  2.080
  1.716  1.782  1.528  1.070
  1.749  1.803  1.564  1.667
  1.704  1.709  1.723  1.202
  1.669  1.634  1.736  2.460
  1.709  1.729  1.663  1.405
  1.822  1.864  1.707  1.320
  1.798  1.774  1.860  2.109
  1.892  1.873  1.932  2.308
  1.820  1.828  1.835  1.216
  1.818  1.793  1.916  1.632
  1.794  1.816  1.680  2.324
  1.835  1.810  1.916  1.886
  1.725  1.707  1.807  1.455
  1.697  1.717  1.630  1.650
  1.591  1.541  1.768  1.569
  1.563  1.534  1.672  1.421
  1.590  1.526  1.822  1.477
  0.3952152E+03  0.3923373E+03
  0.000  0.000  0.000  0.000
  0.000  0.000  0.000  0.000
  0.000  0.000  0.000  0.000
  0.000  0.000  0.000  0.000
  0.000  0.000  0.000  0.000
  0.000  0.000  0.000  0.000
  0.000  0.000  0.000  0.000
  0.000  0.000  0.000  0.000
  0.000  0.000  0.000  0.000
  0.000  0.000  0.000  0.000
  0.000  0.000  0.000  0.000
  0.000  0.000  0.000  0.000
  0.000  0.000  0.000  0.000
  0.000  0.000  0.000  0.000
  0.000  0.000  0.000  0.000
  0.000  0.000  0.000  0.000
  0.000  0.000  0.000  0.000
  0.000  0.000  0.000  0.000
  0.000  0.000  0.000  0.000
  0.000  0.000  0.000  0.000
  0.000  0.000  0.000  0.000
  0.000  0.000  0.000  0.000
  0.000  0.000  0.000  0.000
  0.000  0.000  0.000  0.000
  0.000  0.000  0.000  0.000
  0.000  0.000  0.000  0.000
  0.000  0.000  0.000  0.000
  0.091  0.000  0.414  0.000
  0.337  0.000  1.542  0.000
  1.338  0.000  6.115  0.000
  6.404  0.000 29.277  0.000
  2.554  0.000 11.673  0.000
  0.583  0.000  2.667  0.000
  0.183  0.000  0.837  0.000
  0.115  0.000  0.526  0.000
  0.000  0.000  0.000  0.000
  0.000  0.000  0.000  0.000
  0.000  0.000  0.000  0.000
  0.000  0.000  0.000  0.000
  0.307  0.401  0.000  0.000
  2.839  3.708  0.000  0.000
  8.907 11.633  0.000  0.000
 17.289 22.581  0.000  0.000
 15.128 19.759  0.000  0.000
 12.450 16.261  0.000  0.000
 11.644 15.208  0.000  0.000
  8.836 11.541  0.000  0.000
  9.409 12.290  0.000  0.000
  5.852  7.643  0.000  0.000
  4.556  5.950  0.000  0.000
  2.605  3.402  0.000  0.000
  1.317  1.720  0.000  0.000
  1.044  1.363  0.000  0.000
  0.622  0.813  0.000  0.000
  0.415  0.542  0.000  0.000
  0.333  0.436  0.000  0.000
  0.129  0.168  0.000  0.000
  0.166  0.216  0.000  0.000
  0.180  0.235  0.000  0.000
  0.387  0.505  0.000  0.000
  0.449  0.587  0.000  0.000
  0.869  1.135  0.000  0.000
  0.789  1.030  0.000  0.000
  0.527  0.643  0.155  0.000
  0.658  0.774  0.301  0.000
  0.591  0.625  0.511  0.000
  1.270  1.011  2.265  0.000
  2.240  1.885  3.642  0.000
  3.109  2.593  5.137  0.000
  3.459  2.463  7.194  0.000
  3.748  2.753  7.496  0.000
  3.657  2.327  8.573  0.000
  3.270  2.570  5.956  0.000
  2.573  2.285  3.767  0.000
  2.838  2.998  2.482  0.000
  2.799  3.468  0.659  0.000
  3.265  4.050  0.749  0.000
  3.694  4.706  0.417  0.000
  3.490  4.514  0.152  0.000
  3.652  4.713  0.198  0.000
  3.435  4.431  0.193  0.000
  3.052  3.959  0.094  0.000
  3.421  4.376  0.276  0.644
  3.899  5.055  0.135  0.000
  3.482  4.497  0.175  0.000
  3.307  4.234  0.300  0.000
  2.801  3.491  0.586  0.000
  1.744  2.068  0.695  0.572
  1.277  1.348  0.919  2.798
  0.949  0.826  1.368  1.094
  1.120  0.775  2.217  2.676
  1.219  0.652  3.104  2.618
  1.345  0.930  2.708  2.561
  1.629  1.177  3.116  3.008
  1.549  1.282  2.454  1.963
  1.622  1.324  2.540  3.364
  1.463  1.057  2.790  2.824
  1.448  1.054  2.635  4.150
  1.631  1.383  2.356  3.614
  1.729  1.400  2.656  4.870
  1.627  1.417  2.170  4.339
  1.828  1.676  2.097  5.531
  2.008  1.873  2.235  5.423
  2.135  2.188  1.695  5.728
  2.521  2.900  1.204  2.408
  2.455  2.757  1.350  3.150
  2.439  2.705  1.214  6.569
  2.602  3.042  0.894  4.931
  2.664  3.093  1.011  4.840
  2.993  3.618  0.783  3.290
  3.337  4.007  0.872  5.025
  3.873  4.698  0.957  4.231
  3.663  4.460  0.965  2.424
  3.370  4.104  0.875  2.382
  3.495  4.278  0.788  3.009
  4.066  4.888  1.150  4.600
  3.315  4.027  0.761  4.198
  3.269  3.907  1.043  3.175
  2.960  3.523  1.048  2.185
  2.427  2.819  1.140  1.228
  2.217  2.476  1.445  0.302
  1.944  2.103  1.442  1.188
  1.857  1.824  2.003  1.460
  2.074  2.058  2.176  1.437
  2.032  1.899  2.565  1.131
  2.213  2.238  2.206  1.113
  2.350  2.437  2.152  0.822
  2.528  2.559  2.561  0.539
  2.625  2.757  2.275  1.062
  2.556  2.550  2.763  0.000
  2.228  2.411  1.691  0.772
  2.558  2.716  2.173  0.253
  2.204  2.211  2.318  0.250
  2.521  2.610  2.354  0.492
  2.487  2.655  2.077  0.000
  2.913  3.045  2.609  0.716
  2.889  3.145  2.151  0.706
  2.970  3.279  2.020  1.159
  2.635  2.886  1.877  0.914
  2.544  2.818  1.689  1.126
  2.543  2.751  1.903  1.332
  2.353  2.573  1.626  1.751
  2.452  2.634  1.773  3.022
  2.770  3.019  1.885  2.980
  3.204  3.641  1.769  1.889
  3.465  3.925  1.893  2.899
  3.603  4.084  1.984  2.655
  3.412  3.984  1.425  3.223
  3.127  3.496  1.803  3.578
  2.871  3.170  1.863  2.353
  2.555  2.970  1.203  1.161
  2.447  2.744  1.391  2.673
  2.580  2.958  1.333  1.508
  2.537  2.862  1.355  3.162
  2.416  2.687  1.469  2.387
  2.441  2.682  1.605  2.356
  2.447  2.703  1.649  1.074
  2.314  2.553  1.552  1.237
  2.268  2.439  1.745  1.221
  1.876  1.927  1.686  2.067
  1.608  1.611  1.616  1.361
  1.539  1.530  1.524  2.185
  1.535  1.514  1.601  1.660
  1.432  1.425  1.476  1.148
  1.336  1.306  1.516  0.324
  1.240  1.176  1.520  0.480
  1.240  1.113  1.705  0.949
  1.184  1.049  1.696  0.625
  1.298  1.181  1.742  0.772
  1.418  1.364  1.678  0.458
  1.663  1.637  1.863  0.151
  1.805  1.794  1.948  0.298
  1.867  1.867  1.989  0.147
  1.861  1.958  1.643  0.146
  1.907  2.030  1.614  0.000
  2.072  2.265  1.545  0.000
  2.354  2.673  1.407  0.000
  2.506  2.808  1.630  0.000
  2.646  3.001  1.592  0.000
  2.795  3.148  1.759  0.000
  2.682  2.976  1.845  0.000
  2.503  2.781  1.711  0.000
  2.480  2.747  1.720  0.000
  2.321  2.518  1.794  0.000
  2.243  2.460  1.646  0.000
  2.130  2.337  1.556  0.000
  2.107  2.291  1.611  0.000
  2.073  2.275  1.514  0.000
  1.841  1.954  1.577  0.000
  1.802  1.908  1.561  0.000
  1.655  1.767  1.380  0.000
  1.602  1.654  1.537  0.000
  1.454  1.492  1.428  0.000
  1.531  1.488  1.789  0.000
  1.591  1.546  1.862  0.000
  1.552  1.453  2.007  0.000
  1.536  1.441  1.978  0.000
  1.615  1.477  2.215  0.000
  1.582  1.469  2.074  0.222
  1.590  1.474  2.085  0.330
  1.520  1.446  1.877  0.109
  1.570  1.458  2.074  0.000
  1.692  1.651  1.916  0.534
  1.819  1.780  2.056  0.423
  1.880  1.904  1.879  0.734
  2.003  2.059  1.898  0.727
  1.938  2.007  1.740  1.336
  1.702  1.701  1.767  0.814
  1.694  1.685  1.728  1.613
  1.562  1.541  1.705  0.599
  1.573  1.577  1.519  2.176
  1.604  1.596  1.638  1.568
  1.959  2.028  1.733  1.747
  2.103  2.147  1.909  2.692
  2.200  2.277  1.960  1.810
  2.087  2.132  1.928  2.076
  2.028  2.029  2.010  2.244
  1.891  1.914  1.813  1.853
  1.997  2.018  1.928  1.928
  2.112  2.144  2.040  1.547
  2.175  2.263  1.854  2.344
  2.359  2.490  1.946  1.697
  2.336  2.401  2.119  2.213
  2.285  2.437  1.792  1.755
  1.942  1.956  1.876  2.174
  1.875  1.824  1.976  2.931
  1.581  1.506  1.758  2.734
  1.469  1.371  1.791  1.778
  1.472  1.383  1.757  1.847
  1.503  1.406  1.759  2.663
  1.502  1.407  1.827  1.567
  1.504  1.470  1.583  2.045
  1.405  1.402  1.384  1.865
  1.436  1.442  1.372  2.010
  1.397  1.381  1.418  1.913
  1.488  1.481  1.479  1.976
  1.515  1.548  1.388  1.646
  1.654  1.738  1.338  1.943
  1.560  1.585  1.475  1.541
  1.679  1.781  1.326  1.605
  1.750  1.834  1.456  1.743
  1.738  1.810  1.525  1.202
  1.752  1.841  1.453  1.565
  1.730  1.729  1.758  1.405
  1.799  1.806  1.713  2.639
  1.837  1.812  1.912  2.036
  1.784  1.772  1.814  1.948
  1.828  1.857  1.743  1.574
  1.858  1.806  1.987  2.555
  1.827  1.759  1.977  3.098
  1.918  1.870  2.066  2.165
  1.771  1.708  1.955  2.287
  1.711  1.634  1.930  2.406
  1.648  1.573  1.842  2.592
  1.581  1.450  1.929  3.113
  1.561  1.521  1.698  1.611
  0.3988891E+03  0.3964346E+03
  0.000  0.000  0.000  0.000
  0.000  0.000  0.000  0.000
  0.000  0.000  0.000  0.000
  0.000  0.000  0.000  0.000
  0.000  0.000  0.000  0.000
  0.000  0.000  0.000  0.000
  0.000  0.000  0.000  0.000
  0.000  0.000  0.000  0.000
  0.000  0.000  0.000  0.000
  0.000  0.000  0.000  0.000
  0.000  0.000  0.000  0.000
  0.000  0.000  0.000  0.000
  0.000  0.000  0.000  0.000
  0.000  0.000  0.000  0.000
  0.000  0.000  0.000  0.000
  0.000  0.000  0.000  0.000
  0.000  0.000  0.000  0.000
  0.000  0.000  0.000  0.000
  0.000  0.000  0.000  0.000
  0.000  0.000  0.000  0.000
  0.000  0.000  0.000  0.000
  0.000  0.000  0.000  0.000
  0.000  0.000  0.000  0.000
  0.000  0.000  0.000  0.000
  0.000  0.000  0.000  0.000
  0.000  0.000  0.000  0.000
  0.000  0.000  0.000  0.000
  0.091  0.000  0.414  0.000
  0.337  0.000  1.542  0.000
  1.731  0.000  7.914  0.000
  6.110  0.000 27.931  0.000
  2.554  0.000 11.673  0.000
  0.583  0.000  2.667  0.000
  0.122  0.000  0.558  0.000
  0.115  0.000  0.526  0.000
  0.000  0.000  0.000  0.000
  0.000  0.000  0.000  0.000
  0.000  0.000  0.000  0.000
  0.046  0.060  0.000  0.000
  0.439  0.573  0.000  0.000
  2.881  3.763  0.000  0.000
  8.986 11.737  0.000  0.000
 17.289 22.581  0.000  0.000
 14.838 19.380  0.000  0.000
 13.176 17.209  0.000  0.000
 10.718 13.999  0.000  0.000
 10.008 13.072  0.000  0.000
  8.286 10.823  0.000  0.000
  5.706  7.453  0.000  0.000
  3.773  4.928  0.000  0.000
  2.658  3.472  0.000  0.000
  2.014  2.631  0.000  0.000
  1.093  1.428  0.000  0.000
  0.885  1.156  0.000  0.000
  0.461  0.602  0.000  0.000
  0.156  0.203  0.000  0.000
  0.193  0.252  0.000  0.000
  0.290  0.379  0.000  0.000
  0.220  0.288  0.000  0.000
  0.348  0.455  0.000  0.000
  0.524  0.684  0.000  0.000
  0.724  0.946  0.000  0.000
  0.754  0.985  0.000  0.000
  0.747  0.932  0.155  0.000
  0.675  0.731  0.527  0.000
  0.734  0.771  0.657  0.000
  0.929  0.870  1.203  0.000
  2.270  2.081  3.092  0.000
  3.226  2.459  6.138  0.000
  3.389  2.407  7.065  0.000
  3.458  2.340  7.622  0.000
  3.336  2.240  7.410  0.000
  2.879  2.178  5.480  0.834
  3.106  2.848  4.230  0.000
  3.048  3.336  2.256  0.000
  3.232  3.782  1.428  1.538
  3.253  3.959  1.016  0.000
  3.329  4.170  0.573  0.730
  3.523  4.529  0.254  0.000
  3.652  4.670  0.347  0.000
  3.762  4.859  0.193  0.000
  3.433  4.431  0.189  0.000
  3.049  3.943  0.092  0.644
  3.772  4.901  0.090  0.000
  3.386  4.334  0.263  0.614
  3.860  4.870  0.600  0.000
  2.499  3.001  0.837  1.172
  2.013  2.407  0.736  0.572
  1.128  1.142  1.159  0.000
  1.034  0.916  1.446  1.094
  1.154  0.775  2.408  2.141
  1.063  0.705  2.244  2.094
  1.393  0.910  2.817  5.123
  1.535  1.074  3.008  3.509
  1.541  1.132  2.875  2.945
  1.239  0.961  2.060  3.364
  1.412  1.287  1.815  1.883
  1.520  1.148  2.503  5.994
  1.828  1.503  2.840  3.614
  1.729  1.446  2.688  2.214
  1.736  1.532  2.232  4.773
  2.121  1.945  2.553  4.680
  1.949  1.899  1.907  5.006
  2.212  2.288  1.900  2.864
  2.628  2.851  1.777  3.612
  2.677  2.998  1.266  6.694
  2.325  2.729  0.828  3.478
  2.305  2.585  1.084  5.689
  2.705  3.199  0.931  3.351
  3.330  3.984  0.966  4.387
  3.601  4.286  1.128  4.666
  3.498  4.317  0.655  3.173
  3.290  4.021  0.717  3.463
  3.259  3.993  0.826  1.361
  3.866  4.790  0.740  2.340
  3.429  4.231  0.751  1.643
  3.603  4.396  0.877  2.906
  3.314  3.952  1.111  2.857
  2.692  3.115  1.226  2.497
  2.441  2.869  0.921  2.762
  2.372  2.575  1.617  3.019
  2.310  2.527  1.548  2.375
  2.054  2.158  1.648  2.629
  2.155  2.188  2.176  0.287
  2.187  2.216  2.202  0.566
  2.209  2.255  2.167  0.557
  2.191  2.242  2.172  0.000
  2.486  2.482  2.658  0.270
  2.493  2.606  2.199  1.062
  2.475  2.534  2.446  0.000
  2.558  2.631  2.408  1.029
  2.313  2.312  2.462  0.253
  2.341  2.374  2.318  0.999
  2.475  2.600  2.196  0.246
  2.457  2.546  2.284  0.485
  2.697  2.850  2.319  0.477
  2.753  2.900  2.369  0.941
  2.652  2.787  2.252  1.623
  2.706  2.952  1.828  2.970
  2.601  2.831  1.882  1.351
  2.730  2.986  1.840  2.664
  2.634  2.806  2.080  1.970
  2.654  2.903  1.819  2.158
  2.667  2.984  1.657  1.277
  3.290  3.693  1.979  1.889
  3.565  4.090  1.849  1.863
  3.536  4.101  1.605  2.859
  3.576  4.095  1.842  2.418
  2.963  3.318  1.803  1.789
  2.770  3.166  1.471  1.569
  2.618  2.997  1.203  3.870
  2.518  2.872  1.364  1.337
  2.429  2.746  1.252  3.392
  2.590  2.954  1.315  2.604
  2.390  2.694  1.220  3.856
  2.223  2.571  1.062  1.450
  2.108  2.319  1.419  1.432
  2.256  2.549  1.287  1.414
  2.115  2.307  1.483  1.570
  1.917  2.022  1.526  2.240
  1.773  1.816  1.616  1.872
  1.654  1.602  1.788  2.353
  1.626  1.575  1.861  0.830
  1.535  1.476  1.792  0.820
  1.392  1.306  1.759  0.486
  1.348  1.195  1.932  0.640
  1.255  1.136  1.739  0.316
  1.267  1.106  1.897  0.312
  1.322  1.159  1.919  0.926
  1.454  1.376  1.831  0.000
  1.616  1.560  1.906  0.302
  1.830  1.813  2.022  0.000
  1.899  1.981  1.736  0.147
  1.879  1.997  1.581  0.291
  1.988  2.092  1.748  0.288
  2.050  2.277  1.393  0.142
  2.370  2.593  1.749  0.141
  2.391  2.680  1.550  0.000
  2.609  2.861  1.916  0.000
  2.659  3.026  1.564  0.000
  2.663  3.042  1.528  0.000
  2.582  2.859  1.796  0.000
  2.393  2.675  1.579  0.000
  2.308  2.569  1.562  0.000
  2.374  2.580  1.821  0.000
  2.197  2.407  1.619  0.000
  2.111  2.276  1.683  0.000
  2.069  2.282  1.469  0.000
  1.831  1.971  1.471  0.000
  1.776  1.945  1.308  0.000
  1.632  1.679  1.587  0.000
  1.526  1.563  1.503  0.000
  1.442  1.506  1.318  0.000
  1.445  1.438  1.572  0.000
  1.559  1.480  1.945  0.000
  1.575  1.531  1.843  0.000
  1.577  1.462  2.092  0.000
  1.640  1.516  2.191  0.000
  1.629  1.444  2.384  0.111
  1.643  1.510  2.210  0.220
  1.608  1.518  2.040  0.000
  1.602  1.518  1.959  0.756
  1.800  1.749  2.069  0.534
  1.738  1.698  1.950  0.741
  1.916  1.957  1.887  0.314
  1.930  1.987  1.831  0.519
  1.921  1.947  1.850  1.645
  1.724  1.747  1.687  1.120
  1.579  1.494  1.908  1.109
  1.539  1.526  1.591  1.398
  1.573  1.554  1.632  1.682
  1.787  1.824  1.715  0.980
  1.902  1.935  1.726  2.718
  2.030  2.090  1.799  2.308
  2.172  2.277  1.864  1.334
  2.050  2.105  1.813  2.643
  1.819  1.788  1.884  2.431
  2.012  2.004  2.098  1.204
  2.000  2.027  1.941  1.469
  2.179  2.282  1.826  2.092
  2.276  2.419  1.842  1.352
  2.419  2.545  2.016  1.876
  2.320  2.461  1.796  2.745
  2.174  2.262  1.880  2.018
  1.934  1.982  1.814  1.217
  1.824  1.775  1.902  3.103
  1.701  1.625  1.800  4.015
  1.515  1.409  1.845  2.117
  1.393  1.302  1.619  2.686
  1.433  1.362  1.658  1.748
  1.490  1.399  1.756  2.227
  1.546  1.459  1.817  2.045
  1.456  1.400  1.639  1.622
  1.486  1.467  1.504  2.171
  1.451  1.449  1.412  2.072
  1.605  1.616  1.569  1.581
  1.562  1.615  1.349  1.959
  1.621  1.662  1.487  1.476
  1.624  1.615  1.657  1.618
  1.624  1.673  1.457  1.528
  1.688  1.749  1.478  1.667
  1.767  1.847  1.487  1.804
  1.690  1.707  1.624  1.789
  1.642  1.662  1.552  1.922
  1.794  1.793  1.796  1.833
  1.742  1.742  1.740  1.745
  1.790  1.818  1.695  1.731
  1.787  1.746  1.911  2.003
  1.786  1.805  1.724  1.703
  1.894  1.864  1.966  2.394
  1.870  1.853  1.936  1.746
  1.831  1.783  1.945  2.564
  1.782  1.776  1.782  2.062
  1.665  1.588  1.929  1.705
  1.615  1.595  1.677  1.692
  1.557  1.494  1.736  2.149
  0.3970500E+03  0.3940648E+03
  0.000  0.000  0.000  0.000
  0.000  0.000  0.000  0.000
  0.000  0.000  0.000  0.000
  0.000  0.000  0.000  0.000
  0.000  0.000  0.000  0.000
  0.000  0.000  0.000  0.000
  0.000  0.000  0.000  0.000
  0.000  0.000  0.000  0.000
  0.000  0.000  0.000  0.000
  0.000  0.000  0.000  0.000
  0.000  0.000  0.000  0.000
  0.000  0.000  0.000  0.000
  0.000  0.000  0.000  0.000
  0.000  0.000  0.000  0.000
  0.000  0.000  0.000  0.000
  0.000  0.000  0.000  0.000
  0.000  0.000  0.000  0.000
  0.000  0.000  0.000  0.000
  0.000  0.000  0.000  0.000
  0.000  0.000  0.000  0.000
  0.000  0.000  0.000  0.000
  0.000  0.000  0.000  0.000
  0.000  0.000  0.000  0.000
  0.000  0.000  0.000  0.000
  0.000  0.000  0.000  0.000
  0.000  0.000  0.000  0.000
  0.000  0.000  0.000  0.000
  0.181  0.000  0.828  0.000
  0.337  0.000  1.542  0.000
  1.731  0.000  7.914  0.000
  6.036  0.000 27.594  0.000
  2.485  0.000 11.358  0.000
  0.648  0.000  2.964  0.000
  0.183  0.000  0.837  0.000
  0.058  0.000  0.263  0.000
  0.000  0.000  0.000  0.000
  0.000  0.000  0.000  0.000
  0.000  0.000  0.000  0.000
  0.185  0.241  0.000  0.000
  0.351  0.459  0.000  0.000
  2.589  3.381  0.000  0.000
  9.901 12.932  0.000  0.000
 15.772 20.600  0.000  0.000
 16.069 20.988  0.000  0.000
 12.450 16.261  0.000  0.000
 10.718 13.999  0.000  0.000
  9.977 13.031  0.000  0.000
  8.833 11.536  0.000  0.000
  5.561  7.263  0.000  0.000
  3.857  5.038  0.000  0.000
  2.981  3.893  0.000  0.000
  1.653  2.158  0.000  0.000
  1.193  1.558  0.000  0.000
  0.766  1.000  0.000  0.000
  0.484  0.632  0.000  0.000
  0.333  0.436  0.000  0.000
  0.193  0.252  0.000  0.000
  0.104  0.135  0.000  0.000
  0.140  0.183  0.000  0.000
  0.213  0.278  0.000  0.000
  0.636  0.831  0.000  0.000
  0.724  0.946  0.000  0.000
  0.824  1.053  0.080  0.000
  0.560  0.710  0.078  0.000
  0.593  0.688  0.301  0.000
  0.686  0.605  1.022  0.000
  1.192  0.971  2.053  0.000
  2.285  1.885  3.848  0.000
  3.196  2.573  5.604  0.000
  3.771  3.000  6.741  0.000
  3.541  2.574  7.181  0.000
  3.202  2.082  7.349  0.000
  2.958  2.059  6.313  0.000
  3.030  2.749  4.230  0.000
  2.974  3.255  2.200  0.000
  3.088  3.672  1.263  0.000
  3.241  4.005  0.749  0.749
  3.535  4.408  0.678  0.730
  3.545  4.543  0.254  0.711
  3.413  4.430  0.050  0.693
  3.350  4.334  0.145  0.000
  2.949  3.811  0.141  0.000
  3.592  4.652  0.046  1.288
  3.644  4.721  0.135  0.000
  3.654  4.685  0.263  0.614
  3.738  4.735  0.514  0.000
  2.654  3.323  0.418  1.172
  1.968  2.313  0.818  1.145
  1.312  1.416  0.959  1.119
  1.017  0.815  1.759  0.547
  0.970  0.491  2.446  3.746
  1.219  0.652  3.066  3.141
  1.369  0.920  2.891  2.049
  1.629  1.228  3.044  1.504
  1.649  1.322  2.489  5.890
  1.457  1.157  2.197  5.767
  1.397  1.105  2.353  2.353
  1.448  1.082  2.569  3.689
  1.666  1.429  2.323  4.066
  1.695  1.310  2.814  4.870
  1.804  1.594  2.387  3.906
  1.888  1.736  2.249  4.254
  1.838  1.762  1.937  4.172
  2.129  2.171  1.783  4.910
  2.684  2.851  2.064  3.211
  2.597  2.941  1.322  3.544
  2.222  2.587  0.966  1.932
  2.530  2.988  0.867  3.413
  2.560  2.979  0.931  4.840
  3.147  3.835  0.783  2.559
  3.365  4.212  0.487  2.154
  3.608  4.504  0.529  2.820
  3.366  4.099  0.841  2.770
  3.519  4.409  0.437  3.062
  3.453  4.257  0.764  1.672
  3.650  4.486  0.821  2.300
  3.537  4.396  0.554  3.229
  3.304  3.920  1.179  2.857
  2.868  3.281  1.382  3.433
  2.786  3.207  1.272  3.376
  2.306  2.513  1.574  2.415
  1.981  2.024  1.845  1.781
  1.990  1.961  2.045  2.629
  1.890  1.818  2.155  1.724
  1.887  1.881  1.878  2.262
  2.209  2.164  2.465  0.835
  2.397  2.465  2.250  1.096
  2.540  2.658  2.253  0.809
  2.675  2.784  2.446  0.531
  2.560  2.656  2.371  0.523
  2.397  2.505  2.169  0.257
  2.218  2.281  2.136  0.253
  2.504  2.532  2.550  0.499
  2.379  2.429  2.301  0.984
  2.722  2.774  2.700  0.485
  3.100  3.235  2.796  0.716
  2.878  3.039  2.403  1.647
  2.648  2.877  1.954  1.159
  2.271  2.457  1.714  0.914
  2.661  2.928  1.818  1.351
  2.550  2.805  1.697  1.998
  2.497  2.716  1.783  1.751
  2.391  2.625  1.619  1.727
  2.827  3.071  1.976  2.767
  3.336  3.684  2.129  3.149
  3.471  4.103  1.390  1.656
  3.695  4.230  1.896  2.655
  3.532  4.017  1.899  2.619
  3.177  3.586  1.760  2.981
  2.598  2.954  1.443  1.373
  2.504  2.808  1.396  3.096
  2.387  2.681  1.323  2.864
  2.409  2.754  1.225  2.073
  2.372  2.752  1.103  1.488
  2.450  2.840  1.049  2.938
  2.464  2.797  1.295  2.538
  2.475  2.852  1.214  1.611
  2.421  2.748  1.363  1.237
  2.145  2.318  1.558  1.919
  1.839  1.874  1.747  1.378
  1.771  1.806  1.677  1.361
  1.670  1.670  1.704  1.176
  1.608  1.545  1.850  1.328
  1.537  1.502  1.710  0.820
  1.326  1.240  1.631  1.296
  1.250  1.176  1.543  0.800
  1.213  1.010  1.976  0.474
  1.184  0.972  1.964  0.625
  1.213  1.106  1.643  0.463
  1.504  1.389  1.972  0.610
  1.673  1.594  2.046  0.302
  1.765  1.746  1.937  0.298
  1.871  1.900  1.883  0.295
  1.772  1.848  1.622  0.146
  2.020  2.121  1.799  0.144
  2.119  2.262  1.769  0.000
  2.231  2.553  1.266  0.000
  2.537  2.879  1.520  0.000
  2.569  2.925  1.503  0.000
  2.729  3.132  1.516  0.000
  2.737  3.083  1.720  0.000
  2.574  2.865  1.739  0.000
  2.398  2.629  1.758  0.000
  2.300  2.500  1.767  0.000
  2.265  2.454  1.766  0.000
  2.291  2.509  1.692  0.000
  2.138  2.330  1.620  0.000
  2.003  2.137  1.674  0.000
  1.754  1.938  1.234  0.000
  1.711  1.793  1.543  0.000
  1.629  1.711  1.458  0.000
  1.511  1.600  1.306  0.000
  1.521  1.588  1.394  0.000
  1.606  1.665  1.513  0.000
  1.533  1.527  1.663  0.000
  1.638  1.601  1.884  0.000
  1.625  1.490  2.197  0.227
  1.498  1.415  1.894  0.000
  1.596  1.407  2.352  0.222
  1.609  1.427  2.328  0.441
  1.606  1.429  2.305  0.545
  1.626  1.494  2.205  0.000
  1.747  1.706  1.970  0.641
  1.793  1.801  1.837  0.741
  1.978  1.985  2.066  0.419
  2.001  2.088  1.787  0.727
  1.926  1.970  1.828  1.131
  1.756  1.793  1.636  1.629
  1.590  1.531  1.836  1.008
  1.498  1.473  1.619  0.999
  1.593  1.558  1.724  1.484
  1.643  1.634  1.666  1.764
  1.864  1.910  1.726  1.553
  2.162  2.269  1.813  1.827
  2.170  2.199  2.062  2.286
  2.084  2.182  1.753  1.888
  1.883  1.916  1.803  1.403
  1.876  1.842  1.985  2.038
  1.974  1.993  1.915  1.836
  2.121  2.219  1.832  1.365
  2.299  2.397  1.977  1.983
  2.334  2.490  1.825  1.787
  2.433  2.575  1.878  3.276
  2.205  2.238  2.075  2.369
  1.919  1.947  1.826  1.826
  1.789  1.749  1.902  2.155
  1.534  1.397  1.898  3.161
  1.481  1.294  2.093  2.032
  1.379  1.254  1.721  2.686
  1.500  1.425  1.629  3.412
  1.547  1.540  1.526  2.145
  1.623  1.621  1.642  1.472
  1.547  1.542  1.523  2.108
  1.467  1.544  1.200  1.447
  1.405  1.415  1.366  1.435
  1.503  1.500  1.462  2.213
  1.518  1.529  1.450  1.959
  1.631  1.670  1.465  2.020
  1.655  1.661  1.646  1.541
  1.713  1.753  1.577  1.681
  1.619  1.709  1.315  1.440
  1.662  1.689  1.578  1.503
  1.752  1.783  1.613  2.161
  1.768  1.776  1.721  2.070
  1.868  1.912  1.728  1.686
  1.775  1.815  1.641  1.673
  1.903  1.920  1.855  1.731
  1.798  1.836  1.681  1.574
  1.864  1.802  2.074  1.987
  1.779  1.740  1.931  1.549
  1.780  1.743  1.871  2.305
  1.768  1.686  2.024  2.217
  1.712  1.639  1.930  2.269
  1.638  1.560  1.876  2.114
  1.589  1.530  1.759  2.098
  1.526  1.451  1.770  1.813
  0.3993879E+03  0.3972894E+03
  0.000  0.000  0.000  0.000
  0.000  0.000  0.000  0.000
  0.000  0.000  0.000  0.000
  0.000  0.000  0.000  0.000
  0.000  0.000  0.000  0.000
  0.000  0.000  0.000  0.000
  0.000  0.000  0.000  0.000
  0.000  0.000  0.000  0.000
  0.000  0.000  0.000  0.000
  0.000  0.000  0.000  0.000
  0.000  0.000  0.000  0.000
  0.000  0.000  0.000  0.000
  0.000  0.000  0.000  0.000
  0.000  0.000  0.000  0.000
  0.000  0.000  0.000  0.000
  0.000  0.000  0.000  0.000
  0.000  0.000  0.000  0.000
  0.000  0.000  0.000  0.000
  0.000  0.000  0.000  0.000
  0.000  0.000  0.000  0.000
  0.000  0.000  0.000  0.000
  0.000  0.000  0.000  0.000
  0.000  0.000  0.000  0.000
  0.000  0.000  0.000  0.000
  0.000  0.000  0.000  0.000
  0.000  0.000  0.000  0.000
  0.000  0.000  0.000  0.000
  0.091  0.000  0.414  0.000
  0.590  0.000  2.698  0.000
  1.102  0.000  5.036  0.000
  6.110  0.000 27.931  0.000
  2.899  0.000 13.251  0.000
  0.583  0.000  2.667  0.000
  0.183  0.000  0.837  0.000
  0.058  0.000  0.263  0.000
  0.000  0.000  0.000  0.000
  0.000  0.000  0.000  0.000
  0.000  0.000  0.000  0.000
  0.000  0.000  0.000  0.000
  0.614  0.803  0.000  0.000
  2.672  3.490  0.000  0.000
 10.060 13.140  0.000  0.000
 16.075 20.996  0.000  0.000
 15.960 20.846  0.000  0.000
 12.899 16.848  0.000  0.000
 10.486 13.696  0.000  0.000
  9.438 12.327  0.000  0.000
  8.317 10.862  0.000  0.000
  5.997  7.833  0.000  0.000
  4.751  6.206  0.000  0.000
  2.739  3.578  0.000  0.000
  1.368  1.787  0.000  0.000
  1.267  1.655  0.000  0.000
  0.574  0.750  0.000  0.000
  0.392  0.512  0.000  0.000
  0.245  0.319  0.000  0.000
  0.172  0.224  0.000  0.000
  0.228  0.298  0.000  0.000
  0.260  0.340  0.000  0.000
  0.348  0.455  0.000  0.000
  0.692  0.904  0.000  0.000
  0.670  0.875  0.000  0.000
  0.526  0.641  0.160  0.000
  0.577  0.665  0.311  0.000
  0.593  0.667  0.376  0.000
  0.814  0.688  1.313  0.000
  1.208  0.971  2.124  0.000
  2.420  2.022  3.985  0.000
  2.861  2.326  4.937  0.000
  3.800  2.852  7.389  0.000
  3.872  2.825  7.811  0.000
  3.376  2.310  7.349  0.000
  3.114  2.382  5.897  0.000
  2.916  2.682  3.941  0.000
  3.085  3.384  2.256  0.000
  3.172  3.892  0.879  0.000
  3.160  3.898  0.802  0.000
  3.626  4.632  0.365  0.000
  3.190  4.079  0.254  0.711
  3.229  4.203  0.050  0.000
  3.350  4.376  0.000  0.000
  3.237  4.175  0.141  0.660
  3.270  4.205  0.184  0.644
  3.782  4.888  0.180  0.000
  3.798  4.923  0.132  0.000
  3.401  4.344  0.300  0.600
  2.563  3.192  0.502  0.586
  1.977  2.325  0.736  2.290
  1.180  1.176  1.199  1.119
  0.940  0.771  1.524  1.094
  1.221  0.830  2.599  1.070
  1.235  0.780  2.879  0.524
  1.521  1.066  3.037  2.561
  1.457  1.136  2.578  1.504
  1.518  1.162  2.524  4.908
  1.659  1.275  2.849  3.845
  1.662  1.287  2.824  3.765
  1.686  1.289  2.865  4.611
  1.489  1.143  2.614  2.710
  1.639  1.473  2.055  3.984
  1.695  1.479  2.077  6.943
  1.861  1.676  2.218  5.956
  1.988  2.009  1.758  4.172
  2.218  2.246  1.987  4.092
  2.427  2.678  1.519  2.810
  2.443  2.740  1.210  5.119
  2.421  2.752  1.159  3.864
  2.536  2.972  0.975  3.034
  2.362  2.796  0.718  4.095
  3.101  3.738  0.783  4.387
  3.562  4.300  0.923  4.308
  3.729  4.554  0.856  3.526
  3.523  4.311  0.841  2.424
  3.572  4.388  0.608  5.104
  3.495  4.203  1.003  3.678
  3.804  4.613  0.962  3.943
  3.684  4.455  1.084  2.261
  3.155  3.835  0.816  2.540
  2.595  3.089  0.870  2.497
  2.556  2.944  1.250  1.842
  2.377  2.667  1.423  1.509
  2.069  2.206  1.569  2.375
  1.962  2.009  1.878  0.876
  1.881  1.730  2.381  2.299
  2.298  2.360  2.202  0.566
  2.287  2.380  2.087  0.557
  2.444  2.527  2.309  0.274
  2.574  2.603  2.600  0.809
  2.393  2.449  2.351  0.265
  2.716  2.864  2.352  0.523
  2.481  2.416  2.868  0.257
  2.289  2.348  2.245  0.000
  2.387  2.390  2.497  0.749
  2.398  2.514  2.143  0.246
  2.654  2.784  2.336  0.727
  2.794  2.977  2.302  0.716
  2.786  3.082  1.815  1.882
  2.648  2.886  1.937  0.927
  2.692  2.900  2.007  2.056
  2.699  2.997  1.754  1.351
  2.647  2.886  1.871  1.776
  2.630  2.810  2.017  2.408
  2.536  2.810  1.681  1.079
  2.681  2.880  2.022  2.128
  3.027  3.449  1.634  1.889
  3.461  3.913  1.878  3.520
  3.484  4.055  1.575  2.246
  3.459  3.972  1.741  2.418
  3.146  3.557  1.760  2.385
  2.675  3.034  1.485  1.765
  2.588  2.922  1.451  2.129
  2.459  2.720  1.514  2.864
  2.668  2.973  1.588  2.827
  2.645  3.029  1.355  1.860
  2.358  2.668  1.233  2.938
  2.382  2.693  1.321  1.994
  2.293  2.542  1.393  2.684
  2.269  2.358  2.007  1.590
  2.066  2.158  1.732  2.268
  1.879  1.983  1.551  1.378
  1.704  1.767  1.483  1.701
  1.610  1.708  1.308  1.008
  1.668  1.612  1.909  0.996
  1.540  1.476  1.815  0.820
  1.402  1.309  1.747  1.134
  1.293  1.172  1.772  0.480
  1.122  1.010  1.491  1.423
  1.267  1.116  1.852  0.469
  1.283  1.137  1.875  0.154
  1.604  1.519  2.016  0.000
  1.673  1.643  1.885  0.151
  1.816  1.889  1.661  0.447
  1.795  1.834  1.778  0.147
  1.879  2.009  1.529  0.437
  1.948  2.092  1.583  0.000
  2.217  2.440  1.596  0.000
  2.394  2.688  1.538  0.000
  2.408  2.723  1.481  0.000
  2.579  2.914  1.592  0.000
  2.674  3.020  1.652  0.000
  2.546  2.866  1.605  0.000
  2.590  2.933  1.578  0.000
  2.467  2.696  1.842  0.000
  2.315  2.556  1.636  0.000
  2.390  2.586  1.876  0.000
  2.201  2.420  1.592  0.000
  2.170  2.363  1.647  0.000
  1.950  2.056  1.719  0.000
  1.762  1.896  1.419  0.000
  1.732  1.786  1.665  0.000
  1.638  1.674  1.630  0.000
  1.526  1.529  1.622  0.000
  1.499  1.521  1.529  0.000
  1.520  1.474  1.789  0.000
  1.727  1.643  2.143  0.000
  1.546  1.458  1.958  0.115
  1.642  1.559  2.043  0.114
  1.549  1.500  1.822  0.112
  1.488  1.392  1.923  0.111
  1.626  1.479  2.242  0.220
  1.581  1.475  2.048  0.218
  1.537  1.436  1.982  0.216
  1.724  1.647  2.084  0.428
  1.733  1.754  1.731  0.741
  1.945  1.989  1.887  0.629
  1.978  2.038  1.853  0.830
  1.932  1.999  1.740  1.336
  1.713  1.745  1.651  1.018
  1.632  1.551  1.959  1.008
  1.560  1.480  1.855  1.398
  1.603  1.607  1.540  2.275
  1.725  1.782  1.526  1.764
  2.035  2.112  1.803  1.553
  2.000  2.076  1.724  2.115
  2.176  2.259  1.994  0.667
  2.045  2.128  1.739  2.265
  1.896  1.868  2.004  1.777
  1.969  2.014  1.820  1.853
  2.099  2.130  1.941  2.754
  2.146  2.181  2.073  1.456
  2.244  2.331  2.003  1.352
  2.327  2.459  1.914  1.608
  2.273  2.423  1.783  1.771
  2.280  2.401  1.836  2.545
  1.930  1.990  1.665  2.696
  1.795  1.752  1.896  2.500
  1.567  1.503  1.715  2.648
  1.440  1.284  1.905  2.541
  1.434  1.316  1.751  2.770
  1.404  1.292  1.730  2.330
  1.535  1.426  1.868  2.227
  1.591  1.536  1.712  2.617
  1.518  1.507  1.541  1.703
  1.516  1.511  1.493  2.090
  1.457  1.444  1.486  1.674
  1.488  1.505  1.417  1.660
  1.496  1.487  1.472  2.273
  1.618  1.676  1.460  1.010
  1.601  1.650  1.448  1.387
  1.656  1.690  1.523  1.834
  1.789  1.837  1.635  1.591
  1.720  1.751  1.621  1.578
  1.783  1.819  1.629  2.161
  1.694  1.679  1.737  1.848
  1.761  1.776  1.676  2.200
  1.806  1.837  1.678  2.036
  1.799  1.771  1.870  2.164
  1.851  1.841  1.840  2.504
  1.879  1.916  1.719  2.271
  1.790  1.793  1.785  1.690
  1.826  1.806  1.856  2.375
  1.782  1.752  1.886  1.802
  1.736  1.730  1.704  2.475
  1.664  1.587  1.890  2.251
  1.578  1.480  1.871  2.233
  1.574  1.521  1.750  1.679
  0.3961415E+03  0.3938120E+03
  0.000  0.000  0.000  0.000
  0.000  0.000  0.000  0.000
  0.000  0.000  0.000  0.000
  0.000  0.000  0.000  0.000
  0.000  0.000  0.000  0.000
  0.000  0.000  0.000  0.000
  0.000  0.000  0.000  0.000
  0.000  0.000  0.000  0.000
  0.000  0.000  0.000  0.000
  0.000  0.000  0.000  0.000
  0.000  0.000  0.000  0.000
  0.000  0.000  0.000  0.000
  0.000  0.000  0.000  0.000
  0.000  0.000  0.000  0.000
  0.000  0.000  0.000  0.000
  0.000  0.000  0.000  0.000
  0.000  0.000  0.000  0.000
  0.000  0.000  0.000  0.000
  0.000  0.000  0.000  0.000
  0.000  0.000  0.000  0.000
  0.000  0.000  0.000  0.000
  0.000  0.000  0.000  0.000
  0.000  0.000  0.000  0.000
  0.000  0.000  0.000  0.000
  0.000  0.000  0.000  0.000
  0.000  0.000  0.000  0.000
  0.000  0.000  0.000  0.000
  0.091  0.000  0.414  0.000
  0.506  0.000  2.312  0.000
  1.102  0.000  5.036  0.000
  6.404  0.000 29.277  0.000
  2.761  0.000 12.620  0.000
  0.454  0.000  2.075  0.000
  0.183  0.000  0.837  0.000
  0.115  0.000  0.526  0.000
  0.000  0.000  0.000  0.000
  0.000  0.000  0.000  0.000
  0.000  0.000  0.000  0.000
  0.046  0.060  0.000  0.000
  0.307  0.401  0.000  0.000
  3.257  4.253  0.000  0.000
 10.060 13.140  0.000  0.000
 15.810 20.650  0.000  0.000
 15.888 20.751  0.000  0.000
 12.242 15.990  0.000  0.000
 10.486 13.696  0.000  0.000
 10.388 13.568  0.000  0.000
  8.620 11.259  0.000  0.000
  6.085  7.947  0.000  0.000
  3.829  5.001  0.000  0.000
  2.471  3.227  0.000  0.000
  1.782  2.327  0.000  0.000
  1.019  1.331  0.000  0.000
  0.694  0.906  0.000  0.000
  0.807  1.054  0.000  0.000
  0.356  0.465  0.000  0.000
  0.129  0.168  0.000  0.000
  0.124  0.162  0.000  0.000
  0.180  0.235  0.000  0.000
  0.213  0.278  0.000  0.000
  0.599  0.782  0.000  0.000
  0.724  0.922  0.083  0.000
  0.719  0.939  0.000  0.000
  0.577  0.688  0.233  0.000
  0.626  0.710  0.376  0.000
  0.942  1.022  0.730  0.000
  1.192  1.011  1.911  0.000
  1.954  1.571  3.436  0.000
  3.050  2.573  4.937  0.000
  3.757  2.889  7.065  0.000
  3.197  2.088  7.307  0.000
  3.510  2.275  8.084  0.000
  2.918  2.178  5.718  0.000
  3.157  2.964  4.057  0.000
  3.233  3.320  3.159  0.000
  3.040  3.625  1.208  0.000
  3.054  3.806  0.642  0.000
  3.626  4.572  0.573  0.000
  3.479  4.514  0.102  0.000
  3.630  4.713  0.099  0.000
  3.403  4.403  0.097  0.676
  3.609  4.700  0.047  0.000
  3.210  4.153  0.138  0.000
  3.664  4.670  0.359  0.629
  3.875  4.998  0.175  0.614
  3.410  4.332  0.385  0.600
  2.645  3.300  0.502  0.586
  1.735  2.056  0.654  1.145
  1.277  1.291  1.039  3.917
  1.009  0.704  2.032  1.642
  0.878  0.459  2.293  1.605
  1.440  0.951  3.029  3.141
  1.361  0.836  3.037  3.586
  1.528  1.187  2.614  3.008
  1.679  1.132  3.330  5.399
  1.449  1.128  2.403  3.845
  1.258  0.999  2.017  3.295
  1.448  1.223  1.943  5.533
  1.468  1.208  2.194  4.066
  1.826  1.572  2.688  2.214
  1.892  1.621  2.697  3.906
  1.855  1.823  1.914  2.553
  2.014  1.830  2.414  5.423
  2.538  2.547  2.309  5.319
  2.352  2.556  1.605  2.810
  2.455  2.797  1.125  4.332
  2.699  3.107  1.214  3.478
  2.477  2.879  1.002  3.413
  2.368  2.766  0.904  3.351
  3.061  3.805  0.548  1.828
  3.466  4.308  0.744  0.359
  3.674  4.626  0.428  2.468
  3.642  4.481  0.643  4.502
  3.296  4.055  0.535  4.763
  3.489  4.298  0.573  4.680
  3.830  4.720  0.728  3.614
  3.800  4.692  0.807  1.938
  3.110  3.732  0.998  2.222
  2.868  3.357  1.182  2.497
  2.475  2.838  1.184  2.762
  2.127  2.322  1.552  0.604
  2.004  2.157  1.485  1.781
  1.889  1.842  2.086  1.460
  2.012  2.041  1.929  1.724
  2.130  2.158  2.080  1.414
  2.244  2.169  2.524  1.948
  2.375  2.225  2.954  1.643
  2.464  2.454  2.638  0.539
  2.501  2.584  2.351  0.531
  2.503  2.672  2.054  0.523
  2.453  2.600  2.096  0.257
  2.459  2.442  2.625  1.014
  2.524  2.624  2.283  0.999
  2.621  2.750  2.336  0.246
  2.843  2.937  2.682  0.485
  2.880  3.118  2.166  1.194
  2.999  3.164  2.604  0.470
  2.681  2.806  2.385  0.695
  2.503  2.723  1.844  0.914
  2.439  2.648  1.754  1.802
  2.432  2.592  1.887  2.220
  2.507  2.680  2.017  0.876
  2.560  2.793  1.804  1.727
  2.614  2.858  1.764  2.554
  3.224  3.598  1.949  2.729
  3.539  4.149  1.405  3.520
  3.682  4.201  1.925  2.859
  3.396  3.906  1.655  2.820
  3.093  3.521  1.633  2.584
  2.749  3.046  1.709  2.745
  2.377  2.741  1.078  2.709
  2.453  2.810  1.132  3.437
  2.795  3.292  1.117  1.885
  2.500  2.919  1.143  0.930
  2.278  2.661  0.984  1.653
  2.288  2.645  1.023  2.538
  2.430  2.732  1.419  1.790
  2.366  2.629  1.489  1.767
  2.194  2.396  1.520  1.745
  1.936  2.043  1.563  1.895
  1.829  1.802  1.969  1.191
  1.434  1.447  1.440  0.672
  1.502  1.419  1.814  1.162
  1.430  1.342  1.733  1.476
  1.329  1.210  1.747  1.296
  1.400  1.251  1.920  1.440
  1.235  1.039  1.976  0.474
  1.313  1.161  1.897  0.625
  1.295  1.115  1.974  0.617
  1.504  1.348  2.136  0.305
  1.666  1.572  2.111  0.000
  1.714  1.712  1.831  0.149
  1.860  1.888  1.883  0.147
  1.813  1.920  1.570  0.000
  1.927  2.047  1.635  0.144
  2.157  2.341  1.657  0.142
  2.449  2.777  1.477  0.000
  2.571  2.870  1.709  0.000
  2.665  3.032  1.572  0.000
  2.882  3.237  1.846  0.000
  2.634  2.971  1.643  0.000
  2.484  2.734  1.787  0.000
  2.389  2.637  1.692  0.000
  2.274  2.508  1.618  0.000
  2.199  2.368  1.766  0.000
  2.209  2.420  1.629  0.000
  2.044  2.258  1.440  0.000
  1.923  2.122  1.362  0.000
  1.818  1.974  1.401  0.000
  1.751  1.883  1.412  0.000
  1.638  1.780  1.260  0.000
  1.557  1.717  1.101  0.120
  1.543  1.581  1.521  0.000
  1.503  1.541  1.480  0.000
  1.584  1.523  1.903  0.116
  1.532  1.474  1.827  0.229
  1.626  1.490  2.222  0.000
  1.603  1.442  2.271  0.112
  1.590  1.403  2.360  0.000
  1.586  1.445  2.179  0.220
  1.598  1.437  2.251  0.327
  1.680  1.533  2.298  0.216
  1.810  1.773  2.023  0.641
  1.882  1.834  2.162  0.318
  2.058  2.150  1.864  0.314
  2.069  2.160  1.816  1.142
  1.874  1.871  1.916  1.439
  1.627  1.608  1.767  0.611
  1.550  1.531  1.649  1.109
  1.443  1.384  1.662  1.298
  1.578  1.536  1.696  1.978
  1.679  1.696  1.624  1.666
  1.885  1.880  1.920  1.650
  2.100  2.112  2.040  2.404
  2.175  2.315  1.694  2.000
  2.048  2.163  1.645  2.076
  1.962  2.013  1.797  1.777
  1.868  1.849  1.952  1.575
  2.025  2.040  1.954  2.295
  2.139  2.207  1.943  1.547
  2.293  2.403  1.951  1.713
  2.402  2.503  2.067  2.144
  2.397  2.539  1.916  2.213
  2.151  2.287  1.680  2.106
  1.947  1.977  1.876  1.478
  1.670  1.652  1.730  1.724
  1.475  1.316  1.934  2.819
  1.432  1.319  1.712  3.049
  1.464  1.340  1.781  3.106
  1.543  1.467  1.736  2.580
  1.585  1.551  1.620  2.805
  1.579  1.567  1.566  2.372
  1.472  1.448  1.523  1.946
  1.507  1.518  1.464  1.608
  1.445  1.427  1.469  1.993
  1.487  1.523  1.344  1.739
  1.523  1.524  1.478  2.116
  1.629  1.665  1.471  2.098
  1.684  1.735  1.492  1.926
  1.754  1.826  1.485  1.987
  1.717  1.726  1.705  1.440
  1.696  1.779  1.455  0.977
  1.831  1.865  1.746  1.342
  1.716  1.735  1.637  1.922
  1.771  1.791  1.713  1.613
  1.766  1.769  1.761  1.673
  1.781  1.755  1.865  1.875
  1.901  1.932  1.784  2.003
  1.727  1.750  1.622  2.058
  1.803  1.756  1.987  1.549
  1.837  1.803  1.931  2.165
  1.763  1.732  1.901  1.317
  1.693  1.615  1.900  2.612
  1.648  1.560  1.963  1.501
  1.554  1.471  1.851  1.489
  1.604  1.520  1.885  1.813
  0.3940557E+03  0.3891141E+03
  0.000  0.000  0.000  0.000
  0.000  0.000  0.000  0.000
  0.000  0.000  0.000  0.000
  0.000  0.000  0.000  0.000
  0.000  0.000  0.000  0.000
  0.000  0.000  0.000  0.000
  0.000  0.000  0.000  0.000
  0.000  0.000  0.000  0.000
  0.000  0.000  0.000  0.000
  0.000  0.000  0.000  0.000
  0.000  0.000  0.000  0.000
  0.000  0.000  0.000  0.000
  0.000  0.000  0.000  0.000
  0.000  0.000  0.000  0.000
  0.000  0.000  0.000  0.000
  0.000  0.000  0.000  0.000
  0.000  0.000  0.000  0.000
  0.000  0.000  0.000  0.000
  0.000  0.000  0.000  0.000
  0.000  0.000  0.000  0.000
  0.000  0.000  0.000  0.000
  0.000  0.000  0.000  0.000
  0.000  0.000  0.000  0.000
  0.000  0.000  0.000  0.000
  0.000  0.000  0.000  0.000
  0.000  0.000  0.000  0.000
  0.000  0.000  0.000  0.000
  0.091  0.000  0.414  0.000
  0.253  0.000  1.156  0.000
  1.495  0.000  6.835  0.000
  6.552  0.000 29.950  0.000
  2.346  0.000 10.727  0.000
  0.583  0.000  2.667  0.000
  0.183  0.000  0.837  0.000
  0.115  0.000  0.526  0.000
  0.000  0.000  0.000  0.000
  0.000  0.000  0.000  0.000
  0.000  0.000  0.000  0.000
  0.000  0.000  0.000  0.000
  0.263  0.344  0.000  0.000
  2.881  3.763  0.000  0.000
  9.901 12.932  0.000  0.000
 16.189 21.145  0.000  0.000
 15.526 20.279  0.000  0.000
 12.657 16.532  0.000  0.000
 11.015 14.387  0.000  0.000
  9.185 11.996  0.000  0.000
  8.043 10.506  0.000  0.000
  6.783  8.860  0.000  0.000
  3.969  5.184  0.000  0.000
  2.712  3.542  0.000  0.000
  1.653  2.158  0.000  0.000
  1.068  1.395  0.000  0.000
  0.550  0.719  0.000  0.000
  0.623  0.813  0.000  0.000
  0.467  0.610  0.000  0.000
  0.343  0.448  0.000  0.000
  0.124  0.162  0.000  0.000
  0.140  0.183  0.000  0.000
  0.232  0.303  0.000  0.000
  0.524  0.684  0.000  0.000
  0.634  0.804  0.083  0.000
  0.701  0.893  0.080  0.000
  0.730  0.932  0.078  0.000
  0.626  0.731  0.301  0.000
  0.814  0.709  1.241  0.000
  1.254  1.133  1.770  0.000
  2.134  1.688  3.848  0.000
  3.342  2.821  5.404  0.000
  3.927  3.000  7.454  0.000
  3.458  2.340  7.622  0.000
  3.188  2.152  7.042  0.000
  2.958  2.416  5.063  0.000
  2.700  2.451  3.767  0.000
  2.912  2.998  2.820  0.000
  2.907  3.280  1.812  0.000
  2.937  3.638  0.695  0.000
  3.603  4.602  0.365  0.000
  3.656  4.718  0.203  0.000
  4.031  5.208  0.198  0.000
  3.086  4.017  0.048  0.000
  3.444  4.457  0.141  0.000
  3.391  4.376  0.184  0.000
  3.821  4.952  0.135  0.000
  3.530  4.560  0.175  0.000
  3.063  3.830  0.514  1.199
  2.682  3.347  0.502  0.586
  2.022  2.360  0.900  1.145
  1.451  1.679  0.759  0.000
  0.752  0.659  1.055  1.094
  1.037  0.688  2.255  1.070
  1.014  0.662  2.244  1.047
  1.297  0.910  2.708  0.512
  1.606  1.146  3.187  2.005
  1.626  1.202  2.945  3.926
  1.705  1.275  3.192  1.922
  1.478  1.153  2.286  6.119
  1.542  1.082  2.898  5.072
  1.560  1.235  2.517  4.066
  1.501  1.220  2.245  4.870
  1.688  1.417  2.418  4.773
  1.928  1.797  2.097  5.956
  2.008  1.992  1.818  5.423
  2.174  2.313  1.520  4.501
  2.402  2.597  1.577  4.415
  2.369  2.668  1.097  5.513
  2.560  2.823  1.408  5.796
  2.602  2.895  1.409  4.931
  2.728  3.138  1.144  4.840
  3.090  3.708  0.862  4.021
  3.348  4.007  0.897  5.384
  3.454  4.195  0.856  3.526
  3.815  4.742  0.668  2.424
  3.424  4.083  1.045  4.423
  3.766  4.633  0.788  3.009
  3.691  4.513  0.892  2.628
  3.653  4.383  1.176  2.584
  2.996  3.622  0.794  3.175
  2.863  3.376  1.182  1.249
  2.475  2.931  0.965  1.228
  2.085  2.279  1.423  1.811
  2.088  2.224  1.675  1.188
  1.789  1.848  1.669  0.584
  1.994  1.994  2.053  1.149
  2.099  2.124  2.121  0.566
  2.313  2.340  2.306  1.113
  2.341  2.269  2.700  0.822
  2.494  2.658  2.003  1.348
  2.609  2.709  2.408  0.531
  2.777  2.971  2.240  0.784
  2.521  2.700  2.077  0.000
  2.269  2.317  2.227  0.507
  2.305  2.237  2.693  0.250
  2.202  2.228  2.248  0.246
  2.612  2.764  2.267  0.000
  2.611  2.728  2.336  0.716
  2.727  2.972  2.000  0.941
  2.938  3.160  2.285  1.159
  2.706  3.050  1.632  0.914
  2.513  2.740  1.834  0.901
  2.675  2.918  1.871  1.998
  2.637  2.841  1.923  2.627
  2.620  2.824  1.943  2.158
  2.804  3.093  1.809  2.554
  3.293  3.706  1.874  2.939
  3.429  3.925  1.745  2.691
  3.564  4.109  1.678  3.268
  3.334  3.783  1.727  3.828
  3.071  3.472  1.675  2.981
  2.660  2.962  1.625  2.353
  2.461  2.670  1.769  1.935
  2.575  2.892  1.555  1.337
  2.612  2.885  1.629  3.015
  2.491  2.821  1.382  1.860
  2.591  2.975  1.220  2.938
  2.458  2.797  1.295  2.175
  2.237  2.513  1.368  0.895
  2.233  2.470  1.527  0.530
  2.181  2.218  2.119  1.221
  1.801  1.899  1.415  2.412
  1.792  1.844  1.629  1.531
  1.691  1.715  1.680  0.672
  1.478  1.521  1.340  1.328
  1.435  1.509  1.206  0.984
  1.235  1.200  1.377  0.972
  1.190  1.179  1.280  0.480
  1.171  1.100  1.434  0.949
  1.325  1.186  1.841  0.937
  1.411  1.282  1.930  0.463
  1.442  1.308  1.972  0.610
  1.713  1.597  2.229  0.151
  1.830  1.855  1.863  0.149
  1.827  1.849  1.852  0.442
  1.947  1.979  1.966  0.146
  1.873  2.047  1.388  0.144
  2.019  2.236  1.403  0.000
  2.198  2.472  1.387  0.141
  2.476  2.779  1.590  0.000
  2.493  2.819  1.533  0.000
  2.719  3.057  1.730  0.000
  2.676  3.020  1.662  0.000
  2.601  2.873  1.834  0.000
  2.439  2.683  1.758  0.000
  2.410  2.675  1.655  0.000
  2.267  2.507  1.591  0.000
  2.227  2.441  1.638  0.000
  2.166  2.289  1.890  0.000
  1.997  2.158  1.576  0.000
  1.920  2.047  1.612  0.000
  1.800  1.923  1.500  0.000
  1.740  1.817  1.596  0.000
  1.550  1.634  1.366  0.000
  1.443  1.458  1.495  0.000
  1.467  1.438  1.664  0.117
  1.497  1.449  1.771  0.000
  1.561  1.503  1.868  0.115
  1.584  1.446  2.181  0.000
  1.671  1.511  2.344  0.112
  1.625  1.491  2.185  0.334
  1.648  1.537  2.147  0.110
  1.445  1.357  1.822  0.436
  1.545  1.525  1.712  0.216
  1.725  1.625  2.138  0.855
  1.796  1.771  1.981  0.423
  1.849  1.880  1.774  1.362
  1.970  2.033  1.839  0.727
  1.897  1.982  1.652  1.131
  1.756  1.764  1.789  0.916
  1.512  1.516  1.520  1.210
  1.529  1.457  1.798  1.298
  1.586  1.577  1.590  1.978
  1.683  1.704  1.638  1.274
  1.967  2.013  1.810  1.941
  2.251  2.355  1.978  0.962
  2.129  2.222  1.830  1.715
  2.070  2.134  1.888  1.510
  1.987  2.008  1.950  1.496
  1.852  1.874  1.800  1.482
  2.030  2.048  1.961  2.112
  2.136  2.215  1.910  1.456
  2.178  2.256  1.970  1.262
  2.278  2.397  1.927  1.340
  2.397  2.546  1.897  2.125
  2.347  2.462  1.943  2.369
  2.050  2.066  1.932  2.957
  1.860  1.814  1.939  3.017
  1.536  1.384  2.008  2.392
  1.473  1.331  1.845  3.218
  1.392  1.244  1.811  2.770
  1.504  1.435  1.712  1.997
  1.575  1.507  1.762  2.310
  1.521  1.497  1.566  2.045
  1.500  1.466  1.610  1.622
  1.424  1.413  1.418  2.090
  1.367  1.342  1.423  1.833
  1.540  1.518  1.592  1.897
  1.522  1.540  1.461  1.489
  1.601  1.698  1.221  2.176
  1.625  1.681  1.453  1.310
  1.657  1.703  1.485  1.834
  1.620  1.697  1.321  2.046
  1.731  1.785  1.584  1.127
  1.628  1.693  1.405  1.565
  1.694  1.699  1.684  1.626
  1.744  1.772  1.655  1.613
  1.819  1.871  1.615  2.109
  1.887  1.855  1.989  2.020
  1.851  1.831  1.871  2.576
  1.886  1.864  1.942  2.200
  1.852  1.836  1.871  2.324
  1.883  1.856  1.861  3.492
  1.827  1.785  1.920  2.564
  1.857  1.793  2.067  2.062
  1.657  1.591  1.876  1.842
  1.509  1.431  1.750  1.962
  1.542  1.454  1.818  2.014
  0.3997649E+03  0.3980927E+03
  0.000  0.000  0.000  0.000
  0.000  0.000  0.000  0.000
  0.000  0.000  0.000  0.000
  0.000  0.000  0.000  0.000
  0.000  0.000  0.000  0.000
  0.000  0.000  0.000  0.000
  0.000  0.000  0.000  0.000
  0.000  0.000  0.000  0.000
  0.000  0.000  0.000  0.000
  0.000  0.000  0.000  0.000
  0.000  0.000  0.000  0.000
  0.000  0.000  0.000  0.000
  0.000  0.000  0.000  0.000
  0.000  0.000  0.000  0.000
  0.000  0.000  0.000  0.000
  0.000  0.000  0.000  0.000
  0.000  0.000  0.000  0.000
  0.000  0.000  0.000  0.000
  0.000  0.000  0.000  0.000
  0.000  0.000  0.000  0.000
  0.000  0.000  0.000  0.000
  0.000  0.000  0.000  0.000
  0.000  0.000  0.000  0.000
  0.000  0.000  0.000  0.000
  0.000  0.000  0.000  0.000
  0.000  0.000  0.000  0.000
  0.000  0.000  0.000  0.000
  0.181  0.000  0.828  0.000
  0.337  0.000  1.542  0.000
  1.259  0.000  5.755  0.000
  6.625  0.000 30.287  0.000
  2.277  0.000 10.411  0.000
  0.713  0.000  3.260  0.000
  0.183  0.000  0.837  0.000
  0.058  0.000  0.263  0.000
  0.000  0.000  0.000  0.000
  0.000  0.000  0.000  0.000
  0.000  0.000  0.000  0.000
  0.046  0.060  0.000  0.000
  0.263  0.344  0.000  0.000
  3.090  4.035  0.000  0.000
 10.458 13.659  0.000  0.000
 15.772 20.600  0.000  0.000
 15.055 19.664  0.000  0.000
 12.726 16.622  0.000  0.000
 10.453 13.653  0.000  0.000
  9.597 12.534  0.000  0.000
  9.379 12.250  0.000  0.000
  6.405  8.366  0.000  0.000
  4.164  5.439  0.000  0.000
  2.444  3.192  0.000  0.000
  1.317  1.720  0.000  0.000
  1.093  1.428  0.000  0.000
  0.694  0.906  0.000  0.000
  0.461  0.602  0.000  0.000
  0.378  0.494  0.000  0.000
  0.257  0.336  0.000  0.000
  0.124  0.162  0.000  0.000
  0.140  0.183  0.000  0.000
  0.310  0.404  0.000  0.000
  0.468  0.611  0.000  0.000
  1.050  1.372  0.000  0.000
  0.561  0.710  0.080  0.000
  0.662  0.799  0.233  0.000
  0.576  0.667  0.301  0.000
  0.878  0.855  1.022  0.000
  1.270  1.032  2.195  0.000
  2.029  1.629  3.573  0.000
  2.948  2.593  4.404  0.000
  3.516  2.815  6.222  0.000
  3.651  2.412  8.251  0.000
  3.282  2.100  7.655  0.000
  3.023  2.570  4.824  0.000
  3.144  2.765  4.694  0.000
  2.801  2.885  2.707  0.000
  3.184  3.672  1.703  0.000
  2.984  3.699  0.695  0.000
  3.432  4.349  0.469  0.000
  4.012  5.138  0.356  0.000
  3.760  4.854  0.198  0.000
  3.350  4.334  0.097  0.676
  3.248  4.161  0.236  0.660
  3.803  4.876  0.322  0.000
  3.772  4.760  0.539  0.629
  3.693  4.735  0.263  0.614
  3.438  4.356  0.385  1.199
  2.609  3.156  0.711  2.343
  1.610  1.834  0.695  3.435
  1.399  1.382  1.359  2.798
  0.949  0.838  1.368  0.547
  0.995  0.655  2.064  2.676
  1.243  0.694  2.992  3.665
  1.417  0.815  3.403  3.074
  1.535  1.136  2.757  4.011
  1.480  1.232  2.314  1.963
  1.359  1.118  2.025  3.845
  1.324  1.153  1.715  4.236
  1.398  1.167  1.976  4.611
  1.546  1.291  2.356  2.710
  1.819  1.418  3.099  3.542
  1.960  1.709  2.604  5.207
  2.061  1.884  2.583  3.404
  2.066  1.992  2.265  2.920
  2.333  2.380  2.075  3.682
  2.559  2.842  1.491  3.612
  2.646  2.974  1.435  3.544
  2.331  2.713  1.049  1.546
  2.495  2.879  0.975  4.931
  2.693  3.244  0.718  3.351
  3.039  3.752  0.574  2.559
  3.556  4.351  0.795  3.231
  3.658  4.554  0.630  2.115
  3.387  4.226  0.519  2.424
  3.615  4.458  0.632  4.083
  3.495  4.278  0.764  3.343
  3.676  4.526  0.774  2.628
  3.396  4.225  0.623  1.615
  3.061  3.680  0.907  2.857
  2.809  3.281  1.271  1.249
  2.647  3.007  1.403  2.455
  2.306  2.495  1.660  2.113
  1.967  2.133  1.421  1.485
  2.108  2.211  1.690  2.921
  1.953  1.865  2.217  2.586
  2.094  2.043  2.282  1.979
  2.105  2.084  2.147  2.505
  2.375  2.314  2.641  1.643
  2.751  2.768  2.812  1.078
  2.377  2.449  2.256  0.531
  2.544  2.635  2.390  0.261
  2.674  2.773  2.482  0.515
  2.444  2.566  2.136  0.760
  2.536  2.639  2.300  0.749
  2.609  2.690  2.477  0.492
  2.790  2.823  2.821  0.727
  2.715  2.835  2.387  1.432
  2.617  2.760  2.252  0.706
  2.608  2.791  2.120  0.464
  2.621  2.779  2.122  1.828
  2.671  2.864  2.091  1.351
  2.376  2.619  1.538  2.220
  2.483  2.703  1.798  1.313
  2.620  2.894  1.742  1.511
  2.787  3.071  1.764  3.193
  3.263  3.654  2.024  1.469
  3.513  4.018  1.893  1.449
  3.612  4.118  1.940  2.246
  3.560  4.161  1.511  2.820
  2.944  3.375  1.448  2.783
  2.773  3.174  1.401  2.353
  2.398  2.697  1.355  2.322
  2.575  3.024  1.050  1.910
  2.541  2.981  1.063  1.696
  2.453  2.783  1.209  3.720
  2.399  2.777  1.102  2.020
  2.342  2.712  1.036  2.538
  2.380  2.695  1.278  2.326
  2.272  2.636  1.085  1.060
  2.200  2.396  1.508  2.268
  1.847  1.955  1.452  2.067
  1.632  1.604  1.750  1.361
  1.594  1.488  1.933  2.017
  1.579  1.511  1.850  1.162
  1.455  1.372  1.792  0.820
  1.405  1.302  1.782  1.134
  1.353  1.221  1.852  0.800
  1.265  1.049  2.078  0.474
  1.282  1.084  2.020  0.625
  1.356  1.125  2.238  0.309
  1.406  1.242  2.049  0.458
  1.755  1.655  2.219  0.151
  1.772  1.755  1.948  0.149
  2.005  2.101  1.799  0.147
  1.820  1.923  1.581  0.146
  1.972  2.139  1.532  0.000
  2.255  2.466  1.677  0.000
  2.306  2.607  1.417  0.000
  2.471  2.663  1.977  0.000
  2.648  2.956  1.759  0.000
  2.695  3.068  1.584  0.000
  2.564  2.913  1.518  0.135
  2.622  2.952  1.654  0.000
  2.391  2.637  1.701  0.000
  2.353  2.556  1.813  0.000
  2.207  2.389  1.729  0.000
  2.303  2.519  1.710  0.000
  2.056  2.245  1.539  0.000
  1.895  2.028  1.567  0.000
  1.746  1.951  1.154  0.000
  1.690  1.858  1.221  0.000
  1.534  1.629  1.311  0.000
  1.556  1.707  1.135  0.000
  1.456  1.574  1.149  0.000
  1.589  1.596  1.672  0.117
  1.644  1.641  1.763  0.116
  1.591  1.526  1.925  0.115
  1.591  1.501  2.011  0.114
  1.622  1.559  1.950  0.112
  1.618  1.448  2.320  0.111
  1.624  1.425  2.438  0.000
  1.760  1.555  2.593  0.109
  1.833  1.650  2.568  0.540
  1.582  1.466  2.054  0.641
  1.869  1.817  2.139  0.635
  2.021  2.026  2.111  0.524
  1.893  1.936  1.846  0.415
  1.820  1.894  1.630  0.822
  1.821  1.947  1.432  1.120
  1.605  1.531  1.880  1.412
  1.545  1.545  1.541  1.598
  1.655  1.625  1.745  1.879
  1.660  1.602  1.862  1.666
  1.826  1.820  1.865  1.553
  1.938  2.045  1.573  1.827
  2.103  2.210  1.687  2.667
  2.007  2.071  1.780  2.076
  1.983  2.008  1.937  1.403
  1.933  1.904  2.052  1.668
  2.063  2.093  1.941  2.295
  2.132  2.189  1.975  1.547
  2.244  2.327  1.990  1.713
  2.359  2.467  1.985  2.323
  2.258  2.349  1.941  2.213
  2.209  2.310  1.893  1.667
  2.018  2.036  1.907  2.696
  1.733  1.717  1.730  2.586
  1.627  1.543  1.849  2.648
  1.434  1.345  1.615  3.303
  1.489  1.408  1.739  1.931
  1.478  1.389  1.742  2.164
  1.521  1.495  1.532  2.640
  1.541  1.554  1.460  2.045
  1.568  1.582  1.448  2.595
  1.486  1.463  1.516  2.171
  1.404  1.381  1.423  2.232
  1.516  1.548  1.417  1.344
  1.545  1.607  1.310  1.802
  1.605  1.629  1.521  1.632
  1.737  1.808  1.497  1.618
  1.666  1.715  1.523  1.223
  1.742  1.777  1.608  1.894
  1.698  1.663  1.788  2.179
  1.720  1.745  1.613  2.012
  1.712  1.684  1.837  1.331
  1.775  1.779  1.786  1.393
  1.794  1.818  1.714  1.745
  1.779  1.767  1.798  2.092
  1.837  1.834  1.799  2.504
  1.870  1.903  1.749  1.916
  1.832  1.792  2.022  1.127
  1.844  1.857  1.846  1.187
  1.810  1.735  2.084  1.663
  1.628  1.569  1.856  1.375
  1.619  1.548  1.851  1.842
  1.531  1.468  1.726  1.895
  1.502  1.429  1.755  1.544
  0.3987407E+03  0.3947540E+03
  0.000  0.000  0.000  0.000
  0.000  0.000  0.000  0.000
  0.000  0.000  0.000  0.000
  0.000  0.000  0.000  0.000
  0.000  0.000  0.000  0.000
  0.000  0.000  0.000  0.000
  0.000  0.000  0.000  0.000
  0.000  0.000  0.000  0.000
  0.000  0.000  0.000  0.000
  0.000  0.000  0.000  0.000
  0.000  0.000  0.000  0.000
  0.000  0.000  0.000  0.000
  0.000  0.000  0.000  0.000
  0.000  0.000  0.000  0.000
  0.000  0.000  0.000  0.000
  0.000  0.000  0.000  0.000
  0.000  0.000  0.000  0.000
  0.000  0.000  0.000  0.000
  0.000  0.000  0.000  0.000
  0.000  0.000  0.000  0.000
  0.000  0.000  0.000  0.000
  0.000  0.000  0.000  0.000
  0.000  0.000  0.000  0.000
  0.000  0.000  0.000  0.000
  0.000  0.000  0.000  0.000
  0.000  0.000  0.000  0.000
  0.000  0.000  0.000  0.000
  0.091  0.000  0.414  0.000
  0.253  0.000  1.156  0.000
  1.180  0.000  5.396  0.000
  6.257  0.000 28.604  0.000
  2.761  0.000 12.620  0.000
  0.843  0.000  3.853  0.000
  0.061  0.000  0.279  0.000
  0.115  0.000  0.526  0.000
  0.000  0.000  0.000  0.000
  0.000  0.000  0.000  0.000
  0.000  0.000  0.000  0.000
  0.046  0.060  0.000  0.000
  0.439  0.573  0.000  0.000
  3.006  3.926  0.000  0.000
  9.185 11.997  0.000  0.000
 16.000 20.897  0.000  0.000
 16.467 21.508  0.000  0.000
 12.277 16.035  0.000  0.000
 10.685 13.955  0.000  0.000
 10.610 13.858  0.000  0.000
  7.831 10.228  0.000  0.000
  5.386  7.035  0.000  0.000
  4.332  5.658  0.000  0.000
  2.820  3.683  0.000  0.000
  1.885  2.462  0.000  0.000
  1.118  1.460  0.000  0.000
  0.574  0.750  0.000  0.000
  0.507  0.663  0.000  0.000
  0.467  0.610  0.000  0.000
  0.172  0.224  0.000  0.000
  0.186  0.243  0.000  0.000
  0.140  0.183  0.000  0.000
  0.348  0.455  0.000  0.000
  0.486  0.635  0.000  0.000
  0.833  1.088  0.000  0.000
  0.631  0.824  0.000  0.000
  0.594  0.643  0.466  0.000
  0.840  1.011  0.301  0.000
  0.734  0.771  0.657  0.000
  1.223  1.032  1.982  0.000
  2.104  1.610  3.985  0.000
  3.298  2.650  5.805  0.000
  3.644  2.870  6.611  0.000
  3.197  2.160  7.055  0.000
  3.697  2.432  8.390  0.000
  3.257  2.399  6.492  0.000
  2.649  2.517  3.303  0.000
  2.764  2.933  2.369  0.000
  2.883  3.342  1.483  0.000
  3.370  4.295  0.374  0.000
  3.466  4.408  0.417  0.000
  3.545  4.601  0.102  0.000
  3.467  4.472  0.198  0.000
  3.688  4.817  0.000  0.000
  3.072  3.959  0.189  0.000
  3.230  4.192  0.092  0.000
  3.674  4.760  0.135  0.000
  3.702  4.748  0.307  0.000
  3.532  4.564  0.171  0.000
  2.673  3.359  0.460  0.000
  1.932  2.325  0.613  1.145
  1.329  1.405  1.079  1.119
  0.864  0.692  1.446  1.094
  0.903  0.666  1.720  1.070
  1.431  0.833  3.328  4.188
  1.441  0.910  3.183  3.074
  1.394  0.941  2.937  2.005
  1.633  1.252  2.945  1.963
  1.277  0.922  2.437  2.403
  1.361  1.162  1.950  2.824
  1.563  1.139  2.898  3.689
  1.609  1.217  2.678  5.873
  1.667  1.301  2.720  4.870
  1.743  1.568  2.108  5.207
  1.954  1.780  2.340  5.105
  1.929  1.890  1.907  4.172
  2.180  2.305  1.578  4.501
  2.534  2.793  1.433  5.218
  2.510  2.765  1.378  5.907
  2.512  2.752  1.353  6.956
  2.299  2.601  1.002  5.689
  2.397  2.796  0.957  2.979
  2.953  3.544  0.836  3.655
  3.505  4.308  0.744  2.872
  3.795  4.698  0.730  2.468
  3.669  4.481  0.792  4.156
  3.498  4.243  0.948  2.722
  3.651  4.462  0.860  3.009
  3.681  4.425  1.033  4.271
  3.578  4.304  0.992  4.198
  3.259  3.887  1.111  2.540
  3.141  3.593  1.605  2.497
  2.403  2.838  0.943  1.535
  2.245  2.421  1.660  1.811
  1.981  2.145  1.400  2.078
  1.839  1.913  1.669  0.584
  1.792  1.812  1.786  0.862
  2.072  2.049  2.202  1.414
  2.022  2.039  2.067  0.557
  2.332  2.353  2.426  0.000
  2.637  2.790  2.215  1.078
  2.725  2.860  2.389  0.796
  2.532  2.651  2.296  0.000
  2.714  2.873  2.353  0.000
  2.269  2.379  2.046  0.000
  2.450  2.466  2.550  0.250
  2.286  2.264  2.494  0.492
  2.597  2.660  2.544  0.242
  2.727  2.835  2.490  0.716
  2.562  2.756  2.000  0.941
  2.652  2.957  1.706  0.927
  2.628  2.886  1.763  2.056
  2.748  2.992  2.011  1.126
  2.800  3.113  1.745  2.220
  2.582  2.801  1.798  2.846
  2.634  2.872  1.866  1.727
  2.677  2.923  1.824  2.554
  3.106  3.560  1.619  1.679
  3.468  3.942  1.863  2.691
  3.526  4.064  1.750  2.042
  3.425  3.922  1.770  2.216
  2.882  3.233  1.704  2.186
  2.764  3.106  1.569  2.745
  2.709  3.005  1.603  3.677
  2.524  2.798  1.555  2.673
  2.630  2.919  1.548  3.581
  2.462  2.718  1.541  2.790
  2.513  2.840  1.456  1.285
  2.492  2.771  1.567  1.813
  2.458  2.776  1.393  1.790
  2.198  2.405  1.514  1.590
  2.017  2.204  1.396  1.570
  1.987  2.089  1.711  0.861
  1.696  1.736  1.629  0.681
  1.565  1.605  1.392  2.017
  1.458  1.433  1.529  1.660
  1.476  1.435  1.604  1.640
  1.435  1.478  1.284  1.458
  1.220  1.136  1.566  0.480
  1.198  1.120  1.513  0.632
  1.277  1.145  1.819  0.156
  1.283  1.122  1.908  0.463
  1.466  1.370  1.907  0.000
  1.562  1.446  2.046  0.452
  1.867  1.898  1.884  0.149
  1.848  1.903  1.789  0.000
  1.938  1.979  1.924  0.146
  1.939  2.094  1.532  0.000
  2.081  2.318  1.382  0.285
  2.302  2.610  1.377  0.141
  2.352  2.657  1.451  0.000
  2.603  2.967  1.513  0.000
  2.580  2.901  1.642  0.000
  2.752  3.102  1.720  0.000
  2.474  2.748  1.692  0.000
  2.358  2.610  1.645  0.000
  2.402  2.614  1.832  0.000
  2.358  2.546  1.867  0.000
  2.243  2.477  1.583  0.000
  2.140  2.302  1.728  0.000
  2.051  2.244  1.523  0.000
  1.978  2.115  1.639  0.000
  1.831  1.935  1.595  0.000
  1.729  1.789  1.639  0.000
  1.552  1.588  1.537  0.000
  1.506  1.501  1.631  0.000
  1.463  1.443  1.622  0.234
  1.495  1.440  1.796  0.000
  1.473  1.378  1.892  0.229
  1.598  1.529  1.954  0.000
  1.568  1.436  2.127  0.225
  1.552  1.428  2.090  0.111
  1.554  1.468  1.951  0.220
  1.578  1.455  2.118  0.000
  1.717  1.575  2.321  0.216
  1.704  1.651  1.970  0.534
  1.789  1.799  1.814  0.953
  1.836  1.874  1.797  0.524
  1.862  1.923  1.713  0.934
  1.842  1.953  1.512  1.028
  1.769  1.810  1.658  1.323
  1.613  1.558  1.844  1.109
  1.479  1.429  1.669  1.298
  1.626  1.601  1.710  1.682
  1.784  1.758  1.911  1.274
  1.947  2.024  1.719  1.359
  2.148  2.269  1.703  2.500
  2.222  2.366  1.769  1.524
  2.065  2.115  1.888  2.076
  2.025  2.050  1.977  1.496
  1.878  1.944  1.688  1.297
  1.895  1.881  1.941  1.928
  2.115  2.202  1.832  1.819
  2.240  2.331  1.996  1.172
  2.319  2.396  2.087  1.787
  2.382  2.495  2.005  2.125
  2.202  2.299  1.887  1.843
  2.002  2.037  1.864  2.174
  1.821  1.740  2.026  2.931
  1.718  1.616  1.989  2.905
  1.489  1.371  1.736  3.811
  1.470  1.341  1.901  1.763
  1.500  1.421  1.712  2.413
  1.520  1.419  1.797  2.557
  1.554  1.526  1.636  1.799
  1.478  1.443  1.598  1.541
  1.392  1.357  1.458  2.171
  1.285  1.248  1.406  1.435
  1.399  1.429  1.253  1.976
  1.587  1.601  1.517  1.881
  1.667  1.687  1.565  2.098
  1.648  1.712  1.431  1.541
  1.783  1.870  1.501  1.452
  1.675  1.765  1.337  2.046
  1.689  1.791  1.353  1.353
  1.705  1.720  1.640  1.863
  1.727  1.744  1.684  1.478
  1.669  1.715  1.482  2.053
  1.759  1.748  1.792  1.818
  1.860  1.865  1.824  2.092
  1.891  1.884  1.937  1.574
  1.860  1.822  1.942  2.555
  1.892  1.867  1.871  3.450
  1.790  1.729  1.956  2.445
  1.855  1.858  1.812  2.287
  1.767  1.689  1.979  2.612
  1.603  1.527  1.885  1.364
  1.556  1.507  1.711  1.827
  1.561  1.511  1.726  1.679
  0.3966944E+03  0.3937482E+03
  0.000  0.000  0.000  0.000
  0.000  0.000  0.000  0.000
  0.000  0.000  0.000  0.000
  0.000  0.000  0.000  0.000
  0.000  0.000  0.000  0.000
  0.000  0.000  0.000  0.000
  0.000  0.000  0.000  0.000
  0.000  0.000  0.000  0.000
  0.000  0.000  0.000  0.000
  0.000  0.000  0.000  0.000
  0.000  0.000  0.000  0.000
  0.000  0.000  0.000  0.000
  0.000  0.000  0.000  0.000
  0.000  0.000  0.000  0.000
  0.000  0.000  0.000  0.000
  0.000  0.000  0.000  0.000
  0.000  0.000  0.000  0.000
  0.000  0.000  0.000  0.000
  0.000  0.000  0.000  0.000
  0.000  0.000  0.000  0.000
  0.000  0.000  0.000  0.000
  0.000  0.000  0.000  0.000
  0.000  0.000  0.000  0.000
  0.000  0.000  0.000  0.000
  0.000  0.000  0.000  0.000
  0.000  0.000  0.000  0.000
  0.000  0.000  0.000  0.000
  0.091  0.000  0.414  0.000
  0.422  0.000  1.927  0.000
  1.338  0.000  6.115  0.000
  5.889  0.000 26.921  0.000
  3.037  0.000 13.882  0.000
  0.519  0.000  2.371  0.000
  0.122  0.000  0.558  0.000
  0.173  0.000  0.789  0.000
  0.000  0.000  0.000  0.000
  0.000  0.000  0.000  0.000
  0.000  0.000  0.000  0.000
  0.000  0.000  0.000  0.000
  0.483  0.631  0.000  0.000
  3.465  4.526  0.000  0.000
  9.623 12.568  0.000  0.000
 14.597 19.065  0.000  0.000
 16.358 21.366  0.000  0.000
 13.591 17.751  0.000  0.000
 10.420 13.610  0.000  0.000
  9.248 12.079  0.000  0.000
  8.499 11.100  0.000  0.000
  6.143  8.023  0.000  0.000
  4.416  5.768  0.000  0.000
  3.196  4.174  0.000  0.000
  1.498  1.956  0.000  0.000
  0.845  1.103  0.000  0.000
  0.766  1.000  0.000  0.000
  0.277  0.361  0.000  0.000
  0.400  0.523  0.000  0.000
  0.150  0.196  0.000  0.000
  0.228  0.298  0.000  0.000
  0.180  0.235  0.000  0.000
  0.310  0.404  0.000  0.000
  0.580  0.758  0.000  0.000
  0.742  0.946  0.083  0.000
  0.526  0.687  0.000  0.000
  0.696  0.865  0.155  0.000
  0.626  0.710  0.376  0.000
  0.511  0.459  0.730  0.000
  1.564  1.254  2.761  0.000
  2.164  1.845  3.436  0.000
  3.196  2.593  5.538  0.000
  3.786  3.056  6.611  0.000
  3.610  2.646  7.244  0.000
  2.987  2.030  6.553  0.000
  3.127  2.331  6.135  0.000
  3.131  2.765  4.636  0.000
  2.653  2.707  2.651  0.000
  3.196  3.782  1.373  0.000
  3.253  4.050  0.695  0.000
  3.227  4.125  0.313  0.000
  3.790  4.877  0.254  0.000
  3.641  4.713  0.099  0.693
  3.403  4.403  0.097  0.676
  3.289  4.242  0.189  0.000
  3.471  4.468  0.230  0.000
  3.693  4.747  0.180  1.257
  3.904  4.961  0.438  0.614
  3.054  3.830  0.514  0.600
  2.682  3.252  0.669  2.929
  1.968  2.290  0.900  1.145
  1.277  1.291  1.279  0.560
  1.009  0.826  1.524  2.736
  1.087  0.623  2.599  2.676
  1.284  0.855  2.655  3.141
  1.313  0.815  3.000  2.049
  1.528  1.259  2.471  1.504
  1.587  1.282  2.419  4.908
  1.457  1.098  2.506  4.325
  1.346  1.095  2.051  3.765
  1.599  1.223  2.832  2.766
  1.694  1.411  2.485  4.517
  1.729  1.437  2.403  6.641
  1.688  1.523  2.108  3.906
  1.988  1.728  2.674  5.105
  2.099  1.967  2.384  4.589
  2.359  2.488  1.783  4.092
  2.496  2.687  1.691  4.415
  2.369  2.684  1.238  2.757
  2.494  2.949  0.911  2.319
  2.673  3.174  0.975  1.896
  2.740  3.320  0.771  1.862
  3.278  3.961  0.862  3.655
  3.382  4.212  0.564  2.154
  3.415  4.202  0.781  1.763
  3.506  4.354  0.470  4.502
  3.440  4.298  0.462  3.062
  3.385  4.114  0.740  4.680
  3.558  4.419  0.681  1.643
  3.507  4.310  0.830  1.615
  3.229  3.926  0.884  1.905
  2.848  3.236  1.516  2.497
  2.523  2.919  1.206  1.535
  2.391  2.674  1.401  2.415
  2.148  2.266  1.739  2.078
  1.880  1.842  1.982  2.337
  2.030  2.006  2.114  2.012
  2.147  2.083  2.404  1.697
  2.178  2.124  2.405  1.670
  2.114  2.113  2.211  0.822
  2.671  2.768  2.369  2.157
  2.472  2.562  2.275  0.796
  2.744  2.859  2.446  1.307
  2.445  2.589  2.114  0.000
  2.333  2.400  2.245  0.253
  2.434  2.476  2.425  0.499
  2.613  2.630  2.705  0.492
  2.839  2.937  2.648  0.727
  2.775  2.816  2.779  0.716
  2.613  2.775  2.184  0.706
  2.575  2.782  1.954  1.159
  2.581  2.728  2.187  0.914
  2.678  2.905  1.898  2.478
  2.647  2.850  1.967  2.220
  2.552  2.846  1.517  2.627
  2.749  3.009  1.896  1.943
  2.897  3.214  1.824  2.341
  2.995  3.389  1.754  1.050
  3.536  3.989  1.982  3.106
  3.663  4.226  1.853  1.430
  3.365  3.935  1.425  2.619
  3.130  3.594  1.533  2.783
  2.525  2.858  1.331  2.942
  2.519  2.776  1.534  3.677
  2.387  2.728  1.200  2.292
  2.621  3.015  1.279  2.073
  2.619  2.984  1.395  1.860
  2.611  3.043  1.128  2.203
  2.402  2.778  1.075  2.538
  2.262  2.538  1.304  2.147
  2.217  2.481  1.325  1.767
  1.906  2.101  1.246  1.570
  1.898  2.032  1.415  2.067
  1.643  1.708  1.471  0.851
  1.583  1.557  1.680  1.512
  1.551  1.490  1.802  0.996
  1.471  1.425  1.663  0.984
  1.351  1.243  1.793  0.486
  1.418  1.251  2.012  1.280
  1.346  1.145  2.089  0.791
  1.289  1.138  1.886  0.312
  1.430  1.219  2.227  0.617
  1.361  1.214  1.940  0.458
  1.609  1.505  2.089  0.000
  1.732  1.700  1.959  0.149
  1.887  1.957  1.768  0.147
  1.893  1.976  1.726  0.146
  2.101  2.256  1.707  0.000
  2.401  2.640  1.728  0.142
  2.306  2.564  1.568  0.000
  2.402  2.663  1.650  0.139
  2.562  2.841  1.769  0.000
  2.668  2.996  1.710  0.000
  2.695  2.995  1.835  0.000
  2.478  2.816  1.473  0.000
  2.488  2.764  1.701  0.000
  2.349  2.633  1.525  0.000
  2.290  2.491  1.747  0.000
  2.076  2.327  1.347  0.000
  2.040  2.230  1.521  0.000
  1.954  2.119  1.514  0.000
  1.794  1.954  1.366  0.000
  1.718  1.841  1.412  0.000
  1.591  1.688  1.363  0.000
  1.584  1.739  1.153  0.000
  1.575  1.649  1.428  0.000
  1.588  1.558  1.798  0.117
  1.510  1.468  1.763  0.000
  1.554  1.538  1.720  0.000
  1.595  1.462  2.173  0.000
  1.661  1.495  2.328  0.449
  1.608  1.437  2.320  0.000
  1.635  1.459  2.344  0.330
  1.583  1.446  2.157  0.218
  1.582  1.476  2.043  0.324
  1.740  1.658  2.092  0.855
  1.880  1.864  2.034  0.529
  1.967  1.927  2.178  0.943
  2.040  2.076  2.002  0.830
  1.869  1.892  1.813  1.542
  1.732  1.718  1.847  0.814
  1.616  1.646  1.563  0.907
  1.556  1.520  1.676  1.598
  1.678  1.678  1.682  1.682
  1.727  1.726  1.750  1.470
  1.972  2.034  1.796  1.359
  2.009  2.110  1.710  1.250
  2.082  2.164  1.776  2.382
  1.954  2.053  1.645  1.416
  1.907  1.962  1.690  2.244
  1.949  1.912  2.111  1.482
  2.004  1.980  2.098  1.836
  1.969  1.996  1.878  1.910
  2.261  2.370  1.906  1.893
  2.326  2.459  1.895  1.787
  2.348  2.437  2.024  2.479
  2.280  2.432  1.761  2.106
  2.148  2.140  2.137  2.696
  1.780  1.733  1.859  3.017
  1.619  1.517  1.922  2.392
  1.424  1.327  1.597  3.726
  1.445  1.340  1.757  2.267
  1.400  1.354  1.498  2.330
  1.592  1.571  1.562  3.052
  1.505  1.492  1.478  2.535
  1.477  1.463  1.517  1.622
  1.409  1.375  1.487  2.010
  1.401  1.399  1.383  1.754
  1.474  1.487  1.439  1.344
  1.557  1.620  1.377  1.019
  1.659  1.695  1.526  1.709
  1.671  1.742  1.420  1.695
  1.698  1.683  1.763  1.528
  1.713  1.724  1.624  2.425
  1.757  1.764  1.723  1.879
  1.769  1.780  1.746  1.565
  1.745  1.759  1.727  1.331
  1.760  1.802  1.644  1.320
  1.818  1.818  1.782  2.327
  1.892  1.902  1.839  2.164
  1.904  1.901  1.937  1.574
  1.671  1.650  1.739  1.774
  1.801  1.844  1.655  1.760
  1.844  1.795  2.036  1.607
  1.784  1.745  1.896  2.148
  1.792  1.737  1.989  1.719
  1.583  1.520  1.778  1.910
  1.586  1.534  1.740  1.962
  1.521  1.478  1.707  1.007
  0.3966939E+03  0.3959303E+03
  0.000  0.000  0.000  0.000
  0.000  0.000  0.000  0.000
  0.000  0.000  0.000  0.000
  0.000  0.000  0.000  0.000
  0.000  0.000  0.000  0.000
  0.000  0.000  0.000  0.000
  0.000  0.000  0.000  0.000
  0.000  0.000  0.000  0.000
  0.000  0.000  0.000  0.000
  0.000  0.000  0.000  0.000
  0.000  0.000  0.000  0.000
  0.000  0.000  0.000  0.000
  0.000  0.000  0.000  0.000
  0.000  0.000  0.000  0.000
  0.000  0.000  0.000  0.000
  0.000  0.000  0.000  0.000
  0.000  0.000  0.000  0.000
  0.000  0.000  0.000  0.000
  0.000  0.000  0.000  0.000
  0.000  0.000  0.000  0.000
  0.000  0.000  0.000  0.000
  0.000  0.000  0.000  0.000
  0.000  0.000  0.000  0.000
  0.000  0.000  0.000  0.000
  0.000  0.000  0.000  0.000
  0.000  0.000  0.000  0.000
  0.000  0.000  0.000  0.000
  0.091  0.000  0.414  0.000
  0.422  0.000  1.927  0.000
  1.102  0.000  5.036  0.000
  6.184  0.000 28.267  0.000
  3.037  0.000 13.882  0.000
  0.583  0.000  2.667  0.000
  0.122  0.000  0.558  0.000
  0.058  0.000  0.263  0.000
  0.000  0.000  0.000  0.000
  0.000  0.000  0.000  0.000
  0.000  0.000  0.000  0.000
  0.000  0.000  0.000  0.000
  0.351  0.459  0.000  0.000
  2.756  3.599  0.000  0.000
  9.623 12.568  0.000  0.000
 16.417 21.442  0.000  0.000
 16.431 21.460  0.000  0.000
 11.931 15.583  0.000  0.000
 10.751 14.042  0.000  0.000
  9.882 12.907  0.000  0.000
  8.225 10.743  0.000  0.000
  5.968  7.795  0.000  0.000
  4.109  5.366  0.000  0.000
  2.497  3.262  0.000  0.000
  1.962  2.563  0.000  0.000
  1.217  1.590  0.000  0.000
  0.574  0.750  0.000  0.000
  0.507  0.663  0.000  0.000
  0.467  0.610  0.000  0.000
  0.150  0.196  0.000  0.000
  0.269  0.352  0.000  0.000
  0.140  0.183  0.000  0.000
  0.251  0.328  0.000  0.000
  0.412  0.538  0.000  0.000
  0.942  1.230  0.000  0.000
  0.701  0.893  0.080  0.000
  0.645  0.821  0.078  0.000
  0.576  0.645  0.376  0.000
  0.782  0.792  0.803  0.000
  1.146  0.870  2.195  0.000
  2.119  1.669  3.848  0.000
  3.459  2.802  6.005  0.000
  3.573  2.667  7.000  0.000
  3.431  2.484  6.992  0.000
  3.349  2.485  6.614  0.000
  2.892  2.246  5.361  0.000
  3.017  2.815  3.941  0.000
  3.023  3.094  2.990  0.000
  3.064  3.389  2.142  0.000
  3.241  4.035  0.695  0.000
  3.227  4.095  0.417  0.000
  3.612  4.674  0.152  0.000
  3.543  4.557  0.149  1.387
  3.509  4.583  0.000  0.000
  3.145  4.080  0.094  0.000
  3.310  4.297  0.092  0.000
  3.732  4.849  0.000  1.257
  3.942  5.061  0.307  0.000
  3.307  4.185  0.471  0.000
  2.599  3.168  0.795  0.000
  2.039  2.430  0.777  0.572
  1.268  1.382  0.799  2.238
  0.923  0.804  1.290  1.642
  1.079  0.666  2.523  1.070
  1.145  0.748  2.580  0.524
  1.377  0.763  3.586  0.512
  1.582  1.187  2.829  3.509
  1.656  1.332  2.629  3.926
  1.292  0.922  2.163  7.209
  1.478  1.172  2.353  4.236
  1.441  1.110  2.536  2.305
  1.532  1.235  2.388  4.066
  1.702  1.310  2.878  4.427
  1.756  1.550  2.201  5.641
  1.928  1.728  2.401  5.105
  1.942  1.975  1.669  4.172
  2.129  2.179  1.870  3.273
  2.603  2.859  1.548  4.816
  2.553  2.829  1.631  1.969
  2.476  2.894  0.800  5.410
  2.382  2.802  0.921  2.276
  2.659  3.070  1.064  4.840
  2.799  3.253  1.018  5.483
  3.500  4.264  0.718  5.025
  3.707  4.583  0.680  3.173
  3.772  4.650  0.717  3.463
  3.456  4.152  0.972  4.083
  3.657  4.455  0.907  3.009
  3.876  4.774  0.868  1.971
  3.673  4.429  0.992  4.198
  3.259  3.920  0.975  2.857
  2.702  3.026  1.583  2.497
  2.551  2.906  1.359  1.842
  2.104  2.353  1.251  1.811
  2.037  2.193  1.463  2.375
  1.967  2.033  1.794  1.168
  1.926  1.929  1.929  1.724
  2.271  2.297  2.303  0.566
  2.105  2.090  2.266  0.557
  2.127  2.130  2.269  0.000
  2.511  2.581  2.388  0.809
  2.538  2.654  2.294  0.265
  2.658  2.891  1.998  0.523
  2.465  2.584  2.206  0.257
  2.337  2.348  2.444  0.253
  2.243  2.308  2.158  0.250
  2.317  2.344  2.389  0.000
  2.870  3.021  2.457  1.211
  2.853  2.943  2.626  1.671
  2.786  3.000  2.117  1.647
  2.836  3.071  2.169  0.695
  2.571  2.775  1.942  1.371
  2.622  2.891  1.689  2.478
  2.602  2.886  1.729  0.888
  2.517  2.703  1.814  3.284
  2.489  2.687  1.896  1.079
  2.810  3.045  2.007  2.554
  3.175  3.628  1.724  1.259
  3.523  4.010  1.937  1.863
  3.449  3.989  1.590  3.063
  3.330  3.889  1.525  1.209
  3.050  3.496  1.576  1.789
  2.684  2.998  1.513  3.726
  2.579  2.851  1.617  2.709
  2.527  2.837  1.459  2.292
  2.677  2.992  1.562  2.827
  2.552  2.927  1.302  1.674
  2.542  2.870  1.416  2.203
  2.447  2.756  1.359  2.538
  2.480  2.648  1.892  2.505
  2.424  2.636  1.653  2.827
  1.976  2.126  1.483  1.570
  1.779  1.941  1.218  1.723
  1.640  1.635  1.653  1.701
  1.536  1.512  1.656  1.008
  1.481  1.551  1.269  0.996
  1.406  1.442  1.335  0.656
  1.440  1.405  1.597  0.972
  1.318  1.248  1.600  0.800
  1.386  1.291  1.784  0.474
  1.262  1.103  1.875  0.469
  1.385  1.203  2.051  0.926
  1.421  1.227  2.179  0.305
  1.593  1.517  1.949  0.302
  1.702  1.706  1.799  0.149
  1.823  1.885  1.736  0.000
  1.943  2.015  1.830  0.000
  1.923  2.083  1.501  0.000
  2.066  2.277  1.454  0.285
  2.396  2.685  1.558  0.000
  2.398  2.737  1.381  0.000
  2.605  2.967  1.523  0.000
  2.646  2.973  1.691  0.000
  2.564  2.940  1.432  0.000
  2.690  2.965  1.920  0.000
  2.369  2.546  1.918  0.000
  2.264  2.457  1.748  0.000
  2.302  2.428  2.023  0.000
  2.229  2.454  1.601  0.000
  2.138  2.394  1.395  0.000
  2.059  2.186  1.763  0.000
  1.912  2.067  1.507  0.000
  1.692  1.783  1.491  0.000
  1.708  1.856  1.311  0.000
  1.593  1.634  1.562  0.000
  1.549  1.608  1.453  0.000
  1.630  1.639  1.714  0.000
  1.530  1.483  1.804  0.000
  1.593  1.479  2.097  0.115
  1.474  1.404  1.808  0.227
  1.491  1.387  1.958  0.000
  1.634  1.451  2.384  0.111
  1.586  1.519  1.927  0.110
  1.567  1.426  2.165  0.109
  1.582  1.522  1.874  0.432
  1.744  1.697  1.977  0.748
  1.887  1.937  1.837  0.106
  1.872  1.901  1.804  1.362
  1.948  1.976  1.942  0.623
  1.776  1.739  1.865  2.364
  1.669  1.683  1.680  0.814
  1.591  1.516  1.865  1.412
  1.612  1.577  1.733  1.598
  1.712  1.676  1.894  0.989
  1.866  1.874  1.855  1.666
  1.884  1.917  1.796  1.456
  2.141  2.257  1.793  1.346
  2.085  2.261  1.545  1.048
  2.013  2.065  1.827  2.076
  1.934  1.939  1.937  1.683
  1.863  1.887  1.787  1.760
  1.952  1.954  1.974  1.561
  2.145  2.215  1.930  1.728
  2.140  2.193  1.983  1.713
  2.341  2.469  1.933  1.787
  2.349  2.488  1.840  2.656
  2.224  2.324  1.855  2.457
  2.041  2.082  1.870  2.435
  1.869  1.785  2.075  3.103
  1.649  1.547  1.965  2.221
  1.551  1.438  1.821  3.303
  1.493  1.376  1.859  2.099
  1.489  1.389  1.777  2.330
  1.489  1.404  1.756  1.897
  1.475  1.467  1.490  1.636
  1.524  1.531  1.465  2.027
  1.509  1.522  1.430  1.929
  1.412  1.412  1.423  1.275
  1.403  1.395  1.366  2.292
  1.426  1.443  1.383  1.254
  1.632  1.649  1.537  2.098
  1.633  1.711  1.321  2.158
  1.709  1.798  1.414  1.452
  1.768  1.847  1.505  1.591
  1.682  1.730  1.482  2.104
  1.733  1.768  1.634  1.416
  1.707  1.761  1.494  2.070
  1.644  1.643  1.618  2.053
  1.756  1.701  1.912  2.254
  1.948  1.931  2.056  1.226
  1.829  1.814  1.840  2.433
  1.919  1.827  2.216  2.271
  1.913  1.917  1.846  2.676
  1.843  1.850  1.791  2.235
  1.753  1.715  1.866  2.010
  1.737  1.713  1.802  1.994
  1.628  1.531  1.934  2.114
  1.561  1.472  1.846  1.895
  1.613  1.531  1.866  2.149
  0.3998144E+03  0.3985302E+03
  0.000  0.000  0.000  0.000
  0.000  0.000  0.000  0.000
  0.000  0.000  0.000  0.000
  0.000  0.000  0.000  0.000
  0.000  0.000  0.000  0.000
  0.000  0.000  0.000  0.000
  0.000  0.000  0.000  0.000
  0.000  0.000  0.000  0.000
  0.000  0.000  0.000  0.000
  0.000  0.000  0.000  0.000
  0.000  0.000  0.000  0.000
  0.000  0.000  0.000  0.000
  0.000  0.000  0.000  0.000
  0.000  0.000  0.000  0.000
  0.000  0.000  0.000  0.000
  0.000  0.000  0.000  0.000
  0.000  0.000  0.000  0.000
  0.000  0.000  0.000  0.000
  0.000  0.000  0.000  0.000
  0.000  0.000  0.000  0.000
  0.000  0.000  0.000  0.000
  0.000  0.000  0.000  0.000
  0.000  0.000  0.000  0.000
  0.000  0.000  0.000  0.000
  0.000  0.000  0.000  0.000
  0.000  0.000  0.000  0.000
  0.000  0.000  0.000  0.000
  0.181  0.000  0.828  0.000
  0.253  0.000  1.156  0.000
  1.574  0.000  7.194  0.000
  5.742  0.000 26.248  0.000
  3.106  0.000 14.197  0.000
  0.583  0.000  2.667  0.000
  0.122  0.000  0.558  0.000
  0.058  0.000  0.263  0.000
  0.000  0.000  0.000  0.000
  0.000  0.000  0.000  0.000
  0.000  0.000  0.000  0.000
  0.000  0.000  0.000  0.000
  0.483  0.631  0.000  0.000
  3.215  4.199  0.000  0.000
  9.304 12.153  0.000  0.000
 16.758 21.888  0.000  0.000
 14.621 19.097  0.000  0.000
 12.830 16.758  0.000  0.000
 10.685 13.955  0.000  0.000
 10.008 13.072  0.000  0.000
  8.559 11.180  0.000  0.000
  6.638  8.670  0.000  0.000
  3.522  4.600  0.000  0.000
  3.008  3.928  0.000  0.000
  1.446  1.889  0.000  0.000
  1.093  1.428  0.000  0.000
  0.622  0.813  0.000  0.000
  0.369  0.482  0.000  0.000
  0.311  0.407  0.000  0.000
  0.300  0.392  0.000  0.000
  0.145  0.189  0.000  0.000
  0.160  0.209  0.000  0.000
  0.329  0.430  0.000  0.000
  0.468  0.611  0.000  0.000
  0.851  1.088  0.083  0.000
  0.877  1.145  0.000  0.000
  0.730  0.887  0.233  0.000
  0.626  0.667  0.527  0.000
  0.798  0.709  1.168  0.000
  1.285  1.011  2.336  0.000
  2.014  1.747  3.092  0.000
  3.196  2.573  5.604  0.000
  3.516  2.889  5.963  0.000
  3.500  2.394  7.622  0.000
  3.202  2.187  6.981  0.000
  2.866  2.195  5.420  0.000
  3.004  2.715  4.230  0.000
  3.060  3.014  3.441  0.000
  3.232  3.797  1.483  0.000
  3.171  3.913  0.802  0.000
  3.626  4.646  0.313  0.000
  3.645  4.718  0.152  0.000
  3.294  4.260  0.099  0.693
  3.202  4.169  0.048  0.000
  3.433  4.444  0.141  0.000
  3.713  4.744  0.276  1.288
  3.703  4.785  0.180  0.000
  3.434  4.360  0.395  0.614
  3.373  4.234  0.471  1.799
  2.920  3.539  0.921  0.586
  1.941  2.290  0.777  1.145
  1.154  1.256  0.799  1.119
  1.111  0.882  1.915  1.094
  1.054  0.612  2.332  4.816
  1.243  0.748  2.917  2.094
  1.473  1.025  2.781  5.123
  1.582  1.115  2.972  5.014
  1.403  0.982  2.734  3.436
  1.389  1.069  2.300  4.325
  1.544  1.345  2.185  2.353
  1.470  1.270  2.108  2.305
  1.736  1.328  2.969  4.517
  1.543  1.355  2.055  3.542
  1.641  1.532  2.015  1.736
  1.808  1.598  2.401  3.829
  2.105  1.992  2.503  2.086
  2.461  2.597  1.929  3.273
  2.389  2.547  1.663  4.816
  2.603  2.990  1.153  3.938
  2.367  2.689  1.104  4.251
  2.548  3.003  0.759  5.310
  2.711  3.214  0.878  3.723
  2.890  3.484  0.836  2.559
  3.343  4.154  0.513  3.231
  3.498  4.331  0.604  3.173
  3.566  4.424  0.594  3.117
  3.870  4.722  0.996  2.382
  3.610  4.428  0.740  3.678
  3.614  4.338  1.009  4.600
  3.502  4.205  1.015  3.875
  3.155  3.738  1.111  3.175
  2.980  3.497  1.271  1.561
  2.431  2.737  1.359  2.455
  2.217  2.446  1.423  2.113
  2.166  2.309  1.739  1.188
  1.844  1.884  1.732  1.460
  1.953  2.035  1.745  0.862
  2.050  2.014  2.242  1.131
  2.326  2.317  2.485  0.557
  2.332  2.387  2.289  0.274
  2.351  2.471  2.041  0.809
  2.675  2.855  2.161  1.062
  2.679  2.731  2.614  1.045
  2.421  2.463  2.371  1.029
  2.261  2.235  2.426  1.267
  2.395  2.415  2.443  0.749
  2.667  2.811  2.284  0.984
  2.605  2.690  2.354  1.938
  2.786  2.923  2.455  0.716
  2.937  3.072  2.588  1.176
  2.579  2.749  2.103  0.927
  2.678  2.886  1.991  2.056
  2.513  2.684  1.995  1.351
  2.519  2.701  1.967  1.332
  2.641  2.859  1.986  1.095
  2.577  2.828  1.773  1.511
  2.850  3.175  1.794  1.703
  3.247  3.736  1.619  2.099
  3.439  3.959  1.642  3.106
  3.628  4.201  1.736  2.042
  3.230  3.799  1.353  1.612
  3.134  3.513  1.902  1.789
  2.736  3.094  1.569  1.569
  2.446  2.816  1.147  2.516
  2.477  2.853  1.159  2.483
  2.586  2.869  1.575  2.827
  2.450  2.730  1.501  2.046
  2.513  2.878  1.180  3.305
  2.376  2.737  1.101  2.538
  2.505  2.798  1.508  2.147
  2.175  2.510  1.035  1.767
  1.982  2.151  1.371  2.268
  1.806  1.860  1.612  1.895
  1.683  1.733  1.458  2.382
  1.596  1.543  1.800  1.344
  1.587  1.572  1.660  1.328
  1.540  1.459  1.897  0.492
  1.473  1.458  1.539  1.296
  1.330  1.179  1.886  0.960
  1.272  1.133  1.818  0.474
  1.264  1.106  1.897  0.156
  1.235  1.011  2.084  0.309
  1.454  1.317  2.027  0.153
  1.574  1.486  1.971  0.302
  1.853  1.797  2.161  0.298
  1.774  1.882  1.515  0.147
  1.970  2.012  1.955  0.146
  2.094  2.368  1.285  0.000
  2.241  2.428  1.748  0.000
  2.376  2.650  1.578  0.141
  2.408  2.686  1.610  0.000
  2.545  2.866  1.602  0.000
  2.689  2.998  1.798  0.000
  2.636  2.886  1.951  0.000
  2.509  2.789  1.711  0.000
  2.564  2.882  1.636  0.000
  2.369  2.579  1.804  0.000
  2.414  2.641  1.793  0.000
  2.149  2.464  1.201  0.000
  2.026  2.245  1.404  0.000
  1.890  2.033  1.523  0.000
  1.698  1.808  1.436  0.000
  1.678  1.793  1.395  0.000
  1.727  1.819  1.527  0.000
  1.513  1.622  1.229  0.120
  1.549  1.574  1.563  0.118
  1.524  1.546  1.547  0.117
  1.541  1.513  1.738  0.116
  1.455  1.397  1.761  0.000
  1.704  1.596  2.205  0.000
  1.573  1.426  2.191  0.112
  1.552  1.392  2.217  0.111
  1.719  1.569  2.352  0.220
  1.654  1.480  2.375  0.109
  1.692  1.619  2.036  0.432
  1.692  1.590  2.138  0.428
  1.826  1.804  1.988  0.635
  1.918  1.976  1.789  0.838
  2.003  2.044  1.913  1.245
  1.857  1.873  1.843  1.233
  1.734  1.745  1.745  1.018
  1.596  1.560  1.800  0.504
  1.637  1.577  1.812  2.097
  1.606  1.591  1.675  1.385
  1.730  1.748  1.673  1.666
  1.996  2.040  1.893  1.262
  1.977  2.088  1.593  1.923
  2.039  2.137  1.667  2.477
  1.985  2.059  1.753  1.604
  1.951  1.960  1.957  1.403
  1.982  2.018  1.866  1.853
  1.972  1.995  1.902  1.836
  2.077  2.133  1.852  2.456
  2.172  2.290  1.874  0.541
  2.422  2.542  2.048  1.787
  2.422  2.542  2.049  1.771
  2.283  2.385  1.893  2.720
  2.006  1.968  2.013  3.739
  1.751  1.743  1.761  1.982
  1.547  1.496  1.581  3.588
  1.515  1.386  1.863  2.964
  1.432  1.343  1.673  2.434
  1.385  1.272  1.718  2.247
  1.457  1.402  1.620  1.815
  1.513  1.534  1.390  2.208
  1.598  1.574  1.627  2.351
  1.505  1.488  1.533  1.929
  1.503  1.488  1.531  1.833
  1.562  1.523  1.693  1.660
  1.508  1.494  1.550  1.646
  1.537  1.514  1.637  1.243
  1.619  1.662  1.492  1.310
  1.669  1.770  1.304  1.834
  1.739  1.823  1.488  1.137
  1.728  1.770  1.600  1.503
  1.834  1.859  1.757  1.714
  1.656  1.675  1.573  1.922
  1.706  1.721  1.665  1.540
  1.802  1.790  1.792  2.545
  1.790  1.817  1.700  1.731
  1.831  1.881  1.651  1.932
  1.835  1.834  1.845  1.774
  1.886  1.890  1.876  1.831
  1.841  1.805  1.956  2.026
  1.793  1.748  1.920  2.217
  1.692  1.639  1.866  1.856
  1.704  1.631  1.949  1.842
  1.548  1.503  1.663  2.165
  1.596  1.465  2.009  2.216
  0.3975549E+03  0.3967141E+03
  0.000  0.000  0.000  0.000
  0.000  0.000  0.000  0.000
  0.000  0.000  0.000  0.000
  0.000  0.000  0.000  0.000
  0.000  0.000  0.000  0.000
  0.000  0.000  0.000  0.000
  0.000  0.000  0.000  0.000
  0.000  0.000  0.000  0.000
  0.000  0.000  0.000  0.000
  0.000  0.000  0.000  0.000
  0.000  0.000  0.000  0.000
  0.000  0.000  0.000  0.000
  0.000  0.000  0.000  0.000
  0.000  0.000  0.000  0.000
  0.000  0.000  0.000  0.000
  0.000  0.000  0.000  0.000
  0.000  0.000  0.000  0.000
  0.000  0.000  0.000  0.000
  0.000  0.000  0.000  0.000
  0.000  0.000  0.000  0.000
  0.000  0.000  0.000  0.000
  0.000  0.000  0.000  0.000
  0.000  0.000  0.000  0.000
  0.000  0.000  0.000  0.000
  0.000  0.000  0.000  0.000
  0.000  0.000  0.000  0.000
  0.000  0.000  0.000  0.000
  0.091  0.000  0.414  0.000
  0.337  0.000  1.542  0.000
  1.416  0.000  6.475  0.000
  6.036  0.000 27.594  0.000
  3.037  0.000 13.882  0.000
  0.454  0.000  2.075  0.000
  0.183  0.000  0.837  0.000
  0.058  0.000  0.263  0.000
  0.000  0.000  0.000  0.000
  0.000  0.000  0.000  0.000
  0.000  0.000  0.000  0.000
  0.000  0.000  0.000  0.000
  0.395  0.516  0.000  0.000
  3.090  4.035  0.000  0.000
 10.140 13.243  0.000  0.000
 14.976 19.560  0.000  0.000
 16.612 21.697  0.000  0.000
 12.899 16.848  0.000  0.000
 10.354 13.523  0.000  0.000
  9.248 12.079  0.000  0.000
  8.468 11.061  0.000  0.000
  6.172  8.061  0.000  0.000
  4.332  5.658  0.000  0.000
  2.793  3.648  0.000  0.000
  1.653  2.158  0.000  0.000
  1.242  1.623  0.000  0.000
  0.718  0.938  0.000  0.000
  0.438  0.572  0.000  0.000
  0.356  0.465  0.000  0.000
  0.193  0.252  0.000  0.000
  0.104  0.135  0.000  0.000
  0.020  0.026  0.000  0.000
  0.232  0.303  0.000  0.000
  0.486  0.635  0.000  0.000
  0.960  1.230  0.083  0.000
  0.806  1.053  0.000  0.000
  0.577  0.688  0.233  0.000
  0.412  0.452  0.301  0.000
  0.878  0.834  1.095  0.000
  1.254  1.052  2.053  0.000
  2.119  1.767  3.504  0.000
  3.298  2.669  5.738  0.000
  3.658  2.815  6.870  0.000
  3.665  2.879  6.677  0.000
  3.336  2.257  7.349  0.000
  3.153  2.485  5.718  0.000
  2.865  2.451  4.520  0.000
  2.789  2.901  2.595  0.000
  2.992  3.484  1.483  0.000
  3.113  3.898  0.588  0.000
  3.432  4.319  0.573  0.000
  3.412  4.369  0.305  0.000
  3.500  4.529  0.149  0.000
  3.435  4.472  0.048  0.000
  3.433  4.417  0.141  1.320
  3.773  4.902  0.092  0.000
  3.487  4.452  0.359  0.000
  3.731  4.798  0.219  0.614
  3.316  4.172  0.514  0.600
  2.773  3.431  0.628  0.586
  1.726  2.045  0.695  0.572
  1.242  1.382  0.839  0.000
  0.932  0.838  1.251  1.094
  1.062  0.775  2.026  1.605
  1.415  0.833  3.253  4.188
  1.497  0.941  3.366  2.561
  1.473  0.992  3.151  1.504
  1.327  0.982  2.209  5.890
  1.464  1.118  2.403  5.286
  1.706  1.374  2.757  3.295
  1.333  1.044  2.108  4.611
  1.701  1.521  2.291  2.259
  1.598  1.265  2.561  4.427
  1.675  1.444  2.387  3.038
  1.881  1.684  2.370  4.680
  1.832  1.813  1.609  5.841
  2.225  2.313  1.841  3.273
  2.715  2.842  1.863  8.429
  2.510  2.757  1.463  5.119
  2.391  2.713  1.132  4.251
  2.412  2.763  1.192  2.276
  2.606  3.077  0.904  3.351
  2.981  3.588  0.836  3.290
  3.421  4.249  0.615  2.154
  3.944  4.893  0.655  3.526
  3.717  4.594  0.668  3.463
  3.695  4.597  0.559  3.402
  3.516  4.257  0.907  3.678
  3.696  4.573  0.845  0.657
  3.260  3.935  0.900  3.229
  3.105  3.751  0.816  3.492
  3.082  3.637  1.249  1.561
  2.369  2.581  1.644  2.148
  2.104  2.242  1.639  1.811
  2.037  2.109  1.824  1.485
  1.912  1.949  1.669  3.505
  1.958  2.006  1.827  1.437
  2.368  2.435  2.282  0.283
  2.322  2.363  2.246  1.391
  2.264  2.309  2.191  1.096
  2.528  2.597  2.407  0.809
  2.335  2.346  2.446  0.265
  2.479  2.560  2.352  0.261
  2.550  2.757  1.949  0.772
  2.428  2.540  2.191  0.253
  2.243  2.242  2.354  0.749
  2.475  2.555  2.371  0.000
  2.593  2.626  2.631  0.485
  2.816  2.977  2.387  0.955
  2.933  3.072  2.554  1.411
  2.677  2.881  2.070  1.159
  2.710  3.017  1.714  1.599
  2.773  3.066  1.850  1.351
  2.560  2.846  1.634  1.554
  2.589  2.815  1.814  2.408
  2.465  2.621  2.004  1.295
  2.664  2.949  1.748  1.490
  3.195  3.577  1.919  2.309
  3.487  3.959  1.715  5.176
  3.666  4.239  1.809  1.634
  3.223  3.622  1.871  2.619
  3.127  3.578  1.647  1.789
  2.770  3.066  1.709  3.138
  2.488  2.832  1.313  2.129
  2.450  2.767  1.296  3.055
  2.606  2.996  1.333  1.319
  2.540  2.874  1.369  2.604
  2.528  2.885  1.312  2.020
  2.410  2.756  1.230  1.994
  2.290  2.520  1.508  1.969
  2.424  2.697  1.451  2.650
  2.175  2.350  1.533  2.617
  1.828  1.934  1.489  1.378
  1.582  1.622  1.483  1.021
  1.520  1.550  1.440  1.176
  1.559  1.463  1.956  0.664
  1.442  1.402  1.628  0.820
  1.435  1.362  1.712  1.134
  1.328  1.241  1.669  0.800
  1.144  1.068  1.434  0.791
  1.235  1.116  1.707  0.469
  1.522  1.345  2.216  0.463
  1.459  1.342  1.929  0.610
  1.717  1.646  2.089  0.000
  1.784  1.727  2.097  0.149
  1.892  1.978  1.715  0.147
  1.945  2.119  1.477  0.000
  1.898  1.995  1.686  0.144
  2.090  2.352  1.321  0.000
  2.242  2.469  1.598  0.141
  2.339  2.592  1.610  0.139
  2.586  2.911  1.621  0.138
  2.606  2.976  1.496  0.000
  2.821  3.130  1.941  0.000
  2.549  2.862  1.635  0.000
  2.490  2.739  1.795  0.000
  2.229  2.412  1.748  0.000
  2.125  2.247  1.849  0.000
  2.038  2.230  1.510  0.000
  2.144  2.327  1.656  0.000
  2.209  2.420  1.630  0.000
  1.943  2.021  1.806  0.000
  1.745  1.950  1.151  0.000
  1.751  1.876  1.441  0.000
  1.578  1.685  1.315  0.000
  1.456  1.521  1.335  0.000
  1.491  1.488  1.605  0.000
  1.492  1.435  1.796  0.000
  1.468  1.402  1.802  0.000
  1.619  1.552  1.970  0.000
  1.701  1.591  2.199  0.112
  1.625  1.514  2.129  0.000
  1.655  1.479  2.383  0.110
  1.567  1.455  2.056  0.218
  1.638  1.558  1.982  0.756
  1.759  1.673  2.168  0.214
  1.803  1.719  2.185  0.529
  1.913  1.955  1.849  0.734
  1.865  1.972  1.586  0.519
  1.865  1.875  1.865  1.336
  1.715  1.733  1.658  1.629
  1.560  1.533  1.671  1.311
  1.562  1.510  1.769  1.198
  1.682  1.655  1.738  2.176
  1.776  1.778  1.764  1.862
  1.956  1.981  1.865  2.038
  2.105  2.225  1.751  1.154
  2.164  2.251  1.939  1.048
  2.044  2.119  1.820  1.510
  1.889  1.912  1.777  2.338
  1.896  1.925  1.800  1.853
  1.939  1.932  1.934  2.387
  2.185  2.230  2.105  1.092
  2.137  2.191  1.925  2.434
  2.295  2.383  1.972  2.501
  2.432  2.521  2.194  1.417
  2.314  2.405  1.999  2.281
  1.999  2.018  1.851  3.131
  1.725  1.643  2.007  1.810
  1.589  1.499  1.800  2.990
  1.543  1.447  1.778  2.964
  1.466  1.420  1.571  2.267
  1.504  1.427  1.765  1.664
  1.525  1.478  1.603  2.722
  1.484  1.459  1.595  1.145
  1.462  1.450  1.471  1.946
  1.423  1.442  1.315  2.010
  1.494  1.485  1.475  2.232
  1.397  1.452  1.191  1.581
  1.506  1.546  1.371  1.411
  1.580  1.598  1.526  1.399
  1.688  1.772  1.387  1.772
  1.705  1.751  1.556  1.528
  1.667  1.724  1.445  1.970
  1.784  1.868  1.508  1.503
  1.717  1.717  1.661  2.460
  1.724  1.717  1.764  1.552
  1.849  1.834  1.901  1.833
  1.770  1.777  1.709  2.327
  1.824  1.805  1.912  1.515
  1.822  1.806  1.845  2.290
  1.804  1.835  1.698  1.774
  1.867  1.857  1.906  1.831
  1.865  1.810  2.006  2.584
  1.808  1.807  1.767  2.425
  1.784  1.724  1.974  2.062
  1.616  1.520  1.944  1.705
  1.539  1.414  1.909  2.504
  1.531  1.461  1.731  2.149
  0.3948891E+03  0.3910581E+03
  0.000  0.000  0.000  0.000
  0.000  0.000  0.000  0.000
  0.000  0.000  0.000  0.000
  0.000  0.000  0.000  0.000
  0.000  0.000  0.000  0.000
  0.000  0.000  0.000  0.000
  0.000  0.000  0.000  0.000
  0.000  0.000  0.000  0.000
  0.000  0.000  0.000  0.000
  0.000  0.000  0.000  0.000
  0.000  0.000  0.000  0.000
  0.000  0.000  0.000  0.000
  0.000  0.000  0.000  0.000
  0.000  0.000  0.000  0.000
  0.000  0.000  0.000  0.000
  0.000  0.000  0.000  0.000
  0.000  0.000  0.000  0.000
  0.000  0.000  0.000  0.000
  0.000  0.000  0.000  0.000
  0.000  0.000  0.000  0.000
  0.000  0.000  0.000  0.000
  0.000  0.000  0.000  0.000
  0.000  0.000  0.000  0.000
  0.000  0.000  0.000  0.000
  0.000  0.000  0.000  0.000
  0.000  0.000  0.000  0.000
  0.000  0.000  0.000  0.000
  0.091  0.000  0.414  0.000
  0.169  0.000  0.771  0.000
  1.652  0.000  7.554  0.000
  5.963  0.000 27.258  0.000
  2.830  0.000 12.935  0.000
  0.583  0.000  2.667  0.000
  0.183  0.000  0.837  0.000
  0.115  0.000  0.526  0.000
  0.000  0.000  0.000  0.000
  0.000  0.000  0.000  0.000
  0.000  0.000  0.000  0.000
  0.046  0.060  0.000  0.000
  0.439  0.573  0.000  0.000
  3.298  4.308  0.000  0.000
  9.344 12.205  0.000  0.000
 16.568 21.640  0.000  0.000
 14.911 19.475  0.000  0.000
 12.968 16.938  0.000  0.000
 11.412 14.906  0.000  0.000
  8.900 11.624  0.000  0.000
  8.650 11.298  0.000  0.000
  5.881  7.681  0.000  0.000
  4.332  5.658  0.000  0.000
  2.739  3.578  0.000  0.000
  1.549  2.023  0.000  0.000
  1.242  1.623  0.000  0.000
  0.766  1.000  0.000  0.000
  0.507  0.663  0.000  0.000
  0.311  0.407  0.000  0.000
  0.215  0.280  0.000  0.000
  0.104  0.135  0.000  0.000
  0.100  0.131  0.000  0.000
  0.290  0.379  0.000  0.000
  0.543  0.709  0.000  0.000
  0.797  1.041  0.000  0.000
  0.736  0.962  0.000  0.000
  0.747  0.954  0.078  0.000
  0.593  0.645  0.452  0.000
  0.734  0.625  1.168  0.000
  1.378  1.254  1.911  0.000
  1.999  1.806  2.817  0.000
  3.196  2.631  5.404  0.000
  3.715  2.778  7.259  0.000
  3.266  2.052  7.748  0.000
  3.269  2.100  7.594  0.000
  3.375  2.757  5.777  0.000
  2.611  2.335  3.767  0.000
  2.875  3.030  2.538  0.000
  2.931  3.374  1.593  0.000
  3.230  3.959  0.909  0.000
  3.660  4.691  0.313  0.000
  3.779  4.877  0.203  0.000
  3.554  4.600  0.099  0.693
  3.477  4.500  0.145  0.000
  3.145  4.094  0.047  0.000
  3.421  4.455  0.046  0.000
  3.841  4.939  0.269  0.000
  3.731  4.811  0.175  0.614
  3.232  4.124  0.343  0.000
  2.627  3.300  0.460  0.000
  1.852  2.267  0.532  0.000
  1.215  1.268  1.039  1.119
  1.052  0.815  1.681  3.830
  1.120  0.644  2.714  2.141
  1.211  0.780  2.618  2.618
  1.409  0.910  3.110  2.049
  1.582  1.105  3.259  1.504
  1.465  1.242  2.209  1.963
  1.502  1.138  2.575  4.325
  1.258  0.874  2.488  2.824
  1.491  1.176  2.338  5.072
  1.616  1.226  2.775  4.517
  1.494  1.355  1.897  2.656
  1.810  1.559  2.480  4.773
  1.934  1.676  2.492  6.807
  1.780  1.848  1.430  3.337
  2.397  2.505  1.870  4.501
  2.552  2.842  1.376  4.816
  2.683  3.022  1.350  4.725
  2.518  2.744  1.463  6.183
  2.453  2.740  1.300  4.551
  2.740  3.214  0.957  4.468
  3.033  3.685  0.653  4.387
  3.309  4.014  0.820  3.590
  3.592  4.446  0.630  3.173
  3.696  4.389  1.237  4.156
  3.727  4.583  0.753  3.402
  3.552  4.346  0.836  2.675
  3.707  4.560  0.774  2.957
  3.396  4.211  0.623  2.261
  3.199  3.861  0.952  2.222
  2.824  3.332  1.204  0.624
  2.566  2.906  1.359  2.762
  2.179  2.396  1.401  2.415
  2.115  2.212  1.781  2.078
  1.903  1.913  1.836  2.337
  2.070  2.082  2.073  1.437
  2.081  1.974  2.545  0.848
  2.322  2.340  2.365  0.835
  2.367  2.443  2.250  0.274
  2.490  2.647  2.080  0.539
  2.634  2.725  2.484  0.265
  2.548  2.720  2.072  0.784
  2.284  2.316  2.316  0.257
  2.246  2.312  2.173  0.000
  2.442  2.573  2.122  0.499
  2.502  2.520  2.582  0.492
  2.578  2.729  2.181  0.727
  2.715  2.806  2.558  0.477
  2.790  3.048  2.000  1.176
  2.749  2.848  2.484  1.623
  2.688  2.900  2.040  1.371
  2.615  2.914  1.705  0.676
  2.508  2.732  1.776  1.776
  2.654  2.975  1.595  1.751
  2.577  2.766  1.835  3.669
  2.857  3.141  1.931  1.916
  3.099  3.500  1.784  1.889
  3.575  4.069  1.893  2.899
  3.666  4.180  2.013  1.634
  3.453  3.939  1.813  2.619
  2.941  3.367  1.505  2.186
  2.543  2.862  1.415  2.745
  2.621  3.013  1.299  1.935
  2.527  2.837  1.487  1.910
  2.712  3.096  1.373  2.639
  2.508  2.790  1.515  2.604
  2.384  2.691  1.285  2.754
  2.356  2.656  1.385  1.269
  2.374  2.604  1.534  2.863
  2.355  2.560  1.615  2.650
  2.105  2.289  1.446  2.268
  1.882  1.994  1.501  1.723
  1.765  1.806  1.629  1.701
  1.526  1.550  1.476  1.008
  1.546  1.545  1.553  1.494
  1.396  1.372  1.511  0.984
  1.281  1.236  1.481  0.648
  1.243  1.127  1.692  0.640
  1.317  1.123  2.055  0.474
  1.220  1.084  1.785  0.000
  1.363  1.226  1.897  0.617
  1.545  1.454  1.940  0.458
  1.703  1.628  2.068  0.302
  1.742  1.803  1.639  0.149
  1.890  1.903  1.967  0.147
  1.886  1.967  1.716  0.291
  1.876  1.992  1.604  0.000
  2.066  2.306  1.372  0.000
  2.245  2.558  1.306  0.000
  2.635  2.958  1.689  0.000
  2.558  2.925  1.454  0.000
  2.621  2.979  1.555  0.000
  2.625  2.993  1.528  0.000
  2.607  2.843  1.967  0.000
  2.537  2.742  2.002  0.000
  2.410  2.569  2.027  0.000
  2.292  2.452  1.895  0.000
  2.251  2.423  1.811  0.000
  2.150  2.351  1.602  0.000
  1.967  2.186  1.345  0.000
  1.748  1.908  1.313  0.000
  1.676  1.783  1.421  0.000
  1.598  1.723  1.277  0.000
  1.571  1.612  1.537  0.000
  1.545  1.547  1.647  0.000
  1.562  1.629  1.438  0.000
  1.535  1.483  1.829  0.000
  1.564  1.453  2.064  0.000
  1.555  1.524  1.776  0.000
  1.550  1.431  2.071  0.112
  1.703  1.555  2.336  0.111
  1.617  1.465  2.250  0.220
  1.574  1.480  2.001  0.218
  1.569  1.443  2.105  0.216
  1.693  1.621  2.023  0.641
  1.745  1.797  1.663  0.318
  1.927  1.968  1.857  0.943
  1.949  2.006  1.846  0.623
  1.841  1.831  1.894  1.542
  1.786  1.758  1.920  1.323
  1.675  1.638  1.858  0.907
  1.595  1.553  1.733  1.698
  1.623  1.595  1.689  2.077
  1.797  1.794  1.841  1.372
  1.849  1.929  1.595  1.456
  2.018  2.131  1.628  1.923
  2.082  2.156  1.892  1.143
  2.135  2.198  1.894  2.454
  1.930  1.922  1.970  1.777
  1.950  1.965  1.893  2.038
  2.083  2.085  2.072  2.112
  2.206  2.271  1.969  2.365
  2.244  2.386  1.797  1.533
  2.285  2.443  1.742  2.144
  2.241  2.325  1.973  1.859
  2.162  2.299  1.755  1.141
  1.981  1.952  2.069  2.174
  1.910  1.831  2.106  3.017
  1.655  1.629  1.666  2.819
  1.501  1.329  2.057  2.117
  1.435  1.317  1.751  2.770
  1.381  1.314  1.575  1.914
  1.466  1.409  1.585  2.557
  1.494  1.484  1.513  1.717
  1.510  1.511  1.488  1.784
  1.463  1.481  1.390  1.608
  1.498  1.493  1.526  1.355
  1.541  1.514  1.598  2.055
  1.565  1.598  1.411  2.116
  1.493  1.518  1.376  1.943
  1.661  1.686  1.525  2.389
  1.626  1.667  1.457  1.987
  1.664  1.720  1.456  1.819
  1.790  1.871  1.503  1.804
  1.806  1.847  1.714  1.118
  1.662  1.673  1.658  1.183
  1.797  1.824  1.718  1.613
  1.753  1.803  1.595  1.527
  1.816  1.811  1.798  2.308
  1.850  1.827  1.927  1.932
  1.862  1.853  1.886  1.987
  1.865  1.821  1.987  2.324
  1.860  1.839  1.886  2.515
  1.772  1.755  1.777  2.564
  1.732  1.671  1.891  2.475
  1.664  1.560  1.963  2.524
  1.619  1.512  1.933  2.436
  1.552  1.500  1.746  1.343
  0.4000451E+03  0.3989732E+03
  0.000  0.000  0.000  0.000
  0.000  0.000  0.000  0.000
  0.000  0.000  0.000  0.000
  0.000  0.000  0.000  0.000
  0.000  0.000  0.000  0.000
  0.000  0.000  0.000  0.000
  0.000  0.000  0.000  0.000
  0.000  0.000  0.000  0.000
  0.000  0.000  0.000  0.000
  0.000  0.000  0.000  0.000
  0.000  0.000  0.000  0.000
  0.000  0.000  0.000  0.000
  0.000  0.000  0.000  0.000
  0.000  0.000  0.000  0.000
  0.000  0.000  0.000  0.000
  0.000  0.000  0.000  0.000
  0.000  0.000  0.000  0.000
  0.000  0.000  0.000  0.000
  0.000  0.000  0.000  0.000
  0.000  0.000  0.000  0.000
  0.000  0.000  0.000  0.000
  0.000  0.000  0.000  0.000
  0.000  0.000  0.000  0.000
  0.000  0.000  0.000  0.000
  0.000  0.000  0.000  0.000
  0.000  0.000  0.000  0.000
  0.000  0.000  0.000  0.000
  0.091  0.000  0.414  0.000
  0.253  0.000  1.156  0.000
  1.259  0.000  5.755  0.000
  6.331  0.000 28.940  0.000
  2.761  0.000 12.620  0.000
  0.583  0.000  2.667  0.000
  0.244  0.000  1.116  0.000
  0.058  0.000  0.263  0.000
  0.000  0.000  0.000  0.000
  0.000  0.000  0.000  0.000
  0.000  0.000  0.000  0.000
  0.092  0.121  0.000  0.000
  0.483  0.631  0.000  0.000
  3.257  4.253  0.000  0.000
 10.418 13.607  0.000  0.000
 14.256 18.620  0.000  0.000
 15.924 20.799  0.000  0.000
 13.072 17.074  0.000  0.000
 10.685 13.955  0.000  0.000
 10.357 13.527  0.000  0.000
  7.102  9.277  0.000  0.000
  6.551  8.556  0.000  0.000
  4.304  5.622  0.000  0.000
  2.873  3.753  0.000  0.000
  1.704  2.226  0.000  0.000
  1.143  1.493  0.000  0.000
  0.813  1.063  0.000  0.000
  0.438  0.572  0.000  0.000
  0.289  0.378  0.000  0.000
  0.215  0.280  0.000  0.000
  0.124  0.162  0.000  0.000
  0.140  0.183  0.000  0.000
  0.193  0.253  0.000  0.000
  0.486  0.635  0.000  0.000
  0.942  1.230  0.000  0.000
  0.701  0.916  0.000  0.000
  0.577  0.754  0.000  0.000
  0.593  0.710  0.226  0.000
  0.766  0.813  0.657  0.000
  1.440  1.274  2.124  0.000
  2.225  1.865  3.642  0.000
  3.094  2.268  6.205  0.000
  3.516  2.556  7.130  0.000
  3.527  2.592  7.055  0.000
  3.389  2.257  7.594  0.000
  3.127  2.416  5.837  0.000
  2.979  2.600  4.520  0.000
  2.924  3.094  2.538  0.000
  2.968  3.499  1.318  0.000
  2.914  3.668  0.481  0.000
  3.272  4.200  0.261  0.000
  3.812  4.935  0.152  0.000
  3.749  4.840  0.099  1.387
  3.287  4.251  0.145  0.000
  3.196  4.161  0.047  0.000
  3.622  4.679  0.184  0.000
  3.605  4.631  0.225  0.629
  3.568  4.560  0.307  0.614
  3.569  4.454  0.642  1.199
  2.718  3.359  0.586  1.172
  1.941  2.278  0.818  1.145
  1.539  1.645  1.239  0.560
  1.103  0.905  1.681  2.736
  0.928  0.601  2.064  1.070
  1.112  0.630  2.767  1.571
  1.161  0.638  2.927  2.049
  1.606  1.085  3.151  5.515
  1.511  1.072  2.699  6.380
  1.637  1.216  2.883  4.806
  1.191  0.951  1.849  3.765
  1.462  1.195  2.305  2.766
  1.652  1.392  2.420  3.614
  1.861  1.545  2.656  6.198
  1.776  1.532  2.387  5.207
  1.921  1.806  2.158  4.254
  2.001  1.975  2.056  2.503
  2.365  2.430  1.958  4.910
  2.264  2.425  1.663  2.810
  2.578  2.869  1.491  3.544
  2.524  2.918  1.159  2.319
  2.222  2.647  0.704  2.655
  2.438  2.941  0.665  2.606
  2.999  3.633  0.783  2.924
  3.410  4.220  0.564  3.590
  3.691  4.605  0.529  3.173
  3.658  4.566  0.618  1.732
  3.525  4.395  0.583  2.041
  3.881  4.837  0.597  3.009
  3.383  4.197  0.657  1.643
  3.482  4.238  0.761  4.521
  3.180  3.810  0.998  2.857
  2.726  3.134  1.249  3.433
  2.575  2.906  1.447  2.148
  2.434  2.649  1.596  3.622
  1.925  1.994  1.675  2.078
  2.013  2.009  1.940  3.213
  2.070  2.058  2.114  2.012
  2.094  2.008  2.484  0.848
  1.983  1.880  2.405  1.113
  2.350  2.381  2.328  1.096
  2.519  2.592  2.350  1.348
  2.733  2.822  2.598  0.265
  2.671  2.843  2.240  0.261
  2.650  2.726  2.537  0.515
  2.337  2.514  1.865  0.253
  2.243  2.303  2.193  0.000
  2.609  2.585  2.863  0.246
  2.461  2.546  2.336  0.000
  2.533  2.636  2.268  1.194
  2.816  2.928  2.571  0.706
  2.637  2.848  2.053  0.464
  2.728  2.961  2.040  0.914
  2.720  3.002  1.770  2.252
  2.605  2.873  1.760  1.332
  2.466  2.654  1.861  1.751
  2.715  2.921  2.051  1.943
  2.903  3.158  2.052  2.341
  3.247  3.654  1.844  2.939
  3.368  3.828  1.760  3.313
  3.555  4.080  1.736  3.268
  3.296  3.799  1.583  2.619
  3.096  3.521  1.633  2.783
  2.608  2.978  1.331  2.353
  2.546  2.930  1.258  1.742
  2.575  2.927  1.309  3.055
  2.365  2.762  1.050  1.319
  2.488  2.885  1.063  2.976
  2.427  2.829  1.075  1.653
  2.424  2.767  1.165  3.263
  2.282  2.589  1.227  1.969
  2.283  2.575  1.338  1.237
  2.164  2.336  1.620  1.396
  1.987  2.039  1.760  2.584
  1.872  1.847  1.969  1.701
  1.662  1.667  1.608  2.185
  1.608  1.582  1.778  0.498
  1.422  1.395  1.522  1.312
  1.230  1.183  1.435  0.648
  1.308  1.195  1.737  0.800
  1.282  1.113  1.909  0.791
  1.303  1.084  2.131  0.469
  1.307  1.122  2.040  0.154
  1.473  1.376  1.896  0.305
  1.616  1.499  2.132  0.151
  1.749  1.755  1.841  0.149
  1.972  2.053  1.831  0.000
  1.968  2.095  1.643  0.291
  1.993  2.121  1.686  0.000
  2.192  2.413  1.576  0.000
  2.253  2.510  1.518  0.000
  2.380  2.652  1.600  0.000
  2.442  2.734  1.592  0.000
  2.591  2.862  1.827  0.000
  2.688  3.045  1.634  0.000
  2.626  2.941  1.711  0.000
  2.381  2.643  1.636  0.000
  2.317  2.510  1.804  0.000
  2.308  2.512  1.757  0.000
  2.179  2.376  1.647  0.000
  1.985  2.137  1.593  0.000
  2.001  2.203  1.434  0.000
  1.893  2.062  1.436  0.000
  1.821  2.048  1.160  0.000
  1.697  1.856  1.260  0.000
  1.589  1.681  1.383  0.000
  1.419  1.424  1.504  0.000
  1.386  1.407  1.413  0.000
  1.555  1.542  1.713  0.000
  1.584  1.512  1.941  0.115
  1.743  1.696  2.035  0.000
  1.628  1.493  2.215  0.000
  1.575  1.414  2.241  0.111
  1.647  1.454  2.407  0.441
  1.608  1.446  2.251  0.545
  1.727  1.606  2.236  0.540
  1.789  1.743  2.046  0.428
  1.869  1.892  1.898  0.318
  1.960  1.987  1.946  0.838
  1.970  2.010  1.898  1.038
  1.776  1.798  1.718  1.542
  1.653  1.575  1.978  0.916
  1.577  1.539  1.743  1.109
  1.498  1.447  1.691  1.298
  1.627  1.593  1.745  1.682
  1.781  1.788  1.757  1.764
  1.937  2.024  1.657  1.553
  2.141  2.241  1.813  1.827
  2.069  2.142  1.844  1.619
  1.998  2.063  1.793  1.699
  1.886  1.920  1.770  1.870
  1.852  1.866  1.813  1.668
  2.123  2.070  2.321  1.928
  2.040  2.102  1.852  1.637
  2.203  2.333  1.784  1.713
  2.458  2.636  1.838  2.412
  2.303  2.416  1.929  2.036
  2.181  2.247  1.924  2.545
  1.993  1.970  2.106  1.565
  1.803  1.784  1.804  2.758
  1.627  1.548  1.825  2.734
  1.477  1.403  1.682  2.202
  1.452  1.328  1.793  2.770
  1.433  1.345  1.658  2.580
  1.520  1.451  1.697  2.392
  1.551  1.547  1.501  2.454
  1.538  1.532  1.535  1.865
  1.448  1.455  1.413  1.608
  1.531  1.534  1.452  2.471
  1.471  1.490  1.366  1.976
  1.521  1.559  1.366  1.802
  1.563  1.605  1.410  1.632
  1.671  1.709  1.514  2.003
  1.774  1.846  1.495  2.140
  1.814  1.848  1.700  1.743
  1.701  1.736  1.600  1.428
  1.612  1.625  1.571  1.565
  1.696  1.691  1.684  2.070
  1.692  1.692  1.702  1.540
  1.802  1.782  1.854  2.036
  1.820  1.830  1.793  1.731
  1.854  1.859  1.891  1.073
  1.868  1.864  1.901  1.562
  1.828  1.822  1.861  1.690
  1.817  1.795  1.916  1.537
  1.757  1.724  1.901  1.386
  1.838  1.780  2.013  2.200
  1.556  1.526  1.637  1.910
  1.589  1.526  1.788  1.895
  1.578  1.537  1.726  1.477
  0.3991966E+03  0.3979727E+03
  0.000  0.000  0.000  0.000
  0.000  0.000  0.000  0.000
  0.000  0.000  0.000  0.000
  0.000  0.000  0.000  0.000
  0.000  0.000  0.000  0.000
  0.000  0.000  0.000  0.000
  0.000  0.000  0.000  0.000
  0.000  0.000  0.000  0.000
  0.000  0.000  0.000  0.000
  0.000  0.000  0.000  0.000
  0.000  0.000  0.000  0.000
  0.000  0.000  0.000  0.000
  0.000  0.000  0.000  0.000
  0.000  0.000  0.000  0.000
  0.000  0.000  0.000  0.000
  0.000  0.000  0.000  0.000
  0.000  0.000  0.000  0.000
  0.000  0.000  0.000  0.000
  0.000  0.000  0.000  0.000
  0.000  0.000  0.000  0.000
  0.000  0.000  0.000  0.000
  0.000  0.000  0.000  0.000
  0.000  0.000  0.000  0.000
  0.000  0.000  0.000  0.000
  0.000  0.000  0.000  0.000
  0.000  0.000  0.000  0.000
  0.000  0.000  0.000  0.000
  0.091  0.000  0.414  0.000
  0.337  0.000  1.542  0.000
  1.259  0.000  5.755  0.000
  6.110  0.000 27.931  0.000
  2.968  0.000 13.566  0.000
  0.583  0.000  2.667  0.000
  0.183  0.000  0.837  0.000
  0.058  0.000  0.263  0.000
  0.000  0.000  0.000  0.000
  0.000  0.000  0.000  0.000
  0.000  0.000  0.000  0.000
  0.046  0.060  0.000  0.000
  0.614  0.803  0.000  0.000
  3.507  4.581  0.000  0.000
  9.543 12.464  0.000  0.000
 15.128 19.758  0.000  0.000
 16.648 21.744  0.000  0.000
 12.069 15.764  0.000  0.000
 10.552 13.783  0.000  0.000
 10.008 13.072  0.000  0.000
  9.045 11.814  0.000  0.000
  5.794  7.567  0.000  0.000
  4.136  5.403  0.000  0.000
  2.471  3.227  0.000  0.000
  1.601  2.091  0.000  0.000
  0.894  1.168  0.000  0.000
  1.005  1.313  0.000  0.000
  0.599  0.783  0.000  0.000
  0.156  0.203  0.000  0.000
  0.236  0.308  0.000  0.000
  0.166  0.216  0.000  0.000
  0.180  0.235  0.000  0.000
  0.271  0.354  0.000  0.000
  0.430  0.562  0.000  0.000
  0.887  1.159  0.000  0.000
  0.719  0.916  0.080  0.000
  0.611  0.754  0.155  0.000
  0.609  0.688  0.376  0.000
  0.862  0.792  1.168  0.000
  1.254  1.092  1.911  0.000
  1.954  1.826  2.542  0.000
  3.226  2.764  5.071  0.000
  3.743  2.667  7.778  0.000
  3.445  2.142  8.251  0.000
  3.309  2.345  6.920  0.000
  3.075  2.433  5.539  0.000
  3.119  2.798  4.462  0.000
  2.727  2.707  2.990  0.000
  3.388  4.049  1.318  0.000
  2.996  3.729  0.642  0.000
  3.193  4.081  0.313  0.000
  3.623  4.703  0.102  0.000
  3.543  4.628  0.000  0.000
  3.741  4.845  0.145  0.000
  3.475  4.511  0.094  0.000
  3.512  4.573  0.046  0.000
  3.467  4.516  0.045  0.000
  3.491  4.472  0.307  0.000
  3.279  4.209  0.257  0.000
  2.554  3.192  0.460  0.586
  1.914  2.290  0.613  1.717
  1.408  1.530  1.039  0.560
  0.958  0.815  1.407  1.642
  1.062  0.666  2.408  1.605
  1.268  0.769  3.029  1.047
  1.257  0.815  2.891  0.000
  1.512  1.003  3.151  3.509
  1.572  1.192  2.699  4.417
  1.329  0.951  2.472  3.845
  1.493  1.162  2.555  2.824
  1.599  1.233  2.701  4.150
  1.602  1.263  2.581  4.517
  1.591  1.437  1.961  3.984
  1.702  1.541  2.139  3.472
  1.974  1.806  2.340  5.105
  1.942  1.882  2.026  3.755
  2.365  2.463  1.724  6.547
  2.258  2.506  1.261  4.014
  2.535  2.821  1.266  6.301
  2.560  2.879  1.270  5.024
  2.406  2.709  1.084  6.068
  2.728  3.123  1.197  4.840
  3.136  3.745  0.992  3.290
  3.421  4.066  1.000  5.743
  3.718  4.590  0.781  2.115
  3.820  4.629  0.866  5.541
  3.769  4.631  0.851  2.382
  3.442  4.189  0.836  3.343
  3.855  4.674  0.986  3.943
  3.532  4.323  0.830  2.584
  3.130  3.732  1.043  2.857
  2.556  2.937  1.204  2.809
  2.350  2.618  1.403  2.455
  2.170  2.421  1.358  1.207
  2.078  2.200  1.697  1.485
  2.122  2.158  2.065  1.168
  2.034  2.094  1.950  0.287
  2.125  2.193  1.979  0.848
  2.396  2.431  2.425  0.278
  2.482  2.532  2.406  1.096
  2.304  2.328  2.388  0.000
  2.447  2.600  2.067  0.265
  2.544  2.736  2.035  0.261
  2.477  2.595  2.224  0.257
  2.349  2.457  2.136  0.000
  2.411  2.553  2.086  0.000
  2.356  2.339  2.477  1.476
  2.851  2.898  2.821  0.969
  2.544  2.709  2.114  0.477
  2.702  2.943  1.983  0.941
  2.731  2.895  2.252  1.391
  2.671  2.928  1.861  1.371
  2.748  3.066  1.737  1.351
  2.533  2.760  1.760  2.220
  2.610  2.873  1.673  2.846
  2.523  2.700  1.973  1.511
  2.910  3.262  1.764  1.703
  3.254  3.654  1.919  2.309
  3.319  3.824  1.730  0.828
  3.462  3.989  1.678  2.655
  3.261  3.729  1.655  2.820
  3.065  3.436  1.789  2.783
  2.816  3.146  1.653  2.942
  2.615  2.954  1.396  3.096
  2.605  2.868  1.691  2.483
  2.533  2.808  1.588  2.262
  2.691  3.083  1.355  2.232
  2.542  2.810  1.574  2.938
  2.495  2.726  1.787  1.088
  2.427  2.662  1.636  1.969
  2.178  2.290  1.716  3.180
  2.088  2.297  1.446  0.872
  1.944  2.036  1.698  0.861
  1.592  1.698  1.203  1.872
  1.457  1.499  1.320  1.344
  1.559  1.582  1.518  0.996
  1.340  1.355  1.288  1.312
  1.319  1.289  1.458  0.810
  1.270  1.179  1.634  0.640
  1.351  1.207  1.886  0.949
  1.260  1.109  1.819  0.781
  1.385  1.235  1.941  0.926
  1.504  1.367  2.070  0.305
  1.680  1.548  2.240  0.302
  1.800  1.870  1.682  0.000
  1.740  1.807  1.620  0.147
  1.952  2.077  1.654  0.000
  1.993  2.221  1.337  0.000
  2.092  2.306  1.494  0.000
  2.291  2.576  1.457  0.000
  2.363  2.677  1.431  0.000
  2.500  2.805  1.611  0.000
  2.678  3.054  1.555  0.000
  2.741  3.031  1.922  0.000
  2.532  2.824  1.692  0.000
  2.566  2.820  1.861  0.000
  2.331  2.521  1.832  0.000
  2.382  2.559  1.931  0.000
  2.153  2.327  1.701  0.000
  2.125  2.299  1.665  0.000
  1.932  2.086  1.532  0.000
  1.769  1.933  1.322  0.000
  1.766  1.868  1.534  0.000
  1.687  1.782  1.475  0.000
  1.686  1.754  1.571  0.000
  1.578  1.562  1.749  0.000
  1.483  1.455  1.689  0.000
  1.501  1.447  1.796  0.000
  1.537  1.430  2.023  0.000
  1.591  1.462  2.157  0.000
  1.585  1.495  2.007  0.112
  1.677  1.578  2.145  0.000
  1.506  1.425  1.880  0.220
  1.567  1.509  1.861  0.327
  1.641  1.533  2.066  0.972
  1.735  1.686  1.985  0.641
  1.806  1.836  1.754  1.058
  1.823  1.822  1.909  0.629
  1.813  1.813  1.846  1.349
  1.874  1.911  1.821  0.822
  1.791  1.797  1.811  1.222
  1.619  1.623  1.649  1.008
  1.652  1.573  1.954  1.298
  1.555  1.569  1.540  1.088
  1.823  1.874  1.680  1.372
  2.002  2.064  1.810  1.650
  1.977  2.072  1.642  2.019
  2.148  2.240  1.858  1.715
  1.966  1.999  1.827  2.265
  1.953  1.973  1.890  1.870
  1.941  1.980  1.840  1.482
  1.942  1.977  1.875  1.193
  2.173  2.272  1.839  2.001
  2.278  2.382  1.996  1.082
  2.324  2.419  2.029  1.787
  2.413  2.515  2.087  1.948
  2.242  2.301  2.068  1.755
  1.993  2.030  1.826  2.522
  1.863  1.792  2.044  2.758
  1.610  1.470  1.965  3.503
  1.463  1.319  1.869  2.879
  1.417  1.312  1.715  2.350
  1.506  1.421  1.748  2.247
  1.478  1.413  1.673  1.980
  1.494  1.459  1.595  1.799
  1.570  1.598  1.431  2.108
  1.447  1.413  1.527  2.010
  1.494  1.508  1.446  1.514
  1.436  1.455  1.372  1.423
  1.429  1.483  1.243  1.411
  1.542  1.567  1.438  1.787
  1.680  1.747  1.448  1.618
  1.706  1.789  1.435  1.452
  1.684  1.749  1.467  1.516
  1.723  1.747  1.643  1.653
  1.685  1.719  1.539  2.087
  1.773  1.797  1.705  1.552
  1.740  1.736  1.723  2.200
  1.746  1.747  1.683  2.618
  1.775  1.750  1.834  2.164
  1.853  1.872  1.779  1.932
  1.918  1.915  1.886  2.484
  1.874  1.838  1.951  2.535
  1.936  1.890  2.026  2.934
  1.867  1.833  1.881  3.326
  1.718  1.658  1.876  2.406
  1.664  1.565  1.983  2.046
  1.569  1.456  1.885  2.707
  1.547  1.498  1.736  1.343
  0.3979938E+03  0.3962045E+03
  0.000  0.000  0.000  0.000
  0.000  0.000  0.000  0.000
  0.000  0.000  0.000  0.000
  0.000  0.000  0.000  0.000
  0.000  0.000  0.000  0.000
  0.000  0.000  0.000  0.000
  0.000  0.000  0.000  0.000
  0.000  0.000  0.000  0.000
  0.000  0.000  0.000  0.000
  0.000  0.000  0.000  0.000
  0.000  0.000  0.000  0.000
  0.000  0.000  0.000  0.000
  0.000  0.000  0.000  0.000
  0.000  0.000  0.000  0.000
  0.000  0.000  0.000  0.000
  0.000  0.000  0.000  0.000
  0.000  0.000  0.000  0.000
  0.000  0.000  0.000  0.000
  0.000  0.000  0.000  0.000
  0.000  0.000  0.000  0.000
  0.000  0.000  0.000  0.000
  0.000  0.000  0.000  0.000
  0.000  0.000  0.000  0.000
  0.000  0.000  0.000  0.000
  0.000  0.000  0.000  0.000
  0.000  0.000  0.000  0.000
  0.000  0.000  0.000  0.000
  0.091  0.000  0.414  0.000
  0.422  0.000  1.927  0.000
  1.810  0.000  8.273  0.000
  6.036  0.000 27.594  0.000
  2.623  0.000 11.989  0.000
  0.454  0.000  2.075  0.000
  0.183  0.000  0.837  0.000
  0.058  0.000  0.263  0.000
  0.000  0.000  0.000  0.000
  0.000  0.000  0.000  0.000
  0.000  0.000  0.000  0.000
  0.000  0.000  0.000  0.000
  0.307  0.401  0.000  0.000
  3.424  4.472  0.000  0.000
  9.623 12.568  0.000  0.000
 15.090 19.709  0.000  0.000
 16.612 21.697  0.000  0.000
 13.176 17.209  0.000  0.000
 11.214 14.647  0.000  0.000
  9.280 12.121  0.000  0.000
  8.134 10.625  0.000  0.000
  5.299  6.921  0.000  0.000
  3.913  5.111  0.000  0.000
  3.303  4.314  0.000  0.000
  1.962  2.563  0.000  0.000
  1.068  1.395  0.000  0.000
  0.813  1.063  0.000  0.000
  0.530  0.693  0.000  0.000
  0.133  0.174  0.000  0.000
  0.150  0.196  0.000  0.000
  0.249  0.325  0.000  0.000
  0.180  0.235  0.000  0.000
  0.251  0.328  0.000  0.000
  0.486  0.635  0.000  0.000
  0.833  1.088  0.000  0.000
  0.666  0.847  0.080  0.000
  0.577  0.665  0.311  0.000
  0.691  0.774  0.452  0.000
  0.878  0.792  1.241  0.000
  0.991  0.910  1.345  0.000
  2.330  2.061  3.436  0.000
  3.036  2.402  5.471  0.000
  3.856  2.944  7.324  0.000
  3.665  2.484  8.063  0.000
  3.336  2.257  7.349  0.000
  2.632  2.110  4.646  0.000
  3.055  2.699  4.520  0.000
  2.974  3.159  2.538  0.000
  3.100  3.562  1.703  0.000
  3.288  4.050  0.856  0.000
  3.193  4.095  0.261  0.000
  3.501  4.529  0.152  0.000
  3.511  4.557  0.099  0.000
  3.519  4.569  0.097  0.000
  3.382  4.363  0.189  0.000
  3.713  4.810  0.092  0.644
  3.850  4.939  0.269  0.629
  3.645  4.610  0.395  1.842
  3.241  4.124  0.343  0.600
  2.609  3.240  0.544  0.586
  2.057  2.325  1.104  2.290
  1.451  1.382  1.479  4.477
  0.906  0.771  1.407  0.547
  1.012  0.644  2.217  2.141
  1.072  0.620  2.618  1.571
  1.385  0.857  3.037  4.098
  1.575  1.156  2.972  2.507
  1.664  1.212  3.120  3.436
  1.179  0.971  1.716  3.845
  1.603  1.230  2.891  1.883
  1.376  0.979  2.437  5.994
  1.729  1.521  2.259  4.517
  1.612  1.437  1.992  4.870
  1.783  1.497  2.449  6.509
  1.748  1.563  2.218  4.254
  2.060  2.086  1.937  2.503
  2.154  2.271  1.666  3.273
  2.283  2.425  1.835  1.605
  2.590  2.861  1.603  3.150
  2.427  2.697  1.325  4.637
  2.602  3.104  0.894  1.896
  2.821  3.450  0.638  2.606
  3.181  3.849  0.914  2.193
  3.320  4.066  0.744  2.872
  3.658  4.605  0.353  3.526
  3.658  4.587  0.495  2.424
  3.525  4.340  0.729  2.722
  3.834  4.715  0.621  5.683
  3.455  4.218  0.845  2.628
  3.567  4.251  1.153  3.875
  2.937  3.576  0.726  2.540
  2.721  3.121  1.315  2.809
  2.551  2.888  1.359  2.762
  2.424  2.698  1.552  1.207
  2.009  2.121  1.612  2.078
  2.017  2.009  2.045  2.045
  2.151  2.158  2.114  2.299
  2.169  2.101  2.484  1.131
  2.144  2.243  1.868  1.113
  2.379  2.376  2.465  1.369
  2.612  2.696  2.407  1.348
  2.580  2.714  2.218  1.062
  2.577  2.603  2.670  0.000
  2.473  2.568  2.298  0.257
  2.151  2.204  2.100  0.253
  2.169  2.262  1.962  0.499
  2.463  2.404  2.811  0.492
  2.673  2.764  2.388  2.181
  2.734  2.879  2.353  0.955
  2.779  2.957  2.352  0.000
  2.713  2.867  2.302  0.927
  2.913  3.106  2.367  1.142
  2.608  2.836  1.882  1.577
  2.626  2.832  1.935  2.220
  2.463  2.622  1.923  2.189
  2.678  2.907  1.927  1.943
  2.701  3.010  1.642  2.341
  3.316  3.847  1.649  0.630
  3.581  4.069  1.937  2.691
  3.497  4.089  1.532  2.042
  3.371  3.931  1.497  2.216
  3.003  3.399  1.675  2.186
  2.761  3.178  1.261  3.334
  2.500  2.843  1.313  2.322
  2.405  2.724  1.228  3.246
  2.468  2.781  1.346  2.827
  2.549  2.938  1.222  2.046
  2.490  2.874  1.233  1.285
  2.410  2.797  1.062  2.356
  2.324  2.615  1.253  3.042
  2.305  2.524  1.565  1.944
  2.129  2.307  1.508  2.094
  1.884  2.032  1.378  1.723
  1.622  1.635  1.629  0.851
  1.507  1.440  1.752  1.344
  1.587  1.535  1.767  1.660
  1.455  1.375  1.745  1.312
  1.463  1.372  1.828  0.810
  1.325  1.176  1.852  1.280
  1.361  1.181  2.078  0.158
  1.218  1.074  1.763  0.625
  1.312  1.153  1.919  0.617
  1.642  1.504  2.234  0.153
  1.708  1.652  2.014  0.151
  1.793  1.864  1.671  0.000
  1.867  1.906  1.852  0.147
  1.922  2.009  1.758  0.000
  2.029  2.183  1.635  0.000
  2.117  2.280  1.697  0.000
  2.159  2.398  1.467  0.141
  2.350  2.646  1.481  0.000
  2.530  2.838  1.631  0.000
  2.702  3.009  1.817  0.000
  2.667  3.001  1.691  0.000
  2.632  2.884  1.939  0.000
  2.402  2.670  1.636  0.000
  2.209  2.375  1.785  0.000
  2.332  2.538  1.775  0.000
  2.223  2.472  1.510  0.000
  2.024  2.222  1.476  0.000
  2.028  2.242  1.425  0.000
  1.796  1.984  1.269  0.000
  1.743  1.888  1.360  0.000
  1.655  1.780  1.337  0.000
  1.651  1.759  1.392  0.000
  1.593  1.651  1.504  0.000
  1.509  1.486  1.697  0.000
  1.497  1.435  1.821  0.000
  1.573  1.540  1.802  0.000
  1.612  1.501  2.116  0.000
  1.519  1.394  2.055  0.112
  1.604  1.487  2.129  0.000
  1.616  1.553  1.935  0.220
  1.722  1.618  2.165  0.654
  1.675  1.507  2.367  0.216
  1.779  1.686  2.199  0.428
  1.789  1.719  2.117  0.635
  1.880  1.872  1.999  0.629
  1.940  1.959  1.979  0.415
  1.890  1.915  1.806  1.850
  1.762  1.795  1.709  0.916
  1.588  1.560  1.714  1.210
  1.587  1.543  1.733  1.698
  1.615  1.548  1.809  2.176
  1.701  1.732  1.582  1.862
  1.821  1.882  1.657  1.165
  2.130  2.208  1.903  1.539
  2.109  2.214  1.708  2.572
  2.045  2.111  1.827  1.888
  1.873  1.876  1.910  1.216
  2.053  2.057  2.045  1.946
  1.962  1.919  2.098  2.203
  2.077  2.144  1.878  1.547
  2.235  2.287  2.067  2.073
  2.381  2.512  1.978  1.608
  2.296  2.437  1.828  1.948
  2.196  2.283  1.868  2.545
  2.122  2.192  1.919  1.565
  1.840  1.845  1.755  2.758
  1.547  1.445  1.788  3.161
  1.409  1.327  1.573  3.133
  1.379  1.293  1.601  2.434
  1.420  1.355  1.611  1.914
  1.478  1.471  1.420  2.640
  1.536  1.504  1.589  2.372
  1.570  1.547  1.622  1.946
  1.496  1.478  1.510  2.171
  1.527  1.527  1.520  1.594
  1.615  1.552  1.784  2.371
  1.516  1.570  1.310  1.724
  1.615  1.662  1.449  1.632
  1.625  1.607  1.673  1.849
  1.632  1.651  1.577  1.452
  1.707  1.802  1.413  1.212
  1.725  1.747  1.664  1.503
  1.708  1.764  1.533  1.416
  1.708  1.715  1.647  2.218
  1.741  1.778  1.634  1.466
  1.741  1.741  1.730  1.891
  1.780  1.753  1.824  2.453
  1.877  1.863  1.942  1.646
  1.799  1.795  1.856  1.207
  1.863  1.875  1.831  1.690
  1.877  1.872  1.906  1.746
  1.879  1.901  1.802  1.871
  1.676  1.646  1.778  1.719
  1.616  1.523  1.919  1.910
  1.545  1.435  1.895  2.030
  1.589  1.469  1.985  1.947
  0.3919211E+03  0.3903988E+03
  0.000  0.000  0.000  0.000
  0.000  0.000  0.000  0.000
  0.000  0.000  0.000  0.000
  0.000  0.000  0.000  0.000
  0.000  0.000  0.000  0.000
  0.000  0.000  0.000  0.000
  0.000  0.000  0.000  0.000
  0.000  0.000  0.000  0.000
  0.000  0.000  0.000  0.000
  0.000  0.000  0.000  0.000
  0.000  0.000  0.000  0.000
  0.000  0.000  0.000  0.000
  0.000  0.000  0.000  0.000
  0.000  0.000  0.000  0.000
  0.000  0.000  0.000  0.000
  0.000  0.000  0.000  0.000
  0.000  0.000  0.000  0.000
  0.000  0.000  0.000  0.000
  0.000  0.000  0.000  0.000
  0.000  0.000  0.000  0.000
  0.000  0.000  0.000  0.000
  0.000  0.000  0.000  0.000
  0.000  0.000  0.000  0.000
  0.000  0.000  0.000  0.000
  0.000  0.000  0.000  0.000
  0.000  0.000  0.000  0.000
  0.000  0.000  0.000  0.000
  0.091  0.000  0.414  0.000
  0.337  0.000  1.542  0.000
  1.338  0.000  6.115  0.000
  6.036  0.000 27.594  0.000
  2.968  0.000 13.566  0.000
  0.519  0.000  2.371  0.000
  0.244  0.000  1.116  0.000
  0.058  0.000  0.263  0.000
  0.000  0.000  0.000  0.000
  0.000  0.000  0.000  0.000
  0.000  0.000  0.000  0.000
  0.000  0.000  0.000  0.000
  0.439  0.573  0.000  0.000
  3.925  5.126  0.000  0.000
  9.265 12.101  0.000  0.000
 15.696 20.501  0.000  0.000
 15.381 20.090  0.000  0.000
 12.934 16.893  0.000  0.000
 10.486 13.696  0.000  0.000
 10.040 13.113  0.000  0.000
  8.468 11.061  0.000  0.000
  5.357  6.997  0.000  0.000
  4.528  5.914  0.000  0.000
  2.766  3.613  0.000  0.000
  1.988  2.597  0.000  0.000
  0.919  1.201  0.000  0.000
  0.837  1.094  0.000  0.000
  0.599  0.783  0.000  0.000
  0.422  0.552  0.000  0.000
  0.215  0.280  0.000  0.000
  0.083  0.108  0.000  0.000
  0.120  0.157  0.000  0.000
  0.251  0.328  0.000  0.000
  0.430  0.562  0.000  0.000
  0.779  1.017  0.000  0.000
  0.736  0.962  0.000  0.000
  0.628  0.799  0.078  0.000
  0.494  0.559  0.301  0.000
  0.990  1.022  0.949  0.000
  1.487  1.335  2.124  0.000
  1.909  1.394  3.848  0.000
  3.488  2.783  6.205  0.000
  3.403  2.630  6.352  0.000
  3.348  2.232  7.496  0.000
  3.148  2.257  6.491  0.000
  3.153  2.433  5.897  0.000
  2.966  2.682  4.173  0.000
  2.937  3.014  2.877  0.000
  3.268  3.766  1.758  0.000
  3.218  3.959  0.856  0.000
  3.272  4.185  0.313  0.000
  3.345  4.340  0.102  0.000
  3.327  4.345  0.000  0.000
  3.625  4.707  0.097  0.000
  3.361  4.390  0.000  0.000
  3.602  4.679  0.092  0.000
  3.870  5.003  0.180  0.000
  3.635  4.685  0.175  0.614
  3.316  4.172  0.514  0.600
  2.544  3.240  0.251  0.586
  1.932  2.243  0.981  0.000
  1.312  1.416  0.999  0.560
  1.077  0.983  1.407  1.094
  0.870  0.448  2.217  2.676
  1.350  0.940  2.692  2.618
  1.481  0.910  3.256  4.610
  1.481  0.900  3.259  5.014
  1.281  0.922  2.384  3.436
  1.592  1.265  2.678  2.403
  1.294  1.057  2.084  1.883
  1.491  1.289  2.009  4.150
  1.609  1.217  3.001  1.355
  1.653  1.364  2.530  3.542
  1.634  1.337  2.542  3.472
  1.768  1.658  1.945  4.680
  1.923  1.779  2.145  5.841
  2.385  2.355  2.280  5.319
  2.584  2.916  1.347  3.612
  2.609  2.949  1.266  4.725
  2.463  2.863  0.883  5.024
  2.388  2.748  0.975  4.551
  2.612  3.077  0.745  5.957
  3.021  3.663  0.757  3.290
  3.590  4.330  0.820  6.102
  3.647  4.511  0.680  2.820
  3.815  4.601  1.138  2.770
  3.541  4.291  0.996  2.382
  3.730  4.578  0.860  2.340
  3.778  4.660  0.728  3.286
  3.456  4.211  0.761  4.198
  3.135  3.712  1.066  3.810
  2.760  3.242  1.026  3.433
  2.451  2.719  1.469  3.069
  2.165  2.384  1.401  2.113
  2.250  2.399  1.824  0.891
  2.026  2.045  1.982  1.752
  1.872  1.712  2.545  0.287
  1.776  1.754  1.979  0.000
  2.313  2.238  2.644  1.391
  2.405  2.448  2.367  0.822
  2.726  2.944  2.138  0.270
  2.547  2.736  2.010  0.796
  2.483  2.688  1.923  0.261
  2.348  2.416  2.224  0.772
  2.471  2.597  2.191  0.253
  2.419  2.369  2.675  1.248
  2.598  2.600  2.758  0.246
  2.427  2.551  2.077  1.211
  2.742  2.865  2.472  0.477
  2.676  2.885  2.050  1.176
  2.923  3.184  2.120  1.391
  2.563  2.779  1.910  1.142
  2.414  2.717  1.496  0.450
  2.546  2.773  1.808  1.776
  2.682  2.966  1.783  1.313
  2.600  2.943  1.480  1.511
  2.917  3.201  2.022  1.490
  3.195  3.560  1.979  2.309
  3.381  3.752  2.070  3.520
  3.449  3.905  1.925  2.451
  3.466  3.992  1.756  1.612
  2.857  3.281  1.405  2.385
  2.917  3.322  1.513  2.745
  2.555  2.903  1.382  1.935
  2.536  2.942  1.187  1.528
  2.627  3.000  1.413  1.319
  2.503  2.870  1.222  2.418
  2.393  2.668  1.377  3.122
  2.509  2.786  1.605  1.631
  2.296  2.509  1.432  3.937
  2.369  2.593  1.628  1.767
  2.244  2.332  1.832  3.664
  1.919  2.001  1.661  1.551
  1.686  1.698  1.629  1.872
  1.544  1.506  1.680  1.512
  1.554  1.541  1.648  0.830
  1.445  1.382  1.698  0.984
  1.339  1.279  1.631  0.162
  1.215  1.166  1.360  1.600
  1.240  1.104  1.773  0.474
  1.247  1.183  1.529  0.469
  1.303  1.144  1.908  0.617
  1.466  1.398  1.787  0.305
  1.635  1.579  1.939  0.151
  1.735  1.724  1.884  0.149
  1.867  1.915  1.831  0.000
  1.881  1.958  1.747  0.000
  2.110  2.277  1.676  0.000
  2.090  2.370  1.260  0.000
  2.271  2.510  1.598  0.000
  2.389  2.683  1.530  0.000
  2.631  3.066  1.297  0.000
  2.668  2.990  1.730  0.000
  2.705  2.979  1.941  0.000
  2.476  2.704  1.853  0.000
  2.457  2.699  1.786  0.000
  2.310  2.494  1.832  0.000
  2.332  2.502  1.904  0.000
  2.362  2.511  2.011  0.000
  2.081  2.271  1.566  0.000
  2.043  2.219  1.576  0.000
  1.818  1.986  1.357  0.000
  1.688  1.883  1.125  0.000
  1.687  1.770  1.518  0.000
  1.543  1.683  1.161  0.000
  1.512  1.562  1.445  0.000
  1.454  1.393  1.764  0.117
  1.455  1.393  1.779  0.000
  1.602  1.533  1.958  0.000
  1.577  1.441  2.165  0.000
  1.628  1.493  2.199  0.225
  1.592  1.512  1.986  0.000
  1.612  1.513  2.077  0.000
  1.644  1.571  2.017  0.000
  1.555  1.480  1.912  0.216
  1.762  1.723  1.977  0.641
  1.907  1.922  1.966  0.318
  1.900  1.842  2.163  1.048
  1.863  1.915  1.757  0.830
  1.942  1.930  2.012  1.542
  1.731  1.708  1.854  1.120
  1.632  1.564  1.836  2.117
  1.567  1.559  1.605  1.398
  1.652  1.647  1.675  1.583
  1.687  1.714  1.603  1.568
  1.893  1.969  1.636  1.747
  2.049  2.166  1.710  1.058
  2.133  2.175  2.007  1.810
  2.011  2.088  1.773  1.604
  1.993  1.989  2.017  1.870
  1.931  1.987  1.754  1.668
  1.892  1.932  1.757  1.836
  2.087  2.144  1.897  1.910
  2.259  2.290  2.164  2.073
  2.365  2.485  1.972  1.965
  2.414  2.587  1.828  2.125
  2.199  2.269  1.962  2.106
  2.117  2.105  2.149  2.261
  1.770  1.698  1.946  2.844
  1.697  1.608  1.928  2.819
  1.510  1.384  1.893  2.287
  1.493  1.369  1.835  2.770
  1.435  1.359  1.658  2.080
  1.409  1.355  1.567  1.815
  1.535  1.514  1.571  2.045
  1.449  1.453  1.431  1.541
  1.470  1.454  1.487  2.010
  1.442  1.430  1.475  1.594
  1.499  1.506  1.417  2.292
  1.532  1.582  1.327  1.959
  1.470  1.514  1.360  0.855
  1.654  1.716  1.453  1.464
  1.672  1.751  1.359  2.140
  1.723  1.780  1.543  1.440
  1.717  1.776  1.487  2.029
  1.749  1.802  1.571  1.640
  1.716  1.744  1.616  1.774
  1.765  1.775  1.697  2.273
  1.777  1.750  1.849  2.109
  1.894  1.880  1.963  1.587
  1.787  1.748  1.896  2.147
  1.847  1.825  1.891  2.271
  1.856  1.851  1.861  2.042
  1.880  1.856  1.946  2.165
  1.867  1.824  1.970  2.495
  1.753  1.733  1.787  2.269
  1.626  1.588  1.705  2.387
  1.561  1.443  1.919  2.301
  1.579  1.440  2.019  2.216
  0.3994336E+03  0.3972965E+03
  0.000  0.000  0.000  0.000
  0.000  0.000  0.000  0.000
  0.000  0.000  0.000  0.000
  0.000  0.000  0.000  0.000
  0.000  0.000  0.000  0.000
  0.000  0.000  0.000  0.000
  0.000  0.000  0.000  0.000
  0.000  0.000  0.000  0.000
  0.000  0.000  0.000  0.000
  0.000  0.000  0.000  0.000
  0.000  0.000  0.000  0.000
  0.000  0.000  0.000  0.000
  0.000  0.000  0.000  0.000
  0.000  0.000  0.000  0.000
  0.000  0.000  0.000  0.000
  0.000  0.000  0.000  0.000
  0.000  0.000  0.000  0.000
  0.000  0.000  0.000  0.000
  0.000  0.000  0.000  0.000
  0.000  0.000  0.000  0.000
  0.000  0.000  0.000  0.000
  0.000  0.000  0.000  0.000
  0.000  0.000  0.000  0.000
  0.000  0.000  0.000  0.000
  0.000  0.000  0.000  0.000
  0.000  0.000  0.000  0.000
  0.000  0.000  0.000  0.000
  0.091  0.000  0.414  0.000
  0.169  0.000  0.771  0.000
  1.731  0.000  7.914  0.000
  5.963  0.000 27.258  0.000
  2.830  0.000 12.935  0.000
  0.519  0.000  2.371  0.000
  0.183  0.000  0.837  0.000
  0.115  0.000  0.526  0.000
  0.000  0.000  0.000  0.000
  0.000  0.000  0.000  0.000
  0.000  0.000  0.000  0.000
  0.000  0.000  0.000  0.000
  0.439  0.573  0.000  0.000
  3.925  5.126  0.000  0.000
 10.140 13.243  0.000  0.000
 14.862 19.412  0.000  0.000
 14.657 19.144  0.000  0.000
 13.660 17.842  0.000  0.000
  9.461 12.357  0.000  0.000
 10.452 13.651  0.000  0.000
  8.924 11.655  0.000  0.000
  6.027  7.871  0.000  0.000
  4.248  5.549  0.000  0.000
  2.658  3.472  0.000  0.000
  1.653  2.158  0.000  0.000
  1.391  1.817  0.000  0.000
  0.790  1.031  0.000  0.000
  0.576  0.753  0.000  0.000
  0.222  0.290  0.000  0.000
  0.107  0.140  0.000  0.000
  0.083  0.108  0.000  0.000
  0.080  0.105  0.000  0.000
  0.193  0.253  0.000  0.000
  0.674  0.880  0.000  0.000
  0.688  0.899  0.000  0.000
  0.842  1.053  0.160  0.000
  0.493  0.555  0.311  0.000
  0.576  0.667  0.301  0.000
  0.894  0.917  0.876  0.000
  1.007  0.930  1.345  0.000
  2.405  2.081  3.710  0.000
  3.138  2.554  5.404  0.000
  3.615  2.722  7.000  0.000
  3.638  2.376  8.314  0.000
  3.537  2.415  7.716  0.000
  3.088  2.382  5.777  0.000
  2.726  2.633  3.245  0.000
  2.912  3.030  2.707  0.000
  3.136  3.656  1.538  0.000
  2.879  3.500  0.909  0.000
  3.318  4.274  0.208  0.000
  3.512  4.485  0.356  0.000
  3.933  5.109  0.099  0.000
  3.160  4.127  0.000  0.000
  3.155  4.107  0.047  0.000
  3.713  4.744  0.322  0.644
  3.703  4.772  0.180  0.629
  3.693  4.748  0.263  0.000
  3.138  4.001  0.343  0.000
  2.773  3.455  0.502  1.172
  2.129  2.629  0.532  0.000
  1.434  1.519  1.119  1.679
  1.129  0.916  1.876  1.094
  1.037  0.568  2.561  2.676
  1.096  0.577  2.805  2.618
  1.457  0.941  3.220  2.049
  1.167  0.767  2.364  4.011
  1.549  1.232  2.384  5.399
  1.524  1.148  2.643  4.325
  1.419  1.114  2.286  4.236
  1.419  1.091  2.371  4.150
  1.567  1.272  2.291  5.873
  1.605  1.373  2.245  3.984
  1.722  1.426  2.604  3.906
  1.908  1.641  2.705  3.829
  2.040  1.916  2.354  3.755
  2.282  2.396  1.870  2.455
  2.358  2.605  1.491  2.408
  2.467  2.765  1.378  3.150
  2.409  2.729  1.214  3.478
  2.442  2.856  0.759  5.689
  2.740  3.275  0.718  4.840
  2.953  3.596  0.705  2.924
  3.433  4.234  0.692  2.513
  3.658  4.454  0.881  3.526
  3.750  4.650  0.643  3.117
  3.684  4.492  0.802  4.423
  3.672  4.544  0.645  3.343
  3.717  4.593  0.728  2.628
  3.411  4.159  0.853  2.584
  3.358  4.056  0.884  3.810
  2.634  3.102  1.003  2.497
  2.479  2.775  1.293  4.604
  2.174  2.409  1.380  1.811
  2.204  2.260  2.100  0.891
  1.958  1.961  1.919  2.337
  1.845  1.812  2.032  0.862
  2.032  1.962  2.343  1.131
  2.244  2.277  2.206  1.113
  2.461  2.471  2.563  0.548
  2.519  2.537  2.619  0.270
  2.488  2.638  2.105  0.531
  2.560  2.790  1.923  0.261
  2.389  2.432  2.390  0.257
  2.432  2.504  2.317  0.507
  2.368  2.410  2.390  0.000
  2.463  2.555  2.301  0.246
  2.567  2.601  2.596  0.485
  2.853  3.011  2.507  0.000
  2.760  2.957  2.168  1.411
  2.764  2.990  2.120  0.695
  2.706  2.961  1.877  1.828
  2.657  2.910  1.834  1.802
  2.422  2.606  1.856  1.332
  2.493  2.716  1.829  0.876
  2.509  2.736  1.773  1.727
  2.873  3.167  1.809  3.406
  3.129  3.504  1.829  2.939
  3.416  3.841  1.967  2.899
  3.673  4.234  1.692  3.880
  3.485  3.935  1.899  3.626
  3.242  3.752  1.547  1.988
  2.681  3.046  1.457  1.961
  2.464  2.796  1.341  1.935
  2.468  2.794  1.309  2.673
  2.644  3.004  1.373  2.827
  2.343  2.665  1.169  2.976
  2.373  2.694  1.298  1.653
  2.583  2.959  1.269  2.538
  2.416  2.754  1.265  1.969
  2.267  2.492  1.540  1.414
  2.143  2.339  1.495  1.570
  1.860  1.895  1.735  1.895
  1.747  1.778  1.714  0.681
  1.659  1.643  1.692  2.017
  1.432  1.352  1.731  1.162
  1.422  1.405  1.522  0.820
  1.397  1.352  1.585  0.972
  1.275  1.208  1.532  0.960
  1.275  1.120  1.875  0.474
  1.240  1.074  1.886  0.312
  1.413  1.226  2.117  0.772
  1.452  1.323  1.972  0.458
  1.687  1.625  2.003  0.302
  1.639  1.651  1.714  0.000
  1.832  1.924  1.631  0.147
  1.854  1.952  1.643  0.000
  1.846  1.953  1.604  0.000
  2.119  2.335  1.515  0.000
  2.431  2.728  1.568  0.000
  2.365  2.652  1.530  0.000
  2.655  3.001  1.631  0.000
  2.702  3.015  1.798  0.000
  2.699  3.080  1.557  0.000
  2.557  2.859  1.682  0.000
  2.476  2.678  1.946  0.000
  2.463  2.715  1.757  0.000
  2.233  2.441  1.665  0.000
  2.325  2.540  1.738  0.000
  2.105  2.261  1.710  0.000
  1.950  2.104  1.550  0.000
  1.694  1.818  1.383  0.000
  1.686  1.813  1.360  0.000
  1.625  1.812  1.087  0.000
  1.528  1.578  1.460  0.000
  1.571  1.615  1.529  0.000
  1.577  1.574  1.697  0.000
  1.541  1.504  1.779  0.000
  1.562  1.540  1.753  0.000
  1.525  1.411  2.035  0.000
  1.566  1.436  2.127  0.112
  1.648  1.462  2.415  0.000
  1.559  1.459  2.022  0.000
  1.600  1.513  1.994  0.327
  1.638  1.467  2.329  0.324
  1.692  1.599  2.100  0.534
  1.958  1.922  2.147  1.058
  1.898  1.912  1.916  0.943
  1.896  1.936  1.853  0.519
  1.932  1.955  1.924  0.925
  1.742  1.791  1.578  1.629
  1.556  1.471  1.851  1.613
  1.571  1.516  1.805  0.999
  1.674  1.692  1.583  2.077
  1.793  1.810  1.750  1.568
  1.915  1.987  1.706  1.359
  2.036  2.157  1.621  1.923
  2.039  2.146  1.715  1.334
  2.156  2.211  1.962  2.171
  1.867  1.948  1.630  1.216
  1.904  1.951  1.747  1.760
  1.962  1.954  2.013  1.653
  2.151  2.178  2.073  1.910
  2.295  2.364  2.080  1.893
  2.377  2.509  1.946  1.965
  2.305  2.439  1.847  2.125
  2.220  2.256  2.112  1.930
  2.059  2.144  1.714  2.696
  1.744  1.639  2.026  2.931
  1.579  1.498  1.770  2.905
  1.452  1.320  1.869  2.032
  1.435  1.335  1.721  2.350
  1.412  1.321  1.641  2.663
  1.509  1.466  1.597  2.392
  1.464  1.465  1.420  2.045
  1.609  1.603  1.604  1.946
  1.529  1.504  1.608  1.608
  1.468  1.438  1.549  1.833
  1.486  1.463  1.547  1.739
  1.575  1.575  1.545  1.959
  1.541  1.573  1.360  2.487
  1.578  1.659  1.271  1.926
  1.717  1.764  1.566  1.528
  1.764  1.840  1.488  1.894
  1.738  1.794  1.530  1.879
  1.756  1.801  1.624  1.416
  1.672  1.694  1.595  1.700
  1.668  1.647  1.739  1.686
  1.848  1.863  1.787  1.964
  1.824  1.834  1.767  2.092
  1.857  1.888  1.748  1.860
  1.851  1.854  1.861  1.562
  1.864  1.855  1.906  1.690
  1.769  1.762  1.731  2.654
  1.788  1.741  1.940  1.940
  1.856  1.835  1.949  1.581
  1.621  1.548  1.837  2.183
  1.542  1.425  1.938  1.692
  1.461  1.339  1.851  2.014
  0.3993313E+03  0.3991315E+03
  0.000  0.000  0.000  0.000
  0.000  0.000  0.000  0.000
  0.000  0.000  0.000  0.000
  0.000  0.000  0.000  0.000
  0.000  0.000  0.000  0.000
  0.000  0.000  0.000  0.000
  0.000  0.000  0.000  0.000
  0.000  0.000  0.000  0.000
  0.000  0.000  0.000  0.000
  0.000  0.000  0.000  0.000
  0.000  0.000  0.000  0.000
  0.000  0.000  0.000  0.000
  0.000  0.000  0.000  0.000
  0.000  0.000  0.000  0.000
  0.000  0.000  0.000  0.000
  0.000  0.000  0.000  0.000
  0.000  0.000  0.000  0.000
  0.000  0.000  0.000  0.000
  0.000  0.000  0.000  0.000
  0.000  0.000  0.000  0.000
  0.000  0.000  0.000  0.000
  0.000  0.000  0.000  0.000
  0.000  0.000  0.000  0.000
  0.000  0.000  0.000  0.000
  0.000  0.000  0.000  0.000
  0.000  0.000  0.000  0.000
  0.000  0.000  0.000  0.000
  0.181  0.000  0.828  0.000
  0.169  0.000  0.771  0.000
  1.495  0.000  6.835  0.000
  5.963  0.000 27.258  0.000
  2.968  0.000 13.566  0.000
  0.583  0.000  2.667  0.000
  0.183  0.000  0.837  0.000
  0.058  0.000  0.263  0.000
  0.000  0.000  0.000  0.000
  0.000  0.000  0.000  0.000
  0.000  0.000  0.000  0.000
  0.000  0.000  0.000  0.000
  0.702  0.917  0.000  0.000
  3.006  3.926  0.000  0.000
  9.503 12.412  0.000  0.000
 15.962 20.848  0.000  0.000
 15.815 20.657  0.000  0.000
 13.003 16.984  0.000  0.000
  9.990 13.048  0.000  0.000
  9.723 12.700  0.000  0.000
  8.559 11.180  0.000  0.000
  5.910  7.719  0.000  0.000
  4.444  5.804  0.000  0.000
  2.954  3.858  0.000  0.000
  1.807  2.361  0.000  0.000
  0.919  1.201  0.000  0.000
  0.455  0.594  0.000  0.000
  0.530  0.693  0.000  0.000
  0.356  0.465  0.000  0.000
  0.365  0.476  0.000  0.000
  0.145  0.189  0.000  0.000
  0.080  0.105  0.000  0.000
  0.193  0.253  0.000  0.000
  0.524  0.660  0.086  0.000
  0.760  0.993  0.000  0.000
  1.034  1.305  0.160  0.000
  0.594  0.665  0.388  0.000
  0.477  0.473  0.527  0.000
  0.878  0.959  0.657  0.000
  1.347  1.092  2.336  0.000
  1.864  1.688  2.611  0.000
  3.211  2.535  5.805  0.000
  3.630  2.944  6.287  0.000
  3.527  2.520  7.307  0.000
  3.282  2.065  7.777  0.000
  2.997  2.280  5.718  0.000
  2.840  2.417  4.520  0.000
  2.727  2.804  2.651  0.000
  3.184  3.782  1.318  0.000
  3.347  4.157  0.749  0.000
  3.466  4.393  0.417  0.730
  3.501  4.500  0.254  0.000
  3.684  4.769  0.149  0.000
  3.477  4.514  0.097  0.000
  3.464  4.498  0.094  0.000
  3.522  4.560  0.092  0.644
  3.300  4.272  0.135  0.000
  3.750  4.760  0.482  0.000
  3.476  4.429  0.385  0.000
  2.627  3.204  0.628  2.343
  1.914  2.267  0.777  0.572
  1.189  1.268  0.839  2.238
  1.000  0.949  1.173  1.094
  1.028  0.743  2.064  0.535
  1.423  0.876  3.291  2.094
  1.313  0.784  3.147  1.537
  1.669  1.197  3.187  3.509
  1.388  0.982  2.629  3.926
  1.344  0.991  2.369  4.325
  1.368  1.153  1.950  3.765
  1.362  0.960  2.602  3.689
  1.461  1.254  2.033  3.614
  1.757  1.373  2.878  4.870
  1.878  1.683  2.387  4.339
  1.875  1.641  2.492  4.680
  2.125  2.043  2.294  3.755
  2.135  2.213  1.695  4.501
  2.446  2.818  1.061  3.612
  2.449  2.724  1.350  4.332
  2.494  2.808  1.242  4.637
  2.477  2.810  1.165  4.551
  2.583  3.085  0.904  1.489
  3.119  3.767  0.731  4.752
  3.702  4.461  1.000  4.308
  3.652  4.490  0.755  3.173
  3.669  4.516  0.693  3.809
  3.370  4.201  0.413  4.083
  3.542  4.312  0.788  4.346
  3.804  4.640  0.939  2.957
  3.542  4.271  1.015  3.229
  3.398  4.056  1.179  2.222
  2.726  3.172  1.115  3.433
  2.489  2.863  1.184  2.455
  2.113  2.279  1.552  1.811
  1.948  2.078  1.485  2.078
  2.026  2.152  1.669  0.876
  1.989  1.877  2.422  1.437
  1.993  1.962  2.222  0.283
  2.248  2.249  2.326  1.113
  2.431  2.432  2.543  0.822
  2.342  2.438  2.138  0.539
  2.654  2.779  2.370  0.531
  2.540  2.640  2.352  0.261
  2.469  2.568  2.261  0.515
  2.329  2.343  2.408  0.507
  2.278  2.451  1.819  0.250
  2.555  2.700  2.178  0.738
  2.733  2.838  2.527  0.485
  2.902  2.991  2.728  0.955
  2.779  2.871  2.520  1.882
  2.691  2.943  1.888  1.623
  2.546  2.747  1.942  1.142
  2.622  2.933  1.641  1.126
  2.595  2.818  1.903  1.332
  2.617  2.846  1.845  2.189
  2.762  2.956  2.051  3.238
  2.897  3.258  1.688  2.128
  2.952  3.324  1.754  1.469
  3.474  3.938  2.011  1.242
  3.494  3.984  1.867  2.246
  3.280  3.721  1.813  2.216
  3.078  3.521  1.547  2.783
  2.678  3.018  1.457  3.138
  2.567  2.895  1.465  1.935
  2.462  2.911  0.982  1.146
  2.494  2.889  1.131  2.262
  2.488  2.843  1.222  2.790
  2.462  2.769  1.338  3.122
  2.524  2.763  1.605  3.625
  2.382  2.619  1.649  1.074
  2.380  2.654  1.439  2.120
  2.132  2.304  1.620  0.872
  1.933  2.067  1.440  2.240
  1.752  1.747  1.750  2.042
  1.541  1.554  1.512  1.344
  1.494  1.463  1.612  1.328
  1.363  1.328  1.546  0.492
  1.308  1.289  1.458  0.162
  1.360  1.234  1.806  1.280
  1.206  1.097  1.626  0.632
  1.230  1.125  1.663  0.312
  1.329  1.147  2.018  0.617
  1.595  1.488  2.049  0.458
  1.557  1.502  1.842  0.302
  1.844  1.810  2.086  0.149
  1.936  1.948  2.020  0.147
  1.852  1.937  1.654  0.437
  1.963  2.144  1.460  0.144
  2.201  2.428  1.565  0.000
  2.302  2.599  1.427  0.000
  2.452  2.831  1.302  0.000
  2.526  2.866  1.513  0.000
  2.553  2.809  1.836  0.000
  2.718  3.042  1.778  0.000
  2.578  2.791  2.015  0.000
  2.432  2.691  1.701  0.000
  2.266  2.425  1.869  0.000
  2.271  2.373  2.079  0.000
  2.227  2.441  1.638  0.000
  2.101  2.273  1.647  0.000
  1.925  2.125  1.362  0.000
  1.895  2.107  1.278  0.123
  1.783  1.948  1.334  0.000
  1.680  1.839  1.242  0.000
  1.634  1.715  1.468  0.000
  1.453  1.518  1.326  0.000
  1.522  1.486  1.756  0.000
  1.532  1.530  1.647  0.000
  1.589  1.479  2.081  0.115
  1.554  1.487  1.889  0.114
  1.606  1.419  2.360  0.225
  1.613  1.501  2.114  0.111
  1.633  1.515  2.140  0.330
  1.673  1.569  2.142  0.218
  1.623  1.542  1.989  0.432
  1.757  1.675  2.153  0.214
  1.839  1.851  1.890  0.529
  1.836  1.850  1.834  1.153
  1.891  1.955  1.742  0.830
  1.938  1.942  2.004  0.822
  1.715  1.704  1.774  1.425
  1.648  1.588  1.916  0.807
  1.595  1.561  1.705  1.698
  1.549  1.508  1.738  0.890
  1.693  1.682  1.715  1.960
  1.925  2.001  1.643  2.135
  2.051  2.157  1.717  1.539
  2.115  2.234  1.749  1.429
  2.106  2.128  2.002  2.454
  2.091  2.080  2.104  2.431
  1.859  1.880  1.767  2.131
  1.892  1.922  1.823  1.377
  2.061  2.178  1.702  1.365
  2.165  2.290  1.777  1.442
  2.356  2.443  2.112  1.519
  2.296  2.414  1.922  1.771
  2.228  2.299  1.981  2.194
  2.150  2.114  2.199  3.218
  1.733  1.705  1.816  1.982
  1.687  1.555  2.099  2.392
  1.479  1.383  1.748  2.456
  1.486  1.381  1.739  3.106
  1.515  1.435  1.694  2.913
  1.469  1.465  1.444  2.062
  1.555  1.547  1.571  1.717
  1.427  1.402  1.483  1.865
  1.443  1.465  1.349  1.688
  1.508  1.492  1.526  2.072
  1.540  1.506  1.586  2.529
  1.485  1.551  1.243  1.646
  1.502  1.489  1.549  1.476
  1.601  1.698  1.271  1.464
  1.682  1.734  1.523  1.375
  1.762  1.851  1.418  2.198
  1.797  1.854  1.600  1.728
  1.825  1.815  1.879  1.565
  1.674  1.697  1.626  1.183
  1.698  1.701  1.676  1.833
  1.761  1.777  1.714  1.673
  1.785  1.784  1.798  1.659
  1.771  1.793  1.707  1.574
  1.861  1.879  1.805  1.774
  1.896  1.875  1.921  2.535
  1.840  1.816  1.876  2.515
  1.751  1.724  1.777  2.702
  1.772  1.706  1.989  1.994
  1.648  1.583  1.827  2.319
  1.587  1.424  2.078  2.707
  1.598  1.462  2.062  1.746
  0.3979014E+03  0.3962373E+03
  0.000  0.000  0.000  0.000
  0.000  0.000  0.000  0.000
  0.000  0.000  0.000  0.000
  0.000  0.000  0.000  0.000
  0.000  0.000  0.000  0.000
  0.000  0.000  0.000  0.000
  0.000  0.000  0.000  0.000
  0.000  0.000  0.000  0.000
  0.000  0.000  0.000  0.000
  0.000  0.000  0.000  0.000
  0.000  0.000  0.000  0.000
  0.000  0.000  0.000  0.000
  0.000  0.000  0.000  0.000
  0.000  0.000  0.000  0.000
  0.000  0.000  0.000  0.000
  0.000  0.000  0.000  0.000
  0.000  0.000  0.000  0.000
  0.000  0.000  0.000  0.000
  0.000  0.000  0.000  0.000
  0.000  0.000  0.000  0.000
  0.000  0.000  0.000  0.000
  0.000  0.000  0.000  0.000
  0.000  0.000  0.000  0.000
  0.000  0.000  0.000  0.000
  0.000  0.000  0.000  0.000
  0.000  0.000  0.000  0.000
  0.000  0.000  0.000  0.000
  0.091  0.000  0.414  0.000
  0.506  0.000  2.312  0.000
  1.259  0.000  5.755  0.000
  6.036  0.000 27.594  0.000
  2.968  0.000 13.566  0.000
  0.454  0.000  2.075  0.000
  0.244  0.000  1.116  0.000
  0.058  0.000  0.263  0.000
  0.000  0.000  0.000  0.000
  0.000  0.000  0.000  0.000
  0.000  0.000  0.000  0.000
  0.000  0.000  0.000  0.000
  0.219  0.287  0.000  0.000
  3.048  3.981  0.000  0.000
 10.577 13.815  0.000  0.000
 15.014 19.610  0.000  0.000
 15.779 20.609  0.000  0.000
 12.692 16.577  0.000  0.000
 11.545 15.079  0.000  0.000
  9.787 12.782  0.000  0.000
  8.165 10.664  0.000  0.000
  5.357  6.997  0.000  0.000
  4.975  6.498  0.000  0.000
  2.363  3.086  0.000  0.000
  1.601  2.091  0.000  0.000
  1.019  1.331  0.000  0.000
  0.885  1.156  0.000  0.000
  0.530  0.693  0.000  0.000
  0.289  0.378  0.000  0.000
  0.172  0.224  0.000  0.000
  0.104  0.135  0.000  0.000
  0.160  0.209  0.000  0.000
  0.232  0.303  0.000  0.000
  0.524  0.684  0.000  0.000
  0.923  1.206  0.000  0.000
  0.859  1.099  0.080  0.000
  0.679  0.776  0.388  0.000
  0.346  0.323  0.452  0.000
  0.974  0.813  1.605  0.000
  1.316  1.274  1.557  0.000
  2.059  1.885  2.817  0.000
  3.167  2.535  5.604  0.000
  3.771  2.630  8.037  0.000
  3.541  2.484  7.496  0.000
  3.242  2.240  6.981  0.000
  2.971  2.433  5.063  0.000
  2.586  2.219  4.057  0.000
  3.196  3.368  2.820  0.000
  2.980  3.499  1.373  0.000
  3.581  4.371  1.070  0.000
  3.056  3.917  0.261  0.000
  3.267  4.210  0.203  0.000
  3.771  4.883  0.149  0.000
  3.223  4.196  0.048  0.000
  3.609  4.659  0.189  0.000
  3.813  4.941  0.138  0.000
  3.516  4.516  0.269  0.000
  3.721  4.823  0.132  0.000
  3.316  4.185  0.385  1.799
  2.673  3.300  0.502  2.343
  1.932  2.185  1.104  1.145
  1.207  1.211  1.159  1.679
  1.034  0.983  1.251  0.547
  1.028  0.732  1.988  2.141
  1.268  0.652  3.403  1.571
  1.433  0.878  3.183  4.098
  1.473  1.064  2.757  3.509
  1.288  1.032  2.068  2.945
  1.314  0.961  2.197  6.248
  1.574  1.230  2.757  1.883
  1.758  1.449  2.733  3.227
  1.645  1.346  2.549  3.614
  1.639  1.409  2.214  4.870
  1.648  1.382  2.232  6.509
  1.775  1.545  2.613  1.276
  2.021  1.984  2.026  3.755
  2.365  2.447  1.987  3.682
  2.345  2.539  1.634  2.810
  2.572  2.909  1.266  4.332
  2.294  2.642  1.021  3.091
  2.471  2.895  0.867  4.172
  2.728  3.252  0.771  4.468
  3.021  3.626  0.809  4.387
  3.365  4.183  0.590  2.154
  3.581  4.410  0.655  3.878
  3.474  4.226  0.816  3.809
  3.397  4.222  0.462  4.083
  3.928  4.803  0.812  4.680
  4.092  4.995  0.915  4.271
  3.603  4.482  0.577  2.906
  3.259  3.861  1.111  3.810
  2.746  3.172  1.182  3.746
  2.144  2.449  1.140  1.228
  2.193  2.372  1.639  1.207
  1.953  2.000  1.845  1.188
  2.031  2.027  2.045  2.045
  2.223  2.211  2.278  2.012
  2.094  2.077  2.262  0.566
  2.396  2.363  2.664  0.278
  2.427  2.504  2.289  0.548
  2.486  2.663  2.003  0.539
  2.559  2.589  2.598  0.531
  2.462  2.624  2.054  0.261
  2.320  2.379  2.224  0.772
  2.317  2.400  2.154  0.507
  2.422  2.435  2.550  0.000
  2.356  2.489  2.055  0.000
  2.699  2.680  2.890  0.969
  2.962  3.137  2.524  0.477
  2.698  2.876  2.252  0.235
  2.503  2.730  1.772  1.623
  2.810  3.068  1.991  1.599
  2.576  2.813  1.850  1.126
  2.585  2.868  1.713  0.888
  2.535  2.730  1.845  2.627
  2.418  2.568  1.896  2.374
  2.697  2.962  1.764  2.767
  3.277  3.680  1.994  1.469
  3.685  4.166  2.026  3.313
  3.775  4.401  1.721  1.838
  3.494  4.009  1.784  2.216
  2.975  3.399  1.491  2.981
  2.620  2.966  1.359  3.334
  2.594  2.958  1.313  2.709
  2.414  2.802  1.118  1.528
  2.315  2.689  1.063  1.508
  2.543  2.900  1.302  2.418
  2.496  2.818  1.364  2.571
  2.385  2.641  1.489  2.356
  2.463  2.728  1.483  3.221
  2.432  2.712  1.477  2.120
  2.137  2.311  1.520  2.268
  1.914  1.962  1.760  1.723
  1.678  1.705  1.543  2.212
  1.539  1.519  1.644  1.008
  1.541  1.504  1.707  0.996
  1.399  1.308  1.757  0.820
  1.296  1.223  1.573  0.972
  1.295  1.120  1.920  1.120
  1.403  1.233  2.078  0.316
  1.333  1.247  1.718  0.156
  1.305  1.140  1.952  0.309
  1.425  1.329  1.831  0.458
  1.515  1.474  1.755  0.151
  1.791  1.794  1.895  0.149
  1.763  1.798  1.768  0.000
  1.834  1.920  1.654  0.146
  2.092  2.271  1.614  0.000
  2.321  2.538  1.728  0.000
  2.192  2.469  1.377  0.000
  2.395  2.674  1.590  0.000
  2.558  2.878  1.621  0.000
  2.625  3.004  1.487  0.000
  2.756  3.111  1.710  0.000
  2.707  3.022  1.796  0.000
  2.513  2.750  1.861  0.000
  2.357  2.553  1.841  0.000
  2.308  2.546  1.637  0.000
  2.096  2.293  1.556  0.000
  2.156  2.361  1.593  0.000
  1.948  2.114  1.505  0.000
  1.769  1.916  1.383  0.000
  1.694  1.826  1.351  0.000
  1.589  1.624  1.579  0.000
  1.522  1.620  1.289  0.000
  1.482  1.530  1.419  0.000
  1.591  1.598  1.681  0.000
  1.530  1.494  1.754  0.116
  1.579  1.531  1.859  0.000
  1.690  1.601  2.108  0.227
  1.591  1.445  2.215  0.000
  1.674  1.521  2.328  0.000
  1.595  1.463  2.163  0.110
  1.586  1.402  2.321  0.327
  1.579  1.463  2.082  0.216
  1.734  1.658  2.084  0.534
  1.794  1.739  2.094  0.318
  1.872  1.882  1.894  1.048
  1.969  2.040  1.816  0.623
  1.844  1.886  1.718  1.542
  1.774  1.789  1.738  1.527
  1.667  1.630  1.829  1.210
  1.498  1.455  1.683  0.999
  1.631  1.643  1.611  1.286
  1.704  1.726  1.645  1.470
  2.016  2.108  1.706  1.844
  2.210  2.290  1.930  2.212
  2.059  2.148  1.762  1.810
  1.981  2.059  1.658  2.643
  1.816  1.849  1.697  1.870
  1.982  1.993  1.979  1.482
  1.928  1.892  2.066  1.744
  2.112  2.165  1.988  1.274
  2.295  2.414  1.945  1.352
  2.420  2.549  1.959  2.591
  2.350  2.475  1.922  2.213
  2.240  2.319  1.962  2.281
  2.026  2.084  1.845  1.739
  1.762  1.754  1.742  2.413
  1.623  1.559  1.788  2.478
  1.475  1.303  1.942  3.387
  1.415  1.256  1.913  2.267
  1.387  1.316  1.599  1.914
  1.508  1.473  1.556  2.557
  1.546  1.527  1.589  1.881
  1.484  1.451  1.552  2.108
  1.492  1.467  1.579  1.527
  1.427  1.399  1.446  2.551
  1.581  1.608  1.411  2.608
  1.539  1.529  1.562  1.724
  1.615  1.697  1.310  1.865
  1.671  1.712  1.525  1.695
  1.713  1.796  1.392  2.140
  1.681  1.751  1.456  1.440
  1.734  1.778  1.600  1.503
  1.677  1.647  1.773  1.789
  1.663  1.693  1.584  1.331
  1.702  1.700  1.676  2.200
  1.745  1.705  1.886  1.745
  1.874  1.889  1.839  1.659
  1.874  1.897  1.799  1.789
  1.880  1.880  1.891  1.703
  1.814  1.806  1.871  1.408
  1.866  1.875  1.831  1.956
  1.808  1.819  1.713  2.633
  1.753  1.706  1.930  1.581
  1.661  1.598  1.822  2.524
  1.588  1.469  1.967  2.098
  1.548  1.417  1.990  1.813
  0.3951715E+03  0.3946771E+03
  0.000  0.000  0.000  0.000
  0.000  0.000  0.000  0.000
  0.000  0.000  0.000  0.000
  0.000  0.000  0.000  0.000
  0.000  0.000  0.000  0.000
  0.000  0.000  0.000  0.000
  0.000  0.000  0.000  0.000
  0.000  0.000  0.000  0.000
  0.000  0.000  0.000  0.000
  0.000  0.000  0.000  0.000
  0.000  0.000  0.000  0.000
  0.000  0.000  0.000  0.000
  0.000  0.000  0.000  0.000
  0.000  0.000  0.000  0.000
  0.000  0.000  0.000  0.000
  0.000  0.000  0.000  0.000
  0.000  0.000  0.000  0.000
  0.000  0.000  0.000  0.000
  0.000  0.000  0.000  0.000
  0.000  0.000  0.000  0.000
  0.000  0.000  0.000  0.000
  0.000  0.000  0.000  0.000
  0.000  0.000  0.000  0.000
  0.000  0.000  0.000  0.000
  0.000  0.000  0.000  0.000
  0.000  0.000  0.000  0.000
  0.000  0.000  0.000  0.000
  0.000  0.000  0.000  0.000
  0.253  0.000  1.156  0.000
  1.416  0.000  6.475  0.000
  6.036  0.000 27.594  0.000
  3.106  0.000 14.197  0.000
  0.454  0.000  2.075  0.000
  0.183  0.000  0.837  0.000
  0.115  0.000  0.526  0.000
  0.000  0.000  0.000  0.000
  0.000  0.000  0.000  0.000
  0.000  0.000  0.000  0.000
  0.000  0.000  0.000  0.000
  0.527  0.688  0.000  0.000
  4.133  5.399  0.000  0.000
  9.185 11.997  0.000  0.000
 16.341 21.343  0.000  0.000
 14.947 19.522  0.000  0.000
 12.484 16.306  0.000  0.000
 10.883 14.215  0.000  0.000
  9.945 12.989  0.000  0.000
  8.225 10.743  0.000  0.000
  6.085  7.947  0.000  0.000
  4.472  5.841  0.000  0.000
  2.524  3.297  0.000  0.000
  1.678  2.192  0.000  0.000
  1.441  1.882  0.000  0.000
  0.502  0.656  0.000  0.000
  0.323  0.422  0.000  0.000
  0.133  0.174  0.000  0.000
  0.150  0.196  0.000  0.000
  0.186  0.243  0.000  0.000
  0.300  0.392  0.000  0.000
  0.135  0.177  0.000  0.000
  0.636  0.806  0.086  0.000
  0.833  1.088  0.000  0.000
  0.859  1.122  0.000  0.000
  0.510  0.643  0.078  0.000
  0.691  0.774  0.452  0.000
  0.798  0.730  1.095  0.000
  1.115  1.112  1.203  0.000
  2.315  2.042  3.436  0.000
  3.007  2.421  5.271  0.000
  3.644  2.796  6.870  0.000
  3.266  2.124  7.496  0.000
  3.188  1.890  7.961  0.000
  3.427  2.638  6.433  0.000
  3.157  2.831  4.520  0.000
  3.023  3.223  2.538  0.000
  2.703  3.248  0.989  0.000
  3.171  4.005  0.481  0.000
  3.261  4.125  0.469  0.000
  3.690  4.747  0.254  0.000
  3.565  4.628  0.099  0.000
  3.456  4.486  0.048  0.676
  3.217  4.188  0.047  0.000
  3.813  4.941  0.138  0.000
  3.929  5.119  0.045  0.000
  3.597  4.660  0.132  0.000
  3.195  4.111  0.171  0.600
  2.636  3.276  0.586  0.000
  1.691  1.998  0.654  1.145
  1.303  1.370  0.999  2.238
  1.060  0.938  1.524  0.547
  1.196  0.644  3.096  1.605
  1.309  0.865  2.730  3.141
  1.305  0.795  3.147  0.512
  1.567  1.156  2.865  3.509
  1.457  1.002  2.875  3.926
  1.134  0.902  1.785  3.364
  1.331  1.095  1.849  5.648
  1.462  1.073  2.668  3.689
  1.433  0.977  2.904  3.162
  1.646  1.409  2.277  4.427
  1.844  1.568  2.542  5.641
  2.014  1.858  2.066  8.934
  2.138  2.077  2.235  3.755
  2.270  2.405  1.783  2.455
  2.628  2.834  1.863  3.211
  2.474  2.757  1.435  3.150
  2.578  2.949  1.270  2.705
  2.560  2.957  0.975  5.310
  2.612  3.009  1.090  4.468
  3.290  3.999  0.731  4.387
  3.483  4.249  0.744  4.308
  3.608  4.418  0.730  4.231
  3.561  4.410  0.569  3.809
  3.647  4.513  0.729  2.041
  3.599  4.442  0.716  2.675
  3.475  4.238  0.751  4.271
  3.628  4.482  0.738  2.261
  3.299  3.972  0.907  3.810
  2.717  3.172  1.070  3.433
  2.264  2.612  1.162  0.614
  2.066  2.329  1.229  0.906
  2.083  2.236  1.527  2.375
  1.871  1.896  1.836  1.168
  1.958  1.929  2.073  1.724
  2.187  2.170  2.363  0.566
  2.531  2.487  2.842  0.278
  2.315  2.297  2.485  0.822
  2.515  2.581  2.350  1.618
  2.430  2.449  2.522  0.265
  2.593  2.688  2.408  0.523
  2.373  2.421  2.316  0.772
  2.246  2.390  1.883  0.253
  2.571  2.665  2.336  1.248
  2.755  2.901  2.424  0.246
  2.764  2.858  2.596  0.485
  2.768  2.977  2.200  0.477
  2.580  2.674  2.420  0.235
  2.655  2.862  2.070  0.695
  2.685  2.924  1.991  0.685
  2.513  2.772  1.673  1.577
  2.557  2.760  1.903  1.776
  2.507  2.743  1.673  2.627
  2.688  2.943  1.835  2.158
  2.770  3.080  1.718  2.341
  3.280  3.731  1.709  3.149
  3.371  3.790  1.996  2.070
  3.663  4.168  2.013  2.042
  3.349  3.791  1.813  3.223
  2.969  3.350  1.661  2.584
  2.647  2.958  1.541  2.942
  2.552  2.812  1.659  2.322
  2.665  3.063  1.255  2.864
  2.568  3.008  1.063  2.073
  2.473  2.821  1.276  2.232
  2.528  2.927  1.220  1.285
  2.492  2.845  1.321  1.631
  2.368  2.684  1.291  1.969
  2.311  2.524  1.477  3.534
  2.137  2.297  1.583  2.094
  1.761  1.849  1.514  0.861
  1.696  1.754  1.519  1.361
  1.594  1.608  1.512  2.017
  1.546  1.494  1.731  1.494
  1.430  1.355  1.710  1.148
  1.288  1.226  1.573  0.324
  1.440  1.313  1.920  0.960
  1.287  1.120  1.931  0.474
  1.230  1.071  1.819  0.781
  1.336  1.194  1.919  0.154
  1.409  1.277  1.961  0.153
  1.663  1.600  1.982  0.302
  1.863  1.904  1.841  0.149
  1.779  1.795  1.831  0.295
  1.784  1.869  1.612  0.000
  2.044  2.256  1.450  0.000
  2.161  2.437  1.342  0.142
  2.238  2.475  1.568  0.000
  2.511  2.802  1.669  0.000
  2.569  2.889  1.631  0.000
  2.691  2.946  1.992  0.000
  2.611  2.897  1.797  0.000
  2.588  2.916  1.625  0.000
  2.523  2.737  1.955  0.000
  2.349  2.563  1.767  0.000
  2.255  2.496  1.573  0.000
  2.120  2.306  1.619  0.000
  2.050  2.183  1.728  0.000
  1.971  2.135  1.541  0.000
  1.758  1.916  1.330  0.000
  1.838  2.003  1.395  0.000
  1.666  1.812  1.277  0.000
  1.655  1.751  1.434  0.000
  1.491  1.567  1.335  0.000
  1.522  1.574  1.438  0.117
  1.495  1.445  1.779  0.000
  1.545  1.503  1.802  0.000
  1.600  1.534  1.946  0.000
  1.610  1.472  2.199  0.112
  1.653  1.560  2.082  0.222
  1.619  1.477  2.226  0.110
  1.634  1.513  2.157  0.218
  1.754  1.588  2.429  0.432
  1.719  1.595  2.252  0.321
  1.812  1.717  2.200  1.058
  1.942  1.985  1.887  0.629
  1.889  1.911  1.905  0.623
  1.765  1.842  1.578  0.617
  1.778  1.780  1.818  1.120
  1.637  1.640  1.671  1.008
  1.553  1.492  1.762  1.598
  1.623  1.589  1.788  0.989
  1.744  1.718  1.771  2.646
  1.885  1.929  1.726  1.941
  2.021  2.086  1.786  2.115
  2.076  2.185  1.735  1.524
  1.958  2.009  1.786  1.888
  1.964  2.040  1.683  2.151
  1.979  1.989  1.926  2.224
  2.024  2.068  1.908  1.469
  2.117  2.150  2.040  1.547
  2.203  2.279  1.983  1.533
  2.330  2.469  1.889  1.697
  2.348  2.428  2.074  2.213
  2.220  2.321  1.912  1.579
  2.027  2.032  1.963  2.696
  1.842  1.833  1.816  2.672
  1.597  1.475  1.941  2.734
  1.442  1.364  1.676  2.032
  1.515  1.424  1.763  2.518
  1.441  1.393  1.510  2.829
  1.529  1.482  1.644  2.227
  1.600  1.577  1.624  2.372
  1.505  1.498  1.442  2.757
  1.521  1.511  1.522  2.010
  1.412  1.370  1.526  1.913
  1.450  1.426  1.496  1.976
  1.425  1.468  1.276  1.411
  1.606  1.659  1.443  1.321
  1.700  1.757  1.475  2.080
  1.697  1.784  1.397  1.605
  1.741  1.820  1.488  1.364
  1.658  1.684  1.562  1.728
  1.768  1.781  1.752  1.342
  1.723  1.779  1.547  1.478
  1.817  1.846  1.671  2.420
  1.767  1.765  1.771  1.818
  1.761  1.730  1.860  1.875
  1.887  1.888  1.855  2.290
  1.758  1.747  1.805  1.632
  1.847  1.829  1.931  1.549
  1.853  1.808  1.986  2.235
  1.780  1.735  1.901  2.287
  1.781  1.735  1.895  2.406
  1.609  1.509  1.944  1.842
  1.559  1.456  1.866  2.301
  1.514  1.395  1.933  1.477
  0.3980723E+03  0.3974918E+03
  0.000  0.000  0.000  0.000
  0.000  0.000  0.000  0.000
  0.000  0.000  0.000  0.000
  0.000  0.000  0.000  0.000
  0.000  0.000  0.000  0.000
  0.000  0.000  0.000  0.000
  0.000  0.000  0.000  0.000
  0.000  0.000  0.000  0.000
  0.000  0.000  0.000  0.000
  0.000  0.000  0.000  0.000
  0.000  0.000  0.000  0.000
  0.000  0.000  0.000  0.000
  0.000  0.000  0.000  0.000
  0.000  0.000  0.000  0.000
  0.000  0.000  0.000  0.000
  0.000  0.000  0.000  0.000
  0.000  0.000  0.000  0.000
  0.000  0.000  0.000  0.000
  0.000  0.000  0.000  0.000
  0.000  0.000  0.000  0.000
  0.000  0.000  0.000  0.000
  0.000  0.000  0.000  0.000
  0.000  0.000  0.000  0.000
  0.000  0.000  0.000  0.000
  0.000  0.000  0.000  0.000
  0.000  0.000  0.000  0.000
  0.000  0.000  0.000  0.000
  0.091  0.000  0.414  0.000
  0.253  0.000  1.156  0.000
  1.574  0.000  7.194  0.000
  6.036  0.000 27.594  0.000
  2.761  0.000 12.620  0.000
  0.583  0.000  2.667  0.000
  0.244  0.000  1.116  0.000
  0.058  0.000  0.263  0.000
  0.000  0.000  0.000  0.000
  0.000  0.000  0.000  0.000
  0.000  0.000  0.000  0.000
  0.000  0.000  0.000  0.000
  0.527  0.688  0.000  0.000
  3.298  4.308  0.000  0.000
  8.947 11.685  0.000  0.000
 16.455 21.492  0.000  0.000
 15.996 20.893  0.000  0.000
 12.311 16.080  0.000  0.000
 10.023 13.091  0.000  0.000
 10.547 13.775  0.000  0.000
  8.134 10.625  0.000  0.000
  6.027  7.871  0.000  0.000
  3.913  5.111  0.000  0.000
  2.685  3.507  0.000  0.000
  1.756  2.293  0.000  0.000
  1.193  1.558  0.000  0.000
  0.885  1.156  0.000  0.000
  0.438  0.572  0.000  0.000
  0.378  0.494  0.000  0.000
  0.193  0.252  0.000  0.000
  0.228  0.298  0.000  0.000
  0.120  0.157  0.000  0.000
  0.271  0.354  0.000  0.000
  0.393  0.489  0.086  0.000
  0.978  1.277  0.000  0.000
  0.631  0.801  0.080  0.000
  0.832  1.065  0.078  0.000
  0.593  0.753  0.075  0.000
  0.734  0.625  1.168  0.000
  1.316  1.193  1.841  0.000
  1.894  1.590  3.092  0.000
  3.007  2.249  5.871  0.000
  3.615  2.926  6.287  0.000
  3.927  2.771  8.251  0.000
  2.961  2.257  5.634  0.000
  2.997  2.331  5.539  0.000
  3.131  2.715  4.810  0.000
  2.974  3.078  2.820  0.000
  2.811  3.170  1.758  0.000
  3.230  3.882  1.177  0.000
  3.284  4.155  0.469  0.000
  3.334  4.282  0.254  0.000
  3.446  4.444  0.198  0.000
  3.952  5.135  0.097  0.000
  3.536  4.606  0.047  0.000
  3.481  4.547  0.000  0.000
  3.762  4.862  0.180  0.000
  3.635  4.710  0.132  0.000
  3.260  4.136  0.428  0.000
  2.544  3.168  0.544  0.000
  1.878  2.185  0.859  1.145
  1.224  1.370  0.759  0.560
  1.034  0.860  1.602  1.642
  0.995  0.797  1.644  1.605
  1.162  0.652  2.917  1.571
  1.425  1.056  2.708  1.537
  1.473  1.044  2.937  2.005
  1.587  1.092  3.155  3.926
  1.359  1.069  2.231  3.364
  1.493  1.105  2.555  5.648
  1.477  1.044  2.865  3.227
  1.518  1.272  2.162  4.517
  1.473  1.166  2.308  4.870
  1.776  1.506  2.356  6.943
  1.888  1.736  2.218  4.680
  2.118  2.094  2.056  4.172
  2.225  2.280  1.870  4.501
  2.590  2.744  1.720  7.225
  2.523  2.813  1.463  3.150
  2.620  2.973  1.353  3.091
  2.519  2.872  1.057  5.689
  2.536  2.963  0.878  4.840
  3.004  3.611  0.809  4.021
  3.517  4.286  0.846  3.231
  3.680  4.518  0.881  1.763
  3.588  4.339  0.940  3.809
  3.732  4.541  0.851  4.423
  3.547  4.414  0.573  2.675
  3.624  4.459  0.681  3.943
  3.628  4.409  0.877  3.875
  3.358  4.095  0.862  2.222
  2.717  3.172  1.159  2.185
  2.350  2.650  1.359  1.535
  2.118  2.353  1.337  1.509
  1.916  1.939  1.803  2.375
  1.899  1.901  1.878  2.045
  1.886  1.900  1.929  0.575
  2.258  2.303  2.202  0.848
  2.278  2.272  2.385  1.113
  2.444  2.577  2.113  0.548
  2.443  2.493  2.407  0.539
  2.654  2.746  2.465  0.796
  2.544  2.571  2.614  0.261
  2.537  2.631  2.390  0.000
  2.451  2.623  2.028  0.000
  2.309  2.288  2.514  0.499
  2.459  2.595  2.126  0.492
  2.533  2.690  2.146  0.242
  2.618  2.738  2.319  0.955
  2.668  2.861  2.117  0.941
  2.637  2.825  2.086  1.159
  2.524  2.733  1.893  1.142
  2.671  2.919  1.914  1.126
  2.578  2.778  1.951  1.554
  2.572  2.922  1.423  1.532
  2.779  3.044  1.866  2.590
  2.887  3.154  1.976  2.554
  3.136  3.530  1.754  3.149
  3.465  3.989  1.671  2.899
  3.670  4.089  2.246  3.063
  3.444  3.869  1.943  3.626
  2.922  3.318  1.576  2.385
  2.632  2.926  1.653  1.961
  2.670  2.942  1.672  3.290
  2.417  2.720  1.350  2.483
  2.659  3.015  1.440  2.262
  2.575  2.969  1.276  1.488
  2.533  2.833  1.482  2.571
  2.586  2.937  1.411  1.813
  2.377  2.666  1.444  1.253
  2.286  2.517  1.540  1.414
  1.995  2.204  1.296  1.570
  1.841  2.008  1.329  0.861
  1.614  1.660  1.458  1.531
  1.481  1.495  1.464  1.008
  1.496  1.551  1.352  0.830
  1.409  1.365  1.581  1.148
  1.253  1.210  1.377  1.620
  1.283  1.208  1.566  0.960
  1.374  1.268  1.784  0.791
  1.238  1.074  1.875  0.312
  1.334  1.144  2.029  0.926
  1.461  1.354  1.929  0.153
  1.644  1.511  2.186  0.603
  1.807  1.752  2.118  0.149
  1.853  1.903  1.799  0.147
  1.929  2.116  1.404  0.146
  1.923  2.021  1.707  0.144
  2.166  2.402  1.494  0.000
  2.286  2.535  1.578  0.000
  2.369  2.686  1.431  0.000
  2.620  3.060  1.258  0.138
  2.689  3.045  1.632  0.000
  2.590  2.943  1.537  0.000
  2.619  2.884  1.882  0.000
  2.544  2.782  1.889  0.000
  2.463  2.587  2.204  0.000
  2.310  2.452  1.977  0.000
  2.237  2.451  1.647  0.000
  2.048  2.232  1.548  0.000
  2.014  2.160  1.647  0.000
  1.823  1.981  1.401  0.000
  1.594  1.679  1.412  0.000
  1.634  1.738  1.389  0.000
  1.636  1.744  1.374  0.000
  1.503  1.567  1.386  0.000
  1.472  1.467  1.597  0.000
  1.550  1.572  1.581  0.000
  1.595  1.484  2.097  0.000
  1.570  1.480  1.978  0.227
  1.550  1.468  1.942  0.112
  1.563  1.432  2.129  0.000
  1.514  1.375  2.077  0.441
  1.627  1.495  2.165  0.545
  1.626  1.505  2.128  0.540
  1.790  1.741  2.069  0.321
  1.855  1.855  1.928  0.847
  1.918  1.908  2.044  0.629
  2.003  2.063  1.876  0.830
  1.924  1.951  1.902  0.925
  1.754  1.807  1.614  1.120
  1.553  1.574  1.527  0.907
  1.524  1.445  1.805  1.498
  1.610  1.577  1.738  1.484
  1.799  1.768  1.897  1.960
  1.846  1.880  1.706  2.135
  2.082  2.182  1.793  1.250
  2.066  2.168  1.735  1.715
  2.097  2.205  1.773  1.321
  1.974  2.027  1.770  2.244
  1.931  1.963  1.827  1.853
  2.057  2.104  1.921  1.653
  2.020  2.092  1.787  1.728
  2.206  2.300  1.977  0.811
  2.331  2.428  2.042  1.608
  2.303  2.416  1.941  1.859
  2.239  2.326  1.949  2.018
  2.082  2.059  2.149  2.261
  1.838  1.761  2.050  2.672
  1.582  1.437  1.971  3.247
  1.532  1.393  1.936  2.710
  1.424  1.283  1.787  3.274
  1.437  1.342  1.706  2.330
  1.490  1.503  1.379  2.392
  1.546  1.519  1.601  2.126
  1.528  1.524  1.512  1.946
  1.495  1.532  1.338  1.849
  1.387  1.361  1.475  1.435
  1.478  1.487  1.439  1.581
  1.473  1.494  1.377  1.802
  1.542  1.583  1.354  2.176
  1.621  1.645  1.530  1.695
  1.796  1.849  1.583  2.140
  1.685  1.737  1.510  1.591
  1.768  1.867  1.465  1.202
  1.672  1.719  1.512  1.640
  1.727  1.777  1.589  1.183
  1.748  1.745  1.749  1.906
  1.777  1.806  1.693  1.527
  1.859  1.843  1.927  1.659
  1.837  1.843  1.794  2.147
  1.848  1.867  1.754  2.200
  1.903  1.835  2.097  2.535
  1.801  1.753  1.931  2.305
  1.804  1.721  2.059  2.287
  1.782  1.717  1.945  2.681
  1.673  1.585  1.905  2.728
  1.537  1.492  1.663  2.030
  1.581  1.505  1.803  2.216
  0.3978217E+03  0.3969942E+03
  0.000  0.000  0.000  0.000
  0.000  0.000  0.000  0.000
  0.000  0.000  0.000  0.000
  0.000  0.000  0.000  0.000
  0.000  0.000  0.000  0.000
  0.000  0.000  0.000  0.000
  0.000  0.000  0.000  0.000
  0.000  0.000  0.000  0.000
  0.000  0.000  0.000  0.000
  0.000  0.000  0.000  0.000
  0.000  0.000  0.000  0.000
  0.000  0.000  0.000  0.000
  0.000  0.000  0.000  0.000
  0.000  0.000  0.000  0.000
  0.000  0.000  0.000  0.000
  0.000  0.000  0.000  0.000
  0.000  0.000  0.000  0.000
  0.000  0.000  0.000  0.000
  0.000  0.000  0.000  0.000
  0.000  0.000  0.000  0.000
  0.000  0.000  0.000  0.000
  0.000  0.000  0.000  0.000
  0.000  0.000  0.000  0.000
  0.000  0.000  0.000  0.000
  0.000  0.000  0.000  0.000
  0.000  0.000  0.000  0.000
  0.000  0.000  0.000  0.000
  0.091  0.000  0.414  0.000
  0.253  0.000  1.156  0.000
  1.574  0.000  7.194  0.000
  5.815  0.000 26.585  0.000
  3.037  0.000 13.882  0.000
  0.519  0.000  2.371  0.000
  0.244  0.000  1.116  0.000
  0.058  0.000  0.263  0.000
  0.000  0.000  0.000  0.000
  0.000  0.000  0.000  0.000
  0.000  0.000  0.000  0.000
  0.046  0.060  0.000  0.000
  0.483  0.631  0.000  0.000
  2.756  3.599  0.000  0.000
 10.020 13.088  0.000  0.000
 16.758 21.888  0.000  0.000
 15.309 19.995  0.000  0.000
 12.138 15.854  0.000  0.000
 10.618 13.869  0.000  0.000
  9.311 12.162  0.000  0.000
  8.408 10.981  0.000  0.000
  6.609  8.632  0.000  0.000
  3.913  5.111  0.000  0.000
  2.793  3.648  0.000  0.000
  1.807  2.361  0.000  0.000
  1.168  1.525  0.000  0.000
  0.694  0.906  0.000  0.000
  0.484  0.632  0.000  0.000
  0.400  0.523  0.000  0.000
  0.215  0.280  0.000  0.000
  0.228  0.298  0.000  0.000
  0.080  0.105  0.000  0.000
  0.213  0.278  0.000  0.000
  0.468  0.611  0.000  0.000
  0.869  1.135  0.000  0.000
  0.684  0.893  0.000  0.000
  0.781  0.932  0.311  0.000
  0.543  0.559  0.527  0.000
  0.910  0.959  0.803  0.000
  1.161  0.930  2.053  0.000
  2.149  1.688  3.917  0.000
  3.196  2.573  5.604  0.000
  3.630  2.926  6.352  0.000
  3.500  2.448  7.433  0.000
  3.309  2.222  7.349  0.000
  3.036  2.314  5.777  0.000
  2.586  2.401  3.419  0.000
  2.801  2.998  2.313  0.000
  2.859  3.138  2.087  0.000
  3.674  4.524  0.963  0.000
  3.375  4.274  0.469  0.000
  3.723  4.819  0.152  0.000
  3.565  4.600  0.198  0.000
  3.202  4.155  0.097  0.000
  3.402  4.404  0.141  0.000
  3.451  4.429  0.276  0.000
  3.841  4.991  0.090  0.000
  3.376  4.297  0.351  0.614
  3.504  4.429  0.428  1.199
  2.801  3.503  0.460  1.172
  1.959  2.255  1.022  0.572
  1.320  1.405  0.959  2.238
  1.069  0.960  1.329  2.736
  1.095  0.743  2.293  1.605
  1.153  0.737  2.505  2.618
  1.393  0.815  3.256  3.586
  1.457  0.921  3.187  3.509
  1.518  1.082  2.770  5.399
  1.577  1.226  2.712  2.883
  1.309  1.009  2.219  3.295
  1.333  1.120  1.713  6.455
  1.581  1.106  2.969  5.421
  1.598  1.391  2.087  4.870
  1.695  1.523  2.232  2.604
  2.041  1.806  2.735  3.829
  1.929  1.890  1.997  2.920
  2.206  2.146  2.367  2.864
  2.320  2.564  1.405  3.211
  2.560  2.925  1.294  2.363
  2.445  2.863  0.966  2.705
  2.448  2.740  1.219  5.310
  2.635  3.222  0.585  2.606
  3.153  3.894  0.548  3.290
  3.747  4.549  1.000  2.872
  3.746  4.669  0.478  4.231
  3.523  4.325  0.792  2.424
  3.737  4.611  0.632  4.423
  3.698  4.503  0.836  4.346
  3.506  4.311  0.798  1.971
  3.401  4.113  0.877  3.875
  3.075  3.797  0.590  2.540
  2.785  3.249  1.182  2.497
  2.326  2.693  1.096  1.535
  2.283  2.421  1.768  2.717
  2.041  2.212  1.400  2.672
  1.972  1.907  2.274  0.876
  2.146  2.094  2.381  1.437
  1.904  1.847  2.121  1.697
  2.309  2.300  2.465  0.557
  2.264  2.275  2.309  1.096
  2.536  2.636  2.292  1.078
  2.509  2.546  2.503  0.796
  2.581  2.672  2.446  0.000
  2.501  2.605  2.261  0.772
  2.337  2.524  1.774  1.014
  2.372  2.415  2.336  0.749
  2.356  2.409  2.284  0.738
  2.661  2.680  2.682  1.454
  2.749  2.899  2.387  0.477
  2.999  3.183  2.453  1.647
  2.691  2.825  2.335  1.159
  2.760  3.022  1.893  2.056
  2.653  2.850  2.059  1.351
  2.526  2.732  1.887  1.332
  2.634  2.841  1.970  1.751
  2.614  2.771  2.128  1.727
  2.611  2.889  1.748  1.064
  3.077  3.586  1.394  1.679
  3.471  3.984  1.775  2.070
  3.561  4.134  1.634  2.451
  3.393  3.848  1.914  1.813
  3.146  3.622  1.576  1.789
  2.485  2.858  1.219  1.961
  2.543  2.863  1.437  2.322
  2.575  2.974  1.187  2.483
  2.533  3.019  0.781  3.204
  2.529  2.893  1.276  2.232
  2.499  2.852  1.246  2.754
  2.339  2.649  1.282  1.994
  2.346  2.622  1.368  2.505
  2.272  2.567  1.186  3.004
  2.164  2.289  1.670  2.966
  2.070  2.145  1.871  1.206
  1.789  1.837  1.629  1.701
  1.570  1.567  1.608  1.176
  1.595  1.545  1.790  1.328
  1.514  1.476  1.651  1.476
  1.303  1.236  1.597  0.486
  1.238  1.120  1.692  0.640
  1.173  1.010  1.784  0.632
  1.216  1.049  1.830  0.781
  1.406  1.301  1.852  0.309
  1.528  1.367  2.201  0.000
  1.588  1.492  2.003  0.452
  1.802  1.840  1.788  0.149
  1.761  1.738  1.967  0.000
  1.891  2.018  1.570  0.146
  1.927  1.977  1.892  0.000
  2.168  2.349  1.687  0.000
  2.302  2.570  1.528  0.000
  2.480  2.828  1.441  0.000
  2.644  2.970  1.690  0.000
  2.731  3.051  1.807  0.000
  2.579  2.910  1.605  0.000
  2.555  2.829  1.777  0.000
  2.443  2.683  1.777  0.000
  2.241  2.478  1.571  0.000
  2.310  2.546  1.646  0.000
  2.092  2.246  1.701  0.000
  2.093  2.268  1.629  0.000
  2.061  2.231  1.612  0.000
  1.819  2.016  1.260  0.000
  1.781  1.963  1.273  0.000
  1.642  1.760  1.346  0.000
  1.522  1.629  1.255  0.000
  1.637  1.765  1.310  0.000
  1.516  1.522  1.605  0.000
  1.454  1.428  1.647  0.000
  1.509  1.439  1.859  0.000
  1.577  1.439  2.173  0.000
  1.656  1.553  2.135  0.000
  1.589  1.401  2.328  0.445
  1.623  1.468  2.273  0.110
  1.687  1.584  2.142  0.327
  1.670  1.632  1.889  0.432
  1.872  1.815  2.153  0.748
  1.884  1.858  2.049  0.847
  1.947  1.934  2.104  0.419
  1.842  1.828  1.979  0.623
  1.771  1.783  1.762  1.336
  1.732  1.743  1.796  0.305
  1.624  1.574  1.822  1.311
  1.562  1.520  1.705  1.598
  1.573  1.500  1.816  1.780
  1.796  1.790  1.855  1.274
  1.925  1.987  1.699  2.038
  2.076  2.208  1.614  2.115
  2.164  2.247  1.871  2.191
  2.044  2.119  1.800  1.793
  1.847  1.905  1.650  1.777
  1.883  1.874  1.913  1.946
  2.038  2.082  1.908  1.744
  2.070  2.090  1.949  2.729
  2.209  2.298  1.964  1.262
  2.419  2.531  2.119  1.161
  2.265  2.378  1.878  2.125
  2.111  2.174  1.937  1.492
  1.988  2.034  1.770  2.783
  1.821  1.763  1.970  2.586
  1.666  1.559  1.983  2.478
  1.489  1.371  1.784  3.133
  1.464  1.407  1.595  2.434
  1.484  1.438  1.575  2.413
  1.549  1.551  1.479  2.475
  1.592  1.526  1.788  2.126
  1.494  1.491  1.488  1.703
  1.414  1.370  1.522  2.090
  1.473  1.451  1.503  2.152
  1.493  1.514  1.332  2.687
  1.554  1.553  1.556  1.567
  1.626  1.638  1.549  2.098
  1.660  1.730  1.426  1.541
  1.718  1.800  1.457  1.375
  1.704  1.771  1.472  1.667
  1.684  1.741  1.519  1.202
  1.795  1.848  1.586  2.087
  1.617  1.650  1.510  1.478
  1.731  1.731  1.749  1.466
  1.821  1.830  1.802  1.673
  1.851  1.878  1.757  1.803
  1.835  1.830  1.871  1.574
  1.756  1.763  1.729  1.774
  1.870  1.792  2.102  2.464
  1.789  1.753  1.896  2.026
  1.763  1.773  1.742  1.524
  1.710  1.618  1.994  2.269
  1.703  1.616  2.002  1.773
  1.629  1.536  1.958  1.624
  1.550  1.468  1.832  1.611
  0.4004455E+03  0.3989507E+03
  0.000  0.000  0.000  0.000
  0.000  0.000  0.000  0.000
  0.000  0.000  0.000  0.000
  0.000  0.000  0.000  0.000
  0.000  0.000  0.000  0.000
  0.000  0.000  0.000  0.000
  0.000  0.000  0.000  0.000
  0.000  0.000  0.000  0.000
  0.000  0.000  0.000  0.000
  0.000  0.000  0.000  0.000
  0.000  0.000  0.000  0.000
  0.000  0.000  0.000  0.000
  0.000  0.000  0.000  0.000
  0.000  0.000  0.000  0.000
  0.000  0.000  0.000  0.000
  0.000  0.000  0.000  0.000
  0.000  0.000  0.000  0.000
  0.000  0.000  0.000  0.000
  0.000  0.000  0.000  0.000
  0.000  0.000  0.000  0.000
  0.000  0.000  0.000  0.000
  0.000  0.000  0.000  0.000
  0.000  0.000  0.000  0.000
  0.000  0.000  0.000  0.000
  0.000  0.000  0.000  0.000
  0.000  0.000  0.000  0.000
  0.000  0.000  0.000  0.000
  0.091  0.000  0.414  0.000
  0.422  0.000  1.927  0.000
  1.338  0.000  6.115  0.000
  6.036  0.000 27.594  0.000
  2.830  0.000 12.935  0.000
  0.713  0.000  3.260  0.000
  0.061  0.000  0.279  0.000
  0.115  0.000  0.526  0.000
  0.000  0.000  0.000  0.000
  0.000  0.000  0.000  0.000
  0.000  0.000  0.000  0.000
  0.000  0.000  0.000  0.000
  0.351  0.459  0.000  0.000
  2.839  3.708  0.000  0.000
  9.623 12.568  0.000  0.000
 16.000 20.897  0.000  0.000
 15.888 20.751  0.000  0.000
 14.075 18.384  0.000  0.000
 11.214 14.647  0.000  0.000
  9.628 12.576  0.000  0.000
  7.345  9.594  0.000  0.000
  5.881  7.681  0.000  0.000
  4.276  5.585  0.000  0.000
  2.578  3.367  0.000  0.000
  1.782  2.327  0.000  0.000
  1.068  1.395  0.000  0.000
  0.646  0.844  0.000  0.000
  0.553  0.723  0.000  0.000
  0.289  0.378  0.000  0.000
  0.257  0.336  0.000  0.000
  0.145  0.189  0.000  0.000
  0.340  0.444  0.000  0.000
  0.290  0.379  0.000  0.000
  0.561  0.733  0.000  0.000
  0.851  1.088  0.083  0.000
  0.526  0.664  0.080  0.000
  0.493  0.577  0.233  0.000
  0.609  0.624  0.602  0.000
  0.974  0.792  1.678  0.000
  1.192  1.112  1.557  0.000
  2.014  1.335  4.535  0.000
  3.342  2.707  5.805  0.000
  3.573  2.741  6.741  0.000
  3.527  2.717  6.614  0.000
  3.255  2.485  6.185  0.000
  3.205  2.331  6.492  0.000
  3.004  2.815  3.883  0.000
  2.937  3.110  2.538  0.000
  3.004  3.578  1.208  0.000
  3.721  4.616  0.856  0.000
  3.386  4.274  0.469  0.730
  3.612  4.659  0.203  0.000
  3.229  4.133  0.248  0.693
  3.424  4.445  0.097  0.000
  3.072  3.986  0.047  0.660
  3.582  4.587  0.230  1.288
  3.497  4.477  0.269  0.629
  3.952  5.023  0.438  0.614
  3.354  4.258  0.428  0.000
  2.682  3.407  0.293  0.586
  1.789  2.091  0.818  0.572
  1.417  1.416  1.479  0.560
  0.966  0.748  1.681  1.642
  0.995  0.743  1.758  2.676
  1.423  0.887  3.216  2.618
  1.297  0.857  2.854  1.025
  1.543  1.156  2.937  1.003
  1.380  1.032  2.594  1.472
  1.517  1.148  2.746  2.403
  1.287  1.047  2.017  2.824
  1.578  1.270  2.569  2.766
  1.722  1.475  2.485  3.162
  1.757  1.500  2.308  6.641
  1.966  1.771  2.294  6.943
  1.855  1.702  2.097  5.956
  1.982  2.001  1.758  4.172
  2.302  2.388  1.929  3.273
  2.345  2.564  1.261  6.823
  2.566  2.781  1.716  3.938
  2.451  2.768  0.966  7.729
  2.584  2.988  1.084  3.793
  2.723  3.252  0.824  3.351
  3.204  3.797  1.175  2.559
  3.416  4.073  1.026  4.666
  3.795  4.634  0.806  4.583
  3.772  4.601  0.816  4.502
  3.562  4.423  0.608  2.722
  3.348  4.094  0.884  1.337
  3.742  4.466  1.267  2.957
  3.689  4.521  0.807  3.229
  2.862  3.473  0.816  1.587
  2.838  3.382  0.959  2.497
  2.455  2.875  1.074  1.228
  2.184  2.366  1.574  1.811
  2.004  2.145  1.548  1.485
  1.867  1.830  2.003  1.752
  2.205  2.176  2.361  1.437
  2.174  2.129  2.404  1.131
  2.257  2.346  2.008  1.391
  2.414  2.510  2.172  1.096
  2.490  2.570  2.369  0.270
  2.675  2.719  2.635  1.062
  2.634  2.715  2.502  0.523
  2.340  2.427  2.132  1.029
  2.313  2.400  2.173  0.000
  2.543  2.609  2.461  0.499
  2.528  2.685  2.126  0.492
  2.805  2.912  2.596  0.485
  2.895  3.099  2.302  1.194
  2.786  2.996  2.168  1.176
  2.713  2.914  2.053  2.086
  2.599  2.779  2.056  1.371
  2.393  2.546  1.882  2.027
  2.553  2.814  1.713  1.554
  2.487  2.743  1.720  0.657
  2.658  2.850  1.989  2.590
  2.847  3.154  1.733  3.406
  3.195  3.641  1.724  1.889
  3.254  3.701  1.775  2.070
  3.433  3.964  1.750  1.021
  3.346  3.824  1.712  2.820
  3.084  3.423  1.860  3.578
  2.816  3.250  1.317  2.549
  2.794  3.100  1.755  2.322
  2.694  3.059  1.446  2.292
  2.524  2.854  1.400  2.073
  2.494  2.790  1.488  2.046
  2.608  2.949  1.443  2.203
  2.390  2.697  1.347  1.994
  2.284  2.516  1.585  0.716
  2.115  2.301  1.401  3.004
  2.088  2.318  1.333  1.396
  1.876  2.036  1.391  0.861
  1.675  1.726  1.531  1.191
  1.491  1.482  1.584  0.672
  1.447  1.362  1.778  0.996
  1.476  1.399  1.780  0.984
  1.460  1.375  1.816  0.648
  1.335  1.163  1.920  1.600
  1.349  1.178  1.976  0.949
  1.286  1.122  1.897  0.781
  1.317  1.197  1.808  0.309
  1.499  1.392  1.951  0.458
  1.623  1.594  1.809  0.452
  1.828  1.876  1.746  0.596
  1.899  1.957  1.810  0.295
  2.025  2.131  1.778  0.291
  1.954  2.121  1.511  0.000
  2.172  2.410  1.494  0.000
  2.165  2.392  1.518  0.141
  2.561  2.865  1.659  0.278
  2.596  2.847  1.906  0.000
  2.744  3.109  1.662  0.000
  2.743  3.058  1.835  0.000
  2.632  2.930  1.777  0.000
  2.426  2.702  1.636  0.000
  2.268  2.505  1.599  0.000
  2.076  2.281  1.508  0.000
  2.257  2.506  1.547  0.000
  2.022  2.207  1.521  0.000
  1.985  2.150  1.550  0.000
  1.854  2.009  1.445  0.000
  1.695  1.803  1.439  0.000
  1.687  1.829  1.311  0.000
  1.606  1.576  1.827  0.000
  1.560  1.542  1.732  0.000
  1.582  1.548  1.814  0.000
  1.499  1.461  1.738  0.000
  1.564  1.467  2.015  0.000
  1.602  1.497  2.084  0.000
  1.564  1.433  2.127  0.112
  1.569  1.444  2.082  0.556
  1.619  1.486  2.179  0.330
  1.601  1.449  2.220  0.436
  1.724  1.582  2.306  0.540
  1.672  1.625  1.909  0.641
  1.854  1.901  1.769  0.741
  1.836  1.810  2.036  0.314
  1.923  1.951  1.876  1.245
  1.868  1.934  1.689  1.131
  1.702  1.706  1.745  0.916
  1.626  1.642  1.592  1.311
  1.691  1.663  1.783  1.798
  1.595  1.569  1.689  1.583
  1.683  1.708  1.624  1.274
  1.911  1.967  1.719  1.844
  2.105  2.231  1.690  1.731
  2.194  2.331  1.762  1.524
  2.091  2.150  1.901  1.888
  1.902  1.901  1.950  1.309
  1.847  1.876  1.774  1.482
  1.949  1.943  1.987  1.744
  2.089  2.113  2.053  1.456
  2.324  2.463  1.874  1.803
  2.238  2.321  1.959  2.055
  2.299  2.412  1.903  2.302
  2.295  2.362  2.068  2.194
  2.079  2.084  2.075  1.913
  1.735  1.754  1.632  2.241
  1.601  1.522  1.794  2.734
  1.527  1.438  1.760  2.625
  1.419  1.338  1.655  2.099
  1.447  1.374  1.617  2.663
  1.566  1.547  1.514  3.217
  1.467  1.407  1.601  2.535
  1.520  1.468  1.627  2.595
  1.452  1.442  1.481  1.527
  1.437  1.388  1.594  1.674
  1.526  1.513  1.519  2.292
  1.544  1.578  1.433  1.411
  1.608  1.637  1.504  1.632
  1.594  1.637  1.414  2.003
  1.676  1.706  1.561  1.834
  1.787  1.840  1.629  1.364
  1.770  1.854  1.465  1.879
  1.772  1.768  1.821  1.342
  1.626  1.613  1.663  1.774
  1.841  1.893  1.676  1.613
  1.764  1.769  1.725  2.036
  1.829  1.834  1.772  2.380
  1.897  1.863  1.947  2.862
  1.847  1.902  1.622  2.271
  1.854  1.809  1.926  3.028
  1.759  1.746  1.816  1.607
  1.752  1.722  1.836  2.010
  1.699  1.597  1.999  2.544
  1.674  1.560  2.032  2.251
  1.590  1.504  1.904  1.421
  1.603  1.546  1.784  1.880
  0.3941836E+03  0.3908438E+03
  0.000  0.000  0.000  0.000
  0.000  0.000  0.000  0.000
  0.000  0.000  0.000  0.000
  0.000  0.000  0.000  0.000
  0.000  0.000  0.000  0.000
  0.000  0.000  0.000  0.000
  0.000  0.000  0.000  0.000
  0.000  0.000  0.000  0.000
  0.000  0.000  0.000  0.000
  0.000  0.000  0.000  0.000
  0.000  0.000  0.000  0.000
  0.000  0.000  0.000  0.000
  0.000  0.000  0.000  0.000
  0.000  0.000  0.000  0.000
  0.000  0.000  0.000  0.000
  0.000  0.000  0.000  0.000
  0.000  0.000  0.000  0.000
  0.000  0.000  0.000  0.000
  0.000  0.000  0.000  0.000
  0.000  0.000  0.000  0.000
  0.000  0.000  0.000  0.000
  0.000  0.000  0.000  0.000
  0.000  0.000  0.000  0.000
  0.000  0.000  0.000  0.000
  0.000  0.000  0.000  0.000
  0.000  0.000  0.000  0.000
  0.000  0.000  0.000  0.000
  0.091  0.000  0.414  0.000
  0.337  0.000  1.542  0.000
  1.416  0.000  6.475  0.000
  5.742  0.000 26.248  0.000
  3.244  0.000 14.828  0.000
  0.583  0.000  2.667  0.000
  0.122  0.000  0.558  0.000
  0.058  0.000  0.263  0.000
  0.000  0.000  0.000  0.000
  0.000  0.000  0.000  0.000
  0.000  0.000  0.000  0.000
  0.046  0.060  0.000  0.000
  0.483  0.631  0.000  0.000
  3.173  4.144  0.000  0.000
  9.742 12.724  0.000  0.000
 15.886 20.749  0.000  0.000
 15.490 20.231  0.000  0.000
 13.141 17.164  0.000  0.000
 10.089 13.178  0.000  0.000
  8.931 11.666  0.000  0.000
  9.106 11.893  0.000  0.000
  6.725  8.784  0.000  0.000
  4.304  5.622  0.000  0.000
  2.739  3.578  0.000  0.000
  1.549  2.023  0.000  0.000
  1.044  1.363  0.000  0.000
  0.574  0.750  0.000  0.000
  0.415  0.542  0.000  0.000
  0.245  0.319  0.000  0.000
  0.150  0.196  0.000  0.000
  0.207  0.271  0.000  0.000
  0.180  0.235  0.000  0.000
  0.329  0.430  0.000  0.000
  0.599  0.782  0.000  0.000
  0.797  1.041  0.000  0.000
  0.701  0.870  0.160  0.000
  0.594  0.710  0.233  0.000
  0.642  0.753  0.301  0.000
  0.942  0.980  0.876  0.000
  1.285  1.112  1.982  0.000
  1.819  1.512  3.023  0.000
  2.890  2.421  4.737  0.000
  3.814  3.074  6.676  0.000
  3.693  2.502  8.126  0.000
  3.322  1.820  8.818  0.000
  3.114  2.433  5.718  0.000
  3.017  2.715  4.288  0.000
  3.134  3.449  2.256  0.000
  3.160  3.829  1.044  0.000
  2.890  3.515  0.909  0.000
  3.341  4.259  0.365  0.000
  3.634  4.674  0.254  0.000
  3.402  4.401  0.099  0.693
  3.255  4.224  0.097  0.000
  3.289  4.255  0.047  1.320
  3.793  4.889  0.184  0.644
  3.595  4.670  0.090  0.000
  4.009  5.074  0.526  0.614
  3.326  4.246  0.343  0.000
  2.490  3.072  0.502  1.757
  1.861  2.150  0.940  0.572
  1.417  1.473  1.159  2.238
  1.017  0.804  1.720  1.642
  1.095  0.721  2.179  4.281
  1.047  0.694  2.244  1.571
  1.377  0.836  3.256  1.537
  1.504  1.105  2.865  2.005
  1.403  1.132  2.138  4.417
  1.359  1.059  2.369  1.922
  1.478  1.191  2.320  3.765
  1.592  1.261  2.536  4.611
  1.722  1.263  3.001  6.324
  1.729  1.500  2.277  5.313
  1.783  1.479  2.635  4.773
  1.968  1.771  2.461  4.680
  2.112  1.984  2.563  2.086
  2.321  2.513  1.578  3.273
  2.383  2.572  1.720  2.408
  2.332  2.596  1.294  3.938
  2.379  2.760  0.994  3.091
  2.323  2.732  0.786  3.793
  2.472  2.963  0.745  2.606
  2.919  3.573  0.653  2.559
  3.679  4.535  0.615  4.666
  3.856  4.749  0.604  5.641
  3.577  4.460  0.569  2.424
  3.727  4.548  0.899  3.062
  3.568  4.373  0.693  4.346
  3.732  4.593  0.821  2.300
  3.583  4.376  0.900  2.261
  3.145  3.712  1.156  3.175
  2.853  3.363  1.048  3.121
  2.398  2.775  1.162  1.228
  2.198  2.446  1.315  2.415
  2.046  2.066  1.909  2.969
  1.903  1.890  1.961  1.752
  1.962  2.064  1.663  1.149
  1.922  1.852  2.181  1.697
  2.235  2.249  2.246  1.391
  2.427  2.381  2.680  1.096
  2.494  2.482  2.638  1.078
  2.750  2.790  2.749  0.796
  2.552  2.576  2.632  0.261
  2.308  2.369  2.261  0.000
  2.408  2.540  2.064  0.760
  2.403  2.435  2.461  0.000
  2.644  2.781  2.319  0.492
  2.669  2.774  2.423  0.969
  2.827  3.016  2.336  0.477
  2.911  3.106  2.352  1.176
  2.561  2.801  1.855  0.695
  2.617  2.807  2.024  1.599
  2.671  2.850  2.107  1.802
  2.415  2.673  1.570  1.554
  2.572  2.801  1.767  2.627
  2.654  2.854  2.020  1.727
  2.973  3.345  1.733  2.128
  2.995  3.427  1.529  2.309
  3.319  3.773  1.804  2.277
  3.513  3.997  1.911  2.246
  3.415  3.943  1.712  1.410
  3.087  3.456  1.760  3.578
  2.721  3.122  1.317  2.745
  2.440  2.749  1.410  1.742
  2.390  2.744  1.187  1.910
  2.665  3.062  1.306  2.262
  2.439  2.836  1.010  2.976
  2.533  2.964  1.115  1.285
  2.337  2.667  1.191  2.175
  2.366  2.724  1.138  1.969
  2.385  2.614  1.489  3.710
  2.173  2.400  1.421  1.570
  2.073  2.162  1.772  1.895
  1.709  1.719  1.726  1.021
  1.544  1.434  1.933  1.512
  1.533  1.446  1.850  1.328
  1.576  1.422  2.143  1.148
  1.389  1.302  1.759  0.486
  1.310  1.215  1.715  0.320
  1.208  1.113  1.570  0.791
  1.252  1.138  1.696  0.625
  1.290  1.140  1.875  0.463
  1.578  1.470  2.027  0.610
  1.673  1.557  2.186  0.151
  1.658  1.624  1.873  0.298
  1.797  1.783  1.978  0.000
  1.831  1.952  1.529  0.146
  1.990  2.115  1.676  0.288
  2.170  2.384  1.565  0.142
  2.304  2.624  1.347  0.000
  2.448  2.683  1.799  0.000
  2.545  2.917  1.425  0.000
  2.634  2.987  1.584  0.000
  2.764  3.097  1.797  0.000
  2.582  2.886  1.701  0.000
  2.435  2.686  1.730  0.000
  2.215  2.441  1.581  0.000
  2.179  2.362  1.692  0.000
  2.094  2.295  1.538  0.000
  2.166  2.343  1.701  0.000
  2.001  2.119  1.728  0.000
  1.974  2.150  1.498  0.000
  1.825  2.015  1.290  0.000
  1.723  1.851  1.398  0.000
  1.625  1.698  1.485  0.000
  1.429  1.523  1.200  0.000
  1.456  1.476  1.488  0.000
  1.445  1.423  1.622  0.000
  1.534  1.486  1.810  0.000
  1.621  1.534  2.019  0.341
  1.605  1.484  2.143  0.000
  1.669  1.521  2.296  0.111
  1.712  1.573  2.313  0.110
  1.687  1.529  2.352  0.109
  1.715  1.560  2.321  0.864
  1.658  1.579  2.038  0.214
  1.946  1.858  2.313  1.164
  1.854  1.833  2.014  0.629
  1.904  1.908  1.942  1.142
  1.820  1.924  1.520  0.925
  1.734  1.755  1.694  1.222
  1.601  1.554  1.822  0.807
  1.570  1.539  1.648  1.997
  1.617  1.587  1.752  1.187
  1.698  1.690  1.701  2.058
  1.794  1.813  1.768  1.262
  2.043  2.123  1.786  1.731
  2.181  2.319  1.742  1.524
  2.065  2.161  1.760  1.604
  1.970  1.983  1.930  1.870
  1.904  1.932  1.767  2.409
  1.892  1.950  1.692  1.836
  2.131  2.215  1.884  1.456
  2.279  2.381  1.945  1.983
  2.266  2.399  1.819  1.965
  2.353  2.405  2.188  2.125
  2.120  2.185  1.912  1.843
  2.089  2.082  2.056  2.870
  1.802  1.738  1.970  2.586
  1.641  1.566  1.825  2.734
  1.519  1.405  1.863  2.287
  1.436  1.319  1.763  2.602
  1.497  1.459  1.599  1.914
  1.564  1.497  1.721  2.640
  1.550  1.552  1.525  1.799
  1.599  1.564  1.668  2.351
  1.486  1.524  1.332  1.769
  1.440  1.427  1.457  1.833
  1.357  1.377  1.287  1.344
  1.545  1.567  1.411  2.351
  1.570  1.606  1.349  2.875
  1.663  1.719  1.459  1.772
  1.732  1.789  1.561  1.375
  1.707  1.771  1.505  1.440
  1.774  1.805  1.643  2.104
  1.732  1.789  1.517  1.938
  1.678  1.667  1.721  1.626
  1.686  1.739  1.514  1.540
  1.751  1.729  1.844  1.527
  1.800  1.820  1.757  1.443
  1.953  1.925  2.060  1.860
  1.844  1.835  1.911  1.349
  1.869  1.806  2.067  2.183
  1.855  1.846  1.901  1.676
  1.809  1.793  1.841  2.148
  1.649  1.573  1.871  2.269
  1.622  1.523  1.944  1.978
  1.578  1.490  1.875  1.692
  1.484  1.409  1.736  1.679
  0.3986776E+03  0.3968385E+03
  0.000  0.000  0.000  0.000
  0.000  0.000  0.000  0.000
  0.000  0.000  0.000  0.000
  0.000  0.000  0.000  0.000
  0.000  0.000  0.000  0.000
  0.000  0.000  0.000  0.000
  0.000  0.000  0.000  0.000
  0.000  0.000  0.000  0.000
  0.000  0.000  0.000  0.000
  0.000  0.000  0.000  0.000
  0.000  0.000  0.000  0.000
  0.000  0.000  0.000  0.000
  0.000  0.000  0.000  0.000
  0.000  0.000  0.000  0.000
  0.000  0.000  0.000  0.000
  0.000  0.000  0.000  0.000
  0.000  0.000  0.000  0.000
  0.000  0.000  0.000  0.000
  0.000  0.000  0.000  0.000
  0.000  0.000  0.000  0.000
  0.000  0.000  0.000  0.000
  0.000  0.000  0.000  0.000
  0.000  0.000  0.000  0.000
  0.000  0.000  0.000  0.000
  0.000  0.000  0.000  0.000
  0.000  0.000  0.000  0.000
  0.000  0.000  0.000  0.000
  0.091  0.000  0.414  0.000
  0.169  0.000  0.771  0.000
  1.574  0.000  7.194  0.000
  6.110  0.000 27.931  0.000
  2.761  0.000 12.620  0.000
  0.583  0.000  2.667  0.000
  0.244  0.000  1.116  0.000
  0.058  0.000  0.263  0.000
  0.000  0.000  0.000  0.000
  0.000  0.000  0.000  0.000
  0.000  0.000  0.000  0.000
  0.000  0.000  0.000  0.000
  0.395  0.516  0.000  0.000
  2.463  3.217  0.000  0.000
  9.304 12.153  0.000  0.000
 16.038 20.947  0.000  0.000
 17.010 22.217  0.000  0.000
 12.623 16.487  0.000  0.000
 10.685 13.955  0.000  0.000
  9.565 12.493  0.000  0.000
  7.649  9.990  0.000  0.000
  6.609  8.632  0.000  0.000
  3.941  5.147  0.000  0.000
  3.196  4.174  0.000  0.000
  1.756  2.293  0.000  0.000
  0.795  1.038  0.000  0.000
  0.550  0.719  0.000  0.000
  0.461  0.602  0.000  0.000
  0.267  0.348  0.000  0.000
  0.322  0.420  0.000  0.000
  0.166  0.216  0.000  0.000
  0.140  0.183  0.000  0.000
  0.348  0.455  0.000  0.000
  0.561  0.733  0.000  0.000
  0.815  1.064  0.000  0.000
  0.684  0.870  0.080  0.000
  0.611  0.710  0.311  0.000
  0.658  0.710  0.527  0.000
  0.814  0.917  0.511  0.000
  1.146  1.133  1.274  0.000
  1.999  1.688  3.229  0.000
  3.153  2.421  5.938  0.000
  3.771  2.759  7.583  0.000
  4.065  2.825  8.692  0.000
  2.934  2.257  5.511  0.000
  3.218  2.331  6.552  0.000
  2.928  2.616  4.230  0.000
  2.579  2.740  2.200  0.000
  2.968  3.546  1.153  0.000
  3.382  4.157  0.909  0.000
  3.044  3.842  0.469  0.000
  3.956  5.138  0.102  0.000
  3.522  4.585  0.050  0.000
  3.382  4.389  0.097  0.000
  3.310  4.282  0.141  0.000
  3.471  4.442  0.322  0.000
  3.467  4.503  0.090  0.000
  3.635  4.623  0.395  0.614
  3.513  4.417  0.557  0.600
  2.746  3.419  0.586  0.000
  1.941  2.267  0.900  0.572
  1.451  1.508  1.239  1.679
  0.966  0.782  1.563  1.642
  0.903  0.677  1.720  0.535
  1.292  0.855  2.655  3.665
  1.377  0.930  2.817  3.074
  1.520  1.074  3.044  2.005
  1.319  0.932  2.524  3.436
  1.457  1.216  2.025  5.286
  1.596  1.249  2.521  5.648
  1.462  1.082  2.437  6.455
  1.468  1.116  2.614  2.710
  1.633  1.428  2.403  0.885
  1.838  1.559  2.542  5.641
  2.041  1.815  2.735  3.404
  1.884  1.805  1.758  7.509
  2.321  2.438  1.783  4.092
  2.364  2.605  1.462  3.211
  2.560  2.837  1.660  1.575
  2.325  2.587  1.325  3.478
  2.465  2.771  1.111  6.448
  2.595  3.017  0.798  7.074
  2.999  3.641  0.705  3.655
  3.466  4.256  0.718  3.231
  3.740  4.554  0.907  3.526
  3.555  4.354  0.717  4.156
  3.673  4.562  0.729  1.361
  3.777  4.694  0.645  2.675
  3.691  4.472  0.939  3.943
  3.421  4.099  1.084  2.906
  3.145  3.797  0.952  1.905
  2.838  3.370  0.936  3.433
  2.484  2.875  1.184  1.535
  2.231  2.452  1.531  1.207
  2.069  2.193  1.760  0.297
  1.844  1.741  2.232  1.460
  1.877  1.847  1.971  2.012
  1.865  1.864  1.878  1.697
  2.109  2.027  2.465  1.113
  2.461  2.588  2.133  0.822
  2.494  2.586  2.311  0.539
  2.551  2.627  2.446  0.265
  2.609  2.736  2.315  0.523
  2.505  2.626  2.224  0.515
  2.455  2.545  2.299  0.253
  2.637  2.736  2.407  0.999
  2.505  2.605  2.266  0.984
  2.767  2.883  2.544  0.242
  2.641  2.767  2.370  0.239
  2.580  2.736  2.201  0.235
  2.652  2.891  1.954  0.695
  2.610  2.826  1.959  1.142
  2.565  2.758  1.931  2.027
  2.567  2.877  1.570  1.332
  2.442  2.618  1.908  1.313
  2.651  2.876  1.866  2.590
  2.983  3.332  1.779  2.767
  3.070  3.406  1.844  3.778
  3.523  3.993  1.922  2.899
  3.832  4.443  1.736  3.268
  3.378  3.894  1.612  2.820
  2.941  3.269  1.803  2.783
  2.528  2.834  1.485  2.157
  2.295  2.602  1.258  1.742
  2.563  2.845  1.459  4.201
  2.780  3.100  1.669  2.639
  2.636  3.010  1.382  1.860
  2.565  2.897  1.482  1.469
  2.458  2.760  1.528  0.725
  2.231  2.502  1.342  1.432
  2.385  2.658  1.439  2.297
  2.110  2.286  1.495  2.094
  1.930  2.124  1.329  0.861
  1.643  1.677  1.568  1.021
  1.520  1.578  1.332  1.344
  1.478  1.463  1.553  1.162
  1.389  1.372  1.382  2.295
  1.313  1.256  1.573  0.486
  1.313  1.251  1.589  0.480
  1.245  1.136  1.660  0.791
  1.284  1.103  1.975  0.469
  1.262  1.134  1.786  0.154
  1.411  1.289  1.907  0.458
  1.607  1.455  2.197  0.754
  1.711  1.682  1.916  0.298
  1.844  1.912  1.715  0.295
  1.943  2.047  1.706  0.146
  2.067  2.218  1.686  0.000
  2.132  2.329  1.586  0.142
  2.328  2.607  1.518  0.000
  2.571  2.867  1.719  0.000
  2.485  2.771  1.661  0.000
  2.755  3.145  1.584  0.000
  2.791  3.207  1.537  0.000
  2.520  2.781  1.787  0.000
  2.406  2.629  1.795  0.000
  2.345  2.526  1.878  0.000
  2.231  2.397  1.812  0.000
  2.153  2.355  1.601  0.000
  2.091  2.299  1.512  0.000
  1.864  2.018  1.460  0.000
  1.966  2.112  1.595  0.000
  1.766  1.938  1.290  0.000
  1.774  1.918  1.398  0.000
  1.501  1.581  1.332  0.000
  1.545  1.564  1.588  0.000
  1.480  1.493  1.539  0.000
  1.510  1.454  1.804  0.116
  1.582  1.503  1.974  0.000
  1.485  1.418  1.816  0.114
  1.554  1.401  2.183  0.225
  1.554  1.396  2.217  0.000
  1.712  1.605  2.195  0.220
  1.647  1.555  2.072  0.218
  1.623  1.511  2.082  0.648
  1.643  1.590  1.939  0.107
  1.816  1.769  2.071  0.529
  1.947  1.993  1.857  0.943
  1.959  1.966  2.016  0.830
  1.831  1.852  1.821  0.925
  1.995  1.992  2.080  0.916
  1.653  1.601  1.793  2.218
  1.551  1.577  1.491  1.098
  1.515  1.462  1.717  1.286
  1.635  1.596  1.757  1.862
  1.919  1.943  1.837  1.844
  2.108  2.257  1.621  1.635
  2.216  2.368  1.728  1.619
  2.062  2.198  1.631  1.416
  1.907  1.891  1.917  2.525
  1.844  1.849  1.833  1.760
  1.995  2.037  1.882  1.561
  2.068  2.124  1.904  1.637
  2.233  2.344  1.861  1.983
  2.391  2.467  2.201  1.340
  2.271  2.412  1.828  1.594
  2.225  2.265  2.087  2.194
  2.112  2.103  2.062  3.218
  1.744  1.690  1.933  1.724
  1.689  1.585  1.996  2.478
  1.401  1.251  1.797  3.218
  1.470  1.388  1.697  2.350
  1.476  1.372  1.742  2.829
  1.533  1.493  1.638  1.980
  1.583  1.591  1.513  2.208
  1.480  1.456  1.512  2.189
  1.432  1.396  1.550  1.527
  1.409  1.410  1.372  1.833
  1.389  1.431  1.202  1.976
  1.511  1.521  1.455  1.802
  1.586  1.644  1.382  1.554
  1.646  1.705  1.420  1.926
  1.691  1.782  1.354  1.910
  1.733  1.783  1.532  2.122
  1.706  1.733  1.594  1.954
  1.809  1.839  1.714  1.640
  1.694  1.761  1.489  1.331
  1.695  1.706  1.697  1.173
  1.835  1.863  1.756  1.600
  1.935  1.942  1.881  2.380
  1.912  1.914  1.901  1.932
  1.894  1.892  1.911  1.774
  1.843  1.766  2.092  2.112
  1.784  1.705  1.991  2.794
  1.663  1.623  1.777  2.010
  1.763  1.644  2.131  2.406
  1.664  1.559  1.997  2.114
  1.535  1.454  1.759  2.368
  1.600  1.602  1.568  1.947
  0.3974990E+03  0.3957518E+03
  0.000  0.000  0.000  0.000
  0.000  0.000  0.000  0.000
  0.000  0.000  0.000  0.000
  0.000  0.000  0.000  0.000
  0.000  0.000  0.000  0.000
  0.000  0.000  0.000  0.000
  0.000  0.000  0.000  0.000
  0.000  0.000  0.000  0.000
  0.000  0.000  0.000  0.000
  0.000  0.000  0.000  0.000
  0.000  0.000  0.000  0.000
  0.000  0.000  0.000  0.000
  0.000  0.000  0.000  0.000
  0.000  0.000  0.000  0.000
  0.000  0.000  0.000  0.000
  0.000  0.000  0.000  0.000
  0.000  0.000  0.000  0.000
  0.000  0.000  0.000  0.000
  0.000  0.000  0.000  0.000
  0.000  0.000  0.000  0.000
  0.000  0.000  0.000  0.000
  0.000  0.000  0.000  0.000
  0.000  0.000  0.000  0.000
  0.000  0.000  0.000  0.000
  0.000  0.000  0.000  0.000
  0.000  0.000  0.000  0.000
  0.000  0.000  0.000  0.000
  0.091  0.000  0.414  0.000
  0.253  0.000  1.156  0.000
  1.652  0.000  7.554  0.000
  5.668  0.000 25.912  0.000
  3.175  0.000 14.513  0.000
  0.519  0.000  2.371  0.000
  0.183  0.000  0.837  0.000
  0.058  0.000  0.263  0.000
  0.000  0.000  0.000  0.000
  0.000  0.000  0.000  0.000
  0.000  0.000  0.000  0.000
  0.000  0.000  0.000  0.000
  0.263  0.344  0.000  0.000
  3.424  4.472  0.000  0.000
  9.662 12.620  0.000  0.000
 15.431 20.155  0.000  0.000
 16.720 21.838  0.000  0.000
 12.277 16.035  0.000  0.000
 10.618 13.869  0.000  0.000
  9.850 12.865  0.000  0.000
  8.134 10.625  0.000  0.000
  5.677  7.415  0.000  0.000
  4.640  6.060  0.000  0.000
  2.256  2.946  0.000  0.000
  2.272  2.968  0.000  0.000
  1.118  1.460  0.000  0.000
  0.455  0.594  0.000  0.000
  0.623  0.813  0.000  0.000
  0.311  0.407  0.000  0.000
  0.257  0.336  0.000  0.000
  0.124  0.162  0.000  0.000
  0.160  0.209  0.000  0.000
  0.232  0.303  0.000  0.000
  0.674  0.880  0.000  0.000
  0.670  0.875  0.000  0.000
  0.631  0.824  0.000  0.000
  0.645  0.799  0.155  0.000
  0.609  0.667  0.452  0.000
  0.830  0.834  0.876  0.000
  1.518  1.456  1.841  0.000
  1.924  1.629  3.092  0.000
  2.627  2.059  4.804  0.000
  3.502  2.630  6.805  0.000
  4.065  2.807  8.755  0.000
  3.711  2.502  8.206  0.000
  3.023  2.314  5.718  0.000
  2.840  2.484  4.288  0.000
  2.764  3.030  2.031  0.000
  2.955  3.389  1.538  1.538
  3.171  3.959  0.642  0.000
  3.614  4.602  0.417  0.000
  3.712  4.819  0.102  0.000
  3.988  5.194  0.050  0.000
  2.948  3.837  0.048  0.000
  3.196  4.134  0.141  0.000
  3.330  4.297  0.138  0.644
  3.566  4.593  0.225  0.000
  3.894  4.998  0.307  0.000
  3.270  4.148  0.428  0.000
  2.700  3.359  0.586  0.000
  2.013  2.395  0.736  1.145
  1.189  1.222  0.999  2.238
  0.949  0.849  1.290  1.094
  1.095  0.808  2.179  0.000
  1.292  0.737  3.066  3.665
  1.377  0.972  2.817  1.025
  1.473  0.911  3.259  4.011
  1.396  1.012  2.664  2.454
  1.629  1.314  2.472  5.286
  1.581  1.210  2.521  6.589
  1.455  1.270  2.075  1.844
  1.440  1.171  2.194  4.066
  1.688  1.310  2.909  3.099
  1.824  1.630  2.294  4.773
  1.828  1.719  1.854  6.807
  2.066  1.975  2.265  3.755
  2.238  2.305  1.841  4.501
  2.427  2.695  1.462  2.810
  2.547  2.773  1.603  4.725
  2.391  2.729  1.132  3.478
  2.673  3.019  1.300  4.931
  2.612  3.062  0.984  3.351
  2.919  3.491  0.679  6.214
  3.461  4.300  0.590  2.513
  3.674  4.576  0.604  2.468
  3.669  4.502  0.693  4.502
  3.440  4.173  0.899  3.062
  3.819  4.701  0.764  3.343
  3.742  4.526  1.033  3.286
  3.583  4.330  0.969  3.552
  3.160  3.758  1.156  1.905
  2.838  3.363  0.959  3.433
  2.460  2.825  1.206  2.148
  1.995  2.168  1.358  2.415
  1.986  2.097  1.675  0.891
  1.857  2.027  1.377  0.292
  2.052  2.064  2.073  1.149
  2.200  2.164  2.444  0.566
  2.322  2.340  2.365  0.835
  2.264  2.309  2.250  0.274
  2.464  2.526  2.350  1.078
  2.468  2.514  2.427  0.796
  2.397  2.539  2.016  0.784
  2.550  2.663  2.316  0.257
  2.523  2.540  2.625  0.253
  2.247  2.293  2.193  0.749
  2.705  2.816  2.424  1.230
  2.767  2.813  2.734  0.969
  2.846  3.040  2.336  0.477
  2.893  3.053  2.453  1.176
  2.695  2.877  2.153  1.391
  2.613  2.826  1.959  1.371
  2.520  2.698  1.995  1.126
  2.533  2.773  1.808  0.888
  2.483  2.748  1.626  1.532
  2.610  2.881  1.650  2.806
  2.614  2.828  1.870  2.554
  3.218  3.641  1.799  2.309
  3.445  3.963  1.701  2.484
  3.701  4.372  1.371  3.472
  3.337  3.811  1.741  2.418
  3.118  3.480  1.888  2.584
  2.712  3.030  1.667  1.765
  2.588  2.950  1.341  2.322
  2.357  2.634  1.323  3.246
  2.441  2.704  1.481  3.015
  2.514  2.972  1.036  0.744
  2.576  2.938  1.338  2.203
  2.413  2.715  1.385  1.994
  2.441  2.688  1.572  2.505
  2.297  2.546  1.439  2.120
  2.129  2.332  1.396  2.443
  2.016  2.138  1.649  1.206
  1.670  1.698  1.604  1.191
  1.560  1.581  1.560  0.504
  1.416  1.440  1.352  1.162
  1.460  1.446  1.476  1.968
  1.336  1.220  1.735  1.458
  1.293  1.156  1.852  0.160
  1.374  1.216  1.988  0.474
  1.367  1.173  2.109  0.469
  1.375  1.191  2.073  0.617
  1.456  1.326  1.983  0.458
  1.496  1.409  1.906  0.000
  1.760  1.724  1.980  0.447
  1.807  1.831  1.841  0.147
  1.852  1.964  1.581  0.146
  2.047  2.233  1.542  0.000
  2.108  2.329  1.484  0.000
  2.416  2.734  1.477  0.000
  2.545  2.902  1.481  0.000
  2.594  2.917  1.651  0.000
  2.612  3.004  1.419  0.136
  2.636  2.897  1.912  0.000
  2.470  2.770  1.597  0.000
  2.445  2.699  1.730  0.000
  2.304  2.436  2.008  0.000
  2.231  2.428  1.701  0.000
  2.100  2.298  1.556  0.000
  2.115  2.335  1.494  0.000
  1.911  2.102  1.380  0.000
  1.871  2.032  1.445  0.000
  1.901  2.040  1.552  0.000
  1.708  1.841  1.363  0.000
  1.591  1.690  1.349  0.120
  1.582  1.620  1.555  0.118
  1.566  1.550  1.722  0.117
  1.566  1.494  1.928  0.000
  1.500  1.423  1.876  0.000
  1.626  1.494  2.197  0.114
  1.557  1.481  1.926  0.112
  1.505  1.321  2.233  0.334
  1.590  1.461  2.147  0.110
  1.608  1.484  2.126  0.436
  1.737  1.637  2.198  0.216
  1.777  1.715  2.107  0.214
  1.846  1.864  1.898  0.212
  1.891  1.857  2.134  0.210
  1.790  1.805  1.809  0.830
  1.837  1.831  1.931  0.822
  1.751  1.745  1.796  1.425
  1.678  1.679  1.707  1.210
  1.517  1.490  1.584  1.897
  1.559  1.552  1.526  2.374
  1.655  1.688  1.596  0.882
  1.849  1.927  1.602  1.456
  2.115  2.200  1.813  2.212
  2.343  2.440  2.021  2.096
  2.065  2.167  1.726  1.793
  2.037  2.113  1.810  1.496
  1.996  2.006  1.979  1.760
  2.001  2.007  1.980  2.020
  2.051  2.063  1.988  2.365
  2.141  2.200  1.996  1.262
  2.233  2.352  1.844  1.876
  2.288  2.419  1.840  2.125
  2.188  2.267  1.880  2.632
  1.976  1.954  2.019  2.435
  1.794  1.775  1.865  1.724
  1.661  1.618  1.739  2.648
  1.538  1.414  1.899  2.541
  1.396  1.275  1.751  2.350
  1.507  1.418  1.742  2.580
  1.628  1.574  1.750  2.557
  1.564  1.556  1.566  1.963
  1.576  1.544  1.651  2.108
  1.486  1.472  1.487  2.171
  1.425  1.428  1.383  1.833
  1.427  1.429  1.411  1.581
  1.463  1.467  1.383  2.429
  1.527  1.532  1.471  2.098
  1.660  1.711  1.481  1.695
  1.784  1.823  1.643  1.834
  1.756  1.834  1.499  1.516
  1.743  1.788  1.573  1.879
  1.651  1.717  1.416  1.714
  1.752  1.785  1.690  1.035
  1.763  1.797  1.665  1.466
  1.668  1.687  1.605  1.600
  1.886  1.868  1.937  2.020
  1.839  1.856  1.738  2.433
  1.850  1.853  1.815  2.200
  1.857  1.803  1.997  2.535
  1.804  1.778  1.876  2.095
  1.775  1.718  1.935  2.287
  1.729  1.677  1.910  1.787
  1.580  1.503  1.827  1.910
  1.599  1.507  1.914  1.692
  1.560  1.491  1.784  1.813
  0.3982489E+03  0.3967207E+03
  0.000  0.000  0.000  0.000
  0.000  0.000  0.000  0.000
  0.000  0.000  0.000  0.000
  0.000  0.000  0.000  0.000
  0.000  0.000  0.000  0.000
  0.000  0.000  0.000  0.000
  0.000  0.000  0.000  0.000
  0.000  0.000  0.000  0.000
  0.000  0.000  0.000  0.000
  0.000  0.000  0.000  0.000
  0.000  0.000  0.000  0.000
  0.000  0.000  0.000  0.000
  0.000  0.000  0.000  0.000
  0.000  0.000  0.000  0.000
  0.000  0.000  0.000  0.000
  0.000  0.000  0.000  0.000
  0.000  0.000  0.000  0.000
  0.000  0.000  0.000  0.000
  0.000  0.000  0.000  0.000
  0.000  0.000  0.000  0.000
  0.000  0.000  0.000  0.000
  0.000  0.000  0.000  0.000
  0.000  0.000  0.000  0.000
  0.000  0.000  0.000  0.000
  0.000  0.000  0.000  0.000
  0.000  0.000  0.000  0.000
  0.000  0.000  0.000  0.000
  0.181  0.000  0.828  0.000
  0.253  0.000  1.156  0.000
  1.574  0.000  7.194  0.000
  6.036  0.000 27.594  0.000
  3.037  0.000 13.882  0.000
  0.259  0.000  1.186  0.000
  0.244  0.000  1.116  0.000
  0.058  0.000  0.263  0.000
  0.000  0.000  0.000  0.000
  0.000  0.000  0.000  0.000
  0.000  0.000  0.000  0.000
  0.000  0.000  0.000  0.000
  0.527  0.688  0.000  0.000
  2.923  3.817  0.000  0.000
  9.543 12.464  0.000  0.000
 16.720 21.838  0.000  0.000
 16.612 21.697  0.000  0.000
 11.862 15.493  0.000  0.000
 10.056 13.134  0.000  0.000
  9.882 12.907  0.000  0.000
  8.165 10.664  0.000  0.000
  6.056  7.909  0.000  0.000
  4.472  5.841  0.000  0.000
  2.309  3.016  0.000  0.000
  1.937  2.529  0.000  0.000
  1.093  1.428  0.000  0.000
  0.742  0.969  0.000  0.000
  0.599  0.783  0.000  0.000
  0.267  0.348  0.000  0.000
  0.107  0.140  0.000  0.000
  0.207  0.271  0.000  0.000
  0.260  0.340  0.000  0.000
  0.251  0.328  0.000  0.000
  0.524  0.684  0.000  0.000
  0.670  0.875  0.000  0.000
  0.789  1.030  0.000  0.000
  0.730  0.910  0.155  0.000
  0.543  0.645  0.226  0.000
  0.607  0.605  0.657  0.000
  1.440  1.214  2.336  0.000
  2.255  2.042  3.161  0.000
  2.861  2.268  5.137  0.000
  3.800  2.796  7.583  0.000
  3.748  2.574  8.126  0.000
  3.188  2.117  7.165  0.000
  2.905  2.212  5.539  0.000
  3.042  2.898  3.767  0.000
  2.974  3.223  2.313  0.000
  2.919  3.342  1.648  0.000
  3.183  3.852  1.070  0.000
  3.512  4.468  0.417  0.000
  3.278  4.195  0.305  0.000
  3.706  4.840  0.000  0.000
  3.625  4.721  0.048  0.000
  3.371  4.363  0.141  0.000
  3.381  4.376  0.138  0.000
  3.762  4.914  0.000  0.000
  3.779  4.798  0.482  0.000
  3.457  4.393  0.385  0.600
  2.499  3.120  0.502  0.000
  1.861  2.231  0.613  1.145
  1.355  1.233  1.639  3.358
  0.864  0.804  1.055  1.094
  0.937  0.601  2.141  0.535
  1.039  0.598  2.505  2.094
  1.377  0.930  2.781  3.586
  1.535  1.074  3.116  2.005
  1.465  1.112  2.594  2.945
  1.637  1.403  2.231  4.806
  1.228  0.941  2.017  4.236
  1.643  1.129  3.129  5.994
  1.546  1.088  2.807  6.324
  1.895  1.653  2.688  2.656
  1.593  1.497  1.860  2.604
  1.954  1.745  2.522  4.254
  2.073  2.001  2.175  4.172
  2.244  2.313  1.812  4.910
  2.527  2.695  1.720  5.619
  2.480  2.724  1.406  5.513
  2.548  2.910  1.270  2.705
  2.542  3.003  0.921  2.655
  3.031  3.556  1.064  4.840
  3.004  3.641  0.731  3.655
  3.292  4.000  0.820  3.231
  3.559  4.468  0.478  2.115
  3.566  4.382  0.594  5.195
  3.604  4.486  0.656  1.701
  3.730  4.558  0.812  4.012
  3.640  4.513  0.634  2.957
  3.371  4.073  0.900  3.552
  3.105  3.732  0.930  2.857
  2.897  3.370  1.182  3.746
  2.489  2.825  1.359  1.842
  2.042  2.193  1.531  1.811
  1.995  2.103  1.633  1.781
  1.944  1.925  2.024  1.752
  1.863  1.836  2.012  1.149
  2.068  2.054  2.181  1.131
  2.239  2.152  2.664  0.557
  2.371  2.353  2.524  1.096
  2.734  2.806  2.619  0.809
  2.584  2.741  2.161  0.796
  2.532  2.704  2.091  0.261
  2.618  2.752  2.261  1.029
  2.341  2.524  1.847  0.253
  2.477  2.481  2.621  0.250
  2.382  2.429  2.389  0.000
  2.563  2.556  2.665  1.454
  2.906  3.108  2.387  0.239
  2.768  3.005  2.067  0.941
  2.673  2.990  1.672  1.159
  2.613  2.817  2.073  0.228
  2.639  2.946  1.705  0.676
  2.498  2.678  1.967  1.110
  2.665  2.877  1.845  3.721
  2.475  2.727  1.681  1.295
  2.757  3.028  1.840  2.341
  3.155  3.427  2.309  1.679
  3.672  4.225  1.671  4.555
  3.526  4.026  1.838  2.655
  3.419  3.881  1.899  2.015
  2.910  3.306  1.547  2.584
  2.638  2.990  1.359  3.334
  2.591  2.871  1.645  2.129
  2.518  2.900  1.200  2.292
  2.597  3.015  1.238  1.131
  2.564  3.022  1.036  1.488
  2.442  2.818  1.115  2.571
  2.433  2.737  1.321  3.081
  2.514  2.830  1.457  1.790
  2.258  2.456  1.628  1.414
  2.080  2.204  1.695  1.396
  1.922  1.990  1.661  2.240
  1.670  1.698  1.556  1.872
  1.641  1.605  1.764  1.680
  1.541  1.582  1.458  0.664
  1.468  1.412  1.640  1.804
  1.435  1.355  1.759  0.810
  1.150  1.042  1.600  0.160
  1.178  1.039  1.694  0.791
  1.155  0.950  1.886  0.937
  1.348  1.197  1.974  0.000
  1.452  1.323  1.940  0.915
  1.668  1.585  2.046  0.452
  1.709  1.740  1.714  0.149
  1.850  1.864  1.925  0.147
  1.841  1.973  1.508  0.000
  2.080  2.285  1.511  0.000
  2.110  2.341  1.454  0.000
  2.403  2.647  1.719  0.000
  2.391  2.643  1.679  0.000
  2.734  3.082  1.710  0.000
  2.729  3.059  1.768  0.000
  2.699  3.078  1.566  0.000
  2.493  2.772  1.692  0.000
  2.517  2.772  1.805  0.000
  2.264  2.441  1.804  0.000
  2.175  2.284  1.950  0.000
  2.249  2.459  1.674  0.000
  1.937  2.124  1.422  0.000
  2.055  2.231  1.585  0.000
  1.854  2.034  1.357  0.000
  1.755  1.911  1.334  0.000
  1.657  1.775  1.363  0.000
  1.660  1.832  1.178  0.000
  1.401  1.468  1.267  0.000
  1.478  1.507  1.480  0.000
  1.499  1.492  1.622  0.116
  1.555  1.488  1.884  0.229
  1.657  1.545  2.157  0.114
  1.640  1.507  2.223  0.000
  1.679  1.526  2.320  0.222
  1.597  1.427  2.305  0.000
  1.647  1.431  2.508  0.218
  1.693  1.580  2.213  0.000
  1.732  1.640  2.138  0.534
  1.908  1.862  2.162  0.635
  1.751  1.805  1.624  0.838
  1.912  2.036  1.601  0.208
  1.964  1.999  1.887  1.336
  1.743  1.758  1.723  1.323
  1.665  1.603  1.908  1.311
  1.590  1.488  1.947  1.598
  1.541  1.508  1.646  1.682
  1.531  1.524  1.533  1.862
  1.811  1.886  1.588  1.262
  2.207  2.325  1.799  2.115
  2.184  2.314  1.756  1.810
  2.096  2.198  1.726  2.265
  1.896  1.884  1.964  1.590
  1.895  1.925  1.787  1.946
  1.926  1.969  1.771  2.020
  2.098  2.103  2.099  1.819
  2.227  2.316  1.951  1.713
  2.418  2.509  2.119  2.144
  2.335  2.427  2.062  1.682
  2.302  2.391  2.043  1.579
  2.076  2.059  2.137  2.087
  1.779  1.752  1.816  2.586
  1.534  1.431  1.800  2.819
  1.379  1.255  1.748  2.287
  1.463  1.343  1.745  3.358
  1.467  1.437  1.522  2.164
  1.587  1.591  1.544  1.980
  1.619  1.651  1.478  2.045
  1.499  1.531  1.407  1.216
  1.452  1.422  1.453  2.894
  1.401  1.371  1.480  1.754
  1.420  1.379  1.519  2.055
  1.437  1.455  1.360  1.646
  1.638  1.660  1.521  2.176
  1.649  1.750  1.282  1.849
  1.723  1.832  1.354  1.528
  1.782  1.851  1.559  1.516
  1.770  1.791  1.712  1.503
  1.719  1.733  1.693  1.416
  1.616  1.643  1.552  1.183
  1.756  1.779  1.655  2.053
  1.818  1.845  1.735  1.673
  1.846  1.865  1.803  1.515
  1.991  1.936  2.182  2.003
  1.896  1.876  1.932  2.413
  1.786  1.724  1.916  2.957
  1.756  1.716  1.876  2.026
  1.740  1.642  2.019  2.633
  1.649  1.612  1.768  1.787
  1.692  1.606  1.905  2.933
  1.547  1.465  1.822  1.692
  1.598  1.515  1.894  1.477
  0.3939235E+03  0.3918412E+03
  0.000  0.000  0.000  0.000
  0.000  0.000  0.000  0.000
  0.000  0.000  0.000  0.000
  0.000  0.000  0.000  0.000
  0.000  0.000  0.000  0.000
  0.000  0.000  0.000  0.000
  0.000  0.000  0.000  0.000
  0.000  0.000  0.000  0.000
  0.000  0.000  0.000  0.000
  0.000  0.000  0.000  0.000
  0.000  0.000  0.000  0.000
  0.000  0.000  0.000  0.000
  0.000  0.000  0.000  0.000
  0.000  0.000  0.000  0.000
  0.000  0.000  0.000  0.000
  0.000  0.000  0.000  0.000
  0.000  0.000  0.000  0.000
  0.000  0.000  0.000  0.000
  0.000  0.000  0.000  0.000
  0.000  0.000  0.000  0.000
  0.000  0.000  0.000  0.000
  0.000  0.000  0.000  0.000
  0.000  0.000  0.000  0.000
  0.000  0.000  0.000  0.000
  0.000  0.000  0.000  0.000
  0.000  0.000  0.000  0.000
  0.000  0.000  0.000  0.000
  0.091  0.000  0.414  0.000
  0.337  0.000  1.542  0.000
  1.495  0.000  6.835  0.000
  5.668  0.000 25.912  0.000
  3.244  0.000 14.828  0.000
  0.454  0.000  2.075  0.000
  0.244  0.000  1.116  0.000
  0.058  0.000  0.263  0.000
  0.000  0.000  0.000  0.000
  0.000  0.000  0.000  0.000
  0.000  0.000  0.000  0.000
  0.000  0.000  0.000  0.000
  0.351  0.459  0.000  0.000
  3.424  4.472  0.000  0.000
  8.986 11.737  0.000  0.000
 16.985 22.185  0.000  0.000
 16.032 20.940  0.000  0.000
 12.692 16.577  0.000  0.000
  9.891 12.918  0.000  0.000
  9.248 12.079  0.000  0.000
  7.952 10.387  0.000  0.000
  6.609  8.632  0.000  0.000
  3.689  4.819  0.000  0.000
  3.142  4.104  0.000  0.000
  1.601  2.091  0.000  0.000
  1.416  1.850  0.000  0.000
  0.718  0.938  0.000  0.000
  0.807  1.054  0.000  0.000
  0.400  0.523  0.000  0.000
  0.172  0.224  0.000  0.000
  0.083  0.108  0.000  0.000
  0.100  0.131  0.000  0.000
  0.193  0.253  0.000  0.000
  0.561  0.733  0.000  0.000
  0.724  0.946  0.000  0.000
  0.631  0.824  0.000  0.000
  0.747  0.910  0.233  0.000
  0.741  0.839  0.452  0.000
  0.910  0.917  0.949  0.000
  1.022  0.910  1.487  0.000
  2.029  1.767  3.092  0.000
  3.153  2.383  6.072  0.000
  3.488  2.704  6.481  0.000
  3.762  2.735  7.622  0.000
  3.537  2.380  7.839  0.000
  3.231  2.280  6.790  0.000
  2.573  2.252  3.883  0.000
  2.727  2.836  2.538  0.000
  3.148  3.688  1.483  0.000
  3.440  4.371  0.428  0.000
  3.409  4.349  0.365  0.000
  3.423  4.442  0.102  0.000
  3.467  4.501  0.050  0.693
  3.234  4.196  0.097  0.000
  3.299  4.296  0.000  0.660
  3.230  4.205  0.046  0.000
  3.595  4.657  0.135  0.000
  4.009  5.136  0.351  0.000
  3.616  4.650  0.214  0.600
  2.563  3.216  0.377  1.172
  2.039  2.442  0.695  1.145
  1.233  1.233  1.199  1.679
  1.154  0.960  1.837  1.094
  1.079  0.633  2.523  2.676
  1.284  0.769  2.954  3.141
  1.185  0.721  2.671  3.074
  1.496  1.044  3.044  2.005
  1.480  1.112  2.559  4.417
  1.397  1.079  2.300  4.325
  1.383  1.124  2.152  3.295
  1.441  1.195  2.141  3.689
  1.645  1.162  3.195  3.614
  1.612  1.292  2.593  3.542
  1.675  1.390  2.573  3.038
  2.027  1.823  2.522  5.105
  2.132  2.145  1.818  5.841
  2.084  2.196  1.637  2.864
  2.515  2.654  1.978  3.211
  2.590  2.982  1.041  5.119
  2.355  2.673  1.049  5.024
  2.436  2.817  1.029  3.413
  2.635  3.184  0.771  1.862
  3.050  3.618  0.940  4.752
  3.393  4.176  0.667  3.231
  3.647  4.432  0.856  4.231
  3.528  4.332  0.717  3.463
  3.551  4.395  0.535  4.423
  3.824  4.776  0.645  1.672
  3.794  4.633  0.798  4.600
  3.436  4.244  0.692  2.261
  3.085  3.719  0.884  2.857
  2.843  3.300  1.249  2.809
  2.441  2.838  1.162  0.921
  2.226  2.372  1.682  2.717
  1.986  2.115  1.612  0.891
  2.076  2.056  2.149  2.045
  2.043  2.070  1.971  1.724
  1.935  1.916  2.060  1.131
  2.174  2.062  2.664  0.835
  2.345  2.392  2.309  0.548
  2.414  2.487  2.195  1.887
  2.621  2.719  2.408  0.796
  2.593  2.800  2.016  0.523
  2.529  2.568  2.537  0.515
  2.440  2.504  2.354  0.507
  2.387  2.420  2.407  0.499
  2.375  2.439  2.284  0.492
  2.491  2.497  2.579  0.969
  2.883  3.060  2.387  1.194
  2.698  2.943  1.983  0.706
  2.760  2.919  2.368  0.464
  2.806  3.050  2.056  1.371
  2.629  2.845  2.011  0.676
  2.515  2.678  2.030  1.332
  2.733  3.020  1.736  2.627
  2.540  2.841  1.511  2.158
  2.684  2.906  1.870  3.193
  2.968  3.341  1.679  2.729
  3.516  4.044  1.760  2.277
  3.717  4.384  1.488  2.246
  3.378  3.737  2.115  3.425
  3.056  3.452  1.704  2.584
  2.638  2.958  1.499  2.942
  2.500  2.816  1.465  1.548
  2.554  2.946  1.255  1.528
  2.474  2.808  1.333  2.073
  2.625  2.984  1.462  1.302
  2.442  2.837  1.102  1.836
  2.512  2.871  1.243  2.719
  2.391  2.677  1.368  2.684
  2.060  2.261  1.401  1.414
  2.186  2.428  1.346  2.094
  1.952  2.060  1.563  2.067
  1.683  1.681  1.689  1.701
  1.654  1.663  1.692  0.672
  1.515  1.487  1.648  0.996
  1.353  1.315  1.522  0.820
  1.369  1.375  1.365  1.134
  1.358  1.290  1.657  0.480
  1.371  1.252  1.807  1.107
  1.211  1.036  1.875  0.469
  1.368  1.251  1.864  0.154
  1.440  1.245  2.190  0.458
  1.571  1.443  2.122  0.151
  1.686  1.624  2.012  0.149
  1.885  1.939  1.810  0.295
  1.929  1.997  1.789  0.582
  1.939  2.133  1.388  0.144
  2.175  2.370  1.647  0.000
  2.293  2.564  1.497  0.141
  2.382  2.680  1.500  0.139
  2.483  2.788  1.592  0.000
  2.670  3.040  1.564  0.000
  2.655  3.006  1.614  0.000
  2.640  2.946  1.758  0.000
  2.595  2.828  1.965  0.000
  2.384  2.553  1.962  0.000
  2.149  2.286  1.821  0.000
  2.227  2.493  1.456  0.000
  2.077  2.240  1.656  0.000
  2.102  2.310  1.523  0.000
  1.754  1.888  1.410  0.000
  1.730  1.841  1.465  0.000
  1.661  1.794  1.311  0.000
  1.653  1.746  1.443  0.000
  1.512  1.603  1.293  0.118
  1.458  1.455  1.572  0.000
  1.539  1.542  1.630  0.116
  1.541  1.514  1.745  0.000
  1.536  1.478  1.841  0.114
  1.578  1.410  2.263  0.225
  1.549  1.410  2.121  0.334
  1.621  1.486  2.187  0.330
  1.681  1.495  2.422  0.436
  1.663  1.573  2.066  0.432
  1.894  1.802  2.321  0.428
  1.803  1.788  1.958  0.318
  1.941  1.949  2.014  0.524
  1.897  1.966  1.779  0.208
  1.781  1.777  1.799  1.747
  1.804  1.737  2.050  1.629
  1.564  1.527  1.721  1.210
  1.503  1.467  1.662  0.999
  1.572  1.544  1.675  1.484
  1.727  1.780  1.561  1.470
  1.914  1.949  1.775  2.135
  2.106  2.208  1.799  1.442
  2.213  2.343  1.776  2.000
  2.091  2.213  1.719  1.321
  1.910  1.927  1.810  2.431
  1.862  1.849  1.906  1.853
  1.965  2.050  1.712  1.377
  2.047  2.081  1.969  1.456
  2.257  2.351  1.970  1.623
  2.401  2.485  2.131  2.055
  2.377  2.493  1.973  2.302
  2.213  2.294  1.968  1.667
  1.930  1.915  1.975  2.000
  1.763  1.750  1.792  1.982
  1.742  1.630  1.989  3.759
  1.473  1.339  1.827  3.049
  1.457  1.360  1.733  2.350
  1.448  1.357  1.700  2.413
  1.481  1.443  1.544  2.475
  1.495  1.472  1.542  1.963
  1.494  1.504  1.425  1.946
  1.520  1.539  1.413  2.090
  1.508  1.524  1.412  2.072
  1.519  1.510  1.524  1.897
  1.468  1.484  1.321  2.743
  1.553  1.545  1.560  1.865
  1.672  1.705  1.563  1.618
  1.809  1.888  1.572  1.223
  1.630  1.661  1.559  1.137
  1.700  1.758  1.567  0.752
  1.767  1.833  1.539  1.714
  1.684  1.691  1.616  2.292
  1.697  1.713  1.650  1.540
  1.794  1.818  1.688  2.109
  1.832  1.825  1.906  1.082
  1.836  1.828  1.845  2.075
  1.854  1.858  1.790  2.555
  1.870  1.832  1.992  2.042
  1.771  1.743  1.846  2.095
  1.779  1.751  1.802  2.841
  1.792  1.726  1.954  2.750
  1.607  1.549  1.842  1.159
  1.578  1.515  1.774  1.895
  1.559  1.457  1.914  1.611
  0.3997028E+03  0.3984575E+03
  0.000  0.000  0.000  0.000
  0.000  0.000  0.000  0.000
  0.000  0.000  0.000  0.000
  0.000  0.000  0.000  0.000
  0.000  0.000  0.000  0.000
  0.000  0.000  0.000  0.000
  0.000  0.000  0.000  0.000
  0.000  0.000  0.000  0.000
  0.000  0.000  0.000  0.000
  0.000  0.000  0.000  0.000
  0.000  0.000  0.000  0.000
  0.000  0.000  0.000  0.000
  0.000  0.000  0.000  0.000
  0.000  0.000  0.000  0.000
  0.000  0.000  0.000  0.000
  0.000  0.000  0.000  0.000
  0.000  0.000  0.000  0.000
  0.000  0.000  0.000  0.000
  0.000  0.000  0.000  0.000
  0.000  0.000  0.000  0.000
  0.000  0.000  0.000  0.000
  0.000  0.000  0.000  0.000
  0.000  0.000  0.000  0.000
  0.000  0.000  0.000  0.000
  0.000  0.000  0.000  0.000
  0.000  0.000  0.000  0.000
  0.000  0.000  0.000  0.000
  0.091  0.000  0.414  0.000
  0.253  0.000  1.156  0.000
  1.889  0.000  8.633  0.000
  5.521  0.000 25.239  0.000
  3.106  0.000 14.197  0.000
  0.389  0.000  1.778  0.000
  0.244  0.000  1.116  0.000
  0.115  0.000  0.526  0.000
  0.000  0.000  0.000  0.000
  0.000  0.000  0.000  0.000
  0.000  0.000  0.000  0.000
  0.000  0.000  0.000  0.000
  0.658  0.860  0.000  0.000
  2.964  3.872  0.000  0.000
  9.782 12.776  0.000  0.000
 15.848 20.699  0.000  0.000
 15.562 20.326  0.000  0.000
 12.934 16.893  0.000  0.000
 10.255 13.394  0.000  0.000
 10.578 13.817  0.000  0.000
  8.225 10.743  0.000  0.000
  6.027  7.871  0.000  0.000
  4.109  5.366  0.000  0.000
  2.820  3.683  0.000  0.000
  1.833  2.394  0.000  0.000
  0.845  1.103  0.000  0.000
  0.766  1.000  0.000  0.000
  0.415  0.542  0.000  0.000
  0.311  0.407  0.000  0.000
  0.129  0.168  0.000  0.000
  0.145  0.189  0.000  0.000
  0.200  0.261  0.000  0.000
  0.406  0.531  0.000  0.000
  0.486  0.635  0.000  0.000
  0.742  0.970  0.000  0.000
  0.684  0.870  0.080  0.000
  0.764  0.910  0.311  0.000
  0.527  0.581  0.376  0.000
  0.750  0.667  1.095  0.000
  1.254  1.072  1.982  0.000
  2.029  1.826  2.886  0.000
  3.167  2.478  5.805  0.000
  3.502  2.537  7.130  0.000
  3.679  2.700  7.370  0.000
  3.295  2.502  6.308  0.000
  3.114  2.297  6.194  0.000
  3.004  2.517  4.926  0.000
  3.085  3.368  2.313  0.000
  3.124  3.641  1.538  0.000
  2.879  3.515  0.856  0.000
  3.455  4.423  0.313  0.000
  3.779  4.877  0.203  0.000
  3.597  4.699  0.000  0.000
  3.445  4.458  0.097  0.676
  3.217  4.148  0.141  0.660
  3.522  4.508  0.230  1.288
  3.772  4.888  0.135  0.000
  3.462  4.422  0.351  0.000
  3.391  4.258  0.600  0.000
  2.663  3.288  0.544  1.757
  2.030  2.360  0.900  1.717
  1.277  1.245  1.399  1.119
  1.077  0.893  1.681  1.642
  1.129  0.786  2.141  3.746
  1.047  0.641  2.431  1.571
  1.409  0.930  3.037  2.049
  1.371  0.911  2.829  3.509
  1.380  1.082  2.314  2.945
  1.442  1.187  2.163  3.845
  1.478  1.162  2.589  1.412
  1.607  1.299  2.437  5.072
  1.539  1.199  2.581  3.614
  1.633  1.283  2.435  7.526
  1.892  1.700  2.480  3.038
  1.841  1.658  2.340  3.829
  2.008  1.992  1.818  5.423
  2.321  2.380  1.987  4.092
  2.527  2.719  1.663  5.218
  2.584  2.861  1.631  2.363
  2.415  2.705  1.380  2.705
  2.566  3.011  0.948  3.413
  2.629  3.138  0.745  4.095
  2.907  3.536  0.731  2.559
  3.522  4.388  0.667  1.077
  3.729  4.576  0.755  3.878
  3.604  4.474  0.519  4.156
  3.769  4.680  0.583  3.743
  3.683  4.564  0.549  4.346
  3.635  4.432  0.798  4.271
  3.391  4.139  0.830  2.584
  3.199  3.745  1.361  2.222
  2.702  3.166  1.070  2.809
  2.383  2.787  0.943  2.762
  2.207  2.433  1.488  1.207
  1.925  1.957  1.824  1.781
  1.949  1.884  2.191  1.752
  1.899  1.865  2.012  2.012
  2.001  1.979  2.141  1.131
  2.196  2.215  2.167  1.670
  2.525  2.588  2.446  0.548
  2.549  2.652  2.369  0.000
  2.659  2.784  2.313  1.327
  2.622  2.651  2.707  0.000
  2.485  2.642  2.077  0.515
  2.273  2.338  2.154  0.760
  2.454  2.461  2.586  0.250
  2.671  2.755  2.442  1.722
  2.801  2.922  2.509  0.969
  2.906  3.079  2.507  0.000
  2.691  2.861  2.184  1.411
  2.713  2.971  1.871  1.855
  2.610  2.761  2.203  0.914
  2.558  2.790  1.882  0.676
  2.519  2.778  1.697  1.332
  2.552  2.765  1.892  1.313
  2.698  2.907  1.943  3.022
  2.893  3.227  1.703  3.193
  3.129  3.526  1.754  2.939
  3.271  3.693  1.952  1.035
  3.513  4.072  1.678  1.838
  3.239  3.634  1.813  3.828
  2.904  3.334  1.391  2.981
  2.562  2.934  1.303  1.961
  2.624  2.954  1.534  1.742
  2.653  3.013  1.432  2.101
  2.706  3.089  1.440  1.696
  2.700  3.124  1.262  2.046
  2.476  2.769  1.416  2.938
  2.509  2.893  1.152  2.719
  2.377  2.724  1.240  1.253
  2.239  2.503  1.350  1.767
  2.069  2.275  1.396  1.396
  1.801  1.846  1.661  1.551
  1.635  1.632  1.592  2.382
  1.591  1.619  1.536  1.008
  1.460  1.385  1.731  1.328
  1.586  1.596  1.593  0.984
  1.339  1.216  1.782  1.134
  1.273  1.153  1.760  0.320
  1.208  1.081  1.705  0.474
  1.137  0.992  1.696  0.469
  1.368  1.169  2.117  0.617
  1.614  1.448  2.277  0.458
  1.626  1.548  1.982  0.452
  1.667  1.673  1.746  0.298
  1.883  1.921  1.873  0.147
  1.941  2.009  1.830  0.146
  2.026  2.191  1.583  0.144
  2.132  2.341  1.545  0.142
  2.319  2.576  1.588  0.000
  2.500  2.853  1.421  0.278
  2.756  3.108  1.720  0.000
  2.795  3.132  1.817  0.000
  2.747  3.080  1.778  0.000
  2.578  2.846  1.825  0.000
  2.311  2.473  1.908  0.000
  2.142  2.380  1.460  0.000
  2.149  2.362  1.554  0.000
  2.147  2.303  1.756  0.000
  2.063  2.237  1.602  0.000
  2.014  2.193  1.532  0.000
  1.885  2.067  1.383  0.000
  1.819  2.043  1.168  0.000
  1.595  1.703  1.329  0.000
  1.640  1.759  1.340  0.000
  1.479  1.530  1.402  0.000
  1.568  1.632  1.455  0.000
  1.550  1.509  1.796  0.116
  1.502  1.390  1.974  0.344
  1.545  1.402  2.132  0.341
  1.503  1.348  2.143  0.112
  1.731  1.605  2.288  0.111
  1.669  1.544  2.226  0.000
  1.658  1.535  2.204  0.000
  1.761  1.617  2.359  0.432
  1.724  1.625  2.168  0.321
  1.860  1.821  2.102  0.423
  1.819  1.846  1.789  0.943
  1.858  1.883  1.846  0.830
  1.902  1.915  1.953  0.514
  1.794  1.782  1.861  1.425
  1.723  1.722  1.786  0.907
  1.565  1.588  1.512  1.198
  1.567  1.510  1.738  1.978
  1.631  1.634  1.624  1.568
  1.906  1.981  1.629  2.135
  2.022  2.102  1.745  2.019
  2.048  2.154  1.681  2.000
  2.066  2.142  1.793  2.171
  1.917  1.966  1.757  1.777
  1.930  1.949  1.866  1.853
  2.025  2.022  2.013  2.387
  2.176  2.259  1.923  1.637
  2.283  2.302  2.222  2.254
  2.359  2.459  2.074  1.429
  2.381  2.486  2.062  1.682
  2.185  2.256  1.955  1.930
  1.970  1.986  1.895  2.261
  1.783  1.734  1.909  2.413
  1.538  1.461  1.703  2.990
  1.449  1.315  1.827  2.710
  1.460  1.407  1.649  1.427
  1.432  1.379  1.486  3.245
  1.512  1.492  1.544  2.062
  1.615  1.594  1.653  2.126
  1.515  1.504  1.459  2.838
  1.481  1.450  1.550  2.010
  1.446  1.438  1.480  1.355
  1.400  1.385  1.434  1.660
  1.526  1.569  1.349  1.881
  1.629  1.690  1.415  1.632
  1.695  1.742  1.492  2.235
  1.662  1.762  1.337  1.299
  1.692  1.731  1.581  1.364
  1.730  1.767  1.637  1.202
  1.777  1.818  1.624  1.938
  1.734  1.742  1.700  1.774
  1.767  1.799  1.650  1.833
  1.844  1.845  1.839  1.891
  1.842  1.871  1.742  1.803
  1.973  1.974  1.963  2.075
  1.874  1.860  1.856  2.839
  1.782  1.750  1.886  1.901
  1.749  1.688  1.926  2.305
  1.692  1.587  2.034  2.079
  1.686  1.573  2.048  2.200
  1.611  1.553  1.842  1.228
  1.549  1.431  1.904  2.368
  1.568  1.533  1.693  1.544
  0.4004889E+03  0.3980443E+03
  0.000  0.000  0.000  0.000
  0.000  0.000  0.000  0.000
  0.000  0.000  0.000  0.000
  0.000  0.000  0.000  0.000
  0.000  0.000  0.000  0.000
  0.000  0.000  0.000  0.000
  0.000  0.000  0.000  0.000
  0.000  0.000  0.000  0.000
  0.000  0.000  0.000  0.000
  0.000  0.000  0.000  0.000
  0.000  0.000  0.000  0.000
  0.000  0.000  0.000  0.000
  0.000  0.000  0.000  0.000
  0.000  0.000  0.000  0.000
  0.000  0.000  0.000  0.000
  0.000  0.000  0.000  0.000
  0.000  0.000  0.000  0.000
  0.000  0.000  0.000  0.000
  0.000  0.000  0.000  0.000
  0.000  0.000  0.000  0.000
  0.000  0.000  0.000  0.000
  0.000  0.000  0.000  0.000
  0.000  0.000  0.000  0.000
  0.000  0.000  0.000  0.000
  0.000  0.000  0.000  0.000
  0.000  0.000  0.000  0.000
  0.000  0.000  0.000  0.000
  0.091  0.000  0.414  0.000
  0.169  0.000  0.771  0.000
  1.810  0.000  8.273  0.000
  5.815  0.000 26.585  0.000
  3.037  0.000 13.882  0.000
  0.324  0.000  1.482  0.000
  0.366  0.000  1.674  0.000
  0.000  0.000  0.000  0.000
  0.000  0.000  0.000  0.000
  0.000  0.000  0.000  0.000
  0.000  0.000  0.000  0.000
  0.046  0.060  0.000  0.000
  0.527  0.688  0.000  0.000
  2.839  3.708  0.000  0.000
 10.219 13.347  0.000  0.000
 15.772 20.600  0.000  0.000
 16.322 21.319  0.000  0.000
 12.000 15.674  0.000  0.000
  9.957 13.005  0.000  0.000
 10.040 13.113  0.000  0.000
  8.195 10.704  0.000  0.000
  6.492  8.480  0.000  0.000
  4.640  6.060  0.000  0.000
  2.685  3.507  0.000  0.000
  1.575  2.057  0.000  0.000
  1.168  1.525  0.000  0.000
  0.670  0.875  0.000  0.000
  0.530  0.693  0.000  0.000
  0.200  0.261  0.000  0.000
  0.257  0.336  0.000  0.000
  0.124  0.162  0.000  0.000
  0.180  0.235  0.000  0.000
  0.232  0.303  0.000  0.000
  0.580  0.758  0.000  0.000
  0.598  0.780  0.000  0.000
  0.736  0.962  0.000  0.000
  0.611  0.799  0.000  0.000
  0.543  0.624  0.301  0.000
  0.766  0.771  0.803  0.000
  1.301  1.193  1.770  0.000
  2.179  1.904  3.298  0.000
  3.269  2.535  6.072  0.000
  3.374  2.463  6.805  0.000
  3.638  2.538  7.748  0.000
  3.563  2.485  7.594  0.000
  3.140  2.536  5.480  0.000
  2.789  2.335  4.578  0.000
  3.085  3.384  2.256  0.000
  2.895  3.295  1.703  0.000
  3.312  4.142  0.642  0.000
  3.569  4.572  0.313  0.000
  3.501  4.500  0.254  0.000
  3.706  4.769  0.248  0.000
  3.139  4.058  0.097  0.676
  3.227  4.188  0.047  0.660
  3.170  4.074  0.230  0.000
  3.801  4.901  0.180  0.629
  3.952  5.074  0.263  0.614
  3.213  4.111  0.257  0.600
  2.746  3.467  0.377  0.586
  1.878  2.185  0.859  1.145
  1.364  1.473  0.999  1.119
  0.949  0.726  1.759  0.547
  0.978  0.644  2.064  2.141
  1.170  0.748  2.580  2.094
  1.473  0.941  3.147  4.098
  1.606  1.125  3.187  3.008
  1.465  1.042  2.734  4.417
  1.262  0.951  2.334  1.442
  1.471  1.191  2.219  4.707
  1.441  1.157  2.239  4.150
  1.553  1.152  2.775  4.066
  1.771  1.446  2.593  6.198
  1.899  1.692  2.356  5.641
  1.908  1.702  2.583  2.553
  2.014  2.043  1.699  5.006
  2.391  2.430  2.163  3.682
  2.195  2.433  1.405  1.605
  2.597  2.917  1.322  4.725
  2.433  2.823  0.994  3.478
  2.305  2.647  1.057  3.034
  2.659  3.138  0.904  3.723
  2.993  3.558  0.914  4.387
  3.517  4.271  0.744  5.384
  3.641  4.410  0.932  3.878
  3.804  4.756  0.594  2.078
  3.557  4.368  0.656  4.423
  3.620  4.476  0.740  2.006
  3.912  4.821  0.751  3.614
  3.467  4.172  1.061  2.584
  3.135  3.745  1.020  2.857
  2.775  3.274  1.115  1.561
  2.326  2.631  1.162  3.683
  2.292  2.526  1.531  1.509
  2.106  2.236  1.675  1.781
  1.853  1.931  1.544  2.337
  1.958  1.859  2.381  0.862
  2.094  2.141  2.020  0.848
  2.144  2.124  2.306  0.835
  2.392  2.303  2.817  0.822
  2.427  2.498  2.215  1.887
  2.488  2.649  2.086  0.265
  2.552  2.656  2.371  0.000
  2.457  2.579  2.188  0.257
  2.459  2.545  2.245  1.267
  2.434  2.344  2.925  0.000
  2.571  2.720  2.231  0.000
  2.801  3.041  2.146  0.242
  2.801  2.957  2.370  1.194
  2.827  3.020  2.302  0.706
  2.648  2.867  1.937  1.855
  2.606  2.807  1.959  1.828
  2.583  2.799  1.898  1.577
  2.668  2.882  1.919  2.664
  2.507  2.788  1.626  1.095
  2.536  2.784  1.650  2.806
  2.730  3.006  1.764  2.767
  3.093  3.504  1.739  1.889
  3.416  3.900  1.730  3.313
  3.599  4.159  1.838  0.817
  3.116  3.499  1.871  1.813
  3.196  3.549  1.959  3.180
  2.752  3.050  1.737  2.353
  2.609  2.950  1.437  2.322
  2.694  3.036  1.473  3.055
  2.568  2.873  1.440  3.392
  2.755  3.189  1.315  1.674
  2.347  2.717  1.102  1.653
  2.300  2.612  1.152  3.081
  2.408  2.724  1.381  1.253
  2.192  2.423  1.414  1.767
  2.148  2.311  1.657  1.047
  1.884  1.980  1.575  1.551
  1.632  1.618  1.726  1.021
  1.596  1.509  1.969  0.672
  1.499  1.531  1.387  1.494
  1.483  1.519  1.323  1.968
  1.438  1.428  1.516  0.810
  1.203  1.133  1.474  0.800
  1.188  1.078  1.615  0.632
  1.245  1.106  1.819  0.000
  1.399  1.207  2.161  0.154
  1.540  1.398  2.125  0.305
  1.694  1.582  2.154  0.754
  1.760  1.758  1.873  0.298
  1.901  1.933  1.894  0.442
  1.941  2.053  1.674  0.146
  1.909  2.065  1.481  0.288
  2.066  2.277  1.464  0.142
  2.308  2.627  1.357  0.000
  2.406  2.734  1.431  0.000
  2.599  2.937  1.602  0.000
  2.742  3.048  1.866  0.000
  2.657  2.987  1.691  0.000
  2.488  2.775  1.663  0.000
  2.371  2.640  1.598  0.000
  2.300  2.471  1.860  0.130
  2.290  2.486  1.766  0.000
  2.205  2.366  1.801  0.000
  2.111  2.263  1.728  0.000
  2.026  2.178  1.639  0.000
  1.962  2.145  1.463  0.000
  1.772  1.911  1.412  0.000
  1.755  1.824  1.639  0.000
  1.602  1.705  1.357  0.000
  1.410  1.470  1.301  0.000
  1.507  1.500  1.630  0.117
  1.544  1.475  1.887  0.116
  1.534  1.449  1.933  0.115
  1.625  1.543  2.027  0.000
  1.584  1.458  2.127  0.112
  1.507  1.419  1.915  0.111
  1.595  1.456  2.187  0.110
  1.564  1.422  2.126  0.654
  1.741  1.630  2.221  0.432
  1.709  1.651  1.985  0.641
  1.803  1.782  1.973  0.423
  1.924  1.957  1.894  0.734
  1.909  1.980  1.742  0.727
  1.879  1.905  1.880  0.617
  1.716  1.714  1.752  1.323
  1.626  1.562  1.844  1.714
  1.546  1.531  1.619  1.298
  1.606  1.623  1.590  0.989
  1.693  1.676  1.778  1.372
  1.970  2.036  1.740  1.941
  2.142  2.249  1.806  1.635
  2.213  2.323  1.810  2.477
  2.019  2.088  1.793  1.793
  1.994  1.996  1.977  2.151
  1.833  1.800  1.985  1.297
  1.942  1.960  1.928  1.285
  2.023  2.092  1.800  1.728
  2.252  2.386  1.784  2.254
  2.453  2.604  1.921  2.501
  2.259  2.389  1.859  1.505
  2.232  2.328  1.918  1.930
  2.023  2.000  2.087  2.261
  1.859  1.773  2.099  2.672
  1.583  1.475  1.880  2.734
  1.441  1.346  1.694  2.541
  1.434  1.312  1.697  3.694
  1.490  1.411  1.753  1.664
  1.464  1.463  1.491  1.155
  1.606  1.541  1.788  2.290
  1.544  1.474  1.732  2.351
  1.421  1.386  1.510  1.849
  1.489  1.497  1.412  2.232
  1.450  1.455  1.383  2.134
  1.466  1.529  1.215  1.881
  1.656  1.724  1.415  1.709
  1.649  1.706  1.453  1.618
  1.672  1.718  1.534  1.299
  1.741  1.780  1.597  1.819
  1.724  1.804  1.444  1.728
  1.783  1.812  1.682  1.789
  1.728  1.756  1.669  1.183
  1.673  1.695  1.582  1.833
  1.759  1.765  1.740  1.745
  1.865  1.884  1.819  1.587
  1.854  1.844  1.830  2.647
  1.827  1.809  1.856  2.271
  1.911  1.894  1.911  2.746
  1.878  1.876  1.866  2.165
  1.756  1.653  2.079  2.287
  1.681  1.685  1.625  2.269
  1.528  1.421  1.866  2.046
  1.583  1.461  1.996  1.759
  1.552  1.439  1.947  1.544
  0.3929663E+03  0.3900569E+03
  0.000  0.000  0.000  0.000
  0.000  0.000  0.000  0.000
  0.000  0.000  0.000  0.000
  0.000  0.000  0.000  0.000
  0.000  0.000  0.000  0.000
  0.000  0.000  0.000  0.000
  0.000  0.000  0.000  0.000
  0.000  0.000  0.000  0.000
  0.000  0.000  0.000  0.000
  0.000  0.000  0.000  0.000
  0.000  0.000  0.000  0.000
  0.000  0.000  0.000  0.000
  0.000  0.000  0.000  0.000
  0.000  0.000  0.000  0.000
  0.000  0.000  0.000  0.000
  0.000  0.000  0.000  0.000
  0.000  0.000  0.000  0.000
  0.000  0.000  0.000  0.000
  0.000  0.000  0.000  0.000
  0.000  0.000  0.000  0.000
  0.000  0.000  0.000  0.000
  0.000  0.000  0.000  0.000
  0.000  0.000  0.000  0.000
  0.000  0.000  0.000  0.000
  0.000  0.000  0.000  0.000
  0.000  0.000  0.000  0.000
  0.000  0.000  0.000  0.000
  0.091  0.000  0.414  0.000
  0.337  0.000  1.542  0.000
  1.810  0.000  8.273  0.000
  5.300  0.000 24.229  0.000
  3.313  0.000 15.144  0.000
  0.519  0.000  2.371  0.000
  0.244  0.000  1.116  0.000
  0.000  0.000  0.000  0.000
  0.000  0.000  0.000  0.000
  0.000  0.000  0.000  0.000
  0.000  0.000  0.000  0.000
  0.000  0.000  0.000  0.000
  0.263  0.344  0.000  0.000
  3.465  4.526  0.000  0.000
 10.140 13.243  0.000  0.000
 15.810 20.650  0.000  0.000
 15.381 20.090  0.000  0.000
 12.450 16.261  0.000  0.000
 10.718 13.999  0.000  0.000
  9.692 12.658  0.000  0.000
  8.134 10.625  0.000  0.000
  6.987  9.126  0.000  0.000
  3.773  4.928  0.000  0.000
  3.034  3.963  0.000  0.000
  1.523  1.990  0.000  0.000
  0.845  1.103  0.000  0.000
  0.790  1.031  0.000  0.000
  0.415  0.542  0.000  0.000
  0.289  0.378  0.000  0.000
  0.215  0.280  0.000  0.000
  0.186  0.243  0.000  0.000
  0.120  0.157  0.000  0.000
  0.290  0.379  0.000  0.000
  0.468  0.611  0.000  0.000
  0.779  0.993  0.083  0.000
  0.947  1.237  0.000  0.000
  0.577  0.732  0.078  0.000
  0.658  0.774  0.301  0.000
  0.750  0.792  0.657  0.000
  1.270  1.153  1.770  0.000
  2.194  1.865  3.504  0.000
  3.050  2.497  5.204  0.000
  3.615  2.537  7.648  0.000
  3.376  2.304  7.370  0.000
  3.510  2.257  8.145  0.000
  3.231  2.365  6.492  0.000
  2.903  2.682  3.883  0.000
  2.826  3.014  2.369  0.000
  2.739  3.280  1.044  0.000
  3.031  3.791  0.588  0.000
  3.751  4.810  0.313  0.000
  3.445  4.427  0.254  0.000
  3.413  4.401  0.198  0.000
  3.435  4.472  0.048  0.000
  3.516  4.592  0.000  0.000
  3.713  4.823  0.092  0.000
  3.782  4.914  0.045  0.629
  3.635  4.648  0.307  0.614
  3.288  4.111  0.600  0.600
  2.407  2.893  0.628  3.515
  1.896  2.278  0.613  1.145
  1.539  1.633  1.279  0.560
  0.992  0.737  1.798  2.189
  1.146  0.841  1.988  4.281
  1.153  0.737  2.468  3.141
  1.313  0.826  3.000  1.537
  1.457  1.023  2.972  1.504
  1.495  1.062  2.699  5.890
  1.359  1.000  2.643  0.961
  1.537  1.143  2.690  4.707
  1.484  1.223  2.239  3.689
  1.560  1.291  2.388  3.162
  1.826  1.418  2.846  7.526
  1.736  1.399  2.604  6.075
  1.828  1.641  2.370  3.404
  2.034  1.907  2.324  4.172
  2.289  2.388  1.870  3.273
  2.414  2.736  1.319  2.007
  2.664  2.965  1.435  5.119
  2.397  2.713  1.214  3.478
  2.513  3.057  0.515  3.793
  2.705  3.184  0.984  3.351
  3.056  3.752  0.627  2.924
  3.219  3.949  0.769  1.795
  3.674  4.641  0.403  2.115
  3.544  4.417  0.519  3.117
  3.487  4.298  0.705  2.722
  3.510  4.387  0.501  2.675
  3.650  4.526  0.657  2.628
  3.461  4.192  0.900  3.552
  3.249  3.972  0.794  2.222
  2.902  3.363  1.315  2.497
  2.518  2.900  1.162  2.762
  2.254  2.396  1.703  3.019
  2.004  2.121  1.633  1.485
  1.876  1.949  1.627  1.752
  1.895  1.800  2.176  2.586
  2.214  2.193  2.222  3.110
  2.113  1.988  2.564  1.948
  2.435  2.521  2.289  0.274
  2.271  2.328  2.215  0.270
  2.513  2.654  2.180  0.265
  2.691  2.758  2.651  0.000
  2.722  2.805  2.592  0.515
  2.515  2.540  2.553  0.760
  2.559  2.614  2.532  0.250
  2.356  2.379  2.424  0.246
  2.631  2.759  2.354  0.242
  2.723  2.787  2.643  0.716
  2.764  2.991  2.100  0.941
  2.612  2.825  1.971  1.159
  2.481  2.723  1.714  1.371
  2.717  2.988  1.866  1.351
  2.605  2.814  1.935  1.776
  2.706  2.913  2.064  1.532
  2.604  2.863  1.665  3.022
  2.754  3.010  1.885  2.341
  3.280  3.658  1.979  2.939
  3.400  3.837  1.922  2.691
  3.596  4.118  1.853  2.451
  3.381  3.774  2.043  2.820
  2.842  3.277  1.349  2.385
  2.617  2.942  1.429  3.334
  2.485  2.820  1.285  2.903
  2.614  2.989  1.255  3.246
  2.480  2.892  1.090  1.696
  2.561  2.946  1.143  3.534
  2.599  3.065  1.075  1.102
  2.524  2.900  1.282  1.450
  2.380  2.710  1.291  1.432
  2.239  2.528  1.300  1.237
  2.126  2.339  1.458  1.047
  1.804  1.853  1.649  1.551
  1.744  1.760  1.774  0.510
  1.646  1.646  1.608  2.185
  1.478  1.545  1.304  0.664
  1.491  1.432  1.663  1.968
  1.359  1.296  1.585  1.296
  1.288  1.127  1.875  0.960
  1.277  1.126  1.841  0.791
  1.164  0.960  1.942  0.312
  1.298  1.106  2.029  0.463
  1.380  1.245  1.929  0.305
  1.616  1.502  2.100  0.452
  1.809  1.755  2.118  0.149
  1.922  1.996  1.789  0.147
  1.831  1.929  1.602  0.291
  1.943  2.127  1.439  0.000
  2.172  2.390  1.565  0.000
  2.392  2.604  1.819  0.000
  2.432  2.689  1.709  0.000
  2.644  2.987  1.631  0.000
  2.740  3.112  1.623  0.136
  2.743  3.105  1.672  0.000
  2.605  2.846  1.948  0.000
  2.437  2.651  1.861  0.000
  2.221  2.378  1.832  0.000
  2.191  2.397  1.628  0.000
  2.249  2.472  1.629  0.000
  2.109  2.340  1.449  0.000
  2.020  2.193  1.558  0.000
  1.792  1.989  1.234  0.000
  1.688  1.826  1.325  0.000
  1.566  1.671  1.311  0.000
  1.488  1.659  0.999  0.000
  1.497  1.574  1.335  0.000
  1.505  1.593  1.304  0.000
  1.530  1.523  1.663  0.000
  1.613  1.573  1.868  0.000
  1.586  1.487  2.043  0.000
  1.710  1.557  2.360  0.112
  1.613  1.392  2.503  0.000
  1.638  1.499  2.234  0.110
  1.652  1.471  2.391  0.218
  1.682  1.485  2.460  0.432
  1.717  1.638  2.092  0.321
  1.951  1.914  2.147  1.058
  1.950  1.929  2.119  0.629
  1.977  2.029  1.801  1.868
  1.812  1.831  1.806  0.925
  1.745  1.745  1.781  1.222
  1.690  1.675  1.793  1.008
  1.612  1.616  1.619  1.298
  1.447  1.439  1.455  1.682
  1.631  1.628  1.645  1.568
  1.774  1.834  1.602  1.262
  2.028  2.094  1.813  1.827
  2.088  2.230  1.599  2.000
  2.016  2.071  1.861  1.510
  2.047  2.044  2.091  1.590
  1.934  2.035  1.602  1.668
  2.037  2.076  1.934  1.561
  2.195  2.215  2.125  2.183
  2.266  2.377  1.945  1.352
  2.239  2.326  1.997  1.340
  2.299  2.392  1.954  2.568
  2.250  2.289  2.068  2.896
  2.068  2.052  2.112  2.261
  1.799  1.740  1.933  2.844
  1.611  1.505  1.880  3.076
  1.490  1.419  1.657  2.625
  1.417  1.333  1.613  2.770
  1.442  1.354  1.581  3.828
  1.511  1.522  1.444  1.897
  1.466  1.440  1.495  2.290
  1.552  1.546  1.535  2.108
  1.492  1.514  1.378  2.010
  1.480  1.493  1.429  1.514
  1.514  1.500  1.535  1.897
  1.513  1.522  1.478  1.567
  1.610  1.618  1.560  1.943
  1.629  1.673  1.503  1.233
  1.693  1.796  1.343  1.528
  1.737  1.795  1.581  1.061
  1.778  1.828  1.621  1.503
  1.711  1.707  1.730  1.640
  1.731  1.765  1.626  1.552
  1.715  1.733  1.665  1.540
  1.792  1.845  1.657  1.091
  1.820  1.839  1.705  2.525
  1.889  1.900  1.840  2.075
  1.803  1.802  1.815  1.703
  1.821  1.767  1.961  2.464
  1.771  1.763  1.806  1.676
  1.834  1.766  2.039  2.287
  1.756  1.656  2.082  2.131
  1.586  1.507  1.822  2.114
  1.575  1.478  1.904  1.759
  1.494  1.420  1.750  1.544
  0.4011945E+03  0.3995018E+03
  0.000  0.000  0.000  0.000
  0.000  0.000  0.000  0.000
  0.000  0.000  0.000  0.000
  0.000  0.000  0.000  0.000
  0.000  0.000  0.000  0.000
  0.000  0.000  0.000  0.000
  0.000  0.000  0.000  0.000
  0.000  0.000  0.000  0.000
  0.000  0.000  0.000  0.000
  0.000  0.000  0.000  0.000
  0.000  0.000  0.000  0.000
  0.000  0.000  0.000  0.000
  0.000  0.000  0.000  0.000
  0.000  0.000  0.000  0.000
  0.000  0.000  0.000  0.000
  0.000  0.000  0.000  0.000
  0.000  0.000  0.000  0.000
  0.000  0.000  0.000  0.000
  0.000  0.000  0.000  0.000
  0.000  0.000  0.000  0.000
  0.000  0.000  0.000  0.000
  0.000  0.000  0.000  0.000
  0.000  0.000  0.000  0.000
  0.000  0.000  0.000  0.000
  0.000  0.000  0.000  0.000
  0.000  0.000  0.000  0.000
  0.000  0.000  0.000  0.000
  0.091  0.000  0.414  0.000
  0.169  0.000  0.771  0.000
  1.731  0.000  7.914  0.000
  5.668  0.000 25.912  0.000
  3.175  0.000 14.513  0.000
  0.519  0.000  2.371  0.000
  0.122  0.000  0.558  0.000
  0.115  0.000  0.526  0.000
  0.000  0.000  0.000  0.000
  0.000  0.000  0.000  0.000
  0.000  0.000  0.000  0.000
  0.000  0.000  0.000  0.000
  0.483  0.631  0.000  0.000
  3.215  4.199  0.000  0.000
  9.543 12.464  0.000  0.000
 15.696 20.501  0.000  0.000
 15.888 20.751  0.000  0.000
 13.176 17.209  0.000  0.000
 10.486 13.696  0.000  0.000
 10.990 14.354  0.000  0.000
  8.134 10.625  0.000  0.000
  5.968  7.795  0.000  0.000
  3.102  4.052  0.000  0.000
  2.390  3.122  0.000  0.000
  1.678  2.192  0.000  0.000
  1.367  1.785  0.000  0.000
  0.670  0.875  0.000  0.000
  0.646  0.843  0.000  0.000
  0.222  0.290  0.000  0.000
  0.322  0.420  0.000  0.000
  0.186  0.243  0.000  0.000
  0.260  0.340  0.000  0.000
  0.251  0.303  0.088  0.000
  0.543  0.709  0.000  0.000
  0.887  1.112  0.166  0.000
  0.579  0.733  0.080  0.000
  0.679  0.799  0.311  0.000
  0.774  0.839  0.602  0.000
  0.639  0.667  0.584  0.000
  1.425  1.254  2.124  0.000
  1.999  1.728  3.092  0.000
  3.007  2.421  5.271  0.000
  3.459  2.667  6.481  0.000
  3.803  2.448  8.818  0.000
  3.563  2.432  7.777  0.000
  2.958  2.229  5.718  0.000
  2.776  2.732  3.129  0.000
  3.023  3.255  2.425  0.000
  3.040  3.609  1.263  0.000
  3.171  4.035  0.374  0.000
  3.272  4.081  0.678  0.000
  3.645  4.659  0.356  0.000
  3.457  4.444  0.248  0.000
  3.519  4.569  0.097  0.000
  3.382  4.350  0.236  0.000
  3.703  4.771  0.230  0.000
  3.585  4.670  0.045  0.000
  3.645  4.623  0.395  1.228
  3.195  4.038  0.428  0.600
  2.673  3.311  0.586  0.586
  1.825  2.150  0.777  0.572
  1.338  1.416  1.119  0.560
  1.060  0.994  1.329  0.547
  1.146  0.819  2.217  2.141
  1.055  0.662  2.431  1.047
  1.297  0.826  2.891  2.049
  1.457  1.023  2.865  3.008
  1.457  1.092  2.664  2.454
  1.404  1.108  2.231  4.325
  1.456  1.153  2.353  3.765
  1.455  1.073  2.635  3.689
  1.433  1.125  2.291  4.517
  1.812  1.482  2.783  4.427
  2.014  1.647  3.193  3.472
  1.855  1.667  2.249  5.531
  2.132  2.231  1.579  5.006
  2.263  2.396  1.637  4.501
  2.320  2.531  1.577  2.408
  2.677  3.062  1.097  5.907
  2.439  2.729  1.380  3.091
  2.507  2.825  1.111  6.448
  2.821  3.351  0.771  5.585
  3.159  3.812  0.836  3.655
  3.371  4.014  0.923  6.102
  3.526  4.324  0.730  3.526
  3.772  4.615  0.841  3.463
  3.828  4.708  0.802  3.062
  3.583  4.257  1.242  3.343
  3.676  4.459  0.915  3.943
  3.356  4.080  0.761  4.198
  3.209  3.738  1.361  3.175
  2.756  3.255  1.026  2.497
  2.336  2.719  1.074  1.228
  2.212  2.366  1.639  2.717
  2.009  2.097  1.781  0.891
  1.848  1.818  2.003  1.168
  2.106  2.246  1.683  1.149
  2.161  2.285  1.858  0.283
  2.174  2.175  2.286  0.557
  2.529  2.577  2.504  0.548
  2.515  2.504  2.677  0.809
  2.505  2.611  2.294  0.265
  2.650  2.816  2.259  0.000
  2.389  2.337  2.721  0.257
  2.547  2.757  1.992  0.000
  2.399  2.476  2.265  0.499
  2.525  2.600  2.424  0.246
  2.631  2.858  1.990  0.485
  2.559  2.670  2.319  0.477
  2.624  2.818  2.084  0.706
  2.764  3.000  2.070  0.927
  2.710  2.966  1.910  1.371
  2.513  2.767  1.593  2.928
  2.439  2.723  1.491  1.776
  2.767  2.966  2.189  1.095
  2.708  2.947  1.912  2.158
  2.644  2.919  1.718  2.128
  3.201  3.586  1.859  3.149
  3.558  4.027  1.878  4.141
  3.552  4.039  1.896  2.859
  3.267  3.696  1.842  2.216
  3.022  3.432  1.633  2.385
  2.755  3.102  1.625  1.569
  2.567  2.895  1.368  3.290
  2.602  2.915  1.432  3.628
  2.636  2.958  1.521  2.450
  2.665  3.033  1.422  2.046
  2.482  2.818  1.390  1.285
  2.487  2.841  1.269  2.175
  2.332  2.564  1.623  0.895
  2.341  2.517  1.754  1.944
  2.012  2.104  1.782  0.698
  1.839  1.948  1.464  1.723
  1.499  1.528  1.446  0.851
  1.625  1.598  1.764  1.008
  1.530  1.531  1.541  1.328
  1.406  1.409  1.405  1.312
  1.364  1.326  1.516  1.134
  1.270  1.241  1.429  0.480
  1.287  1.204  1.626  0.632
  1.267  1.138  1.774  0.469
  1.317  1.147  1.985  0.309
  1.549  1.420  2.038  1.068
  1.602  1.514  1.992  0.452
  1.812  1.828  1.841  0.596
  1.931  1.978  1.894  0.147
  1.927  2.018  1.737  0.146
  1.961  2.139  1.470  0.144
  2.141  2.323  1.647  0.142
  2.394  2.636  1.719  0.000
  2.282  2.606  1.312  0.000
  2.483  2.866  1.317  0.000
  2.576  2.868  1.739  0.000
  2.737  3.078  1.739  0.000
  2.578  2.889  1.673  0.000
  2.609  2.879  1.852  0.000
  2.325  2.529  1.776  0.000
  2.275  2.441  1.858  0.000
  2.185  2.446  1.428  0.000
  2.056  2.214  1.647  0.000
  1.907  2.018  1.656  0.000
  1.825  1.966  1.463  0.000
  1.795  1.881  1.622  0.000
  1.676  1.802  1.354  0.000
  1.621  1.698  1.468  0.000
  1.564  1.559  1.690  0.000
  1.507  1.546  1.463  0.234
  1.597  1.575  1.788  0.000
  1.562  1.439  2.105  0.000
  1.566  1.478  1.978  0.114
  1.605  1.454  2.247  0.000
  1.642  1.496  2.264  0.111
  1.595  1.416  2.320  0.220
  1.629  1.511  2.134  0.327
  1.670  1.558  2.159  0.324
  1.752  1.721  1.947  0.534
  1.758  1.756  1.845  0.635
  1.783  1.895  1.482  0.524
  1.897  1.906  1.935  0.934
  1.876  1.913  1.813  0.925
  1.774  1.793  1.745  1.222
  1.601  1.601  1.584  1.815
  1.537  1.526  1.576  1.498
  1.649  1.667  1.590  1.583
  1.709  1.734  1.645  1.372
  1.859  1.896  1.733  1.844
  2.000  2.082  1.758  1.346
  2.169  2.277  1.830  1.619
  2.006  2.092  1.739  1.510
  2.010  2.029  1.944  2.057
  1.907  1.938  1.827  1.482
  2.043  2.048  2.033  1.928
  2.121  2.159  2.001  1.910
  2.242  2.265  2.209  1.623
  2.291  2.356  2.144  1.161
  2.339  2.472  1.897  2.036
  2.251  2.362  1.893  1.843
  2.074  2.059  2.069  2.870
  1.849  1.805  1.909  3.189
  1.710  1.606  1.983  2.990
  1.508  1.409  1.784  2.541
  1.414  1.353  1.571  2.183
  1.468  1.369  1.742  2.496
  1.433  1.386  1.538  2.310
  1.507  1.462  1.636  1.881
  1.438  1.435  1.419  1.865
  1.468  1.463  1.476  1.608
  1.361  1.370  1.315  1.594
  1.547  1.573  1.439  1.818
  1.561  1.559  1.534  2.037
  1.640  1.671  1.454  2.720
  1.643  1.705  1.459  1.233
  1.712  1.807  1.408  1.299
  1.694  1.761  1.440  1.970
  1.733  1.805  1.471  1.879
  1.725  1.733  1.688  1.863
  1.688  1.685  1.711  1.478
  1.721  1.716  1.744  1.613
  1.773  1.744  1.828  2.400
  1.848  1.871  1.783  1.659
  1.825  1.834  1.727  2.719
  1.840  1.802  1.942  2.271
  1.924  1.851  2.132  2.605
  1.875  1.798  2.076  2.864
  1.770  1.763  1.772  2.079
  1.744  1.724  1.773  2.337
  1.649  1.587  1.837  2.046
  1.526  1.443  1.769  2.165
  1.548  1.424  1.904  2.686
  0.3973722E+03  0.3950755E+03
  0.000  0.000  0.000  0.000
  0.000  0.000  0.000  0.000
  0.000  0.000  0.000  0.000
  0.000  0.000  0.000  0.000
  0.000  0.000  0.000  0.000
  0.000  0.000  0.000  0.000
  0.000  0.000  0.000  0.000
  0.000  0.000  0.000  0.000
  0.000  0.000  0.000  0.000
  0.000  0.000  0.000  0.000
  0.000  0.000  0.000  0.000
  0.000  0.000  0.000  0.000
  0.000  0.000  0.000  0.000
  0.000  0.000  0.000  0.000
  0.000  0.000  0.000  0.000
  0.000  0.000  0.000  0.000
  0.000  0.000  0.000  0.000
  0.000  0.000  0.000  0.000
  0.000  0.000  0.000  0.000
  0.000  0.000  0.000  0.000
  0.000  0.000  0.000  0.000
  0.000  0.000  0.000  0.000
  0.000  0.000  0.000  0.000
  0.000  0.000  0.000  0.000
  0.000  0.000  0.000  0.000
  0.000  0.000  0.000  0.000
  0.000  0.000  0.000  0.000
  0.091  0.000  0.414  0.000
  0.253  0.000  1.156  0.000
  1.574  0.000  7.194  0.000
  5.595  0.000 25.575  0.000
  3.382  0.000 15.459  0.000
  0.389  0.000  1.778  0.000
  0.305  0.000  1.395  0.000
  0.000  0.000  0.000  0.000
  0.000  0.000  0.000  0.000
  0.000  0.000  0.000  0.000
  0.000  0.000  0.000  0.000
  0.000  0.000  0.000  0.000
  0.527  0.688  0.000  0.000
  2.839  3.708  0.000  0.000
  9.623 12.568  0.000  0.000
 16.189 21.145  0.000  0.000
 15.671 20.468  0.000  0.000
 12.761 16.667  0.000  0.000
 10.552 13.783  0.000  0.000
 10.008 13.072  0.000  0.000
  7.618  9.951  0.000  0.000
  6.056  7.909  0.000  0.000
  4.472  5.841  0.000  0.000
  2.900  3.788  0.000  0.000
  1.523  1.990  0.000  0.000
  0.994  1.298  0.000  0.000
  1.077  1.406  0.000  0.000
  0.530  0.693  0.000  0.000
  0.333  0.436  0.000  0.000
  0.257  0.336  0.000  0.000
  0.104  0.135  0.000  0.000
  0.100  0.131  0.000  0.000
  0.232  0.303  0.000  0.000
  0.505  0.660  0.000  0.000
  0.779  1.017  0.000  0.000
  0.771  0.985  0.080  0.000
  0.764  0.910  0.311  0.000
  0.675  0.774  0.376  0.000
  0.814  0.813  0.876  0.000
  1.409  1.234  2.124  0.000
  2.029  1.649  3.504  0.000
  2.948  2.288  5.471  0.000
  3.573  2.518  7.518  0.000
  3.596  2.502  7.685  0.000
  3.456  2.572  6.798  0.000
  3.114  2.638  5.003  0.000
  2.662  2.467  3.535  0.000
  2.974  2.998  3.102  0.000
  3.100  3.593  1.593  0.000
  2.996  3.607  1.070  0.000
  3.307  4.244  0.261  0.000
  3.367  4.340  0.203  0.000
  3.359  4.345  0.149  0.000
  3.318  4.293  0.145  0.000
  3.640  4.646  0.330  0.660
  3.642  4.692  0.184  0.644
  3.998  5.132  0.269  0.629
  3.693  4.723  0.307  0.614
  3.344  4.099  0.899  0.600
  2.929  3.646  0.628  0.000
  1.905  2.243  0.736  1.717
  1.460  1.462  1.279  3.917
  0.915  0.793  1.368  0.547
  0.995  0.721  1.911  1.605
  1.268  0.855  2.655  2.094
  1.313  0.795  2.891  4.610
  1.277  0.808  2.757  3.509
  1.434  1.052  2.629  3.436
  1.359  0.971  2.369  6.248
  1.361  1.018  2.387  3.765
  1.462  1.120  2.371  5.533
  1.666  1.235  3.001  4.066
  1.508  1.382  1.834  3.099
  2.014  1.647  3.038  5.641
  1.722  1.537  2.218  3.829
  1.838  1.754  1.967  4.172
  2.289  2.288  2.250  2.864
  2.383  2.564  1.634  4.014
  2.892  3.407  1.069  3.150
  2.554  2.942  1.214  2.319
  2.673  3.127  1.002  3.793
  2.624  3.085  0.904  4.095
  3.044  3.678  0.888  2.193
  3.231  4.007  0.615  1.795
  3.509  4.375  0.554  2.468
  3.398  4.255  0.421  3.117
  3.498  4.416  0.437  1.361
  3.683  4.564  0.716  2.006
  3.506  4.378  0.563  1.971
  3.699  4.475  1.015  3.229
  3.398  4.069  1.156  1.905
  2.907  3.453  1.115  1.249
  2.451  2.800  1.228  2.455
  2.174  2.310  1.552  4.226
  1.883  1.897  1.697  3.860
  1.807  1.824  1.711  2.337
  1.899  1.824  2.094  2.874
  1.997  1.939  2.121  3.110
  2.261  2.232  2.485  0.557
  2.354  2.359  2.485  0.274
  2.675  2.784  2.369  1.618
  2.530  2.649  2.275  0.265
  2.740  2.918  2.259  0.784
  2.328  2.421  2.114  0.772
  2.440  2.514  2.354  0.000
  2.614  2.553  2.996  0.250
  2.452  2.525  2.336  0.492
  2.631  2.749  2.336  0.969
  2.723  2.787  2.626  0.955
  2.617  2.746  2.268  1.176
  2.550  2.673  2.252  0.695
  2.660  2.817  2.203  1.371
  2.685  2.960  1.850  0.901
  2.623  2.932  1.665  0.888
  2.688  2.966  1.783  1.751
  2.688  2.916  1.881  2.806
  2.857  3.080  2.022  3.618
  3.172  3.590  1.724  2.939
  3.368  3.904  1.642  1.242
  3.363  3.918  1.502  2.246
  3.311  3.663  2.015  4.231
  2.922  3.371  1.349  2.981
  2.782  3.098  1.737  1.961
  2.464  2.760  1.424  2.516
  2.679  3.126  1.159  2.101
  2.612  2.965  1.413  2.073
  2.526  2.950  1.103  1.674
  2.487  2.938  0.957  1.836
  2.422  2.823  1.036  2.175
  2.296  2.637  1.125  1.969
  2.347  2.575  1.552  2.297
  2.036  2.265  1.259  1.745
  1.925  2.089  1.403  1.206
  1.755  1.809  1.592  1.361
  1.623  1.619  1.656  1.344
  1.520  1.585  1.352  0.664
  1.486  1.385  1.874  0.984
  1.450  1.335  1.851  1.458
  1.250  1.143  1.669  0.640
  1.275  1.087  1.965  0.791
  1.096  0.912  1.785  0.469
  1.385  1.203  2.095  0.309
  1.409  1.239  2.081  0.305
  1.654  1.517  2.186  0.905
  1.784  1.740  2.033  0.447
  1.938  1.918  2.136  0.147
  1.797  1.917  1.498  0.146
  1.925  2.077  1.532  0.000
  2.008  2.161  1.616  0.000
  2.330  2.544  1.749  0.000
  2.548  2.927  1.401  0.000
  2.674  2.984  1.778  0.000
  2.676  3.004  1.710  0.136
  2.718  3.045  1.768  0.000
  2.543  2.789  1.863  0.000
  2.492  2.793  1.617  0.000
  2.321  2.561  1.646  0.000
  2.175  2.352  1.711  0.000
  2.261  2.457  1.738  0.000
  2.046  2.243  1.503  0.000
  1.927  2.137  1.327  0.000
  1.954  2.162  1.366  0.000
  1.621  1.741  1.316  0.000
  1.587  1.757  1.104  0.000
  1.505  1.588  1.323  0.000
  1.503  1.576  1.343  0.118
  1.575  1.639  1.463  0.000
  1.595  1.617  1.622  0.116
  1.494  1.430  1.827  0.000
  1.584  1.503  1.978  0.000
  1.666  1.493  2.376  0.225
  1.693  1.596  2.129  0.334
  1.686  1.537  2.313  0.220
  1.683  1.433  2.656  0.327
  1.631  1.498  2.198  0.216
  1.794  1.715  2.168  0.428
  1.834  1.743  2.238  0.635
  1.926  1.912  2.014  1.362
  1.920  1.928  1.979  0.727
  1.847  1.896  1.747  0.822
  1.823  1.847  1.789  1.120
  1.602  1.588  1.707  0.807
  1.543  1.500  1.705  1.398
  1.544  1.544  1.533  1.682
  1.632  1.672  1.554  0.784
  1.899  1.929  1.796  1.844
  2.010  2.115  1.648  1.923
  2.041  2.088  1.830  2.667
  2.001  2.138  1.557  1.510
  2.000  1.996  2.004  2.151
  1.978  2.063  1.707  1.575
  1.978  2.012  1.882  1.653
  2.129  2.115  2.196  1.910
  2.244  2.351  1.912  1.623
  2.366  2.463  2.036  2.233
  2.242  2.333  1.891  2.745
  2.254  2.328  2.056  1.404
  2.053  2.057  2.013  2.435
  1.751  1.698  1.853  2.931
  1.647  1.573  1.788  3.332
  1.489  1.371  1.797  2.964
  1.428  1.345  1.679  2.015
  1.473  1.427  1.581  2.247
  1.475  1.409  1.626  2.557
  1.514  1.506  1.478  2.454
  1.530  1.526  1.523  1.865
  1.522  1.526  1.470  2.090
  1.539  1.537  1.526  1.833
  1.584  1.621  1.473  1.344
  1.533  1.596  1.315  1.489
  1.570  1.589  1.471  2.020
  1.611  1.648  1.459  1.926
  1.646  1.673  1.583  1.223
  1.638  1.692  1.467  1.364
  1.698  1.725  1.626  1.353
  1.740  1.743  1.714  1.938
  1.773  1.801  1.684  1.626
  1.754  1.775  1.681  1.760
  1.758  1.796  1.615  1.891
  1.854  1.868  1.855  1.154
  1.873  1.888  1.794  2.218
  1.859  1.832  1.967  1.632
  1.875  1.867  1.896  1.971
  1.763  1.718  1.936  1.537
  1.755  1.715  1.915  1.455
  1.701  1.627  1.905  2.475
  1.632  1.549  1.900  1.910
  1.543  1.451  1.784  2.639
  1.486  1.451  1.611  1.410
  0.3970331E+03  0.3960791E+03
  0.000  0.000  0.000  0.000
  0.000  0.000  0.000  0.000
  0.000  0.000  0.000  0.000
  0.000  0.000  0.000  0.000
  0.000  0.000  0.000  0.000
  0.000  0.000  0.000  0.000
  0.000  0.000  0.000  0.000
  0.000  0.000  0.000  0.000
  0.000  0.000  0.000  0.000
  0.000  0.000  0.000  0.000
  0.000  0.000  0.000  0.000
  0.000  0.000  0.000  0.000
  0.000  0.000  0.000  0.000
  0.000  0.000  0.000  0.000
  0.000  0.000  0.000  0.000
  0.000  0.000  0.000  0.000
  0.000  0.000  0.000  0.000
  0.000  0.000  0.000  0.000
  0.000  0.000  0.000  0.000
  0.000  0.000  0.000  0.000
  0.000  0.000  0.000  0.000
  0.000  0.000  0.000  0.000
  0.000  0.000  0.000  0.000
  0.000  0.000  0.000  0.000
  0.000  0.000  0.000  0.000
  0.000  0.000  0.000  0.000
  0.000  0.000  0.000  0.000
  0.091  0.000  0.414  0.000
  0.253  0.000  1.156  0.000
  1.731  0.000  7.914  0.000
  5.963  0.000 27.258  0.000
  2.899  0.000 13.251  0.000
  0.454  0.000  2.075  0.000
  0.122  0.000  0.558  0.000
  0.115  0.000  0.526  0.000
  0.000  0.000  0.000  0.000
  0.000  0.000  0.000  0.000
  0.000  0.000  0.000  0.000
  0.000  0.000  0.000  0.000
  0.614  0.803  0.000  0.000
  3.090  4.035  0.000  0.000
  9.344 12.205  0.000  0.000
 16.834 21.987  0.000  0.000
 14.476 18.908  0.000  0.000
 13.349 17.435  0.000  0.000
 11.181 14.603  0.000  0.000
  9.121 11.914  0.000  0.000
  8.741 11.417  0.000  0.000
  5.648  7.377  0.000  0.000
  4.444  5.804  0.000  0.000
  3.115  4.069  0.000  0.000
  1.627  2.125  0.000  0.000
  0.994  1.298  0.000  0.000
  0.670  0.875  0.000  0.000
  0.415  0.542  0.000  0.000
  0.133  0.174  0.000  0.000
  0.129  0.168  0.000  0.000
  0.145  0.189  0.000  0.000
  0.180  0.235  0.000  0.000
  0.426  0.556  0.000  0.000
  0.543  0.709  0.000  0.000
  0.869  1.112  0.083  0.000
  0.736  0.962  0.000  0.000
  0.493  0.621  0.078  0.000
  0.593  0.667  0.376  0.000
  0.830  0.688  1.386  0.000
  1.425  1.254  2.124  0.000
  1.864  1.492  3.298  0.000
  3.094  2.497  5.404  0.000
  3.842  2.852  7.583  0.000
  3.789  2.951  6.992  0.000
  3.228  2.485  6.063  0.000
  2.932  2.076  6.135  0.000
  2.992  2.699  4.230  0.000
  2.727  2.707  2.990  0.000
  3.064  3.609  1.373  0.000
  3.218  3.928  0.963  0.000
  3.432  4.334  0.521  0.000
  3.467  4.500  0.102  0.000
  3.630  4.713  0.099  0.000
  3.498  4.569  0.000  0.000
  3.475  4.511  0.094  0.000
  3.411  4.376  0.230  0.644
  3.664  4.695  0.314  0.000
  3.712  4.811  0.088  0.614
  3.373  4.344  0.214  0.000
  2.453  3.084  0.418  0.000
  1.896  2.243  0.736  1.145
  1.224  1.313  0.959  0.560
  1.154  0.849  2.228  1.094
  1.012  0.721  1.949  2.141
  1.219  0.769  2.655  3.141
  1.561  1.077  3.220  2.049
  1.426  0.992  2.829  3.008
  1.457  1.052  2.770  2.945
  1.479  1.216  2.334  2.403
  1.331  0.970  2.387  4.236
  1.462  1.082  2.733  2.305
  1.609  1.364  2.226  4.969
  1.556  1.220  2.656  2.656
  1.736  1.568  2.046  5.641
  1.735  1.589  1.914  6.382
  2.151  2.069  2.175  5.841
  2.167  2.204  1.929  3.682
  2.653  2.891  1.720  4.014
  2.658  3.054  1.041  5.907
  2.560  2.855  1.242  6.569
  2.833  3.313  1.029  4.551
  2.455  2.857  1.037  2.606
  3.016  3.641  0.627  5.849
  3.399  4.051  1.000  5.025
  3.933  4.871  0.856  1.058
  3.377  4.099  0.792  4.156
  3.631  4.381  1.094  2.382
  3.698  4.544  0.740  3.678
  3.588  4.332  0.986  3.614
  3.512  4.304  0.877  1.615
  3.180  3.835  0.907  2.857
  2.717  3.134  1.204  3.433
  2.240  2.549  1.162  2.148
  2.368  2.661  1.358  2.113
  2.115  2.242  1.781  0.594
  1.903  1.967  1.752  0.876
  1.962  1.900  2.196  1.724
  2.161  2.193  2.141  0.848
  2.257  2.204  2.524  1.113
  2.358  2.532  1.917  0.000
  2.578  2.702  2.292  0.539
  2.559  2.616  2.503  0.531
  2.528  2.667  2.166  0.784
  2.501  2.631  2.206  0.257
  2.428  2.400  2.643  0.760
  2.473  2.619  2.122  0.250
  2.525  2.504  2.740  0.492
  2.589  2.645  2.579  0.000
  2.559  2.714  2.131  0.955
  2.735  2.967  2.067  0.706
  2.554  2.768  1.871  1.623
  2.817  3.096  1.910  1.828
  2.562  2.836  1.705  1.126
  2.980  3.340  1.856  1.110
  2.610  2.806  1.970  1.970
  2.594  2.819  1.804  2.590
  2.890  3.110  2.083  3.406
  2.883  3.247  1.679  1.889
  3.455  3.929  1.849  2.691
  3.341  3.830  1.721  2.042
  3.126  3.606  1.468  2.820
  3.112  3.501  1.817  2.186
  2.813  3.222  1.373  2.942
  2.579  2.879  1.548  2.322
  2.488  2.861  1.228  1.910
  2.715  3.092  1.400  2.639
  2.636  2.931  1.608  2.604
  2.591  2.938  1.390  2.387
  2.543  2.841  1.528  2.175
  2.363  2.571  1.726  1.074
  2.374  2.593  1.666  1.590
  1.979  2.111  1.608  0.698
  1.771  1.871  1.428  1.723
  1.531  1.576  1.325  2.212
  1.617  1.636  1.560  1.512
  1.434  1.497  1.269  0.664
  1.435  1.385  1.604  1.476
  1.346  1.296  1.562  0.810
  1.388  1.323  1.623  1.280
  1.243  1.107  1.784  0.316
  1.233  1.129  1.651  0.469
  1.356  1.150  2.161  0.154
  1.561  1.398  2.201  0.610
  1.642  1.603  1.885  0.151
  1.921  1.879  2.150  0.745
  1.901  1.969  1.789  0.147
  1.843  1.964  1.529  0.291
  2.053  2.215  1.624  0.144
  2.088  2.288  1.535  0.000
  2.225  2.504  1.407  0.000
  2.378  2.666  1.530  0.139
  2.605  2.976  1.494  0.000
  2.680  3.007  1.730  0.000
  2.569  2.875  1.682  0.000
  2.597  2.884  1.777  0.000
  2.525  2.755  1.899  0.000
  2.345  2.518  1.906  0.000
  2.237  2.454  1.637  0.000
  2.171  2.360  1.665  0.000
  2.095  2.304  1.512  0.000
  1.934  2.102  1.487  0.000
  1.895  2.049  1.489  0.000
  1.714  1.838  1.404  0.000
  1.700  1.836  1.346  0.000
  1.600  1.661  1.503  0.000
  1.497  1.509  1.563  0.000
  1.516  1.421  1.957  0.000
  1.602  1.589  1.754  0.116
  1.588  1.524  1.925  0.000
  1.561  1.476  1.954  0.227
  1.547  1.410  2.111  0.337
  1.589  1.471  2.106  0.111
  1.550  1.443  2.022  0.220
  1.639  1.551  2.040  0.327
  1.732  1.628  2.190  0.432
  1.750  1.717  1.970  0.321
  1.851  1.784  2.170  0.635
  1.916  1.929  1.961  0.629
  1.965  2.016  1.883  0.623
  1.845  1.892  1.762  0.720
  1.681  1.704  1.621  1.425
  1.613  1.605  1.692  0.907
  1.526  1.508  1.605  1.298
  1.601  1.567  1.759  1.088
  1.624  1.604  1.694  1.666
  1.876  1.931  1.671  2.038
  2.088  2.176  1.779  2.115
  2.285  2.382  1.960  2.096
  2.073  2.150  1.786  2.359
  2.037  2.031  2.017  2.618
  1.866  1.880  1.827  1.760
  1.938  1.947  1.974  1.010
  2.082  2.100  2.047  1.728
  2.272  2.368  1.945  2.164
  2.293  2.434  1.851  1.608
  2.348  2.450  2.024  1.859
  2.203  2.324  1.767  2.369
  2.026  2.061  1.888  2.261
  1.810  1.773  1.872  2.758
  1.554  1.435  1.928  2.136
  1.495  1.357  1.893  2.710
  1.493  1.405  1.745  2.267
  1.487  1.420  1.676  2.164
  1.502  1.424  1.738  1.980
  1.486  1.475  1.501  1.799
  1.539  1.527  1.512  2.514
  1.501  1.460  1.596  2.171
  1.473  1.456  1.503  1.913
  1.490  1.513  1.383  1.897
  1.456  1.475  1.366  1.802
  1.542  1.630  1.254  1.243
  1.623  1.698  1.387  1.233
  1.750  1.842  1.457  1.375
  1.688  1.743  1.461  2.198
  1.694  1.732  1.594  1.278
  1.760  1.787  1.624  2.311
  1.759  1.795  1.626  1.848
  1.808  1.796  1.864  1.613
  1.729  1.733  1.678  2.254
  1.891  1.895  1.870  2.020
  1.831  1.850  1.773  1.717
  1.874  1.856  1.921  2.129
  1.857  1.813  1.961  2.535
  1.745  1.669  1.921  3.003
  1.804  1.741  1.990  2.287
  1.714  1.667  1.851  2.131
  1.629  1.544  1.866  2.524
  1.527  1.450  1.793  1.556
  1.608  1.513  1.914  2.014
  0.3963964E+03  0.3945092E+03
  0.000  0.000  0.000  0.000
  0.000  0.000  0.000  0.000
  0.000  0.000  0.000  0.000
  0.000  0.000  0.000  0.000
  0.000  0.000  0.000  0.000
  0.000  0.000  0.000  0.000
  0.000  0.000  0.000  0.000
  0.000  0.000  0.000  0.000
  0.000  0.000  0.000  0.000
  0.000  0.000  0.000  0.000
  0.000  0.000  0.000  0.000
  0.000  0.000  0.000  0.000
  0.000  0.000  0.000  0.000
  0.000  0.000  0.000  0.000
  0.000  0.000  0.000  0.000
  0.000  0.000  0.000  0.000
  0.000  0.000  0.000  0.000
  0.000  0.000  0.000  0.000
  0.000  0.000  0.000  0.000
  0.000  0.000  0.000  0.000
  0.000  0.000  0.000  0.000
  0.000  0.000  0.000  0.000
  0.000  0.000  0.000  0.000
  0.000  0.000  0.000  0.000
  0.000  0.000  0.000  0.000
  0.000  0.000  0.000  0.000
  0.000  0.000  0.000  0.000
  0.091  0.000  0.414  0.000
  0.337  0.000  1.542  0.000
  1.731  0.000  7.914  0.000
  6.036  0.000 27.594  0.000
  2.968  0.000 13.566  0.000
  0.389  0.000  1.778  0.000
  0.061  0.000  0.279  0.000
  0.058  0.000  0.263  0.000
  0.000  0.000  0.000  0.000
  0.000  0.000  0.000  0.000
  0.000  0.000  0.000  0.000
  0.046  0.060  0.000  0.000
  0.527  0.688  0.000  0.000
  2.505  3.272  0.000  0.000
 10.815 14.126  0.000  0.000
 14.862 19.412  0.000  0.000
 16.575 21.649  0.000  0.000
 12.968 16.938  0.000  0.000
 10.023 13.091  0.000  0.000
 10.420 13.610  0.000  0.000
  7.952 10.387  0.000  0.000
  6.347  8.290  0.000  0.000
  3.689  4.819  0.000  0.000
  2.551  3.332  0.000  0.000
  1.601  2.091  0.000  0.000
  1.342  1.752  0.000  0.000
  0.790  1.031  0.000  0.000
  0.646  0.843  0.000  0.000
  0.222  0.290  0.000  0.000
  0.322  0.420  0.000  0.000
  0.166  0.216  0.000  0.000
  0.060  0.078  0.000  0.000
  0.155  0.202  0.000  0.000
  0.524  0.684  0.000  0.000
  0.887  1.135  0.083  0.000
  0.912  1.145  0.160  0.000
  0.577  0.754  0.000  0.000
  0.576  0.624  0.452  0.000
  0.766  0.751  0.876  0.000
  1.394  1.234  2.053  0.000
  2.149  1.688  3.917  0.000
  2.758  2.364  4.337  0.000
  3.530  2.463  7.518  0.000
  3.706  2.610  7.811  0.000
  3.282  2.450  6.430  0.000
  2.866  2.076  5.837  0.000
  3.017  2.815  3.941  0.000
  2.813  2.756  3.215  0.000
  3.124  3.703  1.318  0.000
  3.370  4.142  0.909  0.000
  3.808  4.810  0.573  0.000
  3.623  4.674  0.203  0.000
  3.348  4.317  0.198  0.000
  3.614  4.693  0.097  0.000
  3.042  3.932  0.094  0.660
  3.683  4.784  0.046  0.644
  3.654  4.695  0.269  0.000
  3.616  4.635  0.219  1.228
  3.391  4.295  0.471  0.000
  2.773  3.479  0.460  0.586
  1.905  2.196  0.777  3.435
  1.268  1.279  1.279  0.560
  0.923  0.771  1.368  2.189
  0.987  0.721  1.949  0.535
  1.153  0.694  2.730  1.571
  1.577  0.920  3.732  3.586
  1.496  1.044  3.008  2.507
  1.549  1.112  2.805  5.399
  1.254  1.020  1.922  3.364
  1.213  0.874  2.252  3.295
  1.470  1.195  2.174  5.072
  1.567  1.254  2.452  4.517
  1.674  1.482  2.214  3.542
  1.682  1.461  2.356  3.038
  2.207  1.954  3.008  3.404
  1.858  1.848  1.788  3.337
  2.493  2.622  1.812  5.728
  2.452  2.613  1.806  3.612
  2.597  2.821  1.603  5.513
  2.645  3.028  1.214  3.864
  2.513  2.918  0.759  7.206
  2.589  3.146  0.638  2.606
  3.010  3.573  1.018  3.290
  3.399  4.183  0.795  1.436
  3.625  4.511  0.655  1.763
  3.517  4.325  0.668  3.809
  3.509  4.368  0.559  2.722
  3.573  4.421  0.597  3.678
  3.912  4.855  0.751  1.971
  3.583  4.376  0.830  3.229
  3.299  3.926  1.088  3.492
  2.848  3.306  1.226  3.121
  2.312  2.581  1.315  3.069
  2.170  2.409  1.380  1.509
  2.013  2.090  1.739  2.078
  1.912  1.890  2.045  1.168
  1.895  1.847  2.053  2.012
  2.112  2.054  2.404  0.848
  2.218  2.215  2.306  1.113
  2.457  2.487  2.426  1.369
  2.384  2.471  2.215  0.539
  2.447  2.503  2.389  0.531
  2.511  2.635  2.222  0.523
  2.521  2.631  2.243  1.029
  2.495  2.654  2.118  0.000
  2.450  2.527  2.265  1.248
  2.582  2.715  2.301  0.000
  2.786  2.744  3.080  0.727
  2.835  2.991  2.455  0.477
  2.966  3.212  2.184  1.882
  2.626  2.777  2.202  1.159
  2.756  2.966  2.089  1.828
  2.453  2.579  2.091  1.351
  2.623  2.828  1.935  2.220
  2.305  2.600  1.345  1.313
  2.536  2.771  1.804  1.295
  2.624  2.949  1.551  1.703
  3.175  3.560  1.829  3.149
  3.575  4.073  1.982  1.449
  3.596  4.105  1.896  2.451
  3.466  3.984  1.712  2.619
  3.062  3.484  1.675  1.789
  2.666  3.070  1.345  1.373
  2.467  2.780  1.341  2.903
  2.453  2.822  1.118  3.055
  2.424  2.789  1.171  2.073
  2.674  3.105  1.143  2.976
  2.588  2.960  1.285  2.571
  2.552  2.937  1.269  1.631
  2.533  2.823  1.508  2.684
  2.134  2.376  1.313  1.767
  2.099  2.243  1.558  2.617
  1.879  1.994  1.551  0.861
  1.712  1.712  1.689  2.042
  1.531  1.506  1.656  1.008
  1.520  1.484  1.695  0.830
  1.432  1.392  1.546  1.804
  1.394  1.276  1.863  0.648
  1.273  1.123  1.840  0.640
  1.317  1.200  1.739  1.107
  1.211  1.036  1.908  0.000
  1.411  1.216  2.150  0.617
  1.483  1.342  2.070  0.153
  1.569  1.486  1.928  0.603
  1.723  1.661  2.054  0.149
  1.800  1.825  1.841  0.000
  1.852  1.946  1.654  0.000
  1.945  2.227  1.090  0.144
  2.141  2.315  1.677  0.142
  2.387  2.650  1.628  0.141
  2.526  2.822  1.669  0.000
  2.596  2.965  1.494  0.000
  2.763  3.118  1.720  0.000
  2.682  3.020  1.691  0.000
  2.630  2.881  1.939  0.000
  2.340  2.530  1.842  0.000
  2.298  2.460  1.897  0.000
  2.302  2.510  1.738  0.000
  2.201  2.373  1.756  0.000
  2.174  2.389  1.575  0.000
  1.954  2.135  1.460  0.000
  1.679  1.875  1.110  0.000
  1.724  1.876  1.316  0.000
  1.529  1.683  1.096  0.000
  1.699  1.844  1.315  0.000
  1.584  1.641  1.487  0.118
  1.483  1.507  1.505  0.000
  1.508  1.475  1.730  0.000
  1.631  1.580  1.925  0.000
  1.667  1.557  2.157  0.227
  1.501  1.385  2.015  0.000
  1.561  1.423  2.145  0.111
  1.647  1.461  2.407  0.110
  1.634  1.433  2.438  0.218
  1.677  1.551  2.213  0.324
  1.749  1.662  2.138  0.534
  1.867  1.864  1.966  0.635
  1.949  1.989  1.909  0.524
  1.961  2.012  1.868  0.727
  1.953  1.968  1.946  1.336
  1.740  1.749  1.774  0.814
  1.601  1.582  1.685  1.311
  1.592  1.537  1.783  1.598
  1.597  1.516  1.886  1.484
  1.661  1.640  1.722  1.862
  1.741  1.769  1.664  1.456
  2.006  2.119  1.607  2.019
  2.172  2.284  1.762  2.382
  2.076  2.177  1.766  1.510
  1.894  1.926  1.777  1.964
  2.005  2.014  1.972  2.038
  1.978  2.007  1.902  1.653
  2.105  2.148  1.962  2.001
  2.258  2.416  1.758  1.533
  2.310  2.443  1.876  1.876
  2.319  2.365  2.201  1.682
  2.262  2.330  2.012  2.457
  1.977  2.002  1.876  2.174
  1.737  1.745  1.681  2.155
  1.605  1.494  1.880  3.161
  1.477  1.338  1.869  2.795
  1.440  1.333  1.775  2.015
  1.476  1.354  1.825  2.580
  1.584  1.562  1.597  2.475
  1.572  1.559  1.525  2.862
  1.499  1.529  1.378  1.703
  1.439  1.449  1.338  2.412
  1.438  1.435  1.457  1.355
  1.581  1.598  1.479  2.134
  1.488  1.471  1.506  2.037
  1.536  1.564  1.449  1.399
  1.666  1.775  1.321  1.156
  1.762  1.837  1.501  1.757
  1.776  1.848  1.532  1.667
  1.664  1.715  1.482  1.728
  1.674  1.664  1.720  1.491
  1.727  1.726  1.748  1.478
  1.776  1.796  1.707  1.760
  1.807  1.857  1.600  2.254
  1.857  1.849  1.896  1.731
  1.917  1.928  1.896  1.717
  1.895  1.847  2.003  2.768
  1.768  1.723  1.911  1.971
  1.776  1.758  1.806  2.235
  1.745  1.679  1.935  2.356
  1.670  1.636  1.773  1.925
  1.687  1.527  2.241  1.773
  1.539  1.449  1.827  1.962
  1.509  1.431  1.741  2.081
  0.3977280E+03  0.3962358E+03
  0.000  0.000  0.000  0.000
  0.000  0.000  0.000  0.000
  0.000  0.000  0.000  0.000
  0.000  0.000  0.000  0.000
  0.000  0.000  0.000  0.000
  0.000  0.000  0.000  0.000
  0.000  0.000  0.000  0.000
  0.000  0.000  0.000  0.000
  0.000  0.000  0.000  0.000
  0.000  0.000  0.000  0.000
  0.000  0.000  0.000  0.000
  0.000  0.000  0.000  0.000
  0.000  0.000  0.000  0.000
  0.000  0.000  0.000  0.000
  0.000  0.000  0.000  0.000
  0.000  0.000  0.000  0.000
  0.000  0.000  0.000  0.000
  0.000  0.000  0.000  0.000
  0.000  0.000  0.000  0.000
  0.000  0.000  0.000  0.000
  0.000  0.000  0.000  0.000
  0.000  0.000  0.000  0.000
  0.000  0.000  0.000  0.000
  0.000  0.000  0.000  0.000
  0.000  0.000  0.000  0.000
  0.000  0.000  0.000  0.000
  0.000  0.000  0.000  0.000
  0.091  0.000  0.414  0.000
  0.337  0.000  1.542  0.000
  1.652  0.000  7.554  0.000
  5.889  0.000 26.921  0.000
  3.175  0.000 14.513  0.000
  0.259  0.000  1.186  0.000
  0.183  0.000  0.837  0.000
  0.058  0.000  0.263  0.000
  0.000  0.000  0.000  0.000
  0.000  0.000  0.000  0.000
  0.000  0.000  0.000  0.000
  0.046  0.060  0.000  0.000
  0.439  0.573  0.000  0.000
  3.090  4.035  0.000  0.000
  9.980 13.036  0.000  0.000
 15.696 20.501  0.000  0.000
 14.947 19.522  0.000  0.000
 13.176 17.209  0.000  0.000
 10.718 13.999  0.000  0.000
  9.628 12.576  0.000  0.000
  7.376  9.633  0.000  0.000
  6.813  8.898  0.000  0.000
  4.388  5.731  0.000  0.000
  2.927  3.823  0.000  0.000
  1.807  2.361  0.000  0.000
  0.919  1.201  0.000  0.000
  1.005  1.313  0.000  0.000
  0.392  0.512  0.000  0.000
  0.333  0.436  0.000  0.000
  0.322  0.420  0.000  0.000
  0.145  0.189  0.000  0.000
  0.000  0.000  0.000  0.000
  0.271  0.354  0.000  0.000
  0.430  0.562  0.000  0.000
  0.869  1.135  0.000  0.000
  0.894  1.168  0.000  0.000
  0.493  0.532  0.388  0.000
  0.527  0.624  0.226  0.000
  0.830  0.834  0.876  0.000
  1.549  1.315  2.478  0.000
  2.330  1.924  3.917  0.000
  2.802  2.135  5.338  0.000
  3.403  2.722  6.028  0.000
  3.582  2.538  7.496  0.000
  3.563  2.537  7.410  0.000
  3.088  2.280  6.135  0.000
  3.004  2.682  4.346  0.000
  2.801  2.917  2.595  0.000
  2.835  3.327  1.318  0.000
  3.089  3.791  0.856  0.000
  3.352  4.289  0.313  0.000
  3.523  4.572  0.102  0.000
  3.587  4.656  0.099  0.000
  3.392  4.403  0.097  0.000
  3.248  4.242  0.000  0.000
  3.471  4.521  0.046  0.000
  3.909  5.042  0.225  0.000
  3.578  4.572  0.351  0.000
  3.382  4.319  0.343  0.000
  2.728  3.252  1.004  1.172
  2.075  2.488  0.654  1.717
  1.233  1.302  0.959  1.679
  1.017  0.893  1.212  4.377
  0.953  0.677  1.873  1.605
  1.350  0.887  2.879  2.618
  1.465  0.889  3.439  2.049
  1.371  0.911  2.865  3.008
  1.357  1.052  2.349  2.454
  1.509  1.128  2.643  4.325
  1.368  0.999  2.521  3.295
  1.542  1.251  2.371  4.150
  1.680  1.235  3.033  4.517
  1.722  1.446  2.498  4.427
  1.824  1.550  2.542  5.207
  1.755  1.580  2.249  3.404
  1.806  1.703  1.937  5.006
  2.148  2.213  1.695  5.319
  2.396  2.515  1.863  4.014
  2.498  2.901  1.013  3.544
  2.633  2.981  1.325  3.864
  2.234  2.585  0.894  3.793
  2.571  3.062  0.771  3.723
  3.073  3.723  0.679  4.752
  3.399  4.212  0.641  2.154
  3.503  4.324  0.655  3.173
  3.701  4.502  0.841  4.502
  3.424  4.208  0.778  2.041
  3.866  4.803  0.645  3.009
  3.876  4.781  0.774  2.957
  3.431  4.218  0.738  2.584
  3.160  3.829  0.884  2.222
  3.014  3.548  1.159  2.809
  2.556  2.881  1.381  3.069
  2.071  2.292  1.315  1.811
  2.111  2.266  1.612  1.485
  1.921  1.931  2.003  0.292
  1.792  1.671  2.135  2.874
  1.918  1.887  2.080  1.131
  2.239  2.277  2.206  0.835
  2.388  2.342  2.622  1.369
  2.443  2.438  2.619  0.270
  2.443  2.470  2.408  1.593
  2.642  2.774  2.352  0.261
  2.634  2.821  2.151  0.257
  2.372  2.411  2.372  0.507
  2.368  2.435  2.283  0.250
  2.475  2.575  2.248  0.738
  2.627  2.759  2.336  0.242
  2.850  2.967  2.575  0.955
  2.746  2.952  2.134  1.176
  2.702  2.886  2.153  1.391
  2.667  2.914  1.861  1.828
  2.653  2.887  1.995  0.450
  2.720  2.882  2.189  2.220
  2.600  2.810  1.892  2.189
  2.580  2.758  2.004  1.943
  2.654  2.945  1.672  2.128
  3.021  3.406  1.709  2.519
  3.465  4.048  1.494  2.484
  3.574  4.068  1.867  3.268
  3.330  3.820  1.640  3.022
  3.068  3.561  1.448  1.590
  2.638  2.846  1.891  2.942
  2.609  2.986  1.313  2.322
  2.411  2.728  1.309  2.292
  2.412  2.765  1.171  2.450
  2.619  2.912  1.648  1.860
  2.548  2.900  1.338  2.203
  2.464  2.856  1.178  1.269
  2.340  2.633  1.342  1.969
  2.311  2.557  1.388  3.180
  2.080  2.293  1.358  1.745
  1.922  2.089  1.440  0.517
  1.736  1.729  1.811  1.021
  1.749  1.790  1.656  1.008
  1.644  1.694  1.506  1.162
  1.360  1.379  1.323  0.984
  1.329  1.283  1.516  0.972
  1.340  1.244  1.715  0.800
  1.201  1.058  1.750  0.474
  1.174  1.004  1.752  1.406
  1.319  1.251  1.632  0.309
  1.359  1.211  1.918  0.763
  1.644  1.517  2.175  0.452
  1.779  1.715  2.129  0.000
  1.896  1.939  1.873  0.147
  1.895  1.943  1.851  0.146
  1.966  2.065  1.748  0.144
  2.195  2.463  1.403  0.142
  2.295  2.564  1.507  0.141
  2.387  2.717  1.401  0.000
  2.521  2.821  1.651  0.000
  2.680  3.020  1.681  0.000
  2.649  2.971  1.710  0.000
  2.711  3.009  1.863  0.000
  2.379  2.594  1.795  0.000
  2.227  2.372  1.878  0.000
  2.133  2.297  1.711  0.000
  2.185  2.389  1.629  0.000
  2.215  2.407  1.701  0.000
  2.061  2.270  1.478  0.000
  1.900  2.044  1.533  0.000
  1.848  2.050  1.273  0.000
  1.710  1.846  1.354  0.000
  1.587  1.690  1.340  0.000
  1.521  1.559  1.495  0.000
  1.419  1.407  1.564  0.000
  1.396  1.317  1.771  0.000
  1.555  1.512  1.818  0.000
  1.531  1.439  1.946  0.227
  1.582  1.514  1.934  0.000
  1.698  1.594  2.169  0.222
  1.624  1.517  2.116  0.000
  1.634  1.500  2.196  0.327
  1.609  1.571  1.858  0.000
  1.819  1.719  2.260  0.534
  1.796  1.730  2.102  0.741
  1.952  1.910  2.186  0.734
  1.982  1.959  2.105  1.349
  1.879  1.907  1.850  0.925
  1.704  1.689  1.752  1.731
  1.619  1.611  1.678  1.210
  1.604  1.561  1.748  1.698
  1.566  1.571  1.576  1.187
  1.679  1.658  1.778  1.372
  1.978  2.001  1.934  1.456
  1.994  2.135  1.511  1.827
  2.087  2.152  1.905  1.429
  2.003  2.105  1.631  2.171
  1.885  1.956  1.683  1.216
  1.980  1.999  1.939  1.668
  2.031  2.068  1.934  1.561
  2.045  2.128  1.793  1.547
  2.238  2.314  1.983  2.073
  2.408  2.562  1.921  1.697
  2.320  2.403  2.030  2.302
  2.373  2.450  2.125  2.106
  1.974  1.972  1.932  2.696
  1.818  1.775  1.896  2.844
  1.565  1.475  1.782  2.905
  1.452  1.339  1.772  2.456
  1.487  1.357  1.823  3.190
  1.404  1.270  1.742  3.245
  1.477  1.445  1.550  2.062
  1.535  1.514  1.583  1.881
  1.593  1.590  1.570  2.027
  1.542  1.526  1.568  2.010
  1.432  1.392  1.571  1.435
  1.431  1.442  1.355  1.976
  1.493  1.513  1.405  1.724
  1.544  1.597  1.338  1.865
  1.689  1.738  1.503  1.926
  1.741  1.814  1.539  0.993
  1.660  1.740  1.413  1.212
  1.755  1.790  1.610  2.104
  1.683  1.746  1.443  1.938
  1.663  1.693  1.563  1.626
  1.707  1.730  1.655  1.320
  1.846  1.876  1.787  1.236
  1.756  1.774  1.685  1.875
  1.853  1.844  1.881  1.860
  1.956  1.979  1.871  2.058
  1.909  1.925  1.881  1.479
  1.817  1.752  2.026  2.095
  1.797  1.752  1.911  2.425
  1.678  1.611  1.866  2.337
  1.651  1.519  2.075  2.183
  1.604  1.526  1.793  2.774
  1.503  1.388  1.885  1.813
  0.3982640E+03  0.3971675E+03
  0.000  0.000  0.000  0.000
  0.000  0.000  0.000  0.000
  0.000  0.000  0.000  0.000
  0.000  0.000  0.000  0.000
  0.000  0.000  0.000  0.000
  0.000  0.000  0.000  0.000
  0.000  0.000  0.000  0.000
  0.000  0.000  0.000  0.000
  0.000  0.000  0.000  0.000
  0.000  0.000  0.000  0.000
  0.000  0.000  0.000  0.000
  0.000  0.000  0.000  0.000
  0.000  0.000  0.000  0.000
  0.000  0.000  0.000  0.000
  0.000  0.000  0.000  0.000
  0.000  0.000  0.000  0.000
  0.000  0.000  0.000  0.000
  0.000  0.000  0.000  0.000
  0.000  0.000  0.000  0.000
  0.000  0.000  0.000  0.000
  0.000  0.000  0.000  0.000
  0.000  0.000  0.000  0.000
  0.000  0.000  0.000  0.000
  0.000  0.000  0.000  0.000
  0.000  0.000  0.000  0.000
  0.000  0.000  0.000  0.000
  0.000  0.000  0.000  0.000
  0.091  0.000  0.414  0.000
  0.169  0.000  0.771  0.000
  1.967  0.000  8.993  0.000
  5.815  0.000 26.585  0.000
  2.968  0.000 13.566  0.000
  0.454  0.000  2.075  0.000
  0.122  0.000  0.558  0.000
  0.058  0.000  0.263  0.000
  0.000  0.000  0.000  0.000
  0.000  0.000  0.000  0.000
  0.000  0.000  0.000  0.000
  0.046  0.060  0.000  0.000
  0.439  0.573  0.000  0.000
  3.716  4.853  0.000  0.000
  9.424 12.309  0.000  0.000
 15.128 19.758  0.000  0.000
 15.526 20.279  0.000  0.000
 14.110 18.429  0.000  0.000
 10.288 13.437  0.000  0.000
 10.357 13.527  0.000  0.000
  7.679 10.030  0.000  0.000
  6.289  8.214  0.000  0.000
  3.745  4.892  0.000  0.000
  2.820  3.683  0.000  0.000
  1.937  2.529  0.000  0.000
  1.044  1.363  0.000  0.000
  0.694  0.906  0.000  0.000
  0.599  0.783  0.000  0.000
  0.356  0.465  0.000  0.000
  0.193  0.252  0.000  0.000
  0.062  0.081  0.000  0.000
  0.080  0.105  0.000  0.000
  0.368  0.480  0.000  0.000
  0.486  0.635  0.000  0.000
  0.797  1.041  0.000  0.000
  0.824  1.030  0.160  0.000
  0.408  0.488  0.155  0.000
  0.362  0.387  0.301  0.000
  0.814  0.813  0.876  0.000
  1.409  1.112  2.549  0.000
  2.435  2.317  3.023  0.000
  2.831  2.135  5.471  0.000
  3.771  2.852  7.259  0.000
  3.555  2.448  7.685  0.000
  3.617  2.572  7.532  0.000
  2.814  2.348  4.646  0.000
  2.903  2.649  3.999  0.000
  2.887  3.030  2.595  0.000
  3.100  3.405  2.252  0.000
  3.241  4.050  0.642  0.000
  3.478  4.393  0.521  0.000
  3.645  4.703  0.203  0.000
  3.879  5.038  0.050  0.693
  3.170  4.113  0.097  0.000
  3.413  4.377  0.236  0.660
  3.391  4.363  0.230  0.000
  3.919  5.068  0.135  0.629
  3.664  4.635  0.526  0.000
  3.279  4.136  0.471  0.600
  2.526  3.132  0.502  1.172
  1.977  2.372  0.736  0.000
  1.259  1.291  0.999  3.358
  0.949  0.748  1.681  0.547
  1.054  0.721  2.102  2.676
  1.284  0.716  3.291  1.047
  1.449  0.941  2.927  5.635
  1.457  1.023  2.793  4.011
  1.465  1.192  2.244  3.926
  1.359  1.089  2.231  2.403
  1.294  0.922  2.353  4.707
  1.527  1.204  2.536  3.227
  1.546  1.254  2.388  4.066
  1.674  1.346  2.625  4.427
  1.831  1.718  2.139  3.038
  1.948  1.806  2.310  3.829
  2.073  2.060  1.907  5.006
  2.506  2.630  1.987  3.682
  2.427  2.523  1.921  4.816
  2.560  2.845  1.406  4.725
  2.349  2.713  1.159  1.159
  2.489  2.949  0.840  3.034
  2.920  3.457  0.931  4.468
  3.079  3.700  0.757  5.118
  3.489  4.278  0.744  3.231
  3.564  4.410  0.655  2.820
  3.609  4.453  0.594  4.502
  3.769  4.631  0.729  4.083
  3.667  4.551  0.716  1.672
  3.599  4.425  0.798  2.300
  3.416  4.119  1.015  2.584
  3.170  3.894  0.635  3.175
  2.692  3.064  1.449  1.873
  2.422  2.700  1.447  2.455
  2.273  2.452  1.617  2.717
  2.120  2.224  1.845  0.891
  1.798  1.776  1.878  1.752
  1.904  1.935  1.868  0.862
  2.112  2.106  2.121  2.262
  2.252  2.328  2.067  1.113
  2.401  2.432  2.348  1.643
  2.515  2.542  2.523  1.078
  2.712  2.844  2.408  0.531
  2.475  2.566  2.296  0.523
  2.546  2.642  2.353  0.515
  2.380  2.493  2.100  0.760
  2.602  2.598  2.764  0.499
  2.571  2.670  2.354  0.738
  2.877  2.917  2.873  0.969
  2.738  2.889  2.353  0.716
  2.602  2.794  2.016  1.411
  2.771  2.990  2.153  0.695
  2.706  2.933  2.040  0.914
  2.499  2.703  1.818  2.027
  2.519  2.769  1.681  1.998
  2.576  2.868  1.657  1.095
  2.631  2.766  2.220  1.727
  2.667  2.954  1.672  2.554
  2.916  3.311  1.544  2.729
  3.513  3.972  1.967  2.691
  3.727  4.339  1.707  2.042
  3.387  3.910  1.655  2.015
  3.068  3.492  1.604  2.783
  2.540  2.894  1.359  1.765
  2.528  2.816  1.520  2.516
  2.530  2.892  1.282  2.292
  2.727  3.146  1.265  2.639
  2.517  2.919  1.143  2.046
  2.594  2.945  1.364  2.571
  2.288  2.604  1.243  1.450
  2.497  2.845  1.291  2.326
  2.247  2.423  1.653  1.944
  2.091  2.300  1.421  1.221
  1.914  1.980  1.698  1.723
  1.608  1.660  1.434  1.531
  1.418  1.416  1.428  1.344
  1.543  1.494  1.719  1.494
  1.532  1.429  1.944  0.820
  1.389  1.296  1.747  0.972
  1.318  1.212  1.726  0.800
  1.309  1.158  1.897  0.474
  1.330  1.109  2.165  0.469
  1.382  1.159  2.227  0.463
  1.421  1.270  2.016  0.458
  1.626  1.471  2.219  0.905
  1.839  1.855  1.895  0.298
  1.827  1.933  1.578  0.147
  1.866  1.988  1.560  0.146
  1.999  2.180  1.501  0.144
  2.197  2.451  1.454  0.142
  2.317  2.596  1.507  0.000
  2.515  2.777  1.779  0.000
  2.596  2.939  1.582  0.000
  2.808  3.134  1.866  0.000
  2.705  3.015  1.816  0.000
  2.619  2.914  1.777  0.000
  2.367  2.581  1.786  0.000
  2.274  2.489  1.683  0.000
  2.058  2.244  1.554  0.000
  2.199  2.431  1.547  0.000
  2.067  2.248  1.584  0.000
  1.884  2.063  1.389  0.000
  1.823  1.976  1.410  0.123
  1.735  1.883  1.325  0.244
  1.793  1.999  1.199  0.000
  1.571  1.639  1.434  0.120
  1.508  1.530  1.538  0.000
  1.476  1.467  1.614  0.000
  1.570  1.570  1.680  0.000
  1.700  1.659  1.966  0.000
  1.603  1.485  2.132  0.000
  1.652  1.477  2.360  0.337
  1.564  1.362  2.376  0.111
  1.683  1.533  2.328  0.000
  1.552  1.408  2.157  0.109
  1.650  1.529  2.159  0.432
  1.710  1.623  2.100  0.534
  1.779  1.767  1.905  0.635
  1.921  1.936  1.909  1.362
  2.008  2.038  1.950  1.349
  1.937  2.003  1.791  0.720
  1.785  1.737  1.978  1.425
  1.626  1.638  1.628  1.008
  1.510  1.486  1.626  1.098
  1.597  1.593  1.618  1.484
  1.666  1.648  1.701  2.058
  1.882  1.908  1.823  1.456
  2.052  2.204  1.566  1.442
  1.993  2.111  1.640  1.143
  2.135  2.255  1.753  1.604
  1.948  1.939  2.017  1.403
  1.901  1.946  1.707  2.409
  1.911  1.890  1.993  1.744
  2.071  2.116  1.949  1.547
  2.210  2.283  1.983  1.803
  2.469  2.593  2.067  2.055
  2.386  2.531  1.891  2.213
  2.347  2.353  2.269  3.159
  2.041  2.066  1.913  2.609
  1.717  1.675  1.816  2.413
  1.474  1.390  1.690  2.563
  1.437  1.312  1.772  2.879
  1.394  1.287  1.733  1.931
  1.602  1.559  1.682  2.580
  1.538  1.498  1.638  2.062
  1.521  1.487  1.566  2.535
  1.491  1.483  1.465  2.270
  1.428  1.426  1.407  1.849
  1.430  1.427  1.440  1.435
  1.537  1.553  1.451  1.976
  1.505  1.532  1.444  1.019
  1.620  1.667  1.493  1.088
  1.672  1.739  1.398  2.235
  1.785  1.882  1.414  2.216
  1.722  1.783  1.526  1.440
  1.763  1.747  1.830  1.578
  1.700  1.713  1.656  1.714
  1.696  1.747  1.521  1.626
  1.783  1.787  1.728  2.346
  1.753  1.763  1.740  1.454
  1.850  1.865  1.809  1.659
  1.904  1.916  1.891  1.503
  1.805  1.776  1.856  2.555
  1.808  1.746  1.936  3.028
  1.780  1.756  1.851  1.956
  1.704  1.640  1.851  2.772
  1.736  1.710  1.832  1.650
  1.605  1.499  1.944  2.046
  1.542  1.467  1.764  2.098
  1.563  1.441  1.966  1.880
  0.3938302E+03  0.3921640E+03
  0.000  0.000  0.000  0.000
  0.000  0.000  0.000  0.000
  0.000  0.000  0.000  0.000
  0.000  0.000  0.000  0.000
  0.000  0.000  0.000  0.000
  0.000  0.000  0.000  0.000
  0.000  0.000  0.000  0.000
  0.000  0.000  0.000  0.000
  0.000  0.000  0.000  0.000
  0.000  0.000  0.000  0.000
  0.000  0.000  0.000  0.000
  0.000  0.000  0.000  0.000
  0.000  0.000  0.000  0.000
  0.000  0.000  0.000  0.000
  0.000  0.000  0.000  0.000
  0.000  0.000  0.000  0.000
  0.000  0.000  0.000  0.000
  0.000  0.000  0.000  0.000
  0.000  0.000  0.000  0.000
  0.000  0.000  0.000  0.000
  0.000  0.000  0.000  0.000
  0.000  0.000  0.000  0.000
  0.000  0.000  0.000  0.000
  0.000  0.000  0.000  0.000
  0.000  0.000  0.000  0.000
  0.000  0.000  0.000  0.000
  0.000  0.000  0.000  0.000
  0.091  0.000  0.414  0.000
  0.253  0.000  1.156  0.000
  1.652  0.000  7.554  0.000
  6.036  0.000 27.594  0.000
  3.106  0.000 14.197  0.000
  0.259  0.000  1.186  0.000
  0.183  0.000  0.837  0.000
  0.058  0.000  0.263  0.000
  0.000  0.000  0.000  0.000
  0.000  0.000  0.000  0.000
  0.000  0.000  0.000  0.000
  0.000  0.000  0.000  0.000
  0.219  0.287  0.000  0.000
  3.006  3.926  0.000  0.000
 10.497 13.711  0.000  0.000
 16.303 21.294  0.000  0.000
 14.512 18.955  0.000  0.000
 13.591 17.751  0.000  0.000
  9.758 12.746  0.000  0.000
 10.515 13.734  0.000  0.000
  7.983 10.426  0.000  0.000
  6.027  7.871  0.000  0.000
  4.136  5.403  0.000  0.000
  2.336  3.051  0.000  0.000
  1.730  2.260  0.000  0.000
  1.143  1.493  0.000  0.000
  0.909  1.188  0.000  0.000
  0.669  0.873  0.000  0.000
  0.556  0.726  0.000  0.000
  0.193  0.252  0.000  0.000
  0.145  0.189  0.000  0.000
  0.000  0.000  0.000  0.000
  0.251  0.328  0.000  0.000
  0.543  0.709  0.000  0.000
  0.742  0.970  0.000  0.000
  0.701  0.916  0.000  0.000
  0.645  0.776  0.233  0.000
  0.724  0.817  0.452  0.000
  0.942  0.938  1.022  0.000
  1.378  1.214  2.053  0.000
  1.879  1.669  2.748  0.000
  3.007  2.459  5.137  0.000
  3.346  2.426  6.805  0.000
  3.596  2.214  8.692  0.000
  3.604  2.712  6.981  0.000
  3.218  2.399  6.313  0.000
  2.954  2.831  3.593  0.000
  2.863  2.933  2.820  0.000
  2.919  3.405  1.428  0.000
  3.113  3.806  0.909  0.000
  3.329  4.229  0.417  0.000
  3.401  4.369  0.254  0.000
  3.392  4.416  0.050  0.000
  3.635  4.707  0.097  0.676
  3.114  4.027  0.141  0.000
  3.622  4.718  0.046  0.000
  3.782  4.901  0.135  0.000
  4.383  5.612  0.351  0.614
  3.344  4.246  0.385  0.600
  2.435  3.037  0.502  0.000
  1.816  2.150  0.613  2.290
  1.198  1.336  0.719  1.119
  0.949  0.759  1.602  1.094
  1.112  0.644  2.638  2.676
  1.260  0.844  2.618  2.618
  1.337  0.899  2.817  2.049
  1.567  1.074  3.044  5.014
  1.572  1.112  3.050  3.436
  1.472  1.157  2.540  1.922
  1.287  0.941  2.185  5.648
  1.419  1.054  2.503  4.150
  1.638  1.300  2.646  4.066
  1.619  1.346  2.340  4.870
  1.621  1.311  2.573  3.472
  1.848  1.763  2.036  3.404
  2.008  1.865  2.324  4.589
  2.206  2.305  1.841  2.455
  2.364  2.572  1.491  4.415
  2.560  2.917  1.266  3.150
  2.439  2.776  1.159  3.864
  2.507  2.949  0.786  4.931
  2.804  3.290  1.064  3.351
  2.959  3.603  0.627  4.021
  3.281  3.985  0.667  5.384
  3.768  4.540  0.907  5.993
  3.285  4.014  0.767  2.770
  3.610  4.465  0.656  3.062
  3.688  4.537  0.788  2.675
  4.174  5.103  0.962  3.614
  3.613  4.488  0.669  1.938
  3.036  3.693  0.726  3.175
  2.834  3.312  1.271  1.249
  2.417  2.794  1.184  1.228
  2.047  2.236  1.358  2.415
  1.856  1.921  1.633  1.781
  2.031  2.039  2.086  0.876
  1.962  2.035  1.806  0.575
  2.085  1.985  2.404  2.545
  1.970  1.914  2.206  1.391
  2.499  2.521  2.485  1.643
  2.519  2.581  2.427  0.809
  2.613  2.806  2.105  0.265
  2.707  2.838  2.427  0.261
  2.546  2.668  2.298  0.000
  2.408  2.555  2.064  0.000
  2.376  2.374  2.532  0.250
  2.621  2.640  2.670  0.984
  2.525  2.561  2.527  0.727
  2.622  2.733  2.370  0.716
  2.643  2.842  2.033  1.411
  2.662  2.853  2.120  0.927
  2.649  2.831  2.105  1.371
  2.706  3.034  1.641  1.577
  2.605  2.787  2.030  1.776
  2.712  2.904  2.080  2.189
  2.701  2.921  1.943  2.590
  2.764  3.015  1.961  1.703
  3.126  3.598  1.499  2.729
  3.617  4.153  1.893  1.449
  3.456  3.939  1.809  2.859
  3.249  3.762  1.525  2.216
  2.832  3.192  1.604  2.385
  2.693  3.090  1.303  2.745
  2.413  2.705  1.368  2.709
  2.438  2.794  1.214  2.101
  2.577  2.946  1.292  2.450
  2.546  2.912  1.342  1.488
  2.559  2.900  1.298  3.489
  2.558  2.882  1.502  1.450
  2.458  2.768  1.368  2.505
  2.441  2.679  1.578  2.827
  2.181  2.254  1.919  2.268
  1.898  2.099  1.255  1.034
  1.654  1.695  1.495  1.872
  1.620  1.643  1.572  1.176
  1.499  1.511  1.494  0.996
  1.453  1.442  1.499  1.312
  1.379  1.306  1.689  0.648
  1.338  1.306  1.486  0.800
  1.139  1.020  1.626  0.158
  1.159  0.992  1.785  0.625
  1.315  1.087  2.205  0.000
  1.394  1.239  1.994  0.610
  1.654  1.606  1.917  0.302
  1.756  1.749  1.895  0.149
  1.952  1.930  2.146  0.295
  1.893  1.958  1.789  0.146
  2.022  2.177  1.624  0.000
  2.077  2.315  1.393  0.000
  2.271  2.544  1.467  0.141
  2.341  2.652  1.421  0.000
  2.556  2.906  1.513  0.000
  2.812  3.218  1.594  0.000
  2.684  3.020  1.701  0.000
  2.584  2.851  1.834  0.000
  2.410  2.581  1.983  0.000
  2.247  2.407  1.850  0.000
  2.221  2.402  1.747  0.000
  2.122  2.269  1.756  0.000
  2.061  2.291  1.404  0.000
  2.075  2.272  1.532  0.000
  1.908  2.097  1.383  0.000
  1.961  2.112  1.569  0.000
  1.627  1.814  1.078  0.121
  1.666  1.785  1.366  0.000
  1.443  1.492  1.377  0.000
  1.385  1.316  1.722  0.000
  1.530  1.468  1.854  0.000
  1.514  1.472  1.761  0.115
  1.584  1.464  2.116  0.000
  1.522  1.399  2.047  0.225
  1.766  1.646  2.312  0.000
  1.638  1.528  2.132  0.110
  1.733  1.578  2.399  0.000
  1.660  1.536  2.182  0.432
  1.693  1.686  1.809  0.428
  1.892  1.868  2.087  0.318
  1.793  1.852  1.669  0.629
  1.863  1.942  1.646  1.038
  1.914  1.892  2.056  1.028
  1.716  1.720  1.767  0.814
  1.635  1.537  2.002  1.311
  1.459  1.394  1.662  1.798
  1.617  1.593  1.731  1.187
  1.684  1.650  1.785  1.960
  1.856  1.912  1.650  2.038
  2.153  2.276  1.731  2.019
  2.321  2.457  1.892  1.619
  2.072  2.161  1.753  2.171
  1.863  1.945  1.576  1.870
  1.781  1.793  1.727  1.946
  1.937  1.941  1.934  1.744
  2.075  2.105  1.982  1.910
  2.240  2.331  1.970  1.533
  2.460  2.558  2.163  1.787
  2.364  2.479  1.960  2.390
  2.169  2.222  2.012  1.755
  2.034  2.059  1.944  2.087
  1.834  1.787  1.989  1.982
  1.646  1.541  1.928  2.819
  1.508  1.428  1.718  2.541
  1.436  1.293  1.853  2.602
  1.478  1.360  1.789  2.913
  1.540  1.554  1.438  2.310
  1.544  1.527  1.554  2.208
  1.524  1.484  1.581  2.676
  1.516  1.463  1.688  1.688
  1.356  1.313  1.463  1.993
  1.484  1.508  1.366  1.976
  1.419  1.459  1.265  1.646
  1.654  1.714  1.393  2.331
  1.660  1.709  1.503  1.464
  1.799  1.876  1.512  2.063
  1.754  1.853  1.440  1.288
  1.734  1.853  1.342  1.428
  1.680  1.704  1.645  1.043
  1.569  1.566  1.589  1.405
  1.712  1.712  1.744  1.246
  1.704  1.710  1.699  1.527
  1.857  1.874  1.783  2.092
  1.812  1.786  1.896  1.932
  1.932  1.945  1.850  2.413
  1.871  1.825  1.982  2.605
  1.890  1.850  2.011  2.165
  1.818  1.809  1.826  2.148
  1.727  1.684  1.851  2.131
  1.611  1.485  1.973  2.728
  1.548  1.438  1.880  2.301
  1.538  1.448  1.861  1.410
  0.4000682E+03  0.3991213E+03
  0.000  0.000  0.000  0.000
  0.000  0.000  0.000  0.000
  0.000  0.000  0.000  0.000
  0.000  0.000  0.000  0.000
  0.000  0.000  0.000  0.000
  0.000  0.000  0.000  0.000
  0.000  0.000  0.000  0.000
  0.000  0.000  0.000  0.000
  0.000  0.000  0.000  0.000
  0.000  0.000  0.000  0.000
  0.000  0.000  0.000  0.000
  0.000  0.000  0.000  0.000
  0.000  0.000  0.000  0.000
  0.000  0.000  0.000  0.000
  0.000  0.000  0.000  0.000
  0.000  0.000  0.000  0.000
  0.000  0.000  0.000  0.000
  0.000  0.000  0.000  0.000
  0.000  0.000  0.000  0.000
  0.000  0.000  0.000  0.000
  0.000  0.000  0.000  0.000
  0.000  0.000  0.000  0.000
  0.000  0.000  0.000  0.000
  0.000  0.000  0.000  0.000
  0.000  0.000  0.000  0.000
  0.000  0.000  0.000  0.000
  0.000  0.000  0.000  0.000
  0.091  0.000  0.414  0.000
  0.253  0.000  1.156  0.000
  1.810  0.000  8.273  0.000
  5.815  0.000 26.585  0.000
  3.037  0.000 13.882  0.000
  0.454  0.000  2.075  0.000
  0.183  0.000  0.837  0.000
  0.000  0.000  0.000  0.000
  0.000  0.000  0.000  0.000
  0.000  0.000  0.000  0.000
  0.000  0.000  0.000  0.000
  0.046  0.060  0.000  0.000
  0.439  0.573  0.000  0.000
  3.131  4.090  0.000  0.000
  9.026 11.789  0.000  0.000
 16.265 21.244  0.000  0.000
 16.394 21.413  0.000  0.000
 13.003 16.984  0.000  0.000
  9.891 12.918  0.000  0.000
  9.343 12.203  0.000  0.000
  8.468 11.061  0.000  0.000
  6.056  7.909  0.000  0.000
  4.276  5.585  0.000  0.000
  3.437  4.489  0.000  0.000
  1.291  1.686  0.000  0.000
  0.969  1.266  0.000  0.000
  0.646  0.844  0.000  0.000
  0.415  0.542  0.000  0.000
  0.578  0.755  0.000  0.000
  0.300  0.392  0.000  0.000
  0.083  0.108  0.000  0.000
  0.120  0.157  0.000  0.000
  0.213  0.278  0.000  0.000
  0.486  0.635  0.000  0.000
  0.760  0.993  0.000  0.000
  0.912  1.191  0.000  0.000
  0.577  0.665  0.311  0.000
  0.691  0.839  0.226  0.000
  0.878  0.917  0.803  0.000
  1.332  1.052  2.407  0.000
  1.894  1.512  3.367  0.000
  3.269  2.707  5.471  0.000
  3.346  2.407  6.870  0.000
  3.638  2.574  7.622  0.000
  3.269  2.205  7.226  0.000
  3.153  2.587  5.361  0.000
  3.080  2.715  4.578  0.000
  2.986  3.094  2.820  0.000
  2.919  3.468  1.208  0.000
  3.136  3.791  1.070  0.000
  3.364  4.304  0.313  0.000
  3.479  4.514  0.102  0.000
  3.543  4.600  0.099  0.000
  3.720  4.859  0.000  0.000
  3.320  4.296  0.094  0.660
  3.310  4.245  0.276  0.000
  3.605  4.670  0.090  0.629
  3.654  4.685  0.263  0.614
  3.373  4.295  0.343  0.600
  2.645  3.240  0.711  0.586
  1.852  2.255  0.532  0.572
  1.329  1.439  1.039  0.000
  1.103  0.916  1.759  1.094
  1.154  0.885  1.988  2.676
  1.104  0.630  2.618  3.141
  1.441  0.920  3.147  3.074
  1.535  1.044  3.044  4.512
  1.649  1.102  3.436  3.436
  1.382  1.098  2.266  2.883
  1.375  1.105  2.017  5.648
  1.513  1.186  2.569  2.766
  1.468  1.189  2.226  4.517
  1.716  1.455  2.467  3.984
  1.688  1.479  2.170  5.207
  1.875  1.632  2.522  4.680
  2.242  2.171  2.473  2.503
  2.078  2.071  1.929  4.501
  2.421  2.670  1.376  4.816
  2.603  2.925  1.350  4.332
  2.620  2.965  1.380  3.091
  2.602  3.119  0.759  3.034
  2.583  3.062  0.691  5.585
  2.799  3.350  0.836  3.290
  3.304  4.044  0.718  3.231
  3.801  4.727  0.705  1.763
  3.447  4.233  0.792  2.078
  3.599  4.402  0.729  4.423
  3.704  4.435  0.955  6.352
  3.645  4.459  0.868  2.628
  3.482  4.264  0.761  3.229
  3.254  3.926  0.975  2.222
  2.741  3.281  0.981  0.936
  2.614  2.969  1.337  3.069
  2.217  2.396  1.574  2.415
  2.004  2.151  1.548  1.188
  1.944  2.056  1.586  1.460
  1.868  1.947  1.601  1.724
  2.059  1.997  2.323  1.414
  2.139  2.141  2.226  0.835
  2.486  2.610  2.172  0.822
  2.473  2.570  2.292  0.270
  2.683  2.741  2.635  0.531
  2.499  2.518  2.576  0.523
  2.501  2.595  2.335  0.257
  2.479  2.561  2.317  0.760
  2.344  2.293  2.675  0.250
  2.306  2.324  2.371  0.492
  2.813  2.893  2.682  0.727
  2.842  2.957  2.575  0.955
  2.632  2.823  2.100  0.706
  2.720  2.943  2.037  1.391
  2.749  2.938  2.171  1.599
  2.481  2.776  1.544  1.126
  2.477  2.664  1.871  1.776
  2.719  2.957  1.955  1.751
  2.688  2.907  1.819  4.101
  2.727  3.028  1.688  2.554
  3.162  3.560  1.829  2.309
  3.552  4.090  1.804  1.656
  3.615  4.159  1.780  2.655
  3.223  3.696  1.626  2.418
  3.037  3.452  1.533  3.776
  2.666  3.010  1.499  2.157
  2.573  2.851  1.617  2.322
  2.524  2.876  1.269  2.864
  2.662  3.008  1.494  2.073
  2.410  2.749  1.262  1.860
  2.333  2.608  1.390  2.020
  2.501  2.860  1.282  1.994
  2.466  2.838  1.214  1.790
  2.236  2.492  1.401  1.414
  2.083  2.314  1.321  1.396
  1.863  2.015  1.354  1.551
  1.725  1.785  1.556  1.191
  1.670  1.643  1.788  1.344
  1.554  1.592  1.446  1.162
  1.430  1.402  1.534  1.312
  1.425  1.322  1.840  0.648
  1.278  1.156  1.749  0.640
  1.183  1.013  1.841  0.316
  1.242  1.039  1.997  0.625
  1.397  1.191  2.183  0.463
  1.394  1.258  1.951  0.305
  1.675  1.631  1.917  0.452
  1.742  1.749  1.820  0.298
  1.919  1.987  1.778  0.589
  1.900  2.003  1.674  0.000
  1.894  2.033  1.532  0.144
  2.195  2.364  1.758  0.000
  2.159  2.409  1.417  0.281
  2.374  2.686  1.431  0.278
  2.730  3.077  1.710  0.000
  2.759  3.065  1.885  0.000
  2.705  3.042  1.720  0.000
  2.686  3.030  1.673  0.000
  2.358  2.573  1.777  0.000
  2.170  2.319  1.804  0.000
  2.294  2.470  1.839  0.000
  2.183  2.399  1.583  0.000
  2.075  2.302  1.431  0.000
  2.028  2.229  1.469  0.000
  1.897  2.039  1.533  0.000
  1.728  1.901  1.247  0.000
  1.717  1.839  1.415  0.000
  1.595  1.734  1.221  0.000
  1.464  1.475  1.529  0.000
  1.529  1.519  1.664  0.117
  1.512  1.468  1.771  0.000
  1.514  1.498  1.679  0.000
  1.550  1.466  1.938  0.227
  1.559  1.383  2.279  0.112
  1.623  1.494  2.177  0.222
  1.707  1.468  2.643  0.330
  1.584  1.529  1.877  0.218
  1.769  1.619  2.398  0.324
  1.717  1.621  2.130  0.641
  1.829  1.784  2.102  0.212
  1.868  1.899  1.812  1.153
  1.933  1.957  1.898  1.245
  1.861  1.905  1.762  1.131
  1.777  1.789  1.781  1.120
  1.558  1.525  1.700  1.210
  1.540  1.473  1.776  1.498
  1.610  1.627  1.618  0.692
  1.725  1.722  1.687  2.450
  1.850  1.880  1.761  1.650
  2.028  2.151  1.669  1.058
  2.173  2.356  1.585  1.429
  2.054  2.126  1.847  1.416
  1.958  1.964  1.937  1.964
  1.950  1.963  1.893  2.131
  1.992  2.083  1.718  1.377
  2.061  2.152  1.774  1.637
  2.220  2.303  1.983  1.442
  2.362  2.469  2.010  2.055
  2.323  2.383  2.112  2.302
  2.264  2.269  2.219  2.632
  2.002  2.050  1.826  2.087
  1.844  1.833  1.841  2.413
  1.642  1.529  1.934  3.076
  1.478  1.355  1.772  3.387
  1.351  1.239  1.655  2.602
  1.473  1.411  1.587  2.913
  1.488  1.439  1.597  2.310
  1.539  1.494  1.642  2.290
  1.524  1.544  1.442  1.703
  1.491  1.483  1.499  1.769
  1.483  1.492  1.446  1.594
  1.525  1.535  1.496  1.423
  1.580  1.550  1.651  2.037
  1.611  1.629  1.487  2.487
  1.647  1.735  1.359  1.387
  1.631  1.651  1.583  1.299
  1.704  1.789  1.413  1.591
  1.723  1.775  1.557  1.503
  1.694  1.716  1.645  1.342
  1.656  1.649  1.700  1.405
  1.786  1.763  1.812  2.566
  1.742  1.763  1.673  1.673
  1.881  1.939  1.680  1.875
  1.891  1.914  1.819  1.717
  1.862  1.867  1.790  2.626
  1.790  1.734  1.936  2.464
  1.778  1.789  1.731  1.886
  1.809  1.783  1.866  2.287
  1.759  1.716  1.905  1.856
  1.655  1.558  1.978  1.910
  1.554  1.451  1.880  2.030
  1.579  1.518  1.774  1.813
  0.3980662E+03  0.3955605E+03
  0.000  0.000  0.000  0.000
  0.000  0.000  0.000  0.000
  0.000  0.000  0.000  0.000
  0.000  0.000  0.000  0.000
  0.000  0.000  0.000  0.000
  0.000  0.000  0.000  0.000
  0.000  0.000  0.000  0.000
  0.000  0.000  0.000  0.000
  0.000  0.000  0.000  0.000
  0.000  0.000  0.000  0.000
  0.000  0.000  0.000  0.000
  0.000  0.000  0.000  0.000
  0.000  0.000  0.000  0.000
  0.000  0.000  0.000  0.000
  0.000  0.000  0.000  0.000
  0.000  0.000  0.000  0.000
  0.000  0.000  0.000  0.000
  0.000  0.000  0.000  0.000
  0.000  0.000  0.000  0.000
  0.000  0.000  0.000  0.000
  0.000  0.000  0.000  0.000
  0.000  0.000  0.000  0.000
  0.000  0.000  0.000  0.000
  0.000  0.000  0.000  0.000
  0.000  0.000  0.000  0.000
  0.000  0.000  0.000  0.000
  0.000  0.000  0.000  0.000
  0.000  0.000  0.000  0.000
  0.506  0.000  2.312  0.000
  1.495  0.000  6.835  0.000
  5.889  0.000 26.921  0.000
  3.175  0.000 14.513  0.000
  0.389  0.000  1.778  0.000
  0.183  0.000  0.837  0.000
  0.000  0.000  0.000  0.000
  0.000  0.000  0.000  0.000
  0.000  0.000  0.000  0.000
  0.000  0.000  0.000  0.000
  0.046  0.060  0.000  0.000
  0.263  0.344  0.000  0.000
  3.257  4.253  0.000  0.000
 10.418 13.607  0.000  0.000
 15.279 19.957  0.000  0.000
 16.539 21.602  0.000  0.000
 11.827 15.448  0.000  0.000
 11.048 14.431  0.000  0.000
  9.533 12.452  0.000  0.000
  7.861 10.268  0.000  0.000
  6.201  8.100  0.000  0.000
  4.360  5.695  0.000  0.000
  3.034  3.963  0.000  0.000
  1.523  1.990  0.000  0.000
  1.168  1.525  0.000  0.000
  1.005  1.313  0.000  0.000
  0.507  0.663  0.000  0.000
  0.445  0.581  0.000  0.000
  0.086  0.112  0.000  0.000
  0.021  0.027  0.000  0.000
  0.060  0.078  0.000  0.000
  0.251  0.328  0.000  0.000
  0.580  0.758  0.000  0.000
  0.851  1.088  0.083  0.000
  0.631  0.824  0.000  0.000
  0.628  0.710  0.388  0.000
  0.412  0.452  0.301  0.000
  0.830  0.834  0.876  0.000
  1.440  1.416  1.628  0.000
  2.044  1.806  3.023  0.000
  2.831  2.040  5.805  0.000
  3.686  2.944  6.546  0.000
  3.899  2.807  8.000  0.000
  3.202  2.100  7.287  0.000
  3.075  2.229  6.254  0.000
  2.916  2.831  3.419  0.000
  3.208  3.320  3.046  0.000
  3.064  3.546  1.593  0.000
  3.300  4.081  0.802  0.000
  3.512  4.408  0.625  0.000
  3.212  4.151  0.152  0.000
  3.446  4.501  0.000  0.000
  3.424  4.458  0.048  0.000
  3.506  4.552  0.094  0.000
  3.703  4.797  0.138  0.000
  3.713  4.798  0.180  0.000
  3.434  4.435  0.132  0.614
  3.270  4.136  0.428  0.600
  2.801  3.431  0.795  0.000
  1.798  2.150  0.654  0.572
  1.294  1.336  1.119  1.679
  1.000  0.849  1.446  2.189
  0.978  0.612  2.293  0.535
  1.284  0.823  2.767  3.141
  1.369  0.847  3.110  2.561
  1.535  0.992  3.080  6.518
  1.518  1.142  2.629  4.417
  1.337  1.049  2.163  3.845
  1.316  1.105  1.984  2.353
  1.434  1.157  2.207  4.150
  1.729  1.374  2.549  7.680
  1.743  1.409  2.846  2.656
  1.844  1.585  2.480  5.641
  2.001  1.789  2.705  2.553
  2.164  2.163  2.175  2.086
  2.250  2.330  1.841  4.092
  2.552  2.818  1.634  2.408
  2.400  2.684  1.378  2.757
  2.512  2.918  0.966  4.251
  2.507  2.872  0.975  6.068
  2.763  3.252  0.878  5.212
  3.227  3.984  0.574  3.290
  3.376  4.154  0.538  5.025
  3.344  4.130  0.680  2.115
  3.485  4.297  0.742  2.078
  3.610  4.423  0.753  3.743
  4.001  4.878  0.931  4.012
  3.712  4.479  1.080  2.957
  3.371  4.159  0.738  1.615
  3.120  3.764  0.884  2.857
  2.741  3.217  1.070  2.809
  2.398  2.693  1.403  1.842
  2.207  2.372  1.531  3.622
  2.143  2.296  1.591  2.375
  1.976  1.925  2.107  2.629
  1.742  1.724  1.847  1.149
  2.130  2.135  2.181  1.131
  2.270  2.306  2.266  0.557
  2.234  2.225  2.387  0.548
  2.549  2.746  2.041  0.000
  2.887  3.061  2.408  1.062
  2.642  2.806  2.222  0.523
  2.409  2.505  2.243  0.000
  2.412  2.519  2.209  0.000
  2.266  2.257  2.443  0.250
  2.601  2.630  2.688  0.000
  2.521  2.477  2.804  0.727
  2.786  2.889  2.575  0.716
  2.838  3.072  2.100  1.647
  2.746  3.042  1.855  0.695
  2.817  3.054  2.122  0.914
  2.696  3.020  1.657  1.351
  2.536  2.746  1.856  1.776
  2.644  2.832  1.970  2.846
  2.469  2.678  1.850  0.863
  2.787  3.071  1.764  3.193
  3.070  3.406  1.919  2.729
  3.248  3.684  1.849  1.449
  3.567  4.109  1.619  4.289
  3.371  3.795  1.957  2.418
  3.096  3.533  1.718  0.994
  2.657  2.950  1.597  3.138
  2.567  2.922  1.327  2.516
  2.703  3.094  1.282  3.437
  2.544  2.939  1.131  3.015
  2.537  3.014  0.983  0.930
  2.490  2.822  1.285  3.122
  2.407  2.723  1.321  2.175
  2.307  2.626  1.214  1.969
  2.228  2.539  1.161  1.944
  2.105  2.300  1.471  1.396
  1.855  1.927  1.600  1.895
  1.765  1.795  1.689  1.361
  1.578  1.458  2.029  1.176
  1.551  1.518  1.684  1.328
  1.481  1.422  1.651  1.968
  1.425  1.263  2.048  0.648
  1.335  1.231  1.737  0.800
  1.188  1.062  1.694  0.316
  1.191  0.988  1.975  0.156
  1.305  1.147  1.919  0.463
  1.611  1.501  2.103  0.153
  1.640  1.619  1.820  0.151
  1.907  1.946  1.895  0.149
  1.947  2.041  1.747  0.147
  1.982  2.080  1.758  0.291
  2.040  2.212  1.583  0.000
  2.055  2.230  1.586  0.000
  2.260  2.464  1.708  0.000
  2.356  2.626  1.580  0.000
  2.444  2.740  1.582  0.000
  2.665  3.029  1.574  0.136
  2.657  3.028  1.547  0.000
  2.728  2.957  2.119  0.000
  2.412  2.627  1.833  0.000
  2.278  2.478  1.739  0.000
  2.082  2.302  1.462  0.000
  2.102  2.319  1.492  0.000
  2.097  2.268  1.647  0.000
  2.082  2.282  1.532  0.000
  1.910  2.074  1.471  0.000
  1.779  1.970  1.238  0.000
  1.717  1.851  1.372  0.000
  1.548  1.676  1.212  0.000
  1.541  1.576  1.529  0.000
  1.381  1.340  1.622  0.000
  1.437  1.390  1.705  0.000
  1.607  1.512  2.056  0.000
  1.545  1.459  1.954  0.000
  1.629  1.514  2.151  0.000
  1.776  1.616  2.447  0.222
  1.710  1.580  2.265  0.330
  1.753  1.635  2.258  0.436
  1.714  1.643  2.074  0.108
  1.667  1.610  1.932  0.748
  1.829  1.795  2.056  0.318
  1.929  1.895  2.141  0.629
  1.844  1.864  1.868  0.519
  1.786  1.856  1.593  1.028
  1.789  1.793  1.803  1.425
  1.679  1.611  1.901  1.916
  1.434  1.418  1.505  1.198
  1.570  1.538  1.682  1.583
  1.701  1.626  1.953  1.862
  1.928  1.991  1.754  1.262
  2.114  2.253  1.642  1.923
  2.190  2.337  1.715  1.619
  2.010  2.103  1.712  1.604
  1.842  1.863  1.757  2.057
  1.837  1.823  1.906  1.575
  1.941  1.962  1.882  1.744
  2.055  2.124  1.858  1.456
  2.410  2.478  2.222  1.713
  2.381  2.472  2.042  2.680
  2.364  2.432  2.169  1.771
  2.262  2.373  1.868  2.369
  1.984  2.021  1.851  2.000
  1.767  1.731  1.835  2.586
  1.581  1.431  1.922  4.101
  1.432  1.331  1.688  2.795
  1.394  1.352  1.481  2.267
  1.512  1.445  1.682  2.413
  1.575  1.554  1.579  2.557
  1.546  1.551  1.478  2.290
  1.481  1.443  1.581  1.946
  1.404  1.368  1.470  2.251
  1.453  1.425  1.497  2.232
  1.494  1.500  1.473  1.502
  1.640  1.668  1.528  1.802
  1.609  1.637  1.504  1.709
  1.741  1.785  1.629  1.156
  1.794  1.873  1.523  1.757
  1.731  1.795  1.521  1.516
  1.701  1.738  1.573  1.728
  1.715  1.746  1.629  1.416
  1.713  1.765  1.526  1.774
  1.671  1.652  1.739  1.686
  1.682  1.692  1.621  2.036
  1.793  1.797  1.772  1.875
  1.951  1.939  1.957  2.433
  1.825  1.821  1.861  1.562
  1.793  1.823  1.690  1.760
  1.802  1.792  1.841  1.746
  1.749  1.689  1.940  2.010
  1.704  1.665  1.822  1.925
  1.643  1.528  2.012  2.114
  1.614  1.494  1.987  2.233
  1.602  1.495  1.942  2.081
  0.3980689E+03  0.3964229E+03
  0.000  0.000  0.000  0.000
  0.000  0.000  0.000  0.000
  0.000  0.000  0.000  0.000
  0.000  0.000  0.000  0.000
  0.000  0.000  0.000  0.000
  0.000  0.000  0.000  0.000
  0.000  0.000  0.000  0.000
  0.000  0.000  0.000  0.000
  0.000  0.000  0.000  0.000
  0.000  0.000  0.000  0.000
  0.000  0.000  0.000  0.000
  0.000  0.000  0.000  0.000
  0.000  0.000  0.000  0.000
  0.000  0.000  0.000  0.000
  0.000  0.000  0.000  0.000
  0.000  0.000  0.000  0.000
  0.000  0.000  0.000  0.000
  0.000  0.000  0.000  0.000
  0.000  0.000  0.000  0.000
  0.000  0.000  0.000  0.000
  0.000  0.000  0.000  0.000
  0.000  0.000  0.000  0.000
  0.000  0.000  0.000  0.000
  0.000  0.000  0.000  0.000
  0.000  0.000  0.000  0.000
  0.000  0.000  0.000  0.000
  0.000  0.000  0.000  0.000
  0.091  0.000  0.414  0.000
  0.422  0.000  1.927  0.000
  1.810  0.000  8.273  0.000
  5.227  0.000 23.893  0.000
  3.313  0.000 15.144  0.000
  0.648  0.000  2.964  0.000
  0.122  0.000  0.558  0.000
  0.000  0.000  0.000  0.000
  0.000  0.000  0.000  0.000
  0.000  0.000  0.000  0.000
  0.000  0.000  0.000  0.000
  0.046  0.060  0.000  0.000
  0.263  0.344  0.000  0.000
  2.797  3.654  0.000  0.000
  9.424 12.309  0.000  0.000
 17.213 22.482  0.000  0.000
 15.019 19.617  0.000  0.000
 12.796 16.713  0.000  0.000
 11.082 14.474  0.000  0.000
  9.945 12.989  0.000  0.000
  7.436  9.713  0.000  0.000
  6.376  8.328  0.000  0.000
  3.633  4.746  0.000  0.000
  2.739  3.578  0.000  0.000
  1.807  2.361  0.000  0.000
  1.242  1.623  0.000  0.000
  0.861  1.125  0.000  0.000
  0.507  0.663  0.000  0.000
  0.378  0.494  0.000  0.000
  0.279  0.364  0.000  0.000
  0.145  0.189  0.000  0.000
  0.140  0.183  0.000  0.000
  0.251  0.328  0.000  0.000
  0.561  0.733  0.000  0.000
  0.616  0.804  0.000  0.000
  0.912  1.191  0.000  0.000
  0.730  0.821  0.466  0.000
  0.593  0.645  0.452  0.000
  0.942  0.917  1.095  0.000
  1.409  1.153  2.407  0.000
  2.330  1.904  3.985  0.000
  2.846  2.364  4.737  0.000
  3.247  2.556  5.898  0.000
  3.293  2.088  7.748  0.000
  3.470  2.397  7.471  0.000
  2.840  2.161  5.420  0.000
  2.903  2.715  3.767  0.000
  3.159  3.368  2.651  0.000
  3.016  3.452  1.703  0.000
  3.253  3.898  1.230  0.000
  3.352  4.244  0.469  0.000
  3.823  4.921  0.254  0.000
  3.467  4.501  0.099  0.000
  3.509  4.583  0.000  0.000
  3.165  4.134  0.000  0.000
  3.361  4.337  0.184  0.000
  3.241  4.234  0.000  0.000
  4.153  5.324  0.307  0.614
  3.382  4.246  0.600  0.000
  2.691  3.335  0.418  2.929
  1.995  2.348  0.818  1.145
  1.486  1.542  1.359  0.560
  0.906  0.826  1.173  1.094
  0.937  0.633  1.988  1.070
  1.309  0.855  2.954  0.524
  1.457  1.014  2.927  2.561
  1.512  0.890  3.438  5.014
  1.442  1.092  2.524  3.436
  1.277  0.902  2.540  1.922
  1.258  0.864  2.454  3.765
  1.542  1.176  2.503  5.994
  1.419  1.088  2.420  3.614
  1.681  1.482  2.150  4.870
  1.878  1.638  2.573  3.906
  1.821  1.676  2.127  4.680
  2.158  2.222  1.877  2.920
  2.385  2.430  1.900  6.956
  2.408  2.613  1.519  4.816
  2.486  2.805  1.266  3.938
  2.463  2.689  1.601  3.478
  2.578  3.003  0.921  4.931
  2.659  3.100  0.957  4.840
  2.850  3.432  0.783  3.290
  3.270  3.971  0.872  2.513
  3.322  4.036  0.856  2.820
  3.404  4.127  0.668  6.234
  3.652  4.513  0.705  2.722
  3.792  4.653  0.788  3.678
  3.748  4.600  0.915  1.643
  3.653  4.534  0.623  2.906
  3.512  4.237  1.134  1.270
  2.882  3.300  1.471  2.185
  2.355  2.675  1.140  3.683
  2.387  2.624  1.574  2.113
  1.921  2.024  1.506  2.672
  1.889  1.937  1.711  2.045
  2.007  2.023  2.012  1.149
  2.169  2.193  2.161  1.131
  2.131  2.124  2.306  0.000
  2.187  2.191  2.250  1.096
  2.157  2.206  2.099  0.539
  2.522  2.579  2.446  0.796
  2.573  2.742  2.147  0.261
  2.465  2.584  2.224  0.000
  2.669  2.705  2.698  0.507
  2.563  2.736  2.086  0.749
  2.528  2.550  2.582  0.738
  2.639  2.680  2.631  0.727
  2.548  2.645  2.353  0.477
  2.760  2.928  2.319  0.706
  2.796  2.966  2.252  2.086
  2.706  3.054  1.632  0.685
  2.421  2.689  1.544  1.577
  2.598  2.805  1.903  2.220
  2.470  2.663  1.814  2.189
  2.600  2.828  1.896  1.295
  2.797  3.119  1.733  1.916
  3.313  3.744  1.859  2.519
  3.655  4.158  1.878  3.934
  3.641  4.168  1.940  1.634
  3.230  3.655  1.756  3.022
  2.807  3.184  1.547  1.988
  2.706  3.070  1.457  2.353
  2.582  2.847  1.645  2.709
  2.659  2.997  1.446  3.055
  2.533  2.815  1.615  1.508
  2.532  2.813  1.528  2.790
  2.482  2.788  1.390  2.754
  2.331  2.634  1.321  1.631
  2.444  2.805  1.278  1.074
  2.220  2.416  1.578  1.590
  2.105  2.343  1.371  0.698
  1.841  2.004  1.268  1.895
  1.757  1.917  1.240  1.191
  1.686  1.728  1.536  1.680
  1.463  1.477  1.458  0.830
  1.545  1.533  1.558  1.968
  1.422  1.441  1.411  0.648
  1.240  1.097  1.783  0.640
  1.206  1.091  1.626  0.949
  1.174  1.033  1.707  0.625
  1.397  1.207  2.161  0.000
  1.332  1.183  1.929  0.305
  1.578  1.468  2.035  0.603
  1.728  1.682  2.001  0.149
  1.906  1.981  1.768  0.147
  2.011  2.074  1.903  0.437
  1.837  1.912  1.696  0.144
  2.157  2.355  1.606  0.142
  2.407  2.696  1.568  0.000
  2.304  2.603  1.421  0.000
  2.528  2.838  1.621  0.000
  2.710  3.073  1.632  0.000
  2.760  3.166  1.528  0.135
  2.661  3.044  1.502  0.133
  2.439  2.704  1.683  0.000
  2.251  2.364  2.018  0.000
  2.177  2.383  1.609  0.000
  2.195  2.340  1.847  0.000
  2.130  2.307  1.665  0.000
  2.055  2.252  1.514  0.000
  1.902  2.001  1.692  0.000
  1.796  1.933  1.447  0.000
  1.663  1.760  1.441  0.000
  1.543  1.627  1.357  0.000
  1.641  1.714  1.504  0.000
  1.553  1.574  1.589  0.000
  1.405  1.362  1.647  0.116
  1.552  1.467  1.950  0.115
  1.575  1.466  2.051  0.227
  1.536  1.454  1.926  0.112
  1.502  1.371  2.058  0.111
  1.690  1.522  2.399  0.000
  1.610  1.529  1.986  0.327
  1.624  1.553  1.951  0.540
  1.809  1.701  2.275  0.534
  1.801  1.698  2.238  0.741
  1.923  1.929  1.954  1.153
  1.837  1.875  1.809  0.415
  1.892  1.936  1.791  1.131
  1.791  1.843  1.672  0.916
  1.660  1.683  1.577  1.714
  1.612  1.590  1.655  2.097
  1.536  1.476  1.773  1.187
  1.712  1.706  1.743  1.568
  1.878  1.914  1.782  1.456
  2.096  2.249  1.607  1.442
  2.000  2.074  1.810  1.048
  2.072  2.148  1.854  1.416
  1.915  1.947  1.823  1.683
  2.021  2.074  1.873  1.482
  1.980  2.059  1.744  1.377
  2.126  2.163  1.969  2.547
  2.235  2.314  1.990  1.803
  2.355  2.487  1.895  2.323
  2.328  2.455  1.935  1.594
  2.235  2.321  1.987  1.492
  1.920  1.911  1.895  2.696
  1.778  1.713  1.872  3.620
  1.626  1.506  1.989  2.392
  1.526  1.431  1.748  3.049
  1.501  1.377  1.877  2.267
  1.495  1.396  1.753  2.746
  1.555  1.480  1.780  2.062
  1.494  1.445  1.601  2.372
  1.499  1.451  1.680  1.297
  1.452  1.480  1.344  1.608
  1.476  1.451  1.509  2.232
  1.509  1.558  1.304  1.976
  1.479  1.502  1.388  1.646
  1.589  1.681  1.221  2.253
  1.711  1.749  1.585  1.618
  1.631  1.701  1.392  1.528
  1.767  1.831  1.570  1.364
  1.643  1.629  1.669  1.954
  1.742  1.777  1.613  1.863
  1.757  1.752  1.785  1.626
  1.706  1.727  1.660  1.320
  1.752  1.806  1.569  1.673
  1.886  1.908  1.783  2.236
  1.849  1.884  1.717  2.003
  1.896  1.837  2.003  3.336
  1.777  1.747  1.836  2.394
  1.853  1.788  2.056  2.235
  1.803  1.772  1.911  1.802
  1.744  1.668  1.979  2.200
  1.643  1.574  1.895  1.501
  1.516  1.422  1.788  2.301
  1.498  1.436  1.693  1.813
  0.3957470E+03  0.3940551E+03
  0.000  0.000  0.000  0.000
  0.000  0.000  0.000  0.000
  0.000  0.000  0.000  0.000
  0.000  0.000  0.000  0.000
  0.000  0.000  0.000  0.000
  0.000  0.000  0.000  0.000
  0.000  0.000  0.000  0.000
  0.000  0.000  0.000  0.000
  0.000  0.000  0.000  0.000
  0.000  0.000  0.000  0.000
  0.000  0.000  0.000  0.000
  0.000  0.000  0.000  0.000
  0.000  0.000  0.000  0.000
  0.000  0.000  0.000  0.000
  0.000  0.000  0.000  0.000
  0.000  0.000  0.000  0.000
  0.000  0.000  0.000  0.000
  0.000  0.000  0.000  0.000
  0.000  0.000  0.000  0.000
  0.000  0.000  0.000  0.000
  0.000  0.000  0.000  0.000
  0.000  0.000  0.000  0.000
  0.000  0.000  0.000  0.000
  0.000  0.000  0.000  0.000
  0.000  0.000  0.000  0.000
  0.000  0.000  0.000  0.000
  0.000  0.000  0.000  0.000
  0.000  0.000  0.000  0.000
  0.253  0.000  1.156  0.000
  1.810  0.000  8.273  0.000
  5.815  0.000 26.585  0.000
  3.106  0.000 14.197  0.000
  0.454  0.000  2.075  0.000
  0.183  0.000  0.837  0.000
  0.000  0.000  0.000  0.000
  0.000  0.000  0.000  0.000
  0.000  0.000  0.000  0.000
  0.000  0.000  0.000  0.000
  0.000  0.000  0.000  0.000
  0.395  0.516  0.000  0.000
  3.090  4.035  0.000  0.000
  8.708 11.374  0.000  0.000
 17.289 22.581  0.000  0.000
 15.309 19.995  0.000  0.000
 12.450 16.261  0.000  0.000
 11.280 14.733  0.000  0.000
  9.502 12.410  0.000  0.000
  8.863 11.576  0.000  0.000
  6.521  8.518  0.000  0.000
  4.136  5.403  0.000  0.000
  2.256  2.946  0.000  0.000
  1.472  1.922  0.000  0.000
  0.820  1.071  0.000  0.000
  0.622  0.813  0.000  0.000
  0.623  0.813  0.000  0.000
  0.289  0.378  0.000  0.000
  0.215  0.280  0.000  0.000
  0.249  0.325  0.000  0.000
  0.200  0.261  0.000  0.000
  0.290  0.354  0.088  0.000
  0.730  0.953  0.000  0.000
  0.688  0.899  0.000  0.000
  0.701  0.916  0.000  0.000
  0.560  0.688  0.155  0.000
  0.642  0.688  0.527  0.000
  0.766  0.709  1.022  0.000
  1.347  1.193  1.982  0.000
  2.194  1.767  3.848  0.000
  2.948  2.421  5.004  0.000
  3.658  2.778  7.000  0.000
  3.279  2.394  6.614  0.000
  3.537  2.432  7.655  0.000
  2.958  2.144  6.016  0.000
  2.890  2.666  3.883  0.000
  3.146  3.320  2.764  0.000
  3.028  3.546  1.428  0.000
  3.089  3.760  0.963  0.000
  3.637  4.661  0.313  0.000
  3.623  4.645  0.305  0.000
  3.294  4.260  0.149  0.000
  3.519  4.527  0.242  0.000
  3.454  4.498  0.047  0.000
  3.330  4.324  0.092  0.000
  4.273  5.427  0.494  0.629
  3.357  4.297  0.219  1.228
  3.382  4.221  0.557  1.799
  2.682  3.359  0.418  1.172
  1.905  2.080  1.309  1.717
  1.312  1.473  0.799  0.560
  1.094  0.771  2.032  3.830
  1.037  0.568  2.599  2.141
  1.088  0.566  2.767  3.141
  1.473  1.108  2.561  4.098
  1.410  1.013  2.507  5.515
  1.679  1.302  2.840  3.926
  1.352  1.108  2.060  3.364
  1.368  1.114  2.118  3.295
  1.412  1.091  2.470  2.305
  1.525  1.180  2.420  5.873
  1.716  1.617  2.024  2.214
  1.831  1.612  2.294  6.075
  2.021  1.849  2.492  3.829
  2.255  2.154  2.533  3.337
  2.385  2.321  2.484  4.092
  2.414  2.588  1.691  4.014
  2.541  2.837  1.491  2.757
  2.331  2.666  1.159  2.319
  2.613  3.135  0.813  2.276
  2.810  3.404  0.745  2.606
  3.159  3.864  0.679  3.290
  3.023  3.751  0.590  1.436
  3.421  4.223  0.655  2.820
  3.663  4.594  0.519  2.078
  3.615  4.486  0.583  3.402
  3.625  4.530  0.454  3.678
  3.763  4.606  0.751  4.600
  3.502  4.251  1.015  1.615
  3.125  3.725  0.998  3.492
  2.921  3.414  1.182  3.121
  2.254  2.618  1.052  1.228
  2.108  2.255  1.552  2.717
  2.064  2.187  1.569  2.969
  1.958  1.997  1.857  1.460
  2.043  2.041  2.053  2.012
  2.063  2.072  2.121  0.848
  2.196  2.249  2.107  0.835
  2.448  2.381  2.719  1.917
  2.587  2.608  2.638  0.809
  2.671  2.806  2.351  0.531
  2.479  2.560  2.259  1.568
  2.449  2.484  2.463  0.515
  2.467  2.426  2.734  0.760
  2.344  2.425  2.211  0.250
  2.598  2.645  2.547  0.984
  2.612  2.635  2.682  0.485
  2.824  2.928  2.643  0.239
  2.775  3.010  2.117  0.470
  2.800  3.080  1.921  1.391
  2.735  2.998  1.877  1.828
  2.671  2.969  1.770  0.676
  2.651  2.791  2.220  1.776
  2.586  2.819  1.829  1.751
  2.361  2.546  1.758  1.727
  2.634  2.806  1.916  4.257
  2.972  3.316  1.829  2.099
  3.568  4.128  1.715  2.070
  3.590  4.159  1.707  2.042
  3.434  3.984  1.525  3.223
  3.087  3.464  1.689  4.174
  2.795  3.150  1.625  1.765
  2.543  2.879  1.368  2.516
  2.450  2.806  1.214  2.292
  2.538  2.912  1.225  2.639
  2.497  2.927  1.023  2.046
  2.367  2.777  0.984  1.653
  2.368  2.745  1.113  1.450
  2.463  2.834  1.214  1.790
  2.076  2.319  1.237  1.944
  2.077  2.250  1.471  2.094
  1.922  2.078  1.378  1.895
  1.717  1.771  1.580  1.021
  1.717  1.684  1.873  1.176
  1.559  1.501  1.778  1.328
  1.540  1.526  1.628  0.984
  1.382  1.276  1.782  0.972
  1.305  1.189  1.772  0.480
  1.223  1.026  1.942  0.791
  1.357  1.154  2.109  0.781
  1.322  1.131  2.051  0.463
  1.657  1.522  2.179  0.915
  1.699  1.588  2.186  0.302
  1.781  1.764  1.969  0.000
  1.823  1.807  2.010  0.000
  1.927  1.997  1.799  0.291
  1.959  2.118  1.542  0.000
  2.088  2.288  1.535  0.000
  2.234  2.455  1.608  0.141
  2.450  2.740  1.610  0.000
  2.594  2.962  1.494  0.000
  2.689  2.998  1.798  0.000
  2.602  2.916  1.691  0.000
  2.617  2.938  1.682  0.000
  2.424  2.592  2.012  0.000
  2.188  2.433  1.488  0.000
  2.155  2.362  1.582  0.000
  2.265  2.462  1.738  0.000
  2.095  2.330  1.422  0.000
  1.969  2.163  1.434  0.000
  1.873  2.016  1.507  0.000
  1.774  1.945  1.299  0.000
  1.647  1.760  1.354  0.242
  1.599  1.722  1.281  0.000
  1.506  1.617  1.225  0.000
  1.445  1.469  1.463  0.000
  1.481  1.497  1.531  0.000
  1.559  1.460  2.007  0.115
  1.642  1.501  2.246  0.114
  1.643  1.539  2.127  0.000
  1.674  1.632  1.915  0.334
  1.712  1.535  2.446  0.110
  1.763  1.658  2.235  0.327
  1.815  1.652  2.498  0.216
  1.759  1.677  2.130  0.534
  1.779  1.728  2.049  0.529
  1.901  1.876  2.081  0.629
  1.918  1.925  1.979  0.727
  1.754  1.745  1.865  0.617
  1.848  1.872  1.781  1.629
  1.567  1.560  1.628  1.109
  1.528  1.492  1.676  1.198
  1.558  1.524  1.653  1.879
  1.762  1.722  1.911  1.666
  1.876  1.919  1.761  1.359
  2.021  2.070  1.813  2.500
  2.048  2.177  1.599  2.000
  2.045  2.086  1.921  1.793
  1.888  1.922  1.790  1.590
  1.852  1.783  2.078  2.038
  2.011  2.074  1.803  1.836
  2.089  2.181  1.813  1.456
  2.226  2.340  1.874  1.533
  2.402  2.527  1.959  2.501
  2.301  2.421  1.929  1.594
  2.317  2.382  2.112  2.018
  1.999  2.036  1.857  2.174
  1.775  1.722  1.865  3.103
  1.593  1.552  1.599  3.503
  1.512  1.402  1.784  3.133
  1.445  1.348  1.715  2.434
  1.372  1.325  1.468  2.330
  1.538  1.471  1.709  2.392
  1.555  1.564  1.501  1.881
  1.557  1.536  1.558  2.595
  1.460  1.427  1.533  2.010
  1.517  1.565  1.344  1.594
  1.504  1.535  1.327  2.450
  1.620  1.612  1.606  2.194
  1.629  1.618  1.671  1.632
  1.645  1.681  1.503  1.849
  1.661  1.684  1.599  1.375
  1.720  1.789  1.499  1.440
  1.691  1.709  1.648  1.428
  1.746  1.764  1.650  2.161
  1.772  1.789  1.758  1.109
  1.786  1.822  1.686  1.393
  1.626  1.662  1.496  1.673
  1.770  1.771  1.742  2.092
  1.884  1.904  1.819  1.789
  1.834  1.860  1.749  1.774
  1.904  1.887  1.977  1.760
  1.847  1.805  2.006  1.676
  1.729  1.696  1.836  1.871
  1.683  1.612  1.920  1.856
  1.612  1.555  1.817  1.569
  1.549  1.431  1.967  1.489
  1.516  1.455  1.765  1.007
  0.3987758E+03  0.3979195E+03
  0.000  0.000  0.000  0.000
  0.000  0.000  0.000  0.000
  0.000  0.000  0.000  0.000
  0.000  0.000  0.000  0.000
  0.000  0.000  0.000  0.000
  0.000  0.000  0.000  0.000
  0.000  0.000  0.000  0.000
  0.000  0.000  0.000  0.000
  0.000  0.000  0.000  0.000
  0.000  0.000  0.000  0.000
  0.000  0.000  0.000  0.000
  0.000  0.000  0.000  0.000
  0.000  0.000  0.000  0.000
  0.000  0.000  0.000  0.000
  0.000  0.000  0.000  0.000
  0.000  0.000  0.000  0.000
  0.000  0.000  0.000  0.000
  0.000  0.000  0.000  0.000
  0.000  0.000  0.000  0.000
  0.000  0.000  0.000  0.000
  0.000  0.000  0.000  0.000
  0.000  0.000  0.000  0.000
  0.000  0.000  0.000  0.000
  0.000  0.000  0.000  0.000
  0.000  0.000  0.000  0.000
  0.000  0.000  0.000  0.000
  0.000  0.000  0.000  0.000
  0.091  0.000  0.414  0.000
  0.337  0.000  1.542  0.000
  1.574  0.000  7.194  0.000
  6.110  0.000 27.931  0.000
  2.830  0.000 12.935  0.000
  0.519  0.000  2.371  0.000
  0.061  0.000  0.279  0.000
  0.115  0.000  0.526  0.000
  0.000  0.000  0.000  0.000
  0.000  0.000  0.000  0.000
  0.000  0.000  0.000  0.000
  0.046  0.060  0.000  0.000
  0.614  0.803  0.000  0.000
  2.964  3.872  0.000  0.000
  9.662 12.620  0.000  0.000
 16.151 21.095  0.000  0.000
 15.453 20.184  0.000  0.000
 12.726 16.622  0.000  0.000
  9.725 12.702  0.000  0.000
 10.103 13.196  0.000  0.000
  8.499 11.100  0.000  0.000
  6.463  8.442  0.000  0.000
  4.528  5.914  0.000  0.000
  2.605  3.402  0.000  0.000
  1.523  1.990  0.000  0.000
  1.168  1.525  0.000  0.000
  0.622  0.813  0.000  0.000
  0.392  0.512  0.000  0.000
  0.245  0.319  0.000  0.000
  0.300  0.392  0.000  0.000
  0.083  0.108  0.000  0.000
  0.300  0.392  0.000  0.000
  0.310  0.404  0.000  0.000
  0.486  0.635  0.000  0.000
  0.616  0.804  0.000  0.000
  0.754  0.985  0.000  0.000
  0.764  0.976  0.078  0.000
  0.560  0.688  0.151  0.000
  0.814  0.730  1.168  0.000
  1.223  0.991  2.124  0.000
  2.390  1.924  4.191  0.000
  2.992  2.383  5.338  0.000
  3.644  3.018  6.093  0.000
  3.527  2.466  7.496  0.000
  3.443  2.380  7.410  0.000
  3.010  2.059  6.552  0.000
  2.878  2.550  4.230  0.000
  2.789  3.062  2.031  0.000
  3.196  3.735  1.538  0.000
  3.160  3.913  0.749  0.000
  3.250  4.140  0.365  0.000
  3.479  4.471  0.254  0.000
  3.392  4.401  0.099  0.000
  3.699  4.817  0.048  0.000
  3.578  4.646  0.094  0.000
  3.491  4.508  0.184  0.000
  3.536  4.567  0.180  0.000
  3.472  4.510  0.088  0.000
  3.251  4.148  0.343  0.000
  2.764  3.479  0.418  0.586
  1.861  2.220  0.736  0.000
  1.259  1.325  1.079  0.560
  0.932  0.826  1.290  1.094
  0.911  0.601  1.949  1.605
  1.268  0.919  2.431  2.094
  1.497  0.930  3.476  1.537
  1.488  1.156  2.578  2.507
  1.649  1.142  3.190  4.908
  1.307  0.932  2.437  3.845
  1.287  0.980  2.219  3.295
  1.506  1.176  2.503  3.689
  1.602  1.318  2.452  3.614
  1.757  1.355  2.941  4.870
  1.736  1.568  2.232  3.038
  1.968  1.719  2.553  5.956
  1.858  1.796  1.758  6.258
  2.250  2.371  1.578  5.728
  2.471  2.687  1.663  3.211
  2.547  2.773  1.603  4.725
  2.427  2.721  1.159  5.796
  2.436  2.810  0.975  4.551
  2.682  3.184  0.824  4.095
  3.096  3.693  0.966  3.655
  3.539  4.300  0.897  3.231
  3.961  4.806  0.881  5.641
  3.496  4.276  0.668  4.848
  3.620  4.395  0.802  5.104
  3.719  4.544  0.955  2.006
  3.614  4.345  1.150  2.300
  3.608  4.403  0.761  4.521
  3.110  3.719  0.975  3.175
  2.795  3.147  1.650  1.561
  2.571  2.931  1.381  1.535
  2.113  2.316  1.294  3.622
  1.990  2.139  1.527  1.188
  1.862  1.961  1.627  0.292
  1.765  1.754  1.847  1.149
  2.085  1.968  2.626  0.283
  2.087  2.192  1.809  0.835
  2.465  2.560  2.289  0.274
  2.511  2.581  2.407  0.539
  2.501  2.633  2.218  0.000
  2.418  2.534  2.147  0.523
  2.513  2.668  2.151  0.000
  2.444  2.504  2.408  0.000
  2.461  2.553  2.283  0.499
  2.467  2.499  2.512  0.246
  2.794  2.932  2.475  0.485
  2.824  2.991  2.404  0.477
  2.760  2.885  2.403  1.647
  2.706  2.933  2.037  0.927
  2.488  2.793  1.534  0.914
  2.597  2.933  1.561  0.676
  2.540  2.732  1.967  1.110
  2.493  2.752  1.595  2.408
  2.587  2.771  1.881  3.454
  2.647  2.958  1.596  2.128
  3.221  3.714  1.589  1.889
  3.617  4.052  2.159  2.691
  3.733  4.280  1.896  2.655
  3.299  3.676  2.000  3.022
  3.165  3.586  1.689  3.180
  2.672  2.938  1.681  3.530
  2.640  2.938  1.617  2.322
  2.578  2.911  1.446  2.101
  2.432  2.765  1.319  1.696
  2.564  2.870  1.568  1.488
  2.419  2.713  1.351  2.938
  2.436  2.734  1.437  1.813
  2.421  2.681  1.559  1.790
  2.308  2.575  1.325  3.004
  2.200  2.346  1.707  1.919
  1.882  1.916  1.760  1.895
  1.741  1.844  1.446  0.851
  1.617  1.636  1.572  1.344
  1.476  1.531  1.340  0.664
  1.381  1.362  1.476  0.984
  1.202  1.200  1.215  1.134
  1.295  1.208  1.623  0.960
  1.245  1.152  1.626  0.474
  1.216  1.039  1.864  0.781
  1.368  1.185  2.062  0.617
  1.414  1.317  1.820  0.458
  1.602  1.517  2.003  0.151
  1.742  1.740  1.863  0.149
  1.795  1.855  1.715  0.000
  1.872  1.946  1.737  0.146
  2.004  2.168  1.573  0.000
  2.232  2.463  1.586  0.000
  2.179  2.392  1.588  0.000
  2.406  2.691  1.580  0.000
  2.648  3.026  1.513  0.000
  2.797  3.223  1.506  0.000
  2.737  3.067  1.778  0.000
  2.701  2.973  1.939  0.000
  2.338  2.562  1.720  0.000
  2.304  2.505  1.767  0.000
  2.201  2.394  1.683  0.000
  2.096  2.293  1.556  0.000
  2.126  2.261  1.809  0.000
  1.960  2.178  1.336  0.000
  1.924  2.034  1.674  0.000
  1.869  2.057  1.343  0.000
  1.812  1.932  1.518  0.000
  1.617  1.656  1.596  0.000
  1.539  1.564  1.563  0.000
  1.498  1.517  1.539  0.000
  1.365  1.345  1.514  0.232
  1.509  1.435  1.876  0.000
  1.548  1.406  2.141  0.227
  1.657  1.527  2.215  0.225
  1.559  1.430  2.106  0.222
  1.595  1.450  2.203  0.220
  1.613  1.491  2.134  0.327
  1.559  1.423  2.120  0.324
  1.710  1.651  1.993  0.641
  1.826  1.842  1.860  0.529
  1.937  1.949  1.999  0.524
  1.978  1.983  2.039  0.934
  1.815  1.869  1.681  1.028
  1.745  1.805  1.571  1.222
  1.673  1.634  1.851  1.109
  1.540  1.510  1.662  1.298
  1.549  1.554  1.547  1.286
  1.739  1.776  1.659  1.078
  1.861  1.925  1.636  1.844
  2.079  2.178  1.751  1.827
  2.219  2.315  1.905  1.905
  2.088  2.142  1.881  2.359
  1.832  1.843  1.797  1.777
  1.896  1.887  1.959  1.482
  2.004  2.018  2.000  1.377
  2.070  2.128  1.884  1.819
  2.283  2.427  1.842  1.442
  2.349  2.469  2.004  1.340
  2.331  2.428  2.030  1.771
  2.291  2.385  1.974  2.106
  2.006  2.023  1.907  2.522
  1.811  1.778  1.921  1.896
  1.655  1.555  1.880  3.417
  1.515  1.431  1.760  2.202
  1.464  1.359  1.751  2.602
  1.480  1.357  1.843  2.413
  1.527  1.490  1.567  2.805
  1.513  1.439  1.741  1.963
  1.574  1.577  1.517  2.189
  1.418  1.419  1.355  2.251
  1.411  1.376  1.526  1.514
  1.378  1.385  1.293  2.213
  1.478  1.505  1.377  1.567
  1.532  1.540  1.476  1.943
  1.577  1.635  1.321  2.312
  1.784  1.835  1.583  2.063
  1.803  1.864  1.618  1.440
  1.730  1.811  1.465  1.428
  1.721  1.764  1.586  1.491
  1.659  1.684  1.563  1.774
  1.750  1.743  1.770  1.833
  1.791  1.842  1.621  1.673
  1.870  1.850  1.917  2.164
  1.893  1.863  1.978  2.147
  1.899  1.900  1.886  1.987
  1.850  1.826  1.901  2.324
  1.795  1.731  1.976  2.445
  1.739  1.696  1.802  2.980
  1.734  1.651  1.979  2.337
  1.676  1.617  1.788  3.001
  1.572  1.450  1.938  2.436
  1.587  1.495  1.928  1.343
  0.3966398E+03  0.3962747E+03
  0.000  0.000  0.000  0.000
  0.000  0.000  0.000  0.000
  0.000  0.000  0.000  0.000
  0.000  0.000  0.000  0.000
  0.000  0.000  0.000  0.000
  0.000  0.000  0.000  0.000
  0.000  0.000  0.000  0.000
  0.000  0.000  0.000  0.000
  0.000  0.000  0.000  0.000
  0.000  0.000  0.000  0.000
  0.000  0.000  0.000  0.000
  0.000  0.000  0.000  0.000
  0.000  0.000  0.000  0.000
  0.000  0.000  0.000  0.000
  0.000  0.000  0.000  0.000
  0.000  0.000  0.000  0.000
  0.000  0.000  0.000  0.000
  0.000  0.000  0.000  0.000
  0.000  0.000  0.000  0.000
  0.000  0.000  0.000  0.000
  0.000  0.000  0.000  0.000
  0.000  0.000  0.000  0.000
  0.000  0.000  0.000  0.000
  0.000  0.000  0.000  0.000
  0.000  0.000  0.000  0.000
  0.000  0.000  0.000  0.000
  0.000  0.000  0.000  0.000
  0.091  0.000  0.414  0.000
  0.169  0.000  0.771  0.000
  1.731  0.000  7.914  0.000
  6.184  0.000 28.267  0.000
  2.830  0.000 12.935  0.000
  0.454  0.000  2.075  0.000
  0.122  0.000  0.558  0.000
  0.058  0.000  0.263  0.000
  0.000  0.000  0.000  0.000
  0.000  0.000  0.000  0.000
  0.000  0.000  0.000  0.000
  0.000  0.000  0.000  0.000
  0.395  0.516  0.000  0.000
  2.589  3.381  0.000  0.000
  9.941 12.984  0.000  0.000
 16.872 22.036  0.000  0.000
 14.657 19.144  0.000  0.000
 13.211 17.255  0.000  0.000
 10.255 13.394  0.000  0.000
 10.388 13.568  0.000  0.000
  8.529 11.140  0.000  0.000
  5.997  7.833  0.000  0.000
  4.276  5.585  0.000  0.000
  2.471  3.227  0.000  0.000
  1.730  2.260  0.000  0.000
  1.143  1.493  0.000  0.000
  0.742  0.969  0.000  0.000
  0.392  0.512  0.000  0.000
  0.289  0.378  0.000  0.000
  0.150  0.196  0.000  0.000
  0.166  0.216  0.000  0.000
  0.200  0.261  0.000  0.000
  0.251  0.328  0.000  0.000
  0.580  0.758  0.000  0.000
  0.742  0.970  0.000  0.000
  0.754  0.962  0.080  0.000
  0.493  0.643  0.000  0.000
  0.560  0.624  0.376  0.000
  0.990  1.126  0.584  0.000
  1.146  0.971  1.841  0.000
  1.999  1.492  3.917  0.000
  3.298  2.688  5.671  0.000
  3.700  2.667  7.583  0.000
  3.334  2.160  7.685  0.000
  3.604  2.362  8.206  0.000
  2.932  2.433  4.884  0.000
  3.309  3.196  3.941  0.000
  3.134  3.336  2.651  0.000
  2.980  3.468  1.428  0.769
  3.031  3.806  0.481  0.749
  3.329  4.229  0.365  0.730
  3.512  4.529  0.203  0.000
  3.641  4.727  0.099  0.000
  3.181  4.127  0.097  0.000
  3.217  4.175  0.047  0.660
  3.592  4.652  0.138  0.000
  3.909  5.016  0.314  0.000
  3.721  4.698  0.526  0.614
  3.335  4.185  0.600  0.000
  2.563  3.108  0.795  0.586
  2.129  2.383  1.349  0.572
  1.408  1.428  1.319  1.679
  0.846  0.715  1.251  1.642
  1.070  0.688  2.332  2.141
  1.129  0.641  2.692  3.141
  1.377  0.941  2.525  6.659
  1.528  1.064  3.080  2.507
  1.534  1.222  2.524  2.945
  1.644  1.295  2.403  8.170
  1.471  1.181  2.152  6.119
  1.419  1.139  2.174  4.611
  1.553  1.281  2.388  3.162
  1.556  1.292  2.308  3.984
  1.885  1.692  2.511  2.604
  1.921  1.763  2.370  3.404
  2.229  2.197  2.354  2.086
  2.231  2.213  2.133  4.501
  2.477  2.621  1.777  5.218
  2.418  2.716  1.238  4.332
  2.470  2.744  1.463  3.091
  2.465  2.972  0.759  1.517
  2.961  3.594  0.824  1.862
  3.096  3.864  0.522  1.462
  3.270  4.014  0.641  3.590
  3.261  4.094  0.403  2.468
  3.512  4.276  0.816  3.809
  3.445  4.256  0.608  3.402
  3.620  4.483  0.645  3.009
  3.830  4.720  0.821  2.300
  3.749  4.607  0.853  2.261
  3.135  3.842  0.748  1.905
  2.843  3.319  1.249  1.873
  2.431  2.725  1.425  2.148
  2.179  2.427  1.337  1.811
  1.958  1.994  1.803  2.375
  1.976  2.122  1.544  0.876
  2.047  2.058  2.114  0.575
  2.054  2.054  2.080  1.697
  2.270  2.283  2.266  1.670
  2.298  2.269  2.387  2.465
  2.464  2.476  2.446  2.157
  2.563  2.660  2.275  1.858
  2.524  2.566  2.520  0.523
  2.710  2.784  2.592  0.772
  2.356  2.333  2.517  1.267
  2.590  2.614  2.639  0.749
  2.747  2.801  2.740  0.246
  2.760  2.779  2.804  1.211
  2.611  2.694  2.455  0.716
  2.753  2.938  2.235  0.941
  2.550  2.730  2.004  1.391
  2.628  2.910  1.665  2.285
  2.597  2.841  1.866  0.901
  2.605  2.859  1.808  1.332
  2.353  2.560  1.704  1.313
  2.519  2.709  1.912  1.727
  2.913  3.223  1.779  3.618
  3.126  3.556  1.694  2.099
  3.675  4.204  1.878  2.899
  3.654  4.255  1.721  1.225
  3.384  3.865  1.698  3.425
  2.866  3.213  1.689  2.385
  2.644  3.018  1.387  1.961
  2.428  2.828  1.078  1.742
  2.608  2.962  1.446  1.528
  2.418  2.785  1.198  1.508
  2.584  2.935  1.422  1.674
  2.436  2.709  1.377  3.856
  2.379  2.719  1.152  2.900
  2.366  2.757  1.035  1.790
  2.286  2.560  1.376  1.590
  2.140  2.343  1.483  1.396
  1.715  1.818  1.341  1.895
  1.757  1.813  1.483  2.892
  1.649  1.680  1.572  1.176
  1.572  1.582  1.589  0.830
  1.499  1.469  1.663  0.656
  1.394  1.309  1.759  0.486
  1.420  1.228  2.115  1.120
  1.240  1.091  1.841  0.158
  1.391  1.227  2.009  0.781
  1.329  1.125  2.106  0.463
  1.557  1.426  2.103  0.305
  1.607  1.523  1.971  0.603
  1.779  1.712  2.097  0.596
  1.837  1.861  1.883  0.000
  2.007  2.083  1.872  0.146
  2.017  2.200  1.522  0.000
  2.052  2.210  1.637  0.142
  2.271  2.466  1.739  0.141
  2.465  2.743  1.659  0.139
  2.756  3.105  1.729  0.000
  2.763  3.132  1.671  0.000
  2.615  2.954  1.614  0.000
  2.464  2.710  1.777  0.000
  2.264  2.471  1.701  0.000
  2.170  2.372  1.618  0.000
  2.189  2.431  1.499  0.000
  2.257  2.475  1.656  0.000
  2.119  2.309  1.602  0.000
  2.022  2.219  1.478  0.000
  1.845  2.004  1.419  0.000
  1.709  1.838  1.377  0.000
  1.636  1.767  1.294  0.000
  1.656  1.766  1.392  0.000
  1.547  1.637  1.343  0.000
  1.496  1.500  1.589  0.000
  1.450  1.352  1.879  0.232
  1.545  1.505  1.778  0.229
  1.644  1.554  2.051  0.341
  1.610  1.523  2.031  0.000
  1.636  1.541  2.058  0.334
  1.645  1.483  2.328  0.000
  1.779  1.662  2.297  0.218
  1.773  1.648  2.298  0.540
  1.737  1.608  2.260  0.748
  1.854  1.814  2.079  0.635
  1.967  1.978  2.029  0.524
  1.915  1.930  1.950  0.727
  1.815  1.814  1.865  1.131
  1.732  1.770  1.709  0.204
  1.681  1.607  1.872  2.621
  1.562  1.549  1.605  1.598
  1.604  1.591  1.667  1.385
  1.629  1.614  1.701  1.372
  1.872  1.941  1.650  1.553
  2.063  2.117  1.889  1.827
  2.026  2.092  1.892  0.667
  1.995  2.044  1.834  1.888
  1.815  1.817  1.797  1.964
  1.978  2.006  1.873  2.038
  2.041  2.023  2.125  1.744
  2.175  2.245  1.904  2.547
  2.224  2.381  1.681  2.164
  2.353  2.480  1.908  2.412
  2.400  2.551  1.922  1.682
  2.139  2.263  1.711  2.018
  1.989  2.014  1.832  2.957
  1.758  1.727  1.804  2.586
  1.625  1.484  2.044  2.648
  1.397  1.296  1.639  2.964
  1.396  1.276  1.691  3.106
  1.541  1.440  1.795  2.913
  1.531  1.517  1.597  1.320
  1.509  1.497  1.513  2.045
  1.499  1.501  1.477  1.703
  1.453  1.480  1.309  2.171
  1.543  1.545  1.475  2.391
  1.574  1.576  1.581  1.423
  1.606  1.596  1.623  1.881
  1.570  1.597  1.476  1.554
  1.674  1.723  1.508  1.541
  1.792  1.853  1.605  1.452
  1.725  1.772  1.559  1.743
  1.788  1.821  1.686  1.653
  1.690  1.684  1.720  1.565
  1.738  1.761  1.674  1.552
  1.662  1.655  1.723  1.173
  1.742  1.765  1.610  2.473
  1.791  1.814  1.700  1.948
  1.831  1.863  1.727  1.717
  1.881  1.863  1.977  1.420
  1.777  1.756  1.836  1.971
  1.803  1.809  1.786  1.746
  1.788  1.725  1.970  2.287
  1.627  1.543  1.915  1.719
  1.658  1.605  1.861  1.432
  1.577  1.504  1.822  1.692
  1.547  1.496  1.712  1.746
  0.3997917E+03  0.3990205E+03
  0.000  0.000  0.000  0.000
  0.000  0.000  0.000  0.000
  0.000  0.000  0.000  0.000
  0.000  0.000  0.000  0.000
  0.000  0.000  0.000  0.000
  0.000  0.000  0.000  0.000
  0.000  0.000  0.000  0.000
  0.000  0.000  0.000  0.000
  0.000  0.000  0.000  0.000
  0.000  0.000  0.000  0.000
  0.000  0.000  0.000  0.000
  0.000  0.000  0.000  0.000
  0.000  0.000  0.000  0.000
  0.000  0.000  0.000  0.000
  0.000  0.000  0.000  0.000
  0.000  0.000  0.000  0.000
  0.000  0.000  0.000  0.000
  0.000  0.000  0.000  0.000
  0.000  0.000  0.000  0.000
  0.000  0.000  0.000  0.000
  0.000  0.000  0.000  0.000
  0.000  0.000  0.000  0.000
  0.000  0.000  0.000  0.000
  0.000  0.000  0.000  0.000
  0.000  0.000  0.000  0.000
  0.000  0.000  0.000  0.000
  0.000  0.000  0.000  0.000
  0.181  0.000  0.828  0.000
  0.337  0.000  1.542  0.000
  1.731  0.000  7.914  0.000
  5.742  0.000 26.248  0.000
  3.037  0.000 13.882  0.000
  0.454  0.000  2.075  0.000
  0.122  0.000  0.558  0.000
  0.058  0.000  0.263  0.000
  0.000  0.000  0.000  0.000
  0.000  0.000  0.000  0.000
  0.000  0.000  0.000  0.000
  0.000  0.000  0.000  0.000
  0.702  0.917  0.000  0.000
  3.090  4.035  0.000  0.000
  8.748 11.426  0.000  0.000
 16.303 21.294  0.000  0.000
 15.526 20.279  0.000  0.000
 12.968 16.938  0.000  0.000
 10.453 13.653  0.000  0.000
  9.026 11.790  0.000  0.000
  8.984 11.735  0.000  0.000
  6.318  8.252  0.000  0.000
  4.723  6.169  0.000  0.000
  3.008  3.928  0.000  0.000
  1.704  2.226  0.000  0.000
  0.845  1.103  0.000  0.000
  0.766  1.000  0.000  0.000
  0.461  0.602  0.000  0.000
  0.156  0.203  0.000  0.000
  0.129  0.168  0.000  0.000
  0.166  0.216  0.000  0.000
  0.080  0.105  0.000  0.000
  0.251  0.328  0.000  0.000
  0.561  0.733  0.000  0.000
  0.779  1.017  0.000  0.000
  0.842  1.099  0.000  0.000
  0.425  0.555  0.000  0.000
  0.626  0.710  0.376  0.000
  0.926  0.834  1.313  0.000
  1.270  1.133  1.841  0.000
  2.270  1.747  4.260  0.000
  2.977  2.402  5.204  0.000
  3.686  2.907  6.676  0.000
  3.376  2.376  7.118  0.000
  3.577  2.362  8.084  0.000
  3.088  2.229  6.313  0.000
  3.042  2.782  4.173  0.000
  3.072  3.255  2.651  0.000
  3.076  3.688  1.153  0.000
  3.113  3.959  0.374  0.000
  3.329  4.200  0.417  1.459
  3.345  4.355  0.051  0.000
  3.045  3.963  0.050  0.000
  3.530  4.610  0.000  0.000
  3.227  4.202  0.047  0.000
  3.693  4.810  0.046  0.000
  3.359  4.336  0.180  0.000
  3.942  5.074  0.219  0.614
  3.654  4.564  0.685  0.600
  2.599  3.192  0.669  0.586
  1.968  2.290  0.940  0.572
  1.329  1.393  1.159  0.560
  0.864  0.737  1.290  1.094
  1.112  0.797  2.255  0.535
  0.973  0.620  2.169  1.571
  1.561  1.108  3.074  2.561
  1.488  1.044  2.937  3.008
  1.587  1.102  3.260  1.963
  1.374  1.040  2.231  5.767
  1.390  1.085  2.353  2.824
  1.715  1.383  2.766  3.227
  1.440  1.079  2.388  5.873
  1.619  1.310  2.561  3.542
  1.709  1.585  1.922  4.773
  1.735  1.476  2.370  5.531
  2.027  1.975  1.937  5.841
  2.199  2.246  1.900  4.092
  2.741  2.867  2.179  4.415
  2.301  2.636  0.872  5.907
  2.294  2.595  1.049  5.024
  2.483  2.864  1.084  3.413
  2.705  3.260  0.718  3.351
  2.742  3.327  0.679  2.924
  3.405  4.102  0.923  3.949
  3.625  4.331  1.007  5.641
  3.517  4.276  0.841  3.809
  3.727  4.576  0.802  3.062
  3.871  4.824  0.645  2.340
  3.850  4.714  0.892  2.957
  3.623  4.475  0.715  2.584
  3.224  3.946  0.839  1.270
  2.751  3.140  1.249  4.682
  2.489  2.850  1.250  2.148
  2.174  2.298  1.746  2.113
  2.129  2.187  1.930  2.078
  1.949  1.997  1.878  0.584
  1.931  1.924  2.032  0.862
  1.913  1.835  2.222  1.414
  2.096  2.135  2.067  0.557
  2.200  2.141  2.543  0.274
  2.397  2.515  2.118  0.539
  2.584  2.790  1.972  1.062
  2.454  2.587  2.166  0.000
  2.598  2.652  2.519  1.029
  2.574  2.659  2.444  0.253
  2.512  2.573  2.407  0.999
  2.540  2.540  2.653  0.984
  2.650  2.779  2.336  0.727
  2.831  2.967  2.455  1.432
  2.933  3.149  2.302  1.176
  2.648  2.886  1.937  0.927
  2.588  2.821  1.861  1.371
  2.699  2.992  1.786  1.126
  2.428  2.651  1.618  2.886
  2.593  2.801  2.001  0.657
  2.502  2.731  1.788  1.295
  2.621  2.915  1.657  1.703
  3.113  3.500  1.859  1.679
  3.439  3.967  1.597  3.313
  3.603  4.068  2.042  2.655
  3.261  3.729  1.698  2.216
  2.975  3.484  1.320  1.193
  2.589  2.954  1.401  1.373
  2.685  2.986  1.576  3.483
  2.497  2.845  1.323  1.910
  2.541  2.815  1.602  2.262
  2.357  2.673  1.249  2.418
  2.565  2.882  1.430  2.938
  2.586  2.908  1.476  2.356
  2.452  2.706  1.559  2.505
  2.487  2.744  1.628  1.944
  2.192  2.307  1.745  2.791
  1.903  1.980  1.686  1.206
  1.699  1.785  1.410  1.531
  1.612  1.578  1.728  1.680
  1.481  1.460  1.589  0.996
  1.476  1.459  1.581  0.820
  1.313  1.345  1.238  0.810
  1.290  1.261  1.406  1.120
  1.119  1.023  1.525  0.158
  1.284  1.141  1.830  0.625
  1.274  1.122  1.852  0.617
  1.535  1.410  2.060  0.305
  1.595  1.523  1.928  0.452
  1.739  1.697  2.001  0.149
  1.749  1.750  1.862  0.147
  1.765  1.839  1.622  0.146
  2.042  2.159  1.779  0.000
  2.255  2.495  1.576  0.000
  2.275  2.573  1.397  0.000
  2.471  2.777  1.570  0.139
  2.584  2.959  1.454  0.000
  2.716  3.109  1.535  0.000
  2.720  3.138  1.451  0.000
  2.574  2.824  1.882  0.000
  2.424  2.621  1.908  0.000
  2.300  2.471  1.869  0.000
  2.102  2.239  1.775  0.000
  2.245  2.399  1.865  0.000
  2.058  2.217  1.647  0.000
  2.055  2.287  1.389  0.000
  1.935  2.092  1.524  0.000
  1.714  1.893  1.212  0.000
  1.815  1.947  1.484  0.000
  1.600  1.651  1.537  0.000
  1.541  1.559  1.588  0.000
  1.549  1.574  1.572  0.000
  1.488  1.447  1.738  0.000
  1.505  1.395  1.990  0.115
  1.522  1.408  2.027  0.000
  1.540  1.371  2.239  0.000
  1.583  1.426  2.233  0.222
  1.559  1.393  2.234  0.220
  1.593  1.506  1.955  0.763
  1.720  1.657  2.059  0.108
  1.715  1.614  2.153  0.534
  1.869  1.858  1.973  0.953
  1.929  1.959  1.872  1.258
  1.936  2.040  1.631  1.142
  1.866  1.953  1.645  0.720
  1.686  1.701  1.643  1.527
  1.624  1.588  1.786  1.109
  1.618  1.549  1.883  1.298
  1.573  1.530  1.773  0.890
  1.735  1.740  1.722  1.666
  1.952  2.032  1.719  1.262
  2.063  2.176  1.690  1.731
  2.044  2.166  1.667  1.334
  2.110  2.215  1.733  2.265
  1.930  1.952  1.930  0.842
  1.834  1.861  1.721  2.131
  2.011  2.040  1.928  1.744
  2.089  2.154  1.943  1.001
  2.266  2.340  2.073  1.352
  2.324  2.463  1.857  2.055
  2.343  2.470  1.960  1.505
  2.236  2.312  1.974  2.194
  2.105  2.080  2.124  3.044
  1.801  1.756  1.853  3.275
  1.570  1.440  1.934  2.819
  1.440  1.296  1.857  2.625
  1.439  1.319  1.781  2.518
  1.468  1.372  1.712  2.746
  1.607  1.564  1.679  2.722
  1.509  1.482  1.560  2.126
  1.544  1.493  1.697  1.946
  1.414  1.385  1.481  1.929
  1.414  1.405  1.406  1.913
  1.497  1.455  1.603  2.055
  1.539  1.572  1.383  2.116
  1.651  1.776  1.243  1.243
  1.598  1.656  1.387  1.695
  1.681  1.748  1.457  1.528
  1.685  1.731  1.537  1.516
  1.700  1.764  1.465  1.879
  1.719  1.757  1.624  1.193
  1.744  1.774  1.616  2.070
  1.779  1.830  1.608  1.686
  1.842  1.849  1.782  2.327
  1.908  1.890  1.953  2.164
  1.853  1.876  1.763  1.932
  1.817  1.811  1.840  1.774
  1.812  1.785  1.871  2.324
  1.828  1.796  1.926  2.026
  1.765  1.697  1.980  2.079
  1.704  1.619  1.969  2.131
  1.639  1.546  1.919  2.251
  1.586  1.515  1.764  2.571
  1.538  1.458  1.794  1.880
  0.3951797E+03  0.3921676E+03
  0.000  0.000  0.000  0.000
  0.000  0.000  0.000  0.000
  0.000  0.000  0.000  0.000
  0.000  0.000  0.000  0.000
  0.000  0.000  0.000  0.000
  0.000  0.000  0.000  0.000
  0.000  0.000  0.000  0.000
  0.000  0.000  0.000  0.000
  0.000  0.000  0.000  0.000
  0.000  0.000  0.000  0.000
  0.000  0.000  0.000  0.000
  0.000  0.000  0.000  0.000
  0.000  0.000  0.000  0.000
  0.000  0.000  0.000  0.000
  0.000  0.000  0.000  0.000
  0.000  0.000  0.000  0.000
  0.000  0.000  0.000  0.000
  0.000  0.000  0.000  0.000
  0.000  0.000  0.000  0.000
  0.000  0.000  0.000  0.000
  0.000  0.000  0.000  0.000
  0.000  0.000  0.000  0.000
  0.000  0.000  0.000  0.000
  0.000  0.000  0.000  0.000
  0.000  0.000  0.000  0.000
  0.000  0.000  0.000  0.000
  0.000  0.000  0.000  0.000
  0.091  0.000  0.414  0.000
  0.169  0.000  0.771  0.000
  1.810  0.000  8.273  0.000
  6.184  0.000 28.267  0.000
  2.830  0.000 12.935  0.000
  0.389  0.000  1.778  0.000
  0.183  0.000  0.837  0.000
  0.000  0.000  0.000  0.000
  0.000  0.000  0.000  0.000
  0.000  0.000  0.000  0.000
  0.000  0.000  0.000  0.000
  0.000  0.000  0.000  0.000
  0.483  0.631  0.000  0.000
  2.756  3.599  0.000  0.000
  9.861 12.880  0.000  0.000
 16.455 21.492  0.000  0.000
 14.947 19.522  0.000  0.000
 13.833 18.068  0.000  0.000
 10.585 13.826  0.000  0.000
  9.185 11.996  0.000  0.000
  8.377 10.942  0.000  0.000
  6.172  8.061  0.000  0.000
  4.500  5.877  0.000  0.000
  2.685  3.507  0.000  0.000
  1.678  2.192  0.000  0.000
  0.944  1.233  0.000  0.000
  0.694  0.906  0.000  0.000
  0.530  0.693  0.000  0.000
  0.267  0.348  0.000  0.000
  0.193  0.252  0.000  0.000
  0.145  0.189  0.000  0.000
  0.120  0.157  0.000  0.000
  0.329  0.430  0.000  0.000
  0.692  0.904  0.000  0.000
  0.616  0.804  0.000  0.000
  0.824  1.076  0.000  0.000
  0.510  0.599  0.233  0.000
  0.527  0.602  0.301  0.000
  0.734  0.751  0.730  0.000
  1.316  1.193  1.841  0.000
  2.225  1.806  3.848  0.000
  3.167  2.402  6.072  0.000
  3.389  2.741  5.898  0.000
  3.541  2.502  7.433  0.000
  3.604  2.450  7.900  0.000
  2.905  2.059  6.075  0.000
  3.080  3.080  3.303  0.000
  2.924  3.046  2.707  0.000
  3.148  3.531  2.032  0.000
  3.113  3.882  0.642  0.000
  3.614  4.661  0.208  0.000
  3.867  4.964  0.254  0.711
  3.511  4.557  0.099  0.000
  3.403  4.389  0.145  0.676
  3.444  4.431  0.189  0.660
  3.371  4.363  0.092  0.644
  3.732  4.760  0.359  0.629
  3.482  4.422  0.395  0.614
  3.382  4.258  0.557  0.000
  2.490  2.989  0.837  1.172
  1.932  2.243  0.940  0.572
  1.277  1.302  1.279  0.000
  1.129  0.927  1.759  2.189
  1.095  0.612  2.561  4.281
  1.063  0.737  2.244  0.524
  1.449  1.045  2.671  4.098
  1.778  1.351  3.223  2.507
  1.411  1.162  2.103  3.926
  1.404  1.128  2.025  6.248
  1.368  1.076  2.185  4.236
  1.347  1.044  2.174  4.611
  1.631  1.364  2.291  5.421
  1.660  1.364  2.530  3.984
  1.899  1.665  2.542  4.339
  1.954  1.754  2.492  4.254
  2.236  2.214  2.354  1.669
  2.640  2.772  2.017  4.910
  2.628  2.867  1.749  3.211
  2.578  2.909  1.266  4.725
  2.355  2.681  1.187  2.705
  2.329  2.632  1.300  1.896
  2.525  2.979  0.931  2.606
  3.084  3.782  0.601  3.655
  3.276  4.080  0.487  2.872
  3.608  4.475  0.655  2.468
  3.734  4.608  0.717  3.117
  3.780  4.673  0.632  4.083
  3.662  4.524  0.740  2.340
  3.635  4.492  0.728  2.300
  3.376  4.080  0.853  4.198
  3.175  3.823  0.952  2.540
  2.687  3.121  1.182  2.497
  2.465  2.794  1.293  2.762
  2.188  2.396  1.488  1.811
  2.004  2.115  1.697  0.891
  2.113  2.056  2.232  3.213
  1.989  1.988  2.053  1.149
  2.090  2.066  2.222  1.414
  2.122  2.175  1.948  1.948
  2.251  2.314  2.133  0.822
  2.498  2.520  2.561  0.539
  2.725  2.882  2.351  0.265
  2.789  2.886  2.595  0.784
  2.505  2.631  2.151  1.287
  2.428  2.431  2.571  0.253
  2.204  2.211  2.318  0.250
  2.513  2.555  2.512  0.492
  2.854  2.942  2.717  0.485
  2.917  3.089  2.438  1.194
  2.849  3.063  2.218  1.176
  2.637  2.843  1.971  1.855
  2.674  2.942  1.828  1.371
  2.551  2.799  1.770  1.351
  2.737  2.991  1.903  1.998
  2.470  2.573  2.173  1.532
  2.428  2.577  1.912  2.374
  2.654  2.889  1.900  1.703
  3.214  3.603  1.904  2.519
  3.536  4.022  1.849  3.313
  3.516  4.101  1.532  2.655
  3.456  4.050  1.468  2.216
  3.090  3.553  1.562  1.789
  2.767  3.166  1.401  2.353
  2.594  2.950  1.355  2.516
  2.566  2.958  1.200  2.483
  2.488  2.865  1.252  1.319
  2.308  2.680  1.023  2.046
  2.424  2.709  1.364  3.305
  2.373  2.697  1.308  1.450
  2.338  2.651  1.202  2.863
  2.187  2.470  1.212  1.944
  2.099  2.254  1.583  1.745
  2.003  2.148  1.477  2.240
  1.640  1.608  1.750  1.701
  1.575  1.512  1.849  0.840
  1.507  1.504  1.577  0.664
  1.560  1.462  1.932  1.148
  1.465  1.349  1.932  0.648
  1.240  1.117  1.726  0.480
  1.329  1.165  1.954  0.632
  1.255  1.078  1.919  0.625
  1.459  1.276  2.172  0.463
  1.607  1.460  2.201  0.458
  1.680  1.591  2.111  0.000
  1.830  1.919  1.639  0.149
  1.850  1.903  1.747  0.736
  1.822  1.863  1.799  0.146
  2.076  2.244  1.635  0.000
  2.110  2.341  1.454  0.000
  2.251  2.481  1.598  0.141
  2.537  2.816  1.739  0.000
  2.584  2.908  1.631  0.000
  2.793  3.107  1.875  0.272
  2.636  2.943  1.749  0.000
  2.495  2.748  1.787  0.000
  2.338  2.527  1.842  0.000
  2.276  2.532  1.543  0.000
  2.173  2.407  1.508  0.000
  2.078  2.272  1.547  0.000
  1.989  2.155  1.548  0.000
  1.956  2.137  1.460  0.000
  1.877  2.097  1.242  0.000
  1.894  2.055  1.465  0.000
  1.747  1.900  1.337  0.000
  1.561  1.681  1.246  0.120
  1.508  1.571  1.386  0.118
  1.436  1.424  1.580  0.000
  1.611  1.579  1.837  0.000
  1.627  1.528  2.064  0.344
  1.605  1.513  2.027  0.227
  1.577  1.433  2.175  0.225
  1.688  1.521  2.384  0.111
  1.645  1.519  2.195  0.110
  1.617  1.482  2.188  0.218
  1.700  1.560  2.267  0.648
  1.704  1.636  2.046  0.214
  1.981  1.918  2.291  0.741
  1.903  1.919  1.939  0.629
  1.993  2.021  1.987  0.727
  1.937  2.033  1.667  1.028
  1.657  1.668  1.658  1.120
  1.591  1.533  1.815  1.311
  1.482  1.437  1.633  1.598
  1.641  1.583  1.879  1.187
  1.657  1.636  1.694  2.156
  1.959  2.009  1.823  1.456
  2.019  2.129  1.662  1.635
  2.026  2.135  1.701  1.238
  2.025  2.086  1.874  1.133
  1.956  1.954  1.937  2.338
  1.928  1.927  1.946  1.760
  1.931  1.958  1.849  1.744
  2.087  2.163  1.819  2.092
  2.197  2.268  1.951  2.164
  2.333  2.467  1.876  2.144
  2.331  2.441  1.948  2.302
  2.274  2.358  1.974  2.369
  2.053  2.100  1.832  2.870
  1.780  1.761  1.773  2.844
  1.597  1.561  1.684  2.136
  1.445  1.307  1.803  3.218
  1.360  1.290  1.517  2.602
  1.472  1.376  1.742  2.413
  1.527  1.485  1.656  1.815
  1.590  1.582  1.571  2.208
  1.553  1.555  1.512  2.027
  1.487  1.488  1.464  1.769
  1.425  1.389  1.514  1.913
  1.420  1.432  1.360  1.660
  1.584  1.578  1.612  1.489
  1.760  1.806  1.582  2.020
  1.740  1.821  1.464  1.618
  1.707  1.729  1.643  1.528
  1.752  1.802  1.564  1.970
  1.710  1.755  1.584  1.278
  1.653  1.678  1.544  1.938
  1.763  1.718  1.874  2.366
  1.794  1.787  1.796  2.126
  1.737  1.744  1.683  2.182
  1.794  1.818  1.705  1.875
  1.849  1.872  1.804  1.359
  1.850  1.850  1.805  2.484
  1.786  1.756  1.876  1.971
  1.742  1.750  1.761  1.048
  1.770  1.731  1.886  2.079
  1.696  1.647  1.876  1.581
  1.616  1.509  1.988  1.637
  1.589  1.544  1.721  1.962
  1.542  1.474  1.789  1.410
  0.3981336E+03  0.3976363E+03
  0.000  0.000  0.000  0.000
  0.000  0.000  0.000  0.000
  0.000  0.000  0.000  0.000
  0.000  0.000  0.000  0.000
  0.000  0.000  0.000  0.000
  0.000  0.000  0.000  0.000
  0.000  0.000  0.000  0.000
  0.000  0.000  0.000  0.000
  0.000  0.000  0.000  0.000
  0.000  0.000  0.000  0.000
  0.000  0.000  0.000  0.000
  0.000  0.000  0.000  0.000
  0.000  0.000  0.000  0.000
  0.000  0.000  0.000  0.000
  0.000  0.000  0.000  0.000
  0.000  0.000  0.000  0.000
  0.000  0.000  0.000  0.000
  0.000  0.000  0.000  0.000
  0.000  0.000  0.000  0.000
  0.000  0.000  0.000  0.000
  0.000  0.000  0.000  0.000
  0.000  0.000  0.000  0.000
  0.000  0.000  0.000  0.000
  0.000  0.000  0.000  0.000
  0.000  0.000  0.000  0.000
  0.000  0.000  0.000  0.000
  0.000  0.000  0.000  0.000
  0.091  0.000  0.414  0.000
  0.253  0.000  1.156  0.000
  1.731  0.000  7.914  0.000
  5.889  0.000 26.921  0.000
  2.899  0.000 13.251  0.000
  0.519  0.000  2.371  0.000
  0.183  0.000  0.837  0.000
  0.058  0.000  0.263  0.000
  0.000  0.000  0.000  0.000
  0.000  0.000  0.000  0.000
  0.000  0.000  0.000  0.000
  0.000  0.000  0.000  0.000
  0.439  0.573  0.000  0.000
  3.674  4.799  0.000  0.000
  9.424 12.309  0.000  0.000
 15.583 20.353  0.000  0.000
 15.671 20.468  0.000  0.000
 13.003 16.984  0.000  0.000
 10.784 14.085  0.000  0.000
  8.900 11.624  0.000  0.000
  8.043 10.506  0.000  0.000
  6.201  8.100  0.000  0.000
  4.109  5.366  0.000  0.000
  2.927  3.823  0.000  0.000
  2.014  2.631  0.000  0.000
  1.044  1.363  0.000  0.000
  0.861  1.125  0.000  0.000
  0.507  0.663  0.000  0.000
  0.489  0.639  0.000  0.000
  0.236  0.308  0.000  0.000
  0.124  0.162  0.000  0.000
  0.080  0.105  0.000  0.000
  0.213  0.278  0.000  0.000
  0.374  0.489  0.000  0.000
  0.869  1.135  0.000  0.000
  0.842  1.099  0.000  0.000
  0.645  0.776  0.233  0.000
  0.494  0.559  0.301  0.000
  0.910  0.959  0.803  0.000
  1.301  1.011  2.407  0.000
  2.089  1.649  3.779  0.000
  3.342  2.917  5.071  0.000
  3.445  2.685  6.352  0.000
  3.445  2.538  6.866  0.000
  3.161  2.047  7.287  0.000
  3.257  2.331  6.730  0.000
  2.789  2.550  3.825  0.000
  2.887  2.949  2.877  0.000
  3.076  3.546  1.648  0.000
  3.160  3.943  0.642  0.000
  3.432  4.349  0.469  0.000
  3.690  4.732  0.305  0.000
  3.597  4.670  0.099  0.000
  3.149  4.086  0.097  0.000
  3.248  4.229  0.047  0.000
  3.562  4.600  0.184  0.000
  3.752  4.888  0.045  0.000
  3.712  4.798  0.175  0.000
  3.185  4.026  0.471  0.000
  2.654  3.323  0.502  0.000
  1.717  2.068  0.491  1.717
  1.417  1.542  1.039  0.560
  1.034  0.983  1.251  0.547
  1.020  0.677  2.179  1.605
  1.211  0.812  2.543  2.094
  1.433  0.983  2.781  4.610
  1.598  1.146  3.116  2.507
  1.526  1.082  2.910  3.926
  1.359  1.030  2.437  2.403
  1.559  1.287  2.353  3.765
  1.405  1.063  2.470  3.227
  1.560  1.217  2.581  4.066
  1.667  1.346  2.688  3.099
  1.885  1.408  3.224  6.509
  1.795  1.615  2.188  5.105
  1.890  1.720  2.086  7.509
  2.212  2.330  1.666  4.092
  2.496  2.695  1.634  4.816
  2.621  2.949  1.210  6.301
  2.620  3.107  0.828  3.864
  2.762  3.150  1.138  6.448
  2.740  3.161  1.250  2.979
  2.787  3.342  0.836  2.924
  3.163  3.919  0.667  1.077
  3.294  4.008  0.856  2.468
  3.539  4.304  0.767  4.848
  3.647  4.527  0.486  4.763
  3.552  4.332  0.884  2.675
  3.902  4.794  0.821  3.286
  3.623  4.409  0.923  2.906
  3.408  4.075  1.156  2.222
  2.838  3.344  1.182  1.249
  2.379  2.794  0.921  2.455
  2.127  2.359  1.315  2.113
  2.018  2.169  1.506  1.781
  1.816  1.872  1.711  0.584
  1.818  1.783  1.929  2.012
  2.072  1.956  2.444  2.545
  2.196  2.186  2.346  0.557
  2.397  2.471  2.250  0.822
  2.435  2.542  2.234  0.000
  2.671  2.811  2.351  0.265
  2.695  2.720  2.782  0.261
  2.421  2.537  2.169  0.257
  2.388  2.467  2.281  0.000
  2.458  2.537  2.336  0.250
  2.521  2.705  2.055  0.000
  2.627  2.744  2.354  0.727
  2.734  2.845  2.507  0.477
  2.643  2.842  2.084  0.706
  2.695  2.815  2.351  1.623
  2.649  2.840  2.073  1.371
  2.485  2.730  1.737  0.901
  2.512  2.746  1.808  0.888
  2.596  2.806  1.892  2.189
  2.816  3.158  1.650  2.374
  2.870  3.210  1.657  3.193
  3.181  3.568  1.919  1.889
  3.591  4.103  1.701  4.969
  3.558  4.039  1.940  2.655
  3.500  3.906  2.115  3.022
  2.857  3.221  1.576  2.981
  2.506  2.725  1.695  3.138
  2.591  2.820  1.769  2.903
  2.348  2.673  1.269  1.528
  2.586  2.969  1.265  2.262
  2.610  2.938  1.515  1.860
  2.433  2.840  1.062  1.653
  2.475  2.752  1.567  1.631
  2.441  2.695  1.559  2.326
  2.236  2.513  1.262  2.297
  2.194  2.382  1.558  1.919
  1.892  2.050  1.391  1.206
  1.741  1.778  1.641  1.361
  1.594  1.663  1.416  0.672
  1.471  1.501  1.387  1.162
  1.578  1.646  1.405  0.656
  1.407  1.362  1.573  1.296
  1.278  1.212  1.566  0.480
  1.114  0.949  1.694  1.107
  1.186  1.039  1.763  0.312
  1.175  0.992  1.852  0.617
  1.404  1.292  1.874  0.305
  1.682  1.606  2.057  0.151
  1.795  1.758  2.044  0.149
  1.896  1.957  1.810  0.147
  1.852  1.926  1.726  0.000
  2.011  2.177  1.573  0.000
  2.210  2.381  1.769  0.000
  2.350  2.630  1.528  0.141
  2.389  2.657  1.610  0.139
  2.713  3.040  1.749  0.138
  2.551  2.948  1.341  0.000
  2.720  3.050  1.749  0.135
  2.624  2.905  1.825  0.000
  2.363  2.627  1.607  0.000
  2.219  2.471  1.497  0.000
  2.114  2.333  1.499  0.000
  2.313  2.477  1.902  0.000
  2.146  2.276  1.845  0.000
  1.979  2.127  1.603  0.000
  1.848  1.961  1.586  0.000
  1.886  2.048  1.456  0.000
  1.647  1.762  1.363  0.000
  1.565  1.685  1.255  0.000
  1.541  1.593  1.462  0.118
  1.443  1.436  1.572  0.000
  1.490  1.490  1.597  0.000
  1.419  1.311  1.892  0.115
  1.630  1.520  2.132  0.000
  1.654  1.546  2.127  0.337
  1.604  1.412  2.392  0.000
  1.530  1.434  1.959  0.220
  1.712  1.589  2.251  0.218
  1.699  1.599  2.113  0.756
  1.704  1.625  2.038  0.855
  1.857  1.855  1.958  0.529
  1.995  1.983  2.126  0.734
  1.857  1.866  1.883  1.038
  1.953  2.049  1.652  1.439
  1.786  1.795  1.781  1.425
  1.591  1.539  1.772  1.613
  1.509  1.492  1.598  1.098
  1.561  1.544  1.646  1.187
  1.765  1.746  1.876  1.176
  1.905  1.977  1.706  1.165
  2.066  2.164  1.738  1.827
  2.042  2.181  1.633  0.953
  2.020  2.071  1.847  1.982
  1.901  1.935  1.837  1.122
  1.923  1.949  1.880  1.204
  1.912  1.950  1.797  1.653
  2.109  2.189  1.884  1.365
  2.275  2.392  1.893  1.893
  2.388  2.540  1.940  1.251
  2.342  2.441  2.030  1.859
  2.221  2.312  1.868  2.720
  2.007  2.037  1.901  2.000
  1.833  1.814  1.878  2.155
  1.633  1.491  2.032  2.990
  1.408  1.272  1.730  3.557
  1.430  1.271  1.907  2.518
  1.542  1.384  1.956  3.495
  1.582  1.539  1.685  2.227
  1.496  1.477  1.460  2.944
  1.553  1.509  1.656  2.270
  1.468  1.413  1.596  2.412
  1.441  1.477  1.315  1.435
  1.515  1.495  1.524  2.371
  1.494  1.542  1.332  1.411
  1.595  1.646  1.393  1.943
  1.642  1.723  1.365  1.541
  1.698  1.723  1.626  1.452
  1.684  1.771  1.386  1.591
  1.775  1.876  1.460  1.278
  1.704  1.743  1.560  1.789
  1.719  1.718  1.705  1.922
  1.741  1.731  1.765  1.906
  1.864  1.901  1.730  1.891
  1.833  1.842  1.829  1.443
  1.826  1.811  1.860  2.075
  1.814  1.867  1.648  1.562
  1.777  1.770  1.800  1.760
  1.769  1.719  1.901  2.375
  1.778  1.748  1.821  2.633
  1.787  1.735  1.949  2.062
  1.640  1.552  1.934  1.842
  1.514  1.413  1.784  2.707
  1.552  1.452  1.851  2.216
  0.3979489E+03  0.3962026E+03
  0.000  0.000  0.000  0.000
  0.000  0.000  0.000  0.000
  0.000  0.000  0.000  0.000
  0.000  0.000  0.000  0.000
  0.000  0.000  0.000  0.000
  0.000  0.000  0.000  0.000
  0.000  0.000  0.000  0.000
  0.000  0.000  0.000  0.000
  0.000  0.000  0.000  0.000
  0.000  0.000  0.000  0.000
  0.000  0.000  0.000  0.000
  0.000  0.000  0.000  0.000
  0.000  0.000  0.000  0.000
  0.000  0.000  0.000  0.000
  0.000  0.000  0.000  0.000
  0.000  0.000  0.000  0.000
  0.000  0.000  0.000  0.000
  0.000  0.000  0.000  0.000
  0.000  0.000  0.000  0.000
  0.000  0.000  0.000  0.000
  0.000  0.000  0.000  0.000
  0.000  0.000  0.000  0.000
  0.000  0.000  0.000  0.000
  0.000  0.000  0.000  0.000
  0.000  0.000  0.000  0.000
  0.000  0.000  0.000  0.000
  0.000  0.000  0.000  0.000
  0.091  0.000  0.414  0.000
  0.253  0.000  1.156  0.000
  1.810  0.000  8.273  0.000
  5.595  0.000 25.575  0.000
  3.175  0.000 14.513  0.000
  0.389  0.000  1.778  0.000
  0.244  0.000  1.116  0.000
  0.058  0.000  0.263  0.000
  0.000  0.000  0.000  0.000
  0.000  0.000  0.000  0.000
  0.000  0.000  0.000  0.000
  0.000  0.000  0.000  0.000
  0.571  0.745  0.000  0.000
  3.048  3.981  0.000  0.000
  9.821 12.828  0.000  0.000
 16.379 21.393  0.000  0.000
 16.069 20.988  0.000  0.000
 12.623 16.487  0.000  0.000
 10.817 14.128  0.000  0.000
  8.868 11.583  0.000  0.000
  7.436  9.713  0.000  0.000
  6.259  8.176  0.000  0.000
  4.500  5.877  0.000  0.000
  2.873  3.753  0.000  0.000
  2.169  2.833  0.000  0.000
  0.969  1.266  0.000  0.000
  0.742  0.969  0.000  0.000
  0.461  0.602  0.000  0.000
  0.289  0.378  0.000  0.000
  0.215  0.280  0.000  0.000
  0.083  0.108  0.000  0.000
  0.140  0.183  0.000  0.000
  0.290  0.379  0.000  0.000
  0.617  0.806  0.000  0.000
  0.815  1.064  0.000  0.000
  0.614  0.801  0.000  0.000
  0.679  0.799  0.311  0.000
  0.675  0.731  0.527  0.000
  0.910  0.813  1.313  0.000
  1.239  1.193  1.487  0.000
  1.954  1.590  3.367  0.000
  3.065  2.478  5.338  0.000
  3.587  2.685  7.000  0.000
  3.679  2.502  8.063  0.000
  3.135  2.257  6.430  0.000
  2.945  2.280  5.480  0.000
  2.992  2.649  4.404  0.000
  3.122  3.239  2.933  0.000
  3.160  3.719  1.428  0.000
  3.206  3.898  1.016  0.000
  3.090  3.887  0.521  0.000
  3.723  4.805  0.203  0.000
  3.283  4.246  0.149  0.000
  3.413  4.445  0.048  0.000
  3.763  4.875  0.094  0.660
  3.582  4.652  0.092  0.000
  3.850  4.978  0.135  0.629
  3.741  4.848  0.132  0.000
  3.138  3.964  0.385  1.199
  2.627  3.228  0.669  0.586
  1.896  2.208  0.818  1.717
  1.347  1.393  1.119  2.238
  0.932  0.715  1.642  1.642
  1.028  0.590  2.370  3.746
  1.047  0.662  2.431  0.524
  1.537  1.119  2.927  2.561
  1.379  0.900  2.901  3.509
  1.633  1.202  2.840  5.890
  1.502  1.197  2.437  3.364
  1.346  1.066  1.984  6.119
  1.506  1.110  2.602  5.533
  1.602  1.263  2.743  2.259
  1.577  1.301  2.435  3.099
  1.919  1.754  2.387  3.472
  2.014  1.771  2.705  4.254
  1.845  1.652  2.414  3.337
  2.116  2.213  1.637  4.092
  2.590  2.793  1.835  3.211
  2.609  3.006  1.153  3.544
  2.300  2.626  0.994  4.637
  2.649  3.065  1.111  3.793
  2.525  3.108  0.479  2.606
  2.827  3.417  0.679  4.021
  3.685  4.469  0.923  3.949
  3.586  4.468  0.655  1.410
  3.707  4.559  0.767  3.117
  3.461  4.333  0.462  2.722
  3.698  4.612  0.501  3.678
  3.635  4.492  0.681  2.957
  3.603  4.442  0.830  1.292
  3.190  3.881  0.816  2.540
  2.692  3.096  1.315  2.185
  2.460  2.756  1.272  4.604
  2.203  2.384  1.574  2.113
  1.953  2.018  1.739  1.781
  1.921  1.991  1.732  1.168
  1.729  1.759  1.622  1.724
  2.174  2.112  2.303  3.393
  2.374  2.306  2.703  1.113
  2.525  2.532  2.602  1.096
  2.435  2.438  2.542  0.809
  2.659  2.801  2.294  0.796
  2.589  2.651  2.539  0.261
  2.529  2.647  2.280  0.257
  2.495  2.576  2.390  0.000
  2.216  2.252  2.211  0.499
  2.463  2.394  2.811  0.984
  2.650  2.784  2.354  0.242
  2.872  3.055  2.404  0.477
  2.628  2.909  1.747  1.176
  2.753  2.976  2.070  1.391
  2.781  3.054  1.910  1.599
  2.692  2.928  1.947  1.577
  2.467  2.587  2.078  1.998
  2.623  2.850  1.845  2.408
  2.516  2.713  1.958  0.648
  2.727  2.962  2.022  1.064
  3.116  3.423  2.039  3.149
  3.445  3.959  1.715  2.484
  3.737  4.355  1.634  2.859
  3.293  3.811  1.554  2.216
  2.956  3.371  1.505  2.981
  2.684  3.050  1.471  1.765
  2.401  2.764  1.147  2.129
  2.578  2.900  1.446  2.673
  2.591  3.012  1.077  3.204
  2.558  2.954  1.183  2.418
  2.496  2.859  1.233  2.387
  2.368  2.656  1.385  1.994
  2.410  2.757  1.240  1.790
  2.291  2.603  1.212  2.120
  2.134  2.336  1.471  1.570
  1.946  2.015  1.711  1.895
  1.720  1.767  1.580  1.361
  1.625  1.554  1.897  1.344
  1.541  1.504  1.660  1.660
  1.458  1.446  1.558  0.656
  1.445  1.342  1.851  0.810
  1.193  1.068  1.669  0.640
  1.149  0.971  1.773  1.107
  1.128  0.988  1.640  0.781
  1.442  1.216  2.294  0.617
  1.483  1.357  1.994  0.458
  1.753  1.689  2.100  0.000
  1.756  1.755  1.873  0.149
  1.834  1.846  1.925  0.000
  1.927  2.035  1.685  0.000
  1.999  2.200  1.429  0.144
  2.061  2.225  1.637  0.000
  2.304  2.564  1.558  0.000
  2.478  2.805  1.510  0.000
  2.569  2.869  1.700  0.000
  2.753  3.115  1.681  0.000
  2.852  3.253  1.653  0.000
  2.565  2.832  1.815  0.000
  2.395  2.605  1.833  0.000
  2.144  2.290  1.785  0.000
  2.028  2.176  1.655  0.000
  2.265  2.467  1.720  0.000
  2.097  2.297  1.548  0.000
  1.971  2.168  1.425  0.000
  1.897  2.067  1.436  0.000
  1.831  2.025  1.282  0.000
  1.736  1.920  1.216  0.000
  1.574  1.654  1.400  0.120
  1.486  1.540  1.394  0.118
  1.460  1.496  1.438  0.000
  1.553  1.499  1.845  0.116
  1.489  1.409  1.876  0.000
  1.586  1.541  1.849  0.114
  1.561  1.397  2.239  0.112
  1.622  1.485  2.209  0.111
  1.707  1.560  2.336  0.110
  1.683  1.526  2.329  0.327
  1.768  1.659  2.228  0.648
  1.752  1.592  2.413  0.321
  1.789  1.797  1.860  0.423
  1.965  1.970  2.036  0.734
  1.998  2.042  1.913  1.038
  1.841  1.863  1.799  1.336
  1.745  1.805  1.600  0.814
  1.516  1.492  1.649  0.807
  1.473  1.431  1.626  1.398
  1.584  1.569  1.618  1.879
  1.794  1.788  1.841  1.470
  1.882  1.927  1.747  1.553
  2.039  2.143  1.669  2.115
  2.134  2.230  1.837  1.619
  2.073  2.080  2.049  2.076
  1.860  1.842  1.944  1.590
  1.902  1.938  1.767  2.038
  1.992  2.023  1.895  1.836
  2.122  2.239  1.774  1.274
  2.171  2.276  1.861  1.352
  2.355  2.474  1.985  1.697
  2.352  2.454  2.017  2.036
  2.217  2.292  1.880  3.247
  2.113  2.103  2.162  1.913
  1.798  1.754  1.902  2.500
  1.606  1.524  1.831  2.478
  1.434  1.301  1.772  3.218
  1.411  1.328  1.595  2.938
  1.482  1.408  1.652  2.746
  1.540  1.524  1.567  1.980
  1.586  1.589  1.507  2.535
  1.496  1.496  1.442  2.270
  1.446  1.419  1.510  1.849
  1.447  1.404  1.577  1.754
  1.445  1.418  1.468  2.450
  1.518  1.564  1.360  1.489
  1.603  1.675  1.332  1.865
  1.637  1.684  1.453  1.926
  1.814  1.890  1.561  1.605
  1.781  1.803  1.716  1.591
  1.768  1.821  1.589  1.728
  1.685  1.666  1.757  1.640
  1.691  1.735  1.552  1.478
  1.808  1.825  1.786  1.246
  1.804  1.867  1.610  1.454
  1.782  1.756  1.881  1.659
  1.828  1.891  1.615  1.717
  1.780  1.774  1.790  1.916
  1.791  1.743  1.961  1.760
  1.747  1.719  1.811  2.235
  1.748  1.700  1.896  2.010
  1.795  1.735  1.979  2.131
  1.663  1.516  2.148  2.046
  1.583  1.501  1.817  2.301
  1.580  1.531  1.765  1.410
  0.3970906E+03  0.3965008E+03
  0.000  0.000  0.000  0.000
  0.000  0.000  0.000  0.000
  0.000  0.000  0.000  0.000
  0.000  0.000  0.000  0.000
  0.000  0.000  0.000  0.000
  0.000  0.000  0.000  0.000
  0.000  0.000  0.000  0.000
  0.000  0.000  0.000  0.000
  0.000  0.000  0.000  0.000
  0.000  0.000  0.000  0.000
  0.000  0.000  0.000  0.000
  0.000  0.000  0.000  0.000
  0.000  0.000  0.000  0.000
  0.000  0.000  0.000  0.000
  0.000  0.000  0.000  0.000
  0.000  0.000  0.000  0.000
  0.000  0.000  0.000  0.000
  0.000  0.000  0.000  0.000
  0.000  0.000  0.000  0.000
  0.000  0.000  0.000  0.000
  0.000  0.000  0.000  0.000
  0.000  0.000  0.000  0.000
  0.000  0.000  0.000  0.000
  0.000  0.000  0.000  0.000
  0.000  0.000  0.000  0.000
  0.000  0.000  0.000  0.000
  0.000  0.000  0.000  0.000
  0.091  0.000  0.414  0.000
  0.253  0.000  1.156  0.000
  1.810  0.000  8.273  0.000
  5.742  0.000 26.248  0.000
  3.244  0.000 14.828  0.000
  0.259  0.000  1.186  0.000
  0.183  0.000  0.837  0.000
  0.058  0.000  0.263  0.000
  0.000  0.000  0.000  0.000
  0.000  0.000  0.000  0.000
  0.000  0.000  0.000  0.000
  0.000  0.000  0.000  0.000
  0.483  0.631  0.000  0.000
  3.298  4.308  0.000  0.000
  9.503 12.412  0.000  0.000
 15.203 19.858  0.000  0.000
 17.227 22.500  0.000  0.000
 12.830 16.758  0.000  0.000
 10.354 13.523  0.000  0.000
  9.216 12.038  0.000  0.000
  8.408 10.981  0.000  0.000
  6.259  8.176  0.000  0.000
  3.913  5.111  0.000  0.000
  2.900  3.788  0.000  0.000
  1.678  2.192  0.000  0.000
  1.143  1.493  0.000  0.000
  0.574  0.750  0.000  0.000
  0.507  0.663  0.000  0.000
  0.289  0.378  0.000  0.000
  0.322  0.420  0.000  0.000
  0.228  0.298  0.000  0.000
  0.200  0.261  0.000  0.000
  0.155  0.202  0.000  0.000
  0.617  0.806  0.000  0.000
  0.724  0.946  0.000  0.000
  0.754  0.985  0.000  0.000
  0.527  0.665  0.078  0.000
  0.510  0.473  0.677  0.000
  0.862  0.751  1.313  0.000
  1.316  1.032  2.407  0.000
  2.029  1.669  3.436  0.000
  3.153  2.631  5.204  0.000
  3.771  3.222  5.963  0.000
  3.527  2.610  6.992  0.000
  3.027  2.047  6.675  0.000
  2.958  2.195  5.837  0.000
  3.283  2.964  4.636  0.000
  2.961  3.110  2.651  0.000
  3.076  3.468  1.922  0.000
  3.265  3.974  1.016  0.000
  3.432  4.289  0.678  0.000
  3.567  4.587  0.254  0.000
  3.771  4.897  0.099  0.000
  3.657  4.776  0.000  0.000
  3.444  4.484  0.000  0.660
  3.129  4.035  0.184  0.000
  3.644  4.721  0.135  0.000
  3.616  4.673  0.132  0.614
  3.438  4.405  0.257  0.600
  2.224  2.750  0.544  0.000
  1.869  2.161  0.900  1.145
  1.451  1.553  1.159  0.560
  0.881  0.737  1.329  1.642
  0.953  0.623  2.179  0.000
  1.350  0.791  3.253  2.094
  1.625  1.014  3.622  3.586
  1.441  1.095  2.578  2.507
  1.702  1.332  2.805  4.417
  1.359  1.128  1.957  4.325
  1.228  0.980  1.916  3.765
  1.751  1.562  2.174  5.072
  1.419  1.069  2.420  4.517
  1.702  1.455  2.435  3.542
  1.824  1.647  2.356  3.038
  1.881  1.736  2.310  2.978
  2.177  2.069  2.265  6.258
  2.442  2.522  2.133  2.864
  2.452  2.695  1.319  6.422
  2.523  2.684  1.660  6.694
  2.518  2.918  1.049  3.478
  2.690  3.104  1.084  4.931
  2.664  3.017  1.330  4.095
  2.884  3.506  0.679  3.290
  3.360  4.110  0.846  1.795
  3.669  4.569  0.554  3.173
  3.782  4.636  0.816  3.463
  3.705  4.479  0.948  4.423
  3.620  4.428  0.716  4.680
  3.532  4.311  0.774  3.943
  3.416  4.192  0.784  2.261
  3.254  3.894  0.930  4.445
  2.609  3.032  1.204  1.561
  2.599  3.000  1.228  2.148
  2.113  2.359  1.272  1.811
  2.051  2.145  1.739  1.781
  1.953  1.937  2.107  0.584
  1.980  1.947  2.217  0.287
  2.094  2.072  2.222  1.414
  2.291  2.311  2.346  0.557
  2.486  2.521  2.504  0.548
  2.490  2.614  2.215  0.270
  2.484  2.541  2.465  0.000
  2.630  2.806  2.166  0.523
  2.481  2.679  1.930  0.515
  2.479  2.550  2.336  1.014
  2.344  2.466  2.069  0.250
  2.340  2.379  2.319  0.738
  2.631  2.705  2.492  0.969
  2.962  3.113  2.609  0.477
  2.827  3.020  2.319  0.470
  2.702  2.933  2.004  1.159
  2.674  2.891  1.959  2.056
  2.671  2.910  1.818  2.928
  2.505  2.728  1.856  0.666
  2.682  2.931  1.814  2.627
  2.556  2.771  1.896  1.295
  2.631  2.854  1.840  2.767
  3.162  3.509  1.994  2.519
  3.765  4.289  1.952  3.520
  3.622  4.201  1.692  2.246
  3.267  3.680  1.899  2.216
  2.938  3.383  1.434  2.186
  2.629  2.998  1.373  2.157
  2.497  2.824  1.396  1.935
  2.545  2.896  1.309  2.673
  2.494  2.823  1.306  3.015
  2.587  2.950  1.369  1.860
  2.548  2.908  1.338  1.836
  2.478  2.811  1.347  1.994
  2.416  2.641  1.623  2.505
  2.051  2.221  1.489  1.590
  2.015  2.147  1.608  1.221
  2.035  2.092  1.846  1.895
  1.584  1.629  1.398  2.042
  1.484  1.526  1.380  0.840
  1.499  1.528  1.435  0.996
  1.573  1.563  1.686  0.492
  1.521  1.415  1.874  1.782
  1.343  1.189  1.955  0.320
  1.252  1.104  1.829  0.474
  1.255  1.074  1.942  0.469
  1.375  1.238  1.930  0.309
  1.456  1.373  1.831  0.305
  1.633  1.535  2.025  0.905
  1.805  1.852  1.756  0.149
  1.857  1.951  1.652  0.147
  2.027  2.193  1.581  0.146
  1.961  2.118  1.552  0.000
  2.190  2.338  1.799  0.427
  2.324  2.553  1.678  0.141
  2.341  2.592  1.630  0.000
  2.513  2.807  1.661  0.000
  2.657  3.018  1.584  0.000
  2.777  3.122  1.768  0.000
  2.530  2.848  1.597  0.000
  2.568  2.858  1.739  0.000
  2.264  2.510  1.562  0.000
  2.225  2.383  1.830  0.000
  2.096  2.267  1.647  0.000
  1.991  2.140  1.611  0.000
  2.018  2.201  1.523  0.000
  1.814  1.946  1.480  0.000
  1.798  1.973  1.316  0.000
  1.681  1.822  1.311  0.000
  1.670  1.744  1.528  0.000
  1.588  1.581  1.707  0.237
  1.469  1.400  1.814  0.000
  1.479  1.407  1.821  0.232
  1.582  1.566  1.745  0.115
  1.527  1.478  1.800  0.114
  1.614  1.486  2.167  0.112
  1.705  1.569  2.296  0.111
  1.638  1.474  2.313  0.220
  1.634  1.529  2.111  0.109
  1.658  1.533  2.174  0.540
  1.668  1.595  2.023  0.321
  1.778  1.745  1.966  0.741
  1.852  1.842  1.984  0.524
  2.060  2.180  1.720  0.934
  1.905  1.982  1.667  1.439
  1.777  1.787  1.811  0.814
  1.567  1.473  1.916  1.311
  1.546  1.522  1.648  1.298
  1.541  1.540  1.597  0.791
  1.738  1.730  1.729  2.254
  1.931  1.995  1.775  0.971
  2.001  2.074  1.717  2.404
  2.209  2.323  1.790  2.477
  2.106  2.157  1.942  1.888
  1.844  1.834  1.917  1.309
  1.979  1.978  2.018  1.482
  1.918  1.937  1.875  1.561
  2.077  2.124  1.930  1.819
  2.241  2.370  1.867  1.172
  2.405  2.585  1.831  1.608
  2.349  2.479  1.935  1.771
  2.194  2.253  1.924  3.071
  2.089  2.128  1.926  2.435
  1.744  1.750  1.681  2.327
  1.539  1.458  1.776  2.221
  1.436  1.303  1.760  3.387
  1.394  1.283  1.721  2.267
  1.382  1.281  1.635  2.829
  1.585  1.487  1.897  2.062
  1.556  1.514  1.653  2.290
  1.511  1.507  1.500  1.865
  1.558  1.577  1.418  2.572
  1.433  1.422  1.395  2.551
  1.462  1.442  1.541  1.344
  1.494  1.513  1.405  1.802
  1.685  1.684  1.676  1.865
  1.687  1.796  1.288  1.926
  1.698  1.731  1.577  1.757
  1.771  1.853  1.499  1.591
  1.787  1.816  1.718  1.353
  1.687  1.701  1.629  1.863
  1.738  1.753  1.674  1.922
  1.674  1.700  1.561  1.980
  1.706  1.735  1.595  1.818
  1.864  1.859  1.845  2.380
  1.872  1.894  1.784  2.003
  1.831  1.844  1.810  1.491
  1.852  1.812  1.971  2.112
  1.826  1.769  1.991  2.305
  1.827  1.800  1.920  1.802
  1.698  1.634  1.905  1.925
  1.661  1.581  1.905  2.183
  1.605  1.508  1.919  1.962
  1.509  1.420  1.798  1.813
